ticker,company_name,cik,gics_sector,gics_sub_industry,nace_section,is_primary_listing,share_class_siblings,hq_country_iso,date_added,scope1_measured_us_t,scope1_measured_us_year,scope1_measured_allgas_t,scope1_biogenic_t,scope1_ar6_t,scope1_lookahead_excluded_t,scope1_facility_count,ghgrp_matched_zero_fossil,scope1_current_signal_t,scope1_current_signal_year,scope1_selfreported_t,scope1_selfreported_year,scope1_selfreported_source,scope1_modelled_t,scope1_modelled_year,scope1_t,scope1_year,scope1_basis,scope1_dq,scope1_below_measured_floor,scope2_market_t,scope2_basis,scope2_dq,scope2_location_t,scope2_year,scope3_total_t,scope3_basis,scope3_dq,scope3_year,scope12_t,scope12_year,grid_factor_hq_g_per_kwh,power_intensity_g_per_kwh,power_gen_mwh,delivered_pct_yr,delivered_basis,delivered_dq,delivered_se_pct_yr,delivered_r2,delivered_n_years,delivered_year_start,delivered_year_end,delivered_camd_pct_yr,promised_pct_yr,promised_basis,promised_dq,promised_target_year,promised_baseline_year,gap_pct_yr,sbti_near_term_status,sbti_near_term_classification,sbti_net_zero_status,sbti_net_zero_year,revenue_musd,revenue_basis,revenue_dq,revenue_fy,revenue_period_end,ebit_musd,ebit_basis,ebit_dq,ebit_fy,capex_musd,capex_fy,da_musd,da_basis,da_fy,ebitda_musd,ebitda_basis,ebitda_dq,ebitda_fy,total_debt_musd,total_debt_basis,total_debt_dq,total_debt_fy,total_cash_musd,market_cap_musd,market_cap_basis,market_cap_dq,market_cap_shares_stale,evic_musd,evic_debt_observed,ev_musd,ev_ebitda_x,ev_ebitda_basis,ev_ebitda_dq,ev_ebitda_raw_x,fcf_musd,beta_x,revenue_ttm_musd_check,index_weight_pct,price_usd2010_per_t,price_sector_usd_per_t,coverage_scope1_pct,coverage_scope2_pct,coverage_scope3_pct,passthrough_pct,carbon_cost_musd,abatement_factor,carbon_cost_abated_musd,d_ebit_musd,d_ebit_pct_of_ebit,d_ev_musd,d_ev_pct_of_ev,model_dq,excl_12g,excluded,excl_articles,excl_basis,excl_dq,high_impact_nace,penalty_usd_environment,case_count_environment,penalty_usd_total,conduct_measured_zero,vendor_percentile,vendor_n_sources,our_percentile,rank_median,rank_p05,rank_p95,coverage_tier,score_mirrored_from,provenance_class,financial_provenance_class,generated_at
A,Agilent Technologies,0001090872,Health Care,Life Sciences Tools & Services,C,True,,California,2000-06-05,,,,,,,,False,,,,,,,,,,,,False,,,,,,,,,,,,195.03700802971002,,,,,,,,,,,,-6.1069,sbti_s12_absolute,2.0,2030.0,2019.0,,Targets set,1.5°C,Targets set,2050.0,6948.0,sec_xbrl,1,2025,2025-10-31,1479.0,sec_xbrl,1.0,2025.0,407.0,2025.0,257.0,sec_secondhand,2024.0,1745.0,sec_ebit_plus_secondhand_da,2.0,2024.0,3354.0,sec_xbrl,1,2025.0,1758.0,41423.80651822,sec_shares_x_price,1,False,44777.80651822,True,43813.80608,21.064,yahoo,2,21.064,1060.374976,1.241,7372.000256,0.05938930391603116,98.5853,141.962832,100.0,100.0,0.0,70.0,,1.0,,,,,,,False,False,,,5,True,87523.0,3.0,6654732.0,False,72.40102633318526,4.0,40.88176345825195,296.0,71.0,402.0,unmeasurable,,,mandatory,2026-09-12 16:53:36+00:00
AAPL,Apple Inc.,0000320193,Information Technology,"Technology Hardware, Storage & Peripherals",C,True,,California,1982-11-30,,,,,,,,False,,,55200.0,2024.0,wba,0.0,2026.0,55200.0,2024.0,self_reported,1.0,False,1224500.0,wba,1.0,,2024.0,15110000.0,wba,1.0,2024.0,58500.0,2024.0,195.03700802971002,,,,,,,,,,,,-8.4204,sbti_combined,2.0,2030.0,2019.0,,Targets set,1.5°C,,,416161.0,sec_xbrl,1,2025,2025-09-27,133050.0,sec_xbrl,1.0,2025.0,12715.0,2025.0,11445.0,sec_secondhand,2024.0,134661.0,sec_ebit_plus_secondhand_da,2.0,2024.0,90678.0,sec_xbrl,1,2025.0,62399.000576,4849208.1886,sec_shares_x_price,1,False,4939886.1886,True,4871152.992256,29.002,yahoo,2,29.002,107721.875456,1.085,466822.987776,6.952308903292151,98.5853,141.962832,100.0,100.0,0.0,60.0,181.66983611039998,1.0,181.66983611039998,72.66793444416,0.054617011983585116,2107.515434749528,0.04326522772123945,5.0,False,False,,,5,True,779241.0,4.0,1548666971.0,False,61.377103747201446,5.0,35.07014083862305,325.0,138.0,409.0,reported,,voluntary,mandatory,2026-09-12 16:53:36+00:00
ABBV,AbbVie,0001551152,Health Care,Biotechnology,C,True,,Illinois,2012-12-31,99777.824,2023.0,99777.824,0.0,99781.95499999999,0.0,2.0,False,,,300072.0,2024.0,wba,,,300072.0,2024.0,self_reported,1.0,False,241142.0,wba,1.0,,2024.0,,,,,422359.0,2024.0,415.51510490798,,,-5.766211964190715,ghgrp,2.0,0.5297774959126951,0.9124776918558558,11.0,2013.0,2023.0,,-5.873,sbti_s12_absolute,2.0,2030.0,2021.0,0.1067880358092852,Targets set,1.5°C,,,61160.0,sec_xbrl,1,2025,2025-12-31,15075.0,sec_xbrl,1.0,2025.0,1214.0,2025.0,,,,30762.999808,yahoo_ttm,3.0,,67496.0,sec_xbrl,1,2025.0,6568.999936,454361.19631920004,sec_shares_x_price,1,False,521857.19631920004,True,518724.190208,16.862,yahoo,2,16.862,16870.250496,0.281,64385.998848,0.6514175650174409,98.5853,141.962832,100.0,100.0,0.0,70.0,76.83227215804799,0.700228682423631,53.80016070084377,16.140048210253134,0.10706499641958962,272.1534929212883,0.05246593431707111,5.0,False,False,,,5,True,804823.0,4.0,7465081404.0,False,23.812961606937655,5.0,86.50394439697266,68.34532165527344,10.0,359.0,measured,,voluntary,mandatory,2026-09-12 16:53:36+00:00
ABNB,Airbnb,0001559720,Consumer Discretionary,"Hotels, Resorts & Cruise Lines",N,True,,California,2023-09-18,,,,,,,,False,,,1303.0,2023.0,wba,,,1303.0,2023.0,self_reported,1.0,False,6060.0,wba,1.0,,2023.0,395990.0,wba,1.0,2023.0,7363.0,2023.0,195.03700802971002,,,,,,,,,,,,-13.0047,sbti_s12_absolute,2.0,2030.0,2019.0,,Targets set,1.5°C,,,12241.0,sec_xbrl,1,2025,2025-12-31,2544.0,sec_xbrl,1.0,2025.0,25.0,2022.0,42.6,sec_secondhand,2022.0,1844.6,sec_ebit_plus_secondhand_da,2.0,2022.0,1999.0,sec_xbrl,1,2025.0,12069.000192,106028.37,sec_shares_x_price,1,True,108027.37,True,90768.5888,30.974799999999973,yahoo_winsorised,3,32.875,3206.87488,1.161,13159.000064,0.152012854899796,98.5853,141.962832,100.0,100.0,0.0,40.0,1.045272332016,1.0,1.045272332016,0.6271633992096,0.02465264934,19.4262608578375,0.02140196417578049,5.0,False,False,,,5,False,0.0,0.0,116672.0,True,64.63344241649413,2.0,80.76152038574219,97.0,30.5,287.0,unmeasurable,,voluntary,mandatory,2026-09-12 16:53:36+00:00
ABT,Abbott Laboratories,0000001800,Health Care,Health Care Equipment,C,True,,Illinois,1957-03-04,134386.892,2023.0,134386.892,0.0,134392.734,0.0,5.0,False,,,533000.0,2021.0,report_pdf,,,533000.0,2021.0,self_reported,2.0,False,397000.0,report_pdf,2.0,478000.0,2021.0,,,,,,,415.51510490798,,,-4.650571294760242,ghgrp,2.0,1.0631058862004412,0.5646140177554051,14.0,2010.0,2023.0,,-2.9286,sbti_s12_absolute,2.0,2030.0,2018.0,-1.7219712947602424,Targets set,Well-below 2°C,,,44328.0,sec_xbrl,1,2025,2025-12-31,8053.0,sec_xbrl,1.0,2025.0,2171.0,2025.0,,,,11681.000448,yahoo_ttm,3.0,,12929.0,sec_xbrl,1,2025.0,5602.999808,177577.77713655002,sec_shares_x_price,1,False,190506.77713655002,True,204181.569536,17.48,yahoo,2,17.48,7209.124864,0.586,46584.999936,0.25459322697582437,98.5853,141.962832,100.0,100.0,0.0,70.0,132.02543376,0.6514226538120917,86.00435843063173,25.801307529189522,0.32039373561641027,451.00685561023283,0.22088519381800234,5.0,False,False,,,5,True,140209.0,4.0,785294091.0,False,36.07390729584043,5.0,76.55310821533203,118.0,7.0,364.0,measured,,voluntary,mandatory,2026-09-12 16:53:36+00:00
ACGL,Arch Capital Group,0000947484,Financials,Property & Casualty Insurance,K,True,,Bermuda,2022-11-01,,,,,,,,False,,,1165.0,2021.0,report_pdf,,,1165.0,2021.0,self_reported,3.0,False,5001.0,report_pdf,3.0,,2021.0,112160.0,report_pdf,3.0,2021.0,,,349.6670732320368,,,,,,,,,,,,-20.5672,netzero_inferred,2.0,2030.0,2020.0,,,,,,19929.0,sec_xbrl,1,2025,2025-12-31,5159.0,sec_xbrl,1.0,2025.0,44.0,2025.0,,,,5565.000192,yahoo_ttm,3.0,,4286.000128,yahoo,3,,4464.0,32788.70671734,sec_shares_x_price,1,False,37074.70684534,True,33305.174016,5.985,yahoo,2,5.985,4302.125056,0.282,19232.0,0.047009162892676475,98.5853,141.962832,100.0,100.0,0.0,50.0,0.875342822112,1.0,0.875342822112,0.437671411056,0.008483648208102344,2.6194633951701602,0.007865034405500343,5.0,False,False,,,5,False,0.0,0.0,7204665.0,True,44.29484653049398,5.0,55.31061935424805,224.0,96.5,418.0,reported,,voluntary,vendor,2026-09-12 16:53:36+00:00
ACN,Accenture,0001467373,Information Technology,IT Consulting & Other Services,J,True,,Ireland,2011-07-06,,,,,,,,False,,,22395.0,2024.0,wba,,,22395.0,2024.0,self_reported,1.0,False,181455.0,wba,1.0,,2024.0,628840.0,wba,1.0,2024.0,25979.0,2024.0,349.6670732320368,,,,,,,,,,,,-13.6112,sbti_s12_absolute,2.0,2030.0,2019.0,,Targets set,1.5°C,Targets set,2040.0,69672.977,sec_xbrl,1,2025,2025-08-31,10225.664,sec_xbrl,1.0,2025.0,600.039,2025.0,1443.225,sec_secondhand,2024.0,11039.072,sec_ebit_plus_secondhand_da,2.0,2024.0,5034.169,sec_xbrl,1,2025.0,10171.567104,116304.81636119999,sec_shares_x_price,1,True,121338.98536119999,True,112370.507776,9.2242,yahoo_winsorised,3,8.681,12089.380864,1.092,73100.591104,0.1667461941899372,98.5853,141.962832,100.0,100.0,0.0,60.0,28.9391233032,1.0,28.9391233032,11.57564932128,0.11320193310947826,106.77610446935097,0.0950214665597125,5.0,False,False,,,5,False,0.0,0.0,67082173.0,True,94.76584836002428,5.0,66.13226318359375,170.0,83.0,338.0,unmeasurable,,voluntary,mandatory,2026-09-12 16:53:36+00:00
ADBE,Adobe Inc.,0000796343,Information Technology,Application Software,J,True,,California,1997-05-05,,,,,,,,False,,,7649.0,2023.0,wba,,,7649.0,2023.0,self_reported,1.0,False,62662.0,wba,1.0,,2023.0,612099.0,wba,1.0,2023.0,70311.0,2023.0,195.03700802971002,,,,,,,,,,,,-6.5824,sbti_s12_absolute,2.0,2030.0,2022.0,,Targets set,1.5°C,Targets set,2050.0,23769.0,sec_xbrl,1,2025,2025-11-28,8706.0,sec_xbrl,1.0,2025.0,179.0,2025.0,857.0,sec_secondhand,2024.0,7598.0,sec_ebit_plus_secondhand_da,2.0,2024.0,6210.0,sec_xbrl,1,2025.0,5639.000064,100261.425,sec_shares_x_price,1,False,106471.425,True,100753.850368,10.328,yahoo,2,10.328,9129.875456,1.417,25969.999872,0.14374478689592018,98.5853,141.962832,100.0,100.0,0.0,60.0,9.981548680752,1.0,9.981548680752,3.9926194723008006,0.04586054987710545,41.23577390992266,0.040927243732433456,5.0,False,False,,,5,False,0.0,0.0,257758044.0,True,71.66501832666366,5.0,66.13226318359375,170.0,83.0,338.0,reported,,voluntary,mandatory,2026-09-12 16:53:36+00:00
ADI,Analog Devices,0000006281,Information Technology,Semiconductors,C,True,,Massachusetts,1999-10-12,117771.628108,2023.0,117771.628108,0.0,117159.18210800001,0.0,4.0,False,,,138000.0,2023.0,wba,,,138000.0,2023.0,self_reported,1.0,False,140000.0,wba,1.0,,2023.0,2343000.0,wba,1.0,2023.0,278000.0,2023.0,246.38139635186002,,,-5.948217463309535,ghgrp,2.0,2.599510149460509,0.27467917189307167,13.0,2011.0,2023.0,,-6.1069,sbti_s12_absolute,2.0,2030.0,2019.0,0.15868253669046517,Targets set,1.5°C,Commitment removed,,11019.707,sec_xbrl,1,2025,2025-11-01,2932.496,sec_xbrl,1.0,2025.0,533.552,2025.0,,,,6922.7008,yahoo_ttm,3.0,,8591.705,sec_xbrl,1,2025.0,2324.933888,183543.70683269997,sec_shares_x_price,1,False,192135.41183269996,True,190382.833664,27.501,yahoo,2,27.501,4147.339008,1.205,13881.744384,0.2631465793025953,98.5853,141.962832,100.0,100.0,0.0,60.0,39.465667296,0.6509823551139101,25.6914530424921,10.27658121699684,0.35043803016259323,282.6162600486301,0.14844629350743338,5.0,False,False,,,5,True,109979.0,3.0,5027403.0,False,35.56693438584494,4.0,68.73747253417969,157.0,17.0,402.0,measured,,voluntary,mandatory,2026-09-12 16:53:36+00:00
ADM,Archer Daniels Midland,0000007084,Consumer Staples,Agricultural Products & Services,C,True,,Illinois,1957-03-04,10585367.606,2023.0,10761199.105999999,175831.5,10588838.969,0.0,19.0,False,,,12300000.0,2024.0,wba,1650060.0,2026.0,12300000.0,2024.0,self_reported,1.0,False,2150000.0,wba,1.0,,2024.0,114100000.0,wba,1.0,2024.0,14370000.0,2024.0,415.51510490798,4.19255427591,885894.0,-0.8924635711578421,ghgrp,2.0,0.3309156001381244,0.34342901561330763,14.0,2010.0,2023.0,,-1.7819451444741063,wba,3.0,,,,Commitment removed,,,,80269.0,sec_xbrl,1,2025,2025-12-31,1255.0,sec_xbrl,1.0,2025.0,1248.0,2025.0,1141.0,sec_secondhand,2024.0,3396.0,sec_ebit_plus_secondhand_da,2.0,2024.0,8410.0,sec_xbrl,1,2025.0,1092.999936,41795.535037760004,sec_shares_x_price,1,False,50205.535037760004,True,50343.534592,16.809,yahoo,2,16.809,1164.625024,0.613,82099.003392,0.05992225102728968,98.5853,141.962832,100.0,100.0,0.0,70.0,2051.3629223999997,0.9476328006017587,1943.93879120452,583.181637361356,46.46865636345466,9802.700142407033,19.4716168061127,5.0,False,False,,,5,True,364212958.0,56.0,911812117.0,False,27.293812849592083,4.0,3.206413984298706,484.0,363.0,500.0,measured,,voluntary,mandatory,2026-09-12 16:53:36+00:00
ADP,Automatic Data Processing,0000008670,Industrials,Human Resource & Employment Services,N,True,,New Jersey,1981-03-31,,,,,,,,False,,,,,,,,,,,,False,,,,,,,,,,,,271.7789403329,,,,,,,,,,,,-6.1069,nzt_interim,2.0,2030.0,2019.0,,,,,,20560.9,sec_xbrl,1,2025,2025-06-30,4956.0,sec_xbrl,1.0,2025.0,168.7,2025.0,561.9,sec_secondhand,2024.0,5147.5,sec_ebit_plus_secondhand_da,2.0,2024.0,3974.7,sec_xbrl,1,2025.0,4230.099968,106569.70182762,sec_shares_x_price,1,False,110544.40182762,True,107854.299136,16.823,yahoo,2,16.823,5243.049984,0.83,21947.400192,0.15278896224318567,98.5853,141.962832,100.0,100.0,0.0,50.0,,1.0,,,,,,,False,False,,,5,False,0.0,0.0,2273062.0,True,72.55406215232011,4.0,80.86172485351562,96.5,12.0,394.5,unmeasurable,,,mandatory,2026-09-12 16:53:36+00:00
ADSK,Autodesk,0000769397,Information Technology,Application Software,J,True,,California,1989-12-01,,,,,,,,False,,,867.0,2021.0,report_pdf,,,867.0,2021.0,self_reported,3.0,False,102.0,report_pdf,3.0,,2021.0,125000.0,report_pdf,3.0,2021.0,,,195.03700802971002,,,,,,,,,,,,-6.1069,sbti_s12_absolute,2.0,2031.0,2020.0,,Targets set,1.5°C,,,7206.0,sec_xbrl,1,2025,2026-01-31,1578.0,sec_xbrl,1.0,2025.0,43.0,2025.0,,,,2286.000128,yahoo_ttm,3.0,,2500.0,sec_xbrl,1,2025.0,4155.000064,44391.6,sec_shares_x_price,1,False,46891.6,True,43941.60128,19.222,yahoo,2,19.222,3157.499904,1.309,7790.000128,0.06364422889430238,98.5853,141.962832,100.0,100.0,0.0,60.0,0.13756198420799998,1.0,0.13756198420799998,0.05502479368319999,0.0034869957974144484,1.0576865841784704,0.0024070278582675954,5.0,False,False,,,5,False,,,,False,74.17319659039252,5.0,66.13226318359375,170.0,83.0,338.0,reported,,voluntary,mandatory,2026-09-12 16:53:36+00:00
AEE,Ameren,0001002910,Utilities,Multi-Utilities,D,True,,Missouri,1991-09-19,19790344.651600003,2023.0,19790344.651600003,0.0,19813270.189600006,0.0,17.0,False,8586117.640454127,2026.0,,,,10012384.42,2026.0,19790344.651600003,2023.0,ghgrp_fossil,1.0,False,,,,,,,,,,,,566.3472685193401,975.3564867720571,19999853.86,-6.543772426977556,ghgrp,2.0,1.046072909780697,0.7306862918722357,14.0,2010.0,2023.0,-7.488580321741156,-3.5988,nzt_interim,2.0,2030.0,2005.0,-2.944972426977556,,,,,8799.0,sec_xbrl,1,2025,2025-12-31,2026.0,sec_xbrl,1.0,2025.0,4128.0,2025.0,1524.0,sec_secondhand,2024.0,3040.0,sec_ebit_plus_secondhand_da,2.0,2024.0,19830.0,sec_xbrl,1,2025.0,12.0,29040.857029900002,sec_shares_x_price,1,False,48870.8570299,True,50965.856256,13.035,yahoo,2,13.035,-1786.249984,0.47,8410.999808,0.041635871473379334,98.5853,141.962832,100.0,100.0,0.0,80.0,2809.4933729971895,0.6226696888387657,1749.3863643587342,349.87727287174675,17.26936193838829,4560.650251883219,8.948442323769088,5.0,True,True,Article 12(1)(g),power_intensity_12g,5,True,88652616.0,13.0,285593185.0,False,31.895417568561534,5.0,36.76417922973633,316.5467529296875,12.0,480.0,measured,,mandatory,mandatory,2026-09-12 16:53:36+00:00
AEP,American Electric Power,0000004904,Utilities,Electric Utilities,D,True,,Ohio,1957-03-04,48971842.5859422,2023.0,48971842.5859422,0.0,48977667.0018029,0.0,37.0,False,25459711.48736118,2026.0,46900437.0,2024.0,wba,22561294.89,2026.0,48971842.5859422,2023.0,ghgrp_fossil_floor,1.0,True,1099327.0,wba,2.0,,2024.0,35410466.0,wba,2.0,2024.0,46900437.0,2024.0,415.51510490798,899.7598155725426,38561441.0,-7.817687884918689,ghgrp,2.0,0.5178767761252272,0.9363021224015975,14.0,2010.0,2023.0,-7.856544313739622,-6.2349,nzt_interim,2.0,2030.0,2005.0,-1.5827878849186892,,,,,21876.0,sec_xbrl,1,2025,2025-12-31,5319.0,sec_xbrl,1.0,2025.0,3453.0,2025.0,3149.0,sec_secondhand,2024.0,7452.6,sec_ebit_plus_secondhand_da,2.0,2024.0,48830.0,sec_xbrl,1,2025.0,603.0,67104.46410015,sec_shares_x_price,1,False,115934.46410015,True,121272.5248,13.431,yahoo,2,13.431,-5995.95008,0.5,22791.000064,0.09620765804835697,98.5853,141.962832,100.0,100.0,0.0,80.0,7108.245035972622,0.5656309672241182,4020.643514963231,804.128702992646,15.118042921463546,10800.252609894229,8.905770394164524,5.0,True,True,Article 12(1)(g),power_intensity_12g,5,True,4696292971.0,27.0,4817474815.0,False,30.871118643622186,5.0,19.438880920410156,403.0,25.0,496.0,measured,,mandatory,mandatory,2026-09-12 16:53:36+00:00
AES,AES Corporation,0000874761,Utilities,Independent Power Producers & Energy Traders,D,True,,Virginia,1998-10-02,15564412.834,2023.0,15567081.534,2668.7,15565853.121500004,0.0,20.0,False,4120156.51838987,2026.0,27779000.0,2024.0,wba,13915627.107,2026.0,27779000.0,2024.0,self_reported,1.0,False,439000.0,wba,1.0,,2024.0,1861000.0,wba,1.0,2024.0,28218000.0,2024.0,270.48892363262,831.9486085307657,9477655.0,-10.183058703067339,ghgrp,2.0,0.6111275372075332,0.9469851488408748,14.0,2010.0,2023.0,-10.704048568119918,-7.6329,netzero_inferred,2.0,2050.0,2021.0,-2.5501587030673383,,,,,12233.0,sec_xbrl,1,2025,2025-12-31,75.0,sec_xbrl,1.0,2025.0,5929.0,2025.0,-1264.0,sec_secondhand,2024.0,-370.0,sec_ebit_plus_secondhand_da,2.0,2024.0,32942.999552,yahoo,3,,1852.999936,10551.757337699999,sec_shares_x_price,1,False,43494.7568897,True,49523.757056,12.168,yahoo,2,12.168,-3089.12512,0.95,13054.000128,0.01512805258737494,98.5853,141.962832,100.0,100.0,0.0,80.0,4005.907193376,0.5249882300300387,2103.0541271150664,420.6108254230132,560.8144338973509,5117.992523747224,10.334418929403821,5.0,True,True,Article 12(1)(g),power_intensity_12g,5,True,26716130.0,41.0,40206135.0,False,33.39497876872226,4.0,37.27455139160156,314.0,11.0,499.0,measured,,voluntary,vendor,2026-09-12 16:53:36+00:00
AFL,Aflac,0000004977,Financials,Life & Health Insurance,K,True,,Georgia,1999-05-28,,,,,,,,False,,,,,,,,,,,,False,,,,,,,,,,,,383.74232016659,,,,,,,,,,,,-17.9665,nzt_interim,2.0,2030.0,2023.0,,,,,,17164.0,sec_xbrl,1,2025,2025-12-31,4533.0,sec_xbrl,1.0,2025.0,,,,,,6064.999936,yahoo_ttm,3.0,,16176.0,yahoo,3,,8935.000064,57794.855393440004,sec_shares_x_price,1,False,73970.85539344,True,65035.853824,10.723,yahoo,2,10.723,5152.249856,0.58,18069.000192,0.08286047372866043,98.5853,141.962832,100.0,100.0,0.0,50.0,,1.0,,,,,,,False,False,,,5,False,0.0,0.0,7062650.0,True,57.48398198797406,5.0,55.31061935424805,224.0,96.5,418.0,unmeasurable,,,vendor,2026-09-12 16:53:36+00:00
AIG,American International Group,0000005272,Financials,Multi-line Insurance,K,True,,New York,1980-03-31,,,,,,,,False,,,8258.0,2024.0,wba,,,8258.0,2024.0,self_reported,2.0,False,29325.0,wba,2.0,,2024.0,4007163.0,wba,2.0,2024.0,37583.0,2024.0,392.69487277328005,,,,,,,,,,,,-7.6329,netzero_inferred,2.0,2050.0,2021.0,,,,,,26775.0,sec_xbrl,1,2025,2025-12-31,3879.0,sec_xbrl,1.0,2025.0,240.0,2023.0,3597.0,sec_secondhand,2024.0,7467.0,sec_ebit_plus_secondhand_da,2.0,2024.0,9191.0,sec_xbrl,1,2025.0,10494.999552,39389.54242077,sec_shares_x_price,1,False,48580.54242077,True,38041.542656,4.8836,yahoo_winsorised,3,4.67,7365.000192,0.511,26738.999296,0.05647277984729812,98.5853,141.962832,100.0,100.0,0.0,50.0,5.3353891150559996,1.0,5.3353891150559996,2.6676945575279998,0.06877273930208816,13.02795314114374,0.03424664782643598,5.0,False,False,,,5,False,0.0,0.0,2137775555.0,True,40.477530158704866,4.0,55.31061935424805,224.0,96.5,418.0,unmeasurable,,voluntary,mandatory,2026-09-12 16:53:36+00:00
AIZ,Assurant,0001267238,Financials,Multi-line Insurance,K,True,,Georgia,2007-04-10,,,,,,,,False,,,2132.0,2022.0,report_pdf,,,2132.0,2022.0,self_reported,2.0,False,14973.0,report_pdf,2.0,14670.0,2022.0,3010457.0,report_pdf,2.0,2022.0,,,383.74232016659,,,,,,,,,,,,,,,,,,,,,,12814.3,sec_xbrl,1,2025,2025-12-31,1087.4,sec_xbrl,1.0,2025.0,235.5,2025.0,223.5,sec_secondhand,2024.0,1150.8,sec_ebit_plus_secondhand_da,2.0,2024.0,2006.9,sec_xbrl,1,2019.0,2033.900032,13931.99122682,sec_shares_x_price,1,False,15938.89122682,True,14106.190848,8.121,yahoo,2,8.121,2149.574912,0.542,13456.19968,0.01997429330308312,98.5853,141.962832,100.0,100.0,0.0,50.0,2.42827424136,1.0,2.42827424136,1.21413712068,0.11165505983814603,9.86000755704228,0.06989844149485791,5.0,False,False,,,5,False,0.0,0.0,374649703.0,True,33.19827663709025,5.0,55.31061935424805,224.0,96.5,418.0,reported,,voluntary,mandatory,2026-09-12 16:53:36+00:00
AJG,Arthur J. Gallagher & Co.,0000354190,Financials,Insurance Brokers,K,True,,Illinois,2016-05-31,,,,,,,,False,,,,,,,,,,,,False,,,,,,,,,,,,415.51510490798,,,,,,,,,,,,-6.1069,nzt_interim,2.0,2030.0,2019.0,,,,,,13942.0,sec_xbrl,1,2025,2025-12-31,1871.0,sec_xbrl,1.0,2025.0,145.0,2025.0,843.0,sec_secondhand,2024.0,2717.8,sec_ebit_plus_secondhand_da,2.0,2024.0,12970.0,sec_xbrl,1,2025.0,1386.0,61594.016,sec_shares_x_price,1,False,74564.016,True,74344.013824,17.338,yahoo,2,17.338,2082.300032,0.506,15109.000192,0.08830732960342325,98.5853,141.962832,100.0,100.0,0.0,50.0,,1.0,,,,,,,False,False,,,5,False,0.0,0.0,80622425.0,True,55.01643122436443,5.0,55.31061935424805,224.0,96.5,418.0,unmeasurable,,,mandatory,2026-09-12 16:53:36+00:00
AKAM,Akamai Technologies,0001086222,Information Technology,Internet Services & Infrastructure,J,True,,Massachusetts,2007-07-12,,,,,,,,False,,,45.0,2024.0,wba,,,45.0,2024.0,self_reported,1.0,False,262401.0,wba,1.0,,2024.0,66300.0,wba,1.0,2024.0,121046.0,2024.0,246.38139635186002,,,,,,,,,,,,-22.5736,netzero_inferred,2.0,2030.0,2021.0,,Commitment removed,,Commitment removed,,4208.175,sec_xbrl,1,2025,2025-12-31,566.944,sec_xbrl,1.0,2025.0,507.786,2025.0,648.41,sec_secondhand,2024.0,1181.821,sec_ebit_plus_secondhand_da,2.0,2024.0,9338.986496,yahoo,3,,3355.38688,15347.49667511,sec_shares_x_price,1,False,24686.483171109998,True,21331.095552,19.753,yahoo,2,19.753,710.060096,0.635,4322.83392,0.022003703208382793,98.5853,141.962832,100.0,100.0,0.0,60.0,37.257577407072,1.0,37.257577407072,14.903030962828801,2.6286601432996557,294.3795706087573,1.380048998848333,5.0,False,False,,,5,False,0.0,0.0,690211.0,True,73.66855721476463,5.0,66.13226318359375,170.0,83.0,338.0,reported,,voluntary,vendor,2026-09-12 16:53:36+00:00
ALB,Albemarle Corporation,0000915913,Materials,Specialty Chemicals,C,True,,North Carolina,2016-07-01,229671.722,2023.0,229671.722,0.0,229681.579,0.0,4.0,False,,,753000.0,2024.0,wba,0.0,2026.0,753000.0,2024.0,self_reported,1.0,False,477000.0,wba,1.0,,2024.0,2359000.0,wba,1.0,2024.0,994000.0,2024.0,270.48892363262,,,-2.361248924307957,ghgrp,2.0,0.39295194194777916,0.7069805948605793,14.0,2010.0,2023.0,,-8.475268912261102,wba,3.0,,,,,,,,5142.733,sec_xbrl,1,2025,2025-12-31,-367.084,sec_xbrl,1.0,2025.0,589.801,2025.0,588.638,sec_secondhand,2024.0,-1187.9070000000002,sec_ebit_plus_secondhand_da,2.0,2024.0,3193.541,sec_xbrl,1,2025.0,1631.687936,13867.95429864,sec_shares_x_price,1,False,17061.49529864,True,16728.993792,11.285,yahoo,2,11.285,1334.340224,1.334,5907.904,0.01988248357072889,98.5853,141.962832,100.0,100.0,0.0,35.0,174.61428335999997,0.8664296256200792,151.2909881595232,98.3391423036901,,1109.7572208971428,6.6337356250789075,5.0,False,False,,,5,True,1082003.0,29.0,104779117.0,False,34.77459535971647,4.0,48.897796630859375,256.0,23.0,460.0,measured,,voluntary,mandatory,2026-09-12 16:53:36+00:00
ALGN,Align Technology,0001097149,Health Care,Health Care Supplies,C,True,,Arizona,2017-06-19,,,,,,,,False,,,,,,,,,,,,False,,,,,,,,,,,,320.32194217793,,,,,,,,,,,,,,,,,,,,,,4034.964,sec_xbrl,1,2025,2025-12-31,545.755,sec_xbrl,1.0,2025.0,102.445,2025.0,145.034,sec_secondhand,2024.0,752.662,sec_ebit_plus_secondhand_da,2.0,2024.0,120.842,yahoo,3,,1102.590976,10714.23047864,sec_shares_x_price,1,False,10835.07247864,True,9732.481024,10.514,yahoo,2,10.514,594.11136,1.643,4139.532032,0.01536099030016659,98.5853,141.962832,100.0,100.0,0.0,70.0,,1.0,,,,,,,False,False,,,5,True,0.0,0.0,31750000.0,True,16.621983914209114,1.0,83.26653289794922,84.5,30.5,283.0,unmeasurable,,,vendor,2026-09-12 16:53:36+00:00
ALL,Allstate,0000899051,Financials,Property & Casualty Insurance,K,True,,Illinois,1995-07-13,,,,,,,,False,,,17485.0,2024.0,wba,,,17485.0,2024.0,self_reported,1.0,False,35890.0,wba,1.0,,2024.0,4780277.0,wba,1.0,2024.0,53375.0,2024.0,415.51510490798,,,,,,,,,,,,-25.0106,netzero_inferred,2.0,2030.0,2022.0,,,,,,67685.0,sec_xbrl,1,2025,2025-12-31,13156.0,sec_xbrl,1.0,2025.0,228.0,2025.0,555.0,sec_secondhand,2024.0,6316.0,sec_ebit_plus_secondhand_da,2.0,2024.0,7490.0,sec_xbrl,1,2025.0,5714.999808,64152.5904945,sec_shares_x_price,1,False,71642.59049450001,True,67915.59168,4.8836,yahoo_winsorised,3,3.968,15158.62528,0.15,70137.004032,0.09197555739361511,98.5853,141.962832,100.0,100.0,0.0,50.0,7.577266158,1.0,7.577266158,3.788633079,0.028797758277591973,18.502168504604402,0.02724288789499419,5.0,False,False,,,5,False,0.0,0.0,348681145.0,True,45.69489620305736,4.0,55.31061935424805,224.0,96.5,418.0,unmeasurable,,voluntary,mandatory,2026-09-12 16:53:36+00:00
ALLE,Allegion,0001579241,Industrials,Building Products,C,True,,Ireland,2013-12-02,,,,,,,,False,,,,,,,,,,,,False,,,,,,,,,,,,349.6670732320368,,,,,,,,,,,,,,,,,,,,,,4067.3,sec_xbrl,1,2025,2025-12-31,859.5,sec_xbrl,1.0,2025.0,98.1,2025.0,116.2,sec_secondhand,2024.0,896.9000000000001,sec_ebit_plus_secondhand_da,2.0,2024.0,1980.1,sec_xbrl,1,2025.0,320.6,13040.3911331,sec_shares_x_price,1,False,15020.4911331,True,14942.091264,14.24,yahoo,2,14.24,484.449984,0.841,4288.499968,0.018696006409911953,98.5853,141.962832,100.0,100.0,0.0,50.0,,1.0,,,,,,,False,False,,,5,True,35867.0,3.0,159167.0,False,50.079082090579526,5.0,52.30461502075195,239.0,105.0,401.5,unmeasurable,,,mandatory,2026-09-12 16:53:36+00:00
AMAT,Applied Materials,0000006951,Information Technology,Semiconductor Materials & Equipment,C,True,,California,1995-03-16,,,,,,,,False,,,50775.0,2024.0,wba,,,50775.0,2024.0,self_reported,1.0,False,175667.0,wba,1.0,,2024.0,18565175.0,wba,1.0,2024.0,118456.0,2024.0,195.03700802971002,,,,,,,,,,,,-6.1069,sbti_s12_absolute,2.0,2030.0,2019.0,,Targets set,1.5°C,,,28368.0,sec_xbrl,1,2025,2025-10-26,8289.0,sec_xbrl,1.0,2025.0,2260.0,2025.0,444.0,sec_secondhand,2022.0,8232.0,sec_ebit_plus_secondhand_da,2.0,2022.0,6555.0,sec_xbrl,1,2025.0,9233.000448,362269.29675507,sec_shares_x_price,1,False,368824.29675507,True,360382.30016,35.488,yahoo,2,35.488,3075.375104,1.597,30837.000192,0.5193854252619331,98.5853,141.962832,100.0,100.0,0.0,60.0,32.146347603744,1.0,32.146347603744,12.8585390414976,0.15512774811795874,456.3238335046668,0.12662215466799323,5.0,False,False,,,5,True,0.0,0.0,252000000.0,True,85.77145226221452,4.0,66.13226318359375,170.0,83.0,338.0,reported,,voluntary,mandatory,2026-09-12 16:53:36+00:00
AMCR,Amcor,0001748790,Materials,Paper & Plastic Packaging Products & Materials,C,True,,United Kingdom,2019-06-07,67064.348,2023.0,67064.348,0.0,67067.246,0.0,1.0,False,,,430000.0,2024.0,wba,,,430000.0,2024.0,self_reported,1.0,False,1168000.0,wba,1.0,,2024.0,8870000.0,wba,1.0,2024.0,1598000.0,2024.0,349.6670732320368,,,-6.540053557032522,ghgrp,2.0,1.937687990060826,0.6873954288438209,5.0,2019.0,2023.0,,-7.8945,sbti_s12_absolute,2.0,2050.0,2022.0,1.354446442967478,Targets set,1.5°C,Targets set,2050.0,15009.0,sec_xbrl,1,2025,2025-06-30,1009.0,sec_xbrl,1.0,2025.0,580.0,2025.0,595.0,sec_secondhand,2024.0,1809.0,sec_ebit_plus_secondhand_da,2.0,2024.0,13982.0,sec_xbrl,1,2025.0,1115.000064,19566.4696008,sec_shares_x_price,1,False,33548.4696008,True,33585.54112,9.498,yahoo,2,9.498,1504.0,0.595,23505.999872,0.0280524439291831,98.5853,141.962832,100.0,100.0,0.0,35.0,226.856605536,0.6664278944536505,151.18356997025882,98.26932048066823,9.73927854119606,933.3620059253867,2.7790590081324456,5.0,False,False,,,5,True,936819.0,27.0,2636112.0,False,82.02846975088967,1.0,93.08905792236328,35.48561096191406,2.0,350.0,measured,,voluntary,mandatory,2026-09-12 16:53:36+00:00
AMD,Advanced Micro Devices,0000002488,Information Technology,Semiconductors,C,True,,California,2017-03-20,,,,,,,,False,,,12419.0,2024.0,wba,,,12419.0,2024.0,self_reported,1.0,False,91579.0,wba,1.0,,2024.0,18281832.0,wba,1.0,2024.0,44190.0,2024.0,195.03700802971002,,,,,,,,,,,,-3.6508,sbti_s12_absolute,2.0,2020.0,2014.0,,Targets set,Well-below 2°C,,,34639.0,sec_xbrl,1,2025,2025-12-27,3694.0,sec_xbrl,1.0,2025.0,974.0,2025.0,,,,9562.000384,yahoo_ttm,3.0,,3222.0,sec_xbrl,1,2025.0,13111.000064,842569.34342746,sec_shares_x_price,1,False,845791.34342746,True,833734.311936,40.0,yahoo_winsorised,3,87.192,8841.499648,2.476,41305.001984,1.2079915153411755,98.5853,141.962832,100.0,100.0,0.0,60.0,14.763850602336,1.0,14.763850602336,5.9055402409344,0.15986844182280452,236.221609637376,0.028332960063602263,5.0,False,False,,,5,True,0.0,0.0,18161000.0,True,42.08423573411696,2.0,66.13226318359375,170.0,83.0,338.0,reported,,voluntary,mandatory,2026-09-12 16:53:36+00:00
AME,Ametek,0001037868,Industrials,Electrical Components & Equipment,C,True,,Pennsylvania,2013-09-23,,,,,,,,False,,,,,,,,,,,,False,,,,,,,,,,,,271.7789403329,,,,,,,,,,,,,,,,,,,,,,7401.116,sec_xbrl,1,2025,2025-12-31,1910.317,sec_xbrl,1.0,2025.0,130.248,2025.0,,,,2500.681984,yahoo_ttm,3.0,,1074.334,sec_xbrl,1,2025.0,495.446016,55451.41708628,sec_shares_x_price,1,False,56525.751086280005,True,57266.91328,22.901,yahoo,2,22.901,1492.221312,0.989,7863.9232,0.07950068665136273,98.5853,141.962832,100.0,100.0,0.0,50.0,,1.0,,,,,,,False,False,,,5,True,527810.0,17.0,2172935.0,False,41.430796622810625,4.0,30.160320281982422,349.5,149.5,419.0,unmeasurable,,,mandatory,2026-09-12 16:53:36+00:00
AMGN,Amgen,0000318154,Health Care,Biotechnology,C,True,,California,1992-01-02,61780.352,2023.0,61780.352,0.0,61779.829,0.0,2.0,False,,,147000.0,2024.0,wba,,,147000.0,2024.0,self_reported,1.0,False,128000.0,wba,1.0,,2024.0,1705000.0,wba,1.0,2024.0,121000.0,2024.0,195.03700802971002,,,-1.9237932007136305,ghgrp,2.0,1.5326804123399105,0.09508108040775887,14.0,2010.0,2023.0,,-9.4994,sbti_s12_absolute,2.0,2027.0,2019.0,7.575606799286369,Targets set,1.5°C,,,36751.0,sec_xbrl,1,2025,2025-12-31,9080.0,sec_xbrl,1.0,2025.0,1858.0,2025.0,5592.0,sec_secondhand,2024.0,12850.0,sec_ebit_plus_secondhand_da,2.0,2024.0,54604.0,sec_xbrl,1,2025.0,13989.000192,204007.48708675,sec_shares_x_price,1,False,258611.48708675,True,247322.492928,14.323,yahoo,2,14.323,8645.624832,0.426,38094.999552,0.2924854973531153,98.5853,141.962832,100.0,100.0,0.0,70.0,39.0397788,0.8899835187904471,34.7447597092247,10.423427912767412,0.11479546159435478,149.29475799456765,0.06036440771201106,5.0,False,False,,,5,True,70968.0,4.0,931844837.0,False,50.44513567792792,5.0,43.88777542114258,281.0,44.0,462.0,measured,,voluntary,mandatory,2026-09-12 16:53:36+00:00
AMP,Ameriprise Financial,0000820027,Financials,Asset Management & Custody Banks,K,True,,Minnesota,2005-10-03,,,,,,,,False,,,5534.0,2023.0,wba,,,5534.0,2023.0,self_reported,1.0,False,21980.0,wba,1.0,,2023.0,38288.0,wba,1.0,2023.0,27514.0,2023.0,420.27691760824,,,,,,,,,,,,,,,,,,,,,,18911.0,sec_xbrl,1,2025,2025-12-31,4935.0,sec_xbrl,1.0,2025.0,162.0,2025.0,142.0,sec_secondhand,2024.0,5071.0,sec_ebit_plus_secondhand_da,2.0,2024.0,3033.0,sec_xbrl,1,2020.0,10298.999808,49255.48624659,sec_shares_x_price,1,False,52288.48624659,True,43258.486784,11.851,sector_median,4,,2903.124992,1.134,19839.000576,0.0706175817266811,98.5853,141.962832,100.0,100.0,0.0,50.0,3.905965359648,1.0,3.905965359648,1.952982679824,0.039574117119027356,23.144797738594225,0.05350348442413566,5.0,False,False,,,5,False,0.0,0.0,390039885.0,True,44.85826389238716,4.0,55.31061935424805,224.0,96.5,418.0,unmeasurable,,voluntary,mandatory,2026-09-12 16:53:36+00:00
AMT,American Tower,0001053507,Real Estate,Telecom Tower REITs,L,True,,Massachusetts,2007-11-19,,,,,,,,False,,,365725.0,2024.0,wba,,,365725.0,2024.0,self_reported,2.0,False,145138.0,wba,2.0,,2024.0,1876028.0,wba,2.0,2024.0,497487.0,2024.0,246.38139635186002,,,,,,,,,,,,-3.1422,sbti_combined,2.0,2035.0,2019.0,,Targets set,Well-below 2°C,,,10644.6,sec_xbrl,1,2025,2025-12-31,4845.8,sec_xbrl,1.0,2025.0,1680.4,2025.0,2028.8,sec_secondhand,2024.0,6545.3,sec_ebit_plus_secondhand_da,2.0,2024.0,37220.3,sec_xbrl,1,2025.0,1762.499968,82870.9945368,sec_shares_x_price,1,False,120091.29453680001,True,132621.197312,18.826,yahoo,2,18.826,2920.012544,0.895,10941.500416,0.11881212988490122,98.5853,141.962832,100.0,100.0,0.0,60.0,72.52355824401599,1.0,72.52355824401599,29.009423297606396,0.5986508584259853,546.131403000738,0.4117979735290192,5.0,False,False,,,5,True,251759.0,5.0,546710.0,False,91.09836519384197,4.0,32.06412887573242,340.0,105.0,460.5,unmeasurable,,voluntary,mandatory,2026-09-12 16:53:36+00:00
AMZN,Amazon,0001018724,Consumer Discretionary,Broadline Retail,G,True,,Washington,2005-11-18,,,,,,,,False,,,15130000.0,2024.0,wba,,,15130000.0,2024.0,self_reported,1.0,False,2800000.0,wba,1.0,,2024.0,50320000.0,wba,1.0,2024.0,17930000.0,2024.0,288.15226411279,,,,,,,,,,,,-10.3849,netzero_inferred,2.0,2040.0,2019.0,,Commitment removed,,,,716924.0,sec_xbrl,1,2025,2025-12-31,79975.0,sec_xbrl,1.0,2025.0,131819.0,2025.0,52795.0,sec_secondhand,2024.0,121388.0,sec_ebit_plus_secondhand_da,2.0,2024.0,68851.0,sec_xbrl,1,2025.0,122988.003328,2769709.59901816,sec_shares_x_price,1,False,2838560.59901816,True,2898356.600832,17.159,yahoo,2,17.159,3219.124992,1.443,775680.032768,3.9709321513677858,98.5853,141.962832,100.0,100.0,0.0,40.0,2545.39357776,1.0,2545.39357776,1527.2361466559998,1.9096419464282586,26205.8450404703,0.9041622080922572,5.0,False,False,,,5,True,20861196.0,28.0,2792018110.0,False,32.736036091546765,4.0,37.27455139160156,314.0,174.0,370.0,reported,,voluntary,mandatory,2026-09-12 16:53:36+00:00
ANET,Arista Networks,0001596532,Information Technology,Communications Equipment,C,True,,California,2018-08-28,,,,,,,,False,,,,,,,,,,,,False,,,,,,,,,,,,195.03700802971002,,,,,,,,,,,,-7.4867,sbti_s12_absolute,2.0,2030.0,2023.0,,Targets set,1.5°C,Targets set,2050.0,9005.7,sec_xbrl,1,2025,2025-12-31,3856.1,sec_xbrl,1.0,2025.0,119.5,2025.0,62.0,sec_secondhand,2024.0,3006.616,sec_ebit_plus_secondhand_da,2.0,2024.0,0.0,yahoo,3,,13343.299584,251727.82749432,sec_shares_x_price,1,False,251727.82749432,True,238384.529408,40.0,yahoo_winsorised,3,51.38,3891.512576,1.617,10540.8,0.36090214076793725,98.5853,141.962832,100.0,100.0,0.0,60.0,,1.0,,,,,,,False,False,,,5,True,,,,False,66.9847454720687,5.0,66.13226318359375,170.0,83.0,338.0,unmeasurable,,,vendor,2026-09-12 16:53:36+00:00
AON,Aon plc,0000315293,Financials,Insurance Brokers,K,True,,United Kingdom,1996-04-23,,,,,,,,False,,,15235.0,2024.0,wba,,,15235.0,2024.0,self_reported,2.0,False,31787.0,wba,2.0,,2024.0,416183.0,wba,2.0,2024.0,47022.0,2024.0,349.6670732320368,,,,,,,,,,,,-5.9575,sbti_s12_absolute,2.0,2032.0,2019.0,,Targets set,1.5°C,,,17181.0,sec_xbrl,1,2025,2025-12-31,4344.0,sec_xbrl,1.0,2025.0,263.0,2025.0,,,,5900.000256,yahoo_ttm,3.0,,15249.0,sec_xbrl,1,2025.0,1096.999936,64208.24761746,sec_shares_x_price,1,False,79457.24761746,True,79097.249792,13.406,yahoo,2,13.406,3190.87488,0.66,17577.00096,0.09205535300074046,98.5853,141.962832,100.0,100.0,0.0,50.0,6.675376286304,1.0,6.675376286304,3.337688143152,0.07683444160110497,44.74504724709571,0.05656966249112404,5.0,False,False,,,5,False,0.0,0.0,243629170.0,True,53.16996080387903,3.0,55.31061935424805,224.0,96.5,418.0,reported,,voluntary,mandatory,2026-09-12 16:53:36+00:00
AOS,A. O. Smith,0000091142,Industrials,Building Products,C,True,,Wisconsin,2017-07-26,,,,,,,,False,,,,,,,,,,,,False,,,,,,,,,,,,415.51510490798,,,,,,,,,,,,,,,,,,,,,,3830.2,sec_xbrl,1,2025,2025-12-31,728.6,sec_xbrl,1.0,2025.0,70.8,2025.0,78.8,sec_secondhand,2024.0,786.5,sec_ebit_plus_secondhand_da,2.0,2024.0,155.0,sec_xbrl,1,2025.0,181.3,8144.4926676000005,sec_shares_x_price,1,True,8299.4926676,True,8295.6928,10.585,yahoo,2,10.585,484.612512,1.153,3804.900096,0.011676757665069558,98.5853,141.962832,100.0,100.0,0.0,50.0,,1.0,,,,,,,False,False,,,5,True,26000.0,3.0,126665.0,False,35.790539844274925,4.0,55.11021423339844,225.0,64.05000305175781,399.5,unmeasurable,,,mandatory,2026-09-12 16:53:36+00:00
APA,APA Corporation,0001841666,Energy,Oil & Gas Exploration & Production,B,True,,Texas,1997-07-28,1342264.3092278,2023.0,1342264.3092278,0.0,1380725.5439216,0.0,23.0,False,,,6225000.0,2024.0,wba,10226424.448975896,2026.0,6225000.0,2024.0,self_reported,2.0,False,445000.0,wba,2.0,,2024.0,,,,,6670000.0,2024.0,334.12929392073005,,,,,,,,,,,,,,,,,,,,,,9516.0,sec_xbrl,1,2025,2025-12-31,3087.0,sec_xbrl,1.0,2025.0,2740.0,2025.0,2266.0,sec_secondhand,2024.0,4708.0,sec_ebit_plus_secondhand_da,2.0,2024.0,4493.0,sec_xbrl,1,2025.0,444.0,15671.2230423,sec_shares_x_price,1,False,20164.2230423,True,20031.223808,4.0,yahoo_winsorised,3,3.502,2146.749952,0.366,8572.000256,0.02246782964249558,98.5853,141.962832,100.0,100.0,0.0,60.0,946.89208944,1.0,946.89208944,378.756835776,12.269414829154519,1515.027343104,7.563328919019585,5.0,False,True,Article 12(1)(e),gics_proxy,4,True,27245585.0,59.0,42263585.0,False,17.713681578214675,4.0,41.68336486816406,292.0,23.0,454.5,measured,,voluntary,mandatory,2026-09-12 16:53:36+00:00
APD,Air Products,0000002969,Materials,Industrial Gases,C,True,,Pennsylvania,1985-04-30,14072905.322,2023.0,14072905.322,0.0,14072929.316,0.0,32.0,False,7607.974187407441,2026.0,16400000.0,2023.0,wba,1994396.688,2026.0,16400000.0,2023.0,self_reported,1.0,False,10700000.0,wba,1.0,,2023.0,8300000.0,wba,1.0,2023.0,27100000.0,2023.0,271.7789403329,,,1.6944577464779398,ghgrp,2.0,0.3184499809756657,0.6755111350449661,14.0,2010.0,2023.0,5.265913245197251,-4.2164,nzt_interim,2.0,2035.0,2025.0,5.91085774647794,,,,,12037.3,sec_xbrl,1,2025,2025-09-30,-877.0,sec_xbrl,1.0,2025.0,7022.6,2025.0,1451.1,sec_secondhand,2024.0,5917.200000000001,sec_ebit_plus_secondhand_da,2.0,2024.0,17663.7,sec_xbrl,1,2025.0,1000.0,64897.2440079,sec_shares_x_price,1,False,82560.9440079,True,84881.047552,18.245,yahoo,2,18.245,-1497.500032,0.754,12602.200064,0.09304316700114844,98.5853,141.962832,100.0,100.0,0.0,35.0,3847.1927471999998,1.1248147285487209,4327.379065616376,2812.796392650644,,51319.470183911006,60.46045809280519,5.0,False,False,,,5,True,2589517.0,42.0,3080778.0,False,93.71628671118727,5.0,9.371262550354004,453.2373962402344,209.0,488.0,measured,,voluntary,mandatory,2026-09-12 16:53:36+00:00
APH,Amphenol,0000820313,Information Technology,Electronic Components,C,True,,Connecticut,2008-09-30,,,,,,,,False,,,42271.0,2024.0,wba,,,42271.0,2024.0,self_reported,1.0,False,454241.0,wba,1.0,,2024.0,4369729.0,wba,1.0,2024.0,381228.0,2024.0,246.38139635186002,,,,,,,,,,,,-1.1638466884251741,wba,3.0,,,,,,,,23094.7,sec_xbrl,1,2025,2025-12-31,5868.6,sec_xbrl,1.0,2025.0,996.6,2025.0,572.5,sec_secondhand,2024.0,3729.4,sec_ebit_plus_secondhand_da,2.0,2024.0,15502.0,sec_xbrl,1,2025.0,5419.10016,206943.94342288,sec_shares_x_price,1,False,222445.94342288,True,220466.642944,23.296,yahoo,2,23.296,3818.374912,1.242,29011.59936,0.2966954942713336,98.5853,141.962832,100.0,100.0,0.0,60.0,70.486249641984,1.0,70.486249641984,28.194499856793602,0.48042974230299557,656.8190686638637,0.29792219806726056,5.0,False,False,,,5,True,1006500.0,4.0,27445903.0,False,63.67821916229549,5.0,25.450902938842773,373.0,158.0,485.0,unmeasurable,,voluntary,mandatory,2026-09-12 16:53:36+00:00
APO,Apollo Global Management,0001858681,Financials,Asset Management & Custody Banks,K,True,,New York,2024-12-23,,,,,,,,False,,,1231.0,2024.0,wba,,,1231.0,2024.0,self_reported,1.0,False,10854.0,wba,1.0,,2024.0,7249993.0,wba,1.0,2024.0,1231.0,2024.0,392.69487277328005,,,,,,,,,,,,,,,,,,,,,,32049.0,sec_xbrl,1,2025,2025-12-31,6677.0,sec_xbrl,1.0,2025.0,,,1075.0,sec_secondhand,2024.0,8510.0,sec_ebit_plus_secondhand_da,2.0,2024.0,13364.0,sec_xbrl,1,2025.0,47616.0,76168.25664781999,sec_shares_x_price,1,False,89532.25664781999,True,92310.257664,11.851,sector_median,4,,,1.514,35598.000128,0.10920241578527974,98.5853,141.962832,100.0,100.0,0.0,50.0,1.71562082472,1.0,1.71562082472,0.85781041236,0.012847242958813837,10.16591119687836,0.011012764403584754,5.0,False,False,,,5,False,14273962.0,130.0,1234245011.0,False,,0.0,11.422842979431152,443.0,150.0,495.0,unmeasurable,,voluntary,mandatory,2026-09-12 16:53:36+00:00
APP,AppLovin,0001751008,Communication Services,Advertising,M,True,,California,2025-09-22,,,,,,,,False,,,,,,,,,,,,False,,,,,,,,,,,,195.03700802971002,,,,,,,,,,,,,,,,,,,,,,5480.717,sec_xbrl,1,2025,2025-12-31,4151.914,sec_xbrl,1.0,2025.0,4.776,2024.0,448.68,sec_secondhand,2024.0,2322.139,sec_ebit_plus_secondhand_da,2.0,2024.0,3512.987,sec_xbrl,1,2025.0,3053.306112,108620.87236,sec_shares_x_price,1,False,112133.85935999999,True,108875.300864,20.107,yahoo,2,20.107,3179.956224,2.488,6829.124096,0.1557297250646213,98.5853,141.962832,100.0,100.0,0.0,60.0,,1.0,,,,,,,False,False,,,5,False,,,,False,,,81.663330078125,92.5,7.5,250.5,unmeasurable,,,mandatory,2026-09-12 16:53:36+00:00
APTV,Aptiv,0001521332,Consumer Discretionary,Automotive Parts & Equipment,C,True,,Switzerland,2012-12-24,,,,,,,,False,,,,,,,,,,,,False,,,,,,,,,,,,349.6670732320368,,,,,,,,,,,,-22.5736,sbti_s12_absolute,2.0,2030.0,2021.0,,Targets set,1.5°C,,,20398.0,sec_xbrl,1,2025,2025-12-31,1184.0,sec_xbrl,1.0,2025.0,656.0,2025.0,,,,3232.999936,yahoo_ttm,3.0,,7551.0,sec_xbrl,1,2025.0,761.0,9455.621893739999,sec_shares_x_price,1,False,17006.621893739997,True,14378.621952,7.5159,yahoo_winsorised,3,4.447,1615.874944,1.33,20518.00064,0.01355652339954328,98.5853,141.962832,100.0,100.0,0.0,40.0,,1.0,,,,,,,False,False,,,5,True,215312.0,5.0,68905470.0,False,94.30906498201848,5.0,43.486976623535156,283.0,163.0,325.0,unmeasurable,,,mandatory,2026-09-12 16:53:36+00:00
ARE,Alexandria Real Estate Equities,0001035443,Real Estate,Office REITs,L,True,,California,2017-03-20,,,,,,,,False,,,,,,,,,,,,False,,,,,,,,,,,,195.03700802971002,,,,,,,,,,,,,,,,,,,,,,3026.556,sec_xbrl,1,2025,2025-12-31,-1793.197,sec_xbrl,1.0,2025.0,0.0,2025.0,,,,1781.940992,yahoo_ttm,3.0,,12400.555,sec_xbrl,1,2025.0,470.448992,8911.020729799999,sec_shares_x_price,1,False,21311.5757298,True,25229.73184,14.159,yahoo,2,14.159,1344.973952,1.168,2840.326912,0.012775728809262664,98.5853,141.962832,100.0,100.0,0.0,60.0,,1.0,,,,,,,False,False,,,5,True,,,,False,88.27230565494081,4.0,74.44889831542969,128.5,73.5,330.5,unmeasurable,,,mandatory,2026-09-12 16:53:36+00:00
ARES,Ares Management,0001176948,Financials,Asset Management & Custody Banks,K,True,,California,2025-12-11,,,,,,,,False,,,,,,,,,,,,False,,,,,,,,,,,,195.03700802971002,,,,,,,,,,,,,,,,,,,,,,4755.618,sec_xbrl,1,2025,2025-12-31,1286.893,sec_xbrl,1.0,2025.0,16.796,2019.0,,,,1430.315008,yahoo_ttm,3.0,,14872.607744,yahoo,3,,1852.358016,43674.984448,yahoo,3,False,58547.592192000004,True,49081.327616,29.54139999999998,yahoo_winsorised,3,34.315,2159.716096,1.517,5987.594752,0.06261681730695917,98.5853,141.962832,100.0,100.0,0.0,50.0,,1.0,,,,,,,False,False,,,5,False,4535430.0,14.0,29277105.0,False,54.270462633451956,1.0,9.819639205932617,451.0,150.0,498.0,unmeasurable,,,vendor,2026-09-12 16:53:36+00:00
ATO,Atmos Energy,0000731802,Utilities,Gas Utilities,D,True,,Texas,2019-02-15,737121.0920000001,2023.0,737121.0920000001,0.0,855245.4310000001,0.0,14.0,False,,,,,,,,737121.0920000001,2023.0,ghgrp_fossil,1.0,False,,,,,,,,,,,,334.12929392073005,,,-1.190179244034928,ghgrp,2.0,1.0870007597113371,0.08164070841336324,13.0,2011.0,2023.0,,,,,,,,,,,,4702.755,sec_xbrl,1,2025,2025-09-30,1559.971,sec_xbrl,1.0,2025.0,3561.399,2025.0,669.972,sec_secondhand,2024.0,2025.334,sec_ebit_plus_secondhand_da,2.0,2024.0,8982.234,sec_xbrl,1,2025.0,520.952992,27577.24196407,sec_shares_x_price,1,False,36559.47596407,True,37380.15744,14.244,yahoo,2,14.244,-2220.956928,0.594,4921.52576,0.03953748681811045,98.5853,141.962832,100.0,100.0,0.0,80.0,104.64379774725255,0.9196038489222516,96.23083917421508,19.24616783484301,1.2337516424884187,274.14241463950384,0.7333902086408757,5.0,False,True,Article 12(1)(f),sec_segment,1,True,355778.0,21.0,12805553.0,False,25.79364460866037,4.0,80.56112670898438,98.0,4.0,417.0,measured,,mandatory,mandatory,2026-09-12 16:53:36+00:00
AVGO,Broadcom,0001730168,Information Technology,Semiconductors,C,True,,California,2014-05-08,34457.051985,2023.0,34457.051985,0.0,34227.926985,0.0,1.0,False,,,53649.0,2024.0,wba,,,53649.0,2024.0,self_reported,2.0,False,247381.0,wba,2.0,,2024.0,2410880.0,wba,2.0,2024.0,220401.0,2024.0,195.03700802971002,,,-22.336523648764796,ghgrp,2.0,2.8426248691358666,0.8534493764963904,8.0,2016.0,2023.0,,-5.1729129338320305,wba,3.0,,,,Commitment removed,,,,63887.0,sec_xbrl,1,2025,2025-11-02,25484.0,sec_xbrl,1.0,2025.0,623.0,2025.0,,,,52259.999744,yahoo_ttm,3.0,,67120.0,sec_xbrl,1,2025.0,23975.000064,1728006.2748313502,sec_shares_x_price,1,False,1795126.2748313502,True,1763450.290176,33.744,yahoo,2,33.744,30596.499456,1.457,89103.998976,2.4774422838139927,98.5853,141.962832,100.0,100.0,0.0,60.0,42.73507131696,0.21943250375291565,9.377463697139943,3.750985478855977,0.014718982415852995,126.5732539985161,0.007177591265466493,5.0,False,False,,,5,True,5000.0,1.0,556037791.0,False,41.56649911878672,5.0,94.38877868652344,29.0,1.0,336.04998779296875,measured,,voluntary,mandatory,2026-09-12 16:53:36+00:00
AVY,Avery Dennison,0000008818,Materials,Paper & Plastic Packaging Products & Materials,C,True,,Ohio,1987-12-31,,,,,,,,False,,,238000.0,2024.0,wba,,,238000.0,2024.0,self_reported,2.0,False,107000.0,wba,2.0,,2024.0,4983273.0,wba,2.0,2022.0,345000.0,2024.0,415.51510490798,,,,,,,,,,,,-7.7128,sbti_s12_absolute,2.0,2030.0,2015.0,,Targets set,1.5°C,,,8855.5,sec_xbrl,1,2025,2025-12-31,925.1,sec_xbrl,1.0,2025.0,169.0,2025.0,312.2,sec_secondhand,2024.0,1265.7,sec_ebit_plus_secondhand_da,2.0,2024.0,3210.0,sec_xbrl,1,2025.0,274.7,12836.995491959999,sec_shares_x_price,1,False,16046.995491959999,True,16247.49568,10.857,yahoo,2,10.857,1004.6,0.814,9248.100352,0.018404398115982074,98.5853,141.962832,100.0,100.0,0.0,35.0,48.97717704,1.0,48.97717704,31.835165076000003,3.441267438763377,345.634387230132,2.1273086882896894,5.0,False,False,,,5,True,317425.0,9.0,2622100.0,False,80.70592622041731,5.0,32.264530181884766,339.0,28.0,482.5,unmeasurable,,voluntary,mandatory,2026-09-12 16:53:36+00:00
AWK,American Water Works,0001410636,Utilities,Water Utilities,E,True,,New Jersey,2016-03-04,,,,,,,,False,,,69363.0,2024.0,wba,,,69363.0,2024.0,self_reported,1.0,False,430362.0,wba,1.0,,2024.0,757949.0,wba,1.0,2024.0,499725.0,2024.0,271.7789403329,,,,,,,,,,,,-2.798,nzt_interim,2.0,2025.0,2007.0,,,,,,5121.0,sec_xbrl,1,2025,2025-12-31,1879.0,sec_xbrl,1.0,2025.0,3126.0,2025.0,788.0,sec_secondhand,2024.0,2506.0,sec_ebit_plus_secondhand_da,2.0,2024.0,15844.0,sec_xbrl,1,2025.0,227.0,27362.99449541,sec_shares_x_price,1,False,43206.99449541,True,43203.9936,14.831,yahoo,2,14.831,-1785.374976,0.58,5283.999744,0.03923032026102708,98.5853,141.962832,100.0,100.0,0.0,80.0,70.94237622119999,1.0,70.94237622119999,14.188475244239996,0.7551077830888768,210.42927634732337,0.48705978038873554,5.0,False,False,,,5,True,126360897.0,17.0,136868874.0,False,58.418795723220754,5.0,7.815629005432129,461.0,302.0,495.0,unmeasurable,,voluntary,mandatory,2026-09-12 16:53:36+00:00
AXON,Axon Enterprise,0001069183,Industrials,Aerospace & Defense,C,True,,Arizona,2023-05-04,,,,,,,,False,,,,,,,,,,,,False,,,,,,,,,,,,320.32194217793,,,,,,,,,,,,,,,,,,,,,,2779.536,sec_xbrl,1,2025,2025-12-31,-62.076,sec_xbrl,1.0,2025.0,136.258,2025.0,48.425,sec_secondhand,2024.0,106.965,sec_ebit_plus_secondhand_da,2.0,2024.0,1810.722,sec_xbrl,1,2025.0,692.532992,38940.3425061,sec_shares_x_price,1,False,40751.0645061,True,40098.414592,33.992300000000014,yahoo_winsorised,3,242.865,222.16,1.399,3219.09888,0.055828762010848014,98.5853,141.962832,100.0,100.0,0.0,50.0,,1.0,,,,,,,False,True,Article 12(1)(a),gics_proxy,4,True,,,,False,9.252669039145907,1.0,80.86172485351562,96.5,12.0,394.5,unmeasurable,,,mandatory,2026-09-12 16:53:36+00:00
AXP,American Express,0000004962,Financials,Consumer Finance,K,True,,New York,1976-06-30,,,,,,,,False,,,28952.0,2023.0,wba,,,28952.0,2023.0,self_reported,1.0,False,93687.0,wba,1.0,,2023.0,18871.0,wba,1.0,2023.0,122639.0,2023.0,392.69487277328005,,,,,,,,,,,,-7.1585,sbti_s12_absolute,2.0,2050.0,2019.0,,Targets set,1.5°C,Targets set,2050.0,41304.0,sec_xbrl,1,2025,2025-12-31,13795.0,sec_xbrl,1.0,2025.0,2425.0,2025.0,1676.0,sec_secondhand,2024.0,14571.0,sec_ebit_plus_secondhand_da,2.0,2024.0,57758.0,sec_xbrl,1,2025.0,45752.000512,219266.34967676998,sec_shares_x_price,1,False,277024.34967677,True,232606.35136,11.851,sector_median,4,,,1.048,70912.999424,0.31436212588972895,98.5853,141.962832,100.0,100.0,0.0,50.0,17.410179753648,1.0,17.410179753648,8.705089876824,0.06310322491354839,103.16402013024123,0.04435133414331254,5.0,False,False,,,5,False,0.0,0.0,692629717.0,True,51.29970965864722,5.0,55.31061935424805,224.0,96.5,418.0,unmeasurable,,voluntary,mandatory,2026-09-12 16:53:36+00:00
AZO,AutoZone,0000866787,Consumer Discretionary,Automotive Retail,G,True,,Tennessee,1997-01-02,0.0,2023.0,0.0,0.0,,0.0,1.0,True,,,268476.0,2024.0,wba,,,268476.0,2024.0,self_reported,2.0,False,181610.0,wba,2.0,,2024.0,,,,,450086.0,2024.0,409.73270937522005,,,,,,,,,,,,-6.1069,nzt_interim,2.0,2030.0,2019.0,,,,,,18938.717,sec_xbrl,1,2025,2025-08-30,3610.156,sec_xbrl,1.0,2025.0,1327.257,2025.0,549.755,sec_secondhand,2024.0,4338.463,sec_ebit_plus_secondhand_da,2.0,2024.0,8848.6,sec_xbrl,1,2025.0,270.52,46963.96499625,sec_shares_x_price,1,False,55812.564996249996,True,59779.977216,14.02,yahoo,2,14.02,903.784256,0.34,19986.403328,0.06733222812436,98.5853,141.962832,100.0,100.0,0.0,40.0,63.89548320355199,1.0,63.89548320355199,38.33728992213119,1.0619289006383987,537.4888047082793,0.8991117590530319,5.0,False,False,,,5,True,12701700.0,9.0,25322002.0,False,75.49912544140417,4.0,15.631264686584473,422.0,193.5,487.0,unmeasurable,,voluntary,mandatory,2026-09-12 16:53:36+00:00
BA,Boeing,0000012927,Industrials,Aerospace & Defense,C,True,,Virginia,1957-03-04,252143.44199999998,2023.0,252143.44199999998,0.0,252154.31499999994,0.0,5.0,False,,,517000.0,2024.0,wba,,,517000.0,2024.0,self_reported,1.0,False,783000.0,wba,1.0,,2024.0,373161000.0,wba,1.0,2024.0,981000.0,2024.0,270.48892363262,,,0.6301669267291254,ghgrp,2.0,0.39406616241076586,0.15692973783254316,14.0,2010.0,2023.0,,-4.96772007513091,wba,3.0,,,,,,,,89463.0,sec_xbrl,1,2025,2025-12-31,4281.0,sec_xbrl,1.0,2025.0,2942.0,2025.0,1836.0,sec_secondhand,2024.0,-8871.0,sec_ebit_plus_secondhand_da,2.0,2024.0,45637.0,sec_xbrl,1,2025.0,19295.000576,166333.370709,sec_shares_x_price,1,False,211970.370709,True,195421.372416,16.967,sector_median,4,-67.387,5625.375232,1.213,93994.999808,0.23847212351355768,98.5853,141.962832,100.0,100.0,0.0,50.0,184.5516816,1.0384107097674917,191.64044267904015,95.82022133952007,2.238267258573232,1625.781695467637,0.8319364844121457,5.0,False,True,Article 12(1)(a),nbim_exclusion,2,True,43311064.0,25.0,4916147589.0,False,4.4433492833542125,4.0,24.6492977142334,377.0,60.974998474121094,450.0,measured,,voluntary,mandatory,2026-09-12 16:53:36+00:00
BAC,Bank of America,0000070858,Financials,Diversified Banks,K,True,,North Carolina,1976-06-30,,,,,,,,False,,,68050.0,2023.0,wba,,,68050.0,2023.0,self_reported,1.0,False,610013.0,wba,1.0,,2023.0,40412192.0,wba,1.0,2023.0,678063.0,2023.0,270.48892363262,,,,,,,,,,,,-6.6967,nzt_interim,2.0,2030.0,2010.0,,,,,,113097.0,sec_xbrl,1,2025,2025-12-31,37695.0,sec_xbrl,1.0,2025.0,,,2189.0,sec_secondhand,2024.0,31443.0,sec_ebit_plus_secondhand_da,2.0,2024.0,365904.0,sec_xbrl,1,2025.0,868142.022656,438375.39500185,sec_shares_x_price,1,False,804279.39500185,True,384214.401024,11.851,sector_median,4,,,1.164,113931.001856,0.6284987245588796,98.5853,141.962832,100.0,100.0,0.0,50.0,96.259743754416,1.0,96.259743754416,48.129871877208,0.12768237664732193,570.387111616792,0.14845542231020192,5.0,False,False,,,5,False,355412.0,7.0,87752400772.0,False,19.587143145782406,4.0,27.454912185668945,363.0,149.0,458.0,unmeasurable,,voluntary,mandatory,2026-09-12 16:53:36+00:00
BALL,Ball Corporation,0000009389,Materials,"Metal, Glass & Plastic Containers",C,True,,Colorado,1984-10-31,,,,,,,,False,,,387349.0,2024.0,wba,,,387349.0,2024.0,self_reported,1.0,False,674976.0,wba,1.0,,2024.0,7544675.0,wba,1.0,2024.0,577549.0,2024.0,472.88773582743,,,,,,,,,,,,-5.9575,sbti_s12_absolute,2.0,2030.0,2017.0,,Targets set,1.5°C,,,13161.0,sec_xbrl,1,2025,2025-12-31,1128.0,sec_xbrl,1.0,2025.0,474.0,2025.0,611.0,sec_secondhand,2024.0,1146.0,sec_ebit_plus_secondhand_da,2.0,2024.0,2.0,sec_xbrl,1,2025.0,500.0,15855.7310843,sec_shares_x_price,1,False,15857.7310843,True,22957.73184,11.059,yahoo,2,11.059,379.875008,0.951,14325.999616,0.02273235878895319,98.5853,141.962832,100.0,100.0,0.0,35.0,150.8106655044,1.0,150.8106655044,98.02693257786,8.690330902292553,1084.0798473785537,4.7220686038754325,5.0,False,False,,,5,True,147539.0,9.0,2961169.0,False,95.32865541888617,4.0,39.27855682373047,304.0,1.5,481.5,unmeasurable,,voluntary,mandatory,2026-09-12 16:53:36+00:00
BAX,Baxter International,0000010456,Health Care,Health Care Equipment,C,True,,Illinois,1972-09-30,43203.836,2023.0,43203.836,0.0,43205.722,0.0,2.0,False,,,324000.0,2024.0,wba,,,324000.0,2024.0,self_reported,1.0,False,331000.0,wba,1.0,,2024.0,3831000.0,wba,1.0,2024.0,501000.0,2024.0,415.51510490798,,,-4.2552122828040435,ghgrp,2.0,1.2858859685091049,0.6411467966961657,6.0,2010.0,2015.0,,-2.8358,nzt_interim,2.0,2030.0,2020.0,-1.4194122828040436,,,,,11244.0,sec_xbrl,1,2025,2025-12-31,-308.0,sec_xbrl,1.0,2025.0,513.0,2025.0,997.0,sec_secondhand,2024.0,1011.0,sec_ebit_plus_secondhand_da,2.0,2024.0,9476.0,sec_xbrl,1,2025.0,2150.000128,12304.504776200001,sec_shares_x_price,1,False,21780.504776200003,True,19794.505728,10.507,yahoo,2,10.507,1000.374976,0.595,11470.000128,0.017640966273067646,98.5853,141.962832,100.0,100.0,0.0,70.0,92.98565495999999,0.7703548896245338,71.63195396337578,21.489586189012737,,225.79108208795682,1.1406755247672977,5.0,False,False,,,5,True,254855.0,8.0,682708079.0,False,40.68922308431037,4.0,30.661319732666016,347.0,16.0,495.0,measured,,voluntary,mandatory,2026-09-12 16:53:36+00:00
BBY,Best Buy,0000764478,Consumer Discretionary,Computer & Electronics Retail,G,True,,Minnesota,1999-06-29,,,,,,,,False,,,185561.0,2024.0,wba,,,185561.0,2024.0,self_reported,1.0,False,245443.0,wba,1.0,,2024.0,15732438.0,wba,1.0,2024.0,268006.0,2024.0,420.27691760824,,,,,,,,,,,,-5.1922,sbti_s12_absolute,2.0,2030.0,2017.0,,Targets set,1.5°C,,,41691.0,sec_xbrl,1,2025,2026-01-31,1389.0,sec_xbrl,1.0,2025.0,704.0,2025.0,866.0,sec_secondhand,2024.0,2128.0,sec_ebit_plus_secondhand_da,2.0,2024.0,1165.0,sec_xbrl,1,2025.0,2409.999872,19043.274978399997,sec_shares_x_price,1,False,20208.274978399997,True,20774.275072,7.935,yahoo,2,7.935,1403.374976,1.305,42201.001984,0.02730233989363822,98.5853,141.962832,100.0,100.0,0.0,40.0,61.18654844332799,1.0,61.18654844332799,36.71192906599679,2.6430474489558526,291.30915713868455,1.4022590734408686,5.0,False,False,,,5,True,199821.0,2.0,22384418.0,False,55.31925502292304,5.0,50.500999450683594,248.0,141.0,306.0,unmeasurable,,voluntary,mandatory,2026-09-12 16:53:36+00:00
BDX,Becton Dickinson,0000010795,Health Care,Health Care Equipment,C,True,,New Jersey,1972-09-30,,,,,,,,False,,,,,,,,,,,,False,,,,,,,,,,,,271.7789403329,,,,,,,,,,,,-7.1585,sbti_s12_absolute,2.0,2050.0,2019.0,,Targets set,1.5°C,Targets set,2050.0,21840.0,sec_xbrl,1,2025,2025-09-30,2579.0,sec_xbrl,1.0,2025.0,760.0,2025.0,2286.0,sec_secondhand,2024.0,4683.0,sec_ebit_plus_secondhand_da,2.0,2024.0,17622.0,sec_xbrl,1,2025.0,709.0,48443.99238,sec_shares_x_price,1,False,66065.99238000001,True,64542.990336,10.545,yahoo,2,10.545,4478.374912,0.276,22484.000768,0.06945414311686356,98.5853,141.962832,100.0,100.0,0.0,70.0,,1.0,,,,,,,False,False,,,5,True,982415.0,19.0,599769128.0,False,46.85390220961912,4.0,31.262523651123047,344.0,79.0,464.0,unmeasurable,,,mandatory,2026-09-12 16:53:36+00:00
BEN,Franklin Resources,0000038777,Financials,Asset Management & Custody Banks,K,True,,California,1998-04-30,,,,,,,,False,,,10775.0,2023.0,wba,,,10775.0,2023.0,self_reported,2.0,False,17778.0,wba,2.0,,2023.0,121609.0,wba,2.0,2023.0,28553.0,2023.0,195.03700802971002,,,,,,,,,,,,-6.106908933829369,wba,3.0,,,,,,,,8770.7,sec_xbrl,1,2025,2025-09-30,604.1,sec_xbrl,1.0,2025.0,154.5,2025.0,116.5,sec_secondhand,2024.0,524.1,sec_ebit_plus_secondhand_da,2.0,2024.0,2362.0,sec_xbrl,1,2025.0,2670.299904,17096.7880215,sec_shares_x_price,1,False,19458.7880215,True,20661.088256,11.484,yahoo,2,11.484,-2990.862592,1.57,9324.099584,0.024511661895442228,98.5853,141.962832,100.0,100.0,0.0,50.0,4.053464742096,1.0,4.053464742096,2.026732371048,0.3354961713371958,23.27499454911523,0.11265134856754774,5.0,False,False,,,5,False,0.0,0.0,441288720.0,True,55.546496235617155,4.0,55.31061935424805,224.0,96.5,418.0,unmeasurable,,voluntary,mandatory,2026-09-12 16:53:36+00:00
BF.B,Brown–Forman,0000014693,Consumer Staples,Distillers & Vintners,C,True,,Kentucky,1982-10-31,90072.76,2023.0,90072.76,0.0,90076.67,0.0,2.0,False,,,167650.0,2023.0,wba,,,167650.0,2023.0,self_reported,1.0,False,62202.0,wba,1.0,,2023.0,1002264.0,wba,1.0,2023.0,229852.0,2023.0,409.73270937522005,,,-3.5868169723302645,ghgrp,2.0,1.237171868632219,0.49819397580691516,8.0,2010.0,2017.0,,-7.4867,nzt_interim,2.0,2030.0,2023.0,3.8998830276697354,,,,,3928.0,sec_xbrl,1,2025,2026-04-30,1001.0,sec_xbrl,1.0,2025.0,107.0,2025.0,,,,1186.0,yahoo_ttm,3.0,,2502.0,sec_xbrl,1,2025.0,301.0,12237.73926,sec_shares_x_price,1,False,14739.73926,True,14171.420672,11.949,yahoo,2,11.949,685.625024,0.331,3915.000064,0.017545244564562454,98.5853,141.962832,100.0,100.0,0.0,70.0,32.630440860864,0.774381461676625,25.268408488988534,7.580522546696561,0.7572949597099462,90.57966391047721,0.6391713717838127,5.0,False,False,,,5,True,49700.0,2.0,321433.0,False,47.64267990074442,1.0,48.296592712402344,259.0,42.0,417.0,measured,,voluntary,mandatory,2026-09-12 16:53:36+00:00
BG,Bunge Global,0001996862,Consumer Staples,Agricultural Products & Services,C,True,,Missouri,2023-03-15,470267.42799999996,2023.0,470267.42799999996,0.0,470287.806,0.0,9.0,False,,,1665988.0,2024.0,wba,,,1665988.0,2024.0,self_reported,3.0,False,867115.0,wba,3.0,,2024.0,132832258.0,wba,3.0,2024.0,2533103.0,2024.0,566.3472685193401,,,-2.4759338962005772,ghgrp,2.0,0.39237801522568083,0.7383310671626392,14.0,2010.0,2023.0,,-2.8358,sbti_s12_absolute,2.0,2030.0,2020.0,0.35986610379942263,Targets set,Well-below 2°C,,,70329.0,sec_xbrl,1,2025,2025-12-31,1134.0,sec_xbrl,1.0,2025.0,1723.0,2025.0,468.0,sec_secondhand,2024.0,1992.0,sec_ebit_plus_secondhand_da,2.0,2024.0,14051.0,sec_xbrl,1,2025.0,788.0,23749.757457149997,sec_shares_x_price,1,False,37800.75745715,True,41247.301632,13.195,yahoo,2,13.195,-6475.375104,0.66,91818.999808,0.03405002297252226,98.5853,141.962832,100.0,100.0,0.0,70.0,359.606475627696,0.8603413588019759,309.3843238755216,92.81529716265649,8.184770472897398,1224.6978460612524,2.9691587027625626,5.0,False,False,,,5,True,15267709.0,23.0,16402089.0,False,7.014276986078792,3.0,33.066131591796875,335.0,32.0,438.0,measured,,voluntary,mandatory,2026-09-12 16:53:36+00:00
BIIB,Biogen,0000875045,Health Care,Biotechnology,C,True,,Massachusetts,2003-11-13,28268.192,2023.0,28268.192,0.0,28269.434,0.0,1.0,False,,,56611.0,2024.0,wba,,,56611.0,2024.0,self_reported,1.0,False,32858.0,wba,1.0,,2024.0,267059.0,wba,1.0,2024.0,57118.0,2024.0,246.38139635186002,,,-5.065159104776839,ghgrp,2.0,1.994845894833379,0.3565843101633822,11.0,2013.0,2023.0,,-5.9575,nzt_interim,2.0,2032.0,2019.0,0.8923408952231604,Commitment removed,,Commitment removed,,9890.6,sec_xbrl,1,2025,2025-12-31,1556.5,sec_xbrl,1.0,2025.0,153.8,2025.0,673.2,sec_secondhand,2024.0,2579.2,sec_ebit_plus_secondhand_da,2.0,2024.0,6286.8,sec_xbrl,1,2025.0,1284.999936,32059.399956549998,sec_shares_x_price,1,False,38346.19995655,True,39154.880512,11.656,yahoo,2,11.656,1266.98752,0.171,10027.899904,0.04596355592158552,98.5853,141.962832,100.0,100.0,0.0,70.0,12.701272616208,0.7320719407274844,9.298245293856244,2.7894735881568735,0.1792144932962977,32.51410414355652,0.08303972255410601,5.0,False,False,,,5,True,0.0,0.0,931824034.0,True,43.84593237501947,5.0,85.9719467163086,71.0,7.0,358.0,measured,,voluntary,mandatory,2026-09-12 16:53:36+00:00
BKNG,Booking Holdings,0001075531,Consumer Discretionary,"Hotels, Resorts & Cruise Lines",N,True,,Connecticut,2009-11-06,,,,,,,,False,,,2268.0,2024.0,wba,,,2268.0,2024.0,self_reported,2.0,False,459.0,wba,2.0,,2024.0,544606.0,wba,2.0,2024.0,2727.0,2024.0,246.38139635186002,,,,,,,,,,,,-23.8404,sbti_s12_absolute,2.0,2030.0,2019.0,,Targets set,1.5°C,Targets set,2040.0,26917.0,sec_xbrl,1,2025,2025-12-31,8825.0,sec_xbrl,1.0,2025.0,322.0,2025.0,591.0,sec_secondhand,2024.0,8146.0,sec_ebit_plus_secondhand_da,2.0,2024.0,18736.0,sec_xbrl,1,2025.0,17213.999104,130680.09655999999,sec_shares_x_price,1,False,149416.09655999998,True,134390.095872,12.906,yahoo,2,12.906,7725.8752,1.068,28241.000448,0.18735603081200444,98.5853,141.962832,100.0,100.0,0.0,40.0,0.387132642864,1.0,0.387132642864,0.2322795857184,0.00263206329425949,2.9978003332816705,0.0022306705816602206,5.0,False,False,,,5,False,0.0,0.0,22947698.0,True,59.703298369730376,5.0,80.76152038574219,97.0,30.5,287.0,reported,,voluntary,mandatory,2026-09-12 16:53:36+00:00
BKR,Baker Hughes,0001701605,Energy,Oil & Gas Equipment & Services,B,True,,Texas,2017-07-07,,,,,,,,False,,,,,,,,,,,,False,,,,,,,,,,,,334.12929392073005,,,,,,,,,,,,-6.1069,nzt_interim,2.0,2030.0,2019.0,,,,,,27733.0,sec_xbrl,1,2025,2025-12-31,2877.0,sec_xbrl,1.0,2025.0,1273.0,2025.0,1136.0,sec_secondhand,2024.0,4217.0,sec_ebit_plus_secondhand_da,2.0,2024.0,6087.0,sec_xbrl,1,2025.0,17024.0,58627.330633260004,sec_shares_x_price,1,False,64714.330633260004,True,58032.328704,11.993,yahoo,2,11.993,4415.000064,0.961,27725.000704,0.08405399332948452,98.5853,141.962832,100.0,100.0,0.0,60.0,,1.0,,,,,,,False,False,,,5,True,676220.0,23.0,45360902.0,False,46.08540925266904,1.0,41.28256607055664,294.0,3.0,464.0,unmeasurable,,,mandatory,2026-09-12 16:53:36+00:00
BLDR,Builders FirstSource,0001316835,Industrials,Building Products,C,True,,Texas,2023-12-18,,,,,,,,False,,,,,,,,,,,,False,,,,,,,,,,299087.36,2024.0,334.12929392073005,,,,,,,,,,,,,,,,,,,,,,15190.638,sec_xbrl,1,2025,2025-12-31,786.276,sec_xbrl,1.0,2025.0,362.602,2025.0,561.929,sec_secondhand,2024.0,2157.178,sec_ebit_plus_secondhand_da,2.0,2024.0,4485.046,sec_xbrl,1,2025.0,65.651,6495.59810909,sec_shares_x_price,1,False,10980.64410909,True,11668.161536,11.411,yahoo,2,11.411,464.57712,1.412,14448.703488,0.009312737834642627,98.5853,141.962832,100.0,100.0,0.0,50.0,,1.0,,,,,,,False,False,,,5,True,48060.0,2.0,779113.0,False,18.14946619217082,1.0,63.326656341552734,184.0,54.0,398.0,unmeasurable,,,mandatory,2026-09-12 16:53:36+00:00
BLK,BlackRock,0002012383,Financials,Asset Management & Custody Banks,K,True,,New York,2011-04-04,,,,,,,,False,,,7188.0,2024.0,wba,,,7188.0,2024.0,self_reported,2.0,False,22600.0,wba,2.0,,2024.0,322761.0,wba,2.0,2024.0,29788.0,2024.0,392.69487277328005,,,,,,,,,,,,-9.5875,nzt_interim,2.0,2030.0,2019.0,,,,,,24216.0,sec_xbrl,1,2025,2025-12-31,7045.0,sec_xbrl,1.0,2025.0,375.0,2025.0,529.0,sec_secondhand,2024.0,8103.0,sec_ebit_plus_secondhand_da,2.0,2024.0,12768.0,sec_xbrl,1,2025.0,13843.00032,167342.30267755,sec_shares_x_price,1,False,180110.30267755,True,175256.600576,15.766,yahoo,2,15.766,7578.1248,1.429,27299.00032,0.2399186290944598,98.5853,141.962832,100.0,100.0,0.0,50.0,4.228788839616,1.0,4.228788839616,2.114394419808,0.030012695809907734,33.335542422692924,0.01902099111424735,5.0,False,False,,,5,False,0.0,0.0,30001093.0,True,61.63279159327084,3.0,55.31061935424805,224.0,96.5,418.0,unmeasurable,,voluntary,mandatory,2026-09-12 16:53:36+00:00
BMY,Bristol Myers Squibb,0000014272,Health Care,Pharmaceuticals,C,True,,New York,1957-03-04,95102.73999999999,2023.0,95102.73999999999,0.0,95106.87999999999,0.0,3.0,False,,,206726.0,2024.0,wba,,,206726.0,2024.0,self_reported,1.0,False,149836.0,wba,1.0,155100.0,2024.0,1700746.0,wba,1.0,2024.0,311375.0,2024.0,392.69487277328005,,,-1.4260219122612439,ghgrp,2.0,1.2013739442386127,0.08907271459413557,14.0,2010.0,2023.0,,-7.8945,sbti_s12_absolute,2.0,2050.0,2022.0,6.468478087738756,Targets set,1.5°C,Targets set,2050.0,48194.0,sec_xbrl,1,2025,2025-12-31,9328.0,sec_xbrl,1.0,2025.0,1311.0,2025.0,9600.0,sec_secondhand,2024.0,1221.0,sec_ebit_plus_secondhand_da,2.0,2024.0,47088.0,sec_xbrl,1,2025.0,11066.999808,129998.36070784,sec_shares_x_price,1,False,177086.36070784,True,163984.359424,8.663,yahoo,2,8.663,8114.375168,0.227,49186.000896,0.18637862624401583,98.5853,141.962832,100.0,100.0,0.0,70.0,50.61855130358399,0.9174316123586861,46.439059137707936,13.931717741312383,0.14935374937084459,120.69047079298917,0.07359876955150972,5.0,False,False,,,5,True,5182840.0,17.0,2968426217.0,False,53.85805589488975,5.0,26.25250244140625,369.0,64.98741149902344,473.0,measured,,voluntary,mandatory,2026-09-12 16:53:36+00:00
BNY,BNY Mellon,0001390777,Financials,Asset Management & Custody Banks,K,True,,New York,1995-03-31,,,,,,,,False,,,8291.0,2024.0,wba,,,8291.0,2024.0,self_reported,2.0,False,91036.0,wba,2.0,,2024.0,22522.0,wba,2.0,2024.0,99327.0,2024.0,392.69487277328005,,,,,,,,,,,,,,,,,,,,,,20080.0,sec_xbrl,1,2025,2025-12-31,4431.0,sec_xbrl,1.0,2025.0,1553.0,2025.0,1803.0,sec_secondhand,2024.0,5265.0,sec_ebit_plus_secondhand_da,2.0,2024.0,31873.0,sec_xbrl,1,2025.0,221603.004416,110365.48373772,sec_shares_x_price,1,False,142238.48373772,True,-15682.515968,11.851,sector_median,4,,,1.048,21415.000064,0.15823097408144465,98.5853,141.962832,100.0,100.0,0.0,50.0,14.100742214063999,1.0,14.100742214063999,7.050371107031999,0.1591146717903859,83.55394798943622,,5.0,False,False,,,5,False,18000.0,1.0,1650805839.0,False,49.32476503256115,4.0,34.01803207397461,330.25,148.0,444.0,unmeasurable,,voluntary,mandatory,2026-09-12 16:53:36+00:00
BR,Broadridge Financial Solutions,0001383312,Industrials,Data Processing & Outsourced Services,J,True,,New York,2018-06-18,,,,,,,,False,,,,,,,,,,,,False,,,,,,,,,,,,539.4723741892101,,,,,,,,,,,,-8.1746,sbti_s12_absolute,2.0,2050.0,2023.0,,Targets set,1.5°C,Targets set,2050.0,6889.1,sec_xbrl,1,2025,2025-06-30,1188.6,sec_xbrl,1.0,2025.0,43.8,2025.0,119.8,sec_secondhand,2024.0,1136.9,sec_ebit_plus_secondhand_da,2.0,2024.0,3252.3,sec_xbrl,1,2025.0,403.8,19126.01639652,sec_shares_x_price,1,False,22378.31639652,True,22242.715648,12.296,yahoo,2,12.296,1194.499968,0.91,7476.8,0.02742096624983779,98.5853,141.962832,100.0,100.0,0.0,50.0,,1.0,,,,,,,False,False,,,5,False,6500.0,1.0,30357.0,False,76.0144859325301,4.0,68.83767700195312,156.5,30.0,396.5,unmeasurable,,,mandatory,2026-09-12 16:53:36+00:00
BRK.B,Berkshire Hathaway,0001067983,Financials,Multi-Sector Holdings,K,True,,Nebraska,2010-02-16,53696357.5825706,2023.0,53698685.3166506,2327.7340799999997,53769424.01084729,0.0,148.0,False,21689316.979615822,2026.0,,,,23220195.457915846,2026.0,53696357.5825706,2023.0,ghgrp_fossil,1.0,False,,,,,,,,,,,,420.27691760824,791.8590276297583,68412187.48,-2.563826847995787,ghgrp,2.0,0.3767888955910486,0.764376669310899,14.0,2010.0,2023.0,-4.4589446479849855,,,,,,,,,,,371444.0,sec_xbrl,1,2025,2025-12-31,52971.0,sec_xbrl,1.0,2025.0,20927.0,2025.0,12855.0,sec_secondhand,2024.0,68591.0,sec_ebit_plus_secondhand_da,2.0,2024.0,128598.99904,yahoo,3,,365513.998336,948413.8778013999,sec_shares_x_price,1,True,1077012.8768413998,True,-233919.627264,4.8836,yahoo_winsorised,3,-1.79,71975.247872,0.603,384687.013888,1.3597408051371256,98.5853,141.962832,100.0,100.0,0.0,50.0,7622.886990506396,0.8337609096292781,6355.665191205802,3177.832595602901,5.999193135117142,15519.263263886329,,5.0,False,False,,,5,False,1005990258.0,330.0,2808557043.0,False,64.21842462935022,2.0,11.422842979431152,443.0,71.0,498.0,measured,,mandatory,vendor,2026-09-12 16:53:36+00:00
BRO,Brown & Brown,0000079282,Financials,Insurance Brokers,K,True,,Florida,2021-09-20,,,,,,,,False,,,,,,,,,,,,False,,,,,,,,,,,,355.97248809045,,,,,,,,,,,,,,,,,,,,,,5902.0,sec_xbrl,1,2025,2025-12-31,1371.0,sec_xbrl,1.0,2025.0,68.0,2025.0,,,,2892.0,yahoo_ttm,3.0,,7613.0,sec_xbrl,1,2025.0,918.0,22147.85952983,sec_shares_x_price,1,False,29760.85952983,True,29320.859648,10.139,yahoo,2,10.139,1642.749952,0.582,6663.000064,0.03175338220373577,98.5853,141.962832,100.0,100.0,0.0,50.0,,1.0,,,,,,,False,False,,,5,False,0.0,0.0,5985550.0,True,47.91949655273987,5.0,55.31061935424805,224.0,96.5,418.0,unmeasurable,,,mandatory,2026-09-12 16:53:36+00:00
BSX,Boston Scientific,0000885725,Health Care,Health Care Equipment,C,True,,Massachusetts,1995-02-24,,,,,,,,False,,,,,,,,,,,,False,,,,,,,,,,,,246.38139635186002,,,,,,,,,,,,-7.1585,sbti_s12_absolute,2.0,2050.0,2019.0,,Targets set,1.5°C,Targets set,2050.0,20074.0,sec_xbrl,1,2025,2025-12-31,3613.0,sec_xbrl,1.0,2025.0,876.0,2025.0,1269.0,sec_secondhand,2024.0,3872.0,sec_ebit_plus_secondhand_da,2.0,2024.0,11137.0,sec_xbrl,1,2025.0,539.0,62287.88502748,sec_shares_x_price,1,False,73424.88502747999,True,74614.882304,13.065,yahoo,2,13.065,2451.375104,0.568,20995.999744,0.08930212950267453,98.5853,141.962832,100.0,100.0,0.0,70.0,,1.0,,,,,,,False,False,,,5,True,80186.0,2.0,1647185388.0,False,44.430355944281324,5.0,46.09218215942383,270.0,63.0,348.0,unmeasurable,,,mandatory,2026-09-12 16:53:36+00:00
BX,Blackstone Inc.,0001393818,Financials,Asset Management & Custody Banks,K,True,,New York,2023-09-18,,,,,,,,False,,,466.0,2024.0,wba,,,466.0,2024.0,self_reported,1.0,False,12818.0,wba,1.0,,2024.0,19722.0,wba,1.0,2024.0,13140.0,2024.0,392.69487277328005,,,,,,,,,,,,,,,,,,,,,,14450.265,sec_xbrl,1,2025,2025-12-31,6747.658,sec_xbrl,1.0,2025.0,115.703,2025.0,,,,,,,,12576.587,sec_xbrl,1,2025.0,2655.296,153607.716864,yahoo_override_upc,3,False,166184.303864,True,128859.045888,11.851,sector_median,4,,,1.558,15483.307008,0.22022735589669232,98.5853,141.962832,100.0,100.0,0.0,50.0,1.8858342602879998,1.0,1.8858342602879998,0.9429171301439999,0.01397399112616555,11.174510909336544,0.008671887047067737,5.0,False,False,,,5,False,2177584.0,19.0,372062868.0,False,48.704203818180325,4.0,13.326650619506836,433.5,149.02499389648438,493.0,unmeasurable,,voluntary,vendor,2026-09-12 16:53:36+00:00
BXP,"BXP, Inc.",0001037540,Real Estate,Office REITs,L,True,,Massachusetts,2006-04-03,,,,,,,,False,,,12637.0,2024.0,wba,,,12637.0,2024.0,self_reported,1.0,False,80545.0,wba,1.0,,2024.0,95522.0,wba,1.0,2024.0,0.0,2024.0,246.38139635186002,,,,,,,,,,,,-7.9081,nzt_interim,2.0,2024.0,2018.0,,Targets set,1.5°C,Commitment removed,,3482.279,sec_xbrl,1,2025,2025-12-31,1011.673,sec_xbrl,1.0,2025.0,216.687,2025.0,887.191,sec_secondhand,2024.0,1907.525,sec_ebit_plus_secondhand_da,2.0,2024.0,3300.0,sec_xbrl,1,2021.0,495.528,10330.102673200001,sec_shares_x_price,1,False,13630.102673200001,True,28767.639552,17.789,yahoo,2,17.789,880.636864,1.033,3190.220032,0.014810266334954941,98.5853,141.962832,100.0,100.0,0.0,60.0,13.228380611423999,1.0,13.228380611423999,5.2913522445696,0.5230298964754027,94.12786507864863,0.32720051608163525,5.0,False,False,,,5,True,12500.0,1.0,12500.0,False,89.37068433177696,5.0,37.975948333740234,310.5,100.0,400.0,unmeasurable,,voluntary,mandatory,2026-09-12 16:53:36+00:00
C,Citigroup,0000831001,Financials,Diversified Banks,K,True,,New York,1988-05-31,,,,,,,,False,,,53454.0,2024.0,wba,,,53454.0,2024.0,self_reported,1.0,False,437127.0,wba,1.0,,2024.0,70805.0,wba,1.0,2024.0,490581.0,2024.0,392.69487277328005,,,,,,,,,,,,-7.6329,netzero_inferred,2.0,2050.0,2021.0,,,,,,85225.0,sec_xbrl,1,2025,2025-12-31,19828.0,sec_xbrl,1.0,2025.0,6520.0,2025.0,4311.0,sec_secondhand,2024.0,21357.0,sec_ebit_plus_secondhand_da,2.0,2024.0,367705.0,sec_xbrl,1,2025.0,1095719.97696,242840.46482937998,sec_shares_x_price,1,False,610545.4648293799,True,40746.774528,11.851,sector_median,4,,,1.097,81711.996928,0.3481603305219872,98.5853,141.962832,100.0,100.0,0.0,50.0,69.644268085392,1.0,69.644268085392,34.822134042696,0.17562101090728263,412.67711053999034,1.0127847303751873,5.0,False,False,,,5,False,6000.0,1.0,27115311792.0,False,26.470444864899132,4.0,37.675350189208984,312.0,145.0,438.4750061035156,unmeasurable,,voluntary,mandatory,2026-09-12 16:53:36+00:00
CAH,Cardinal Health,0000721371,Health Care,Health Care Distributors,G,True,,Ohio,1997-05-27,,,,,,,,False,,,,,,,,,,,,False,,,,,,,,,,,,415.51510490798,,,,,,,,,,,,-6.1069,sbti_s12_absolute,2.0,2030.0,2019.0,,Targets set,1.5°C,,,222578.0,sec_xbrl,1,2025,2025-06-30,2275.0,sec_xbrl,1.0,2025.0,547.0,2025.0,710.0,sec_secondhand,2024.0,1953.0,sec_ebit_plus_secondhand_da,2.0,2024.0,8527.0,sec_xbrl,1,2025.0,4856.0,54555.28851696,sec_shares_x_price,1,False,63082.28851696,True,59856.289792,14.104,yahoo,2,14.104,4752.500224,0.519,254247.993344,0.07821590728354257,98.5853,141.962832,100.0,100.0,0.0,70.0,,1.0,,,,,,,False,False,,,5,True,86500.0,6.0,7561714432.0,False,77.72058242450478,4.0,59.11823654174805,205.0,56.0,333.4750061035156,unmeasurable,,,mandatory,2026-09-12 16:53:36+00:00
CARR,Carrier Global,0001783180,Industrials,Building Products,C,True,,Florida,2020-04-03,0.0,2023.0,0.0,0.0,,0.0,2.0,True,,,,,,,,,,,,False,,,,,,,,,,,,355.97248809045,,,,,,,,,,,,-5.873,sbti_s12_absolute,2.0,2030.0,2021.0,,Targets set,1.5°C,Targets set,2050.0,21747.0,sec_xbrl,1,2025,2025-12-31,2172.0,sec_xbrl,1.0,2025.0,392.0,2025.0,1232.0,sec_secondhand,2024.0,3878.0,sec_ebit_plus_secondhand_da,2.0,2024.0,11508.0,sec_xbrl,1,2025.0,1344.0,47725.15110558,sec_shares_x_price,1,False,59233.15110558,True,58740.719616,18.992,yahoo,2,18.992,861.750016,1.298,22108.000256,0.0684235405116892,98.5853,141.962832,100.0,100.0,0.0,50.0,,1.0,,,,,,,False,False,,,5,True,616823750.0,5.0,635000412.0,False,37.07960844551725,2.0,7.2144269943237305,464.0,161.0,498.5,unmeasurable,,,mandatory,2026-09-12 16:53:36+00:00
CASY,Casey's,0000726958,Consumer Staples,Food Retail,G,True,,Iowa,2026-04-09,,,,,,,,False,,,2021.0,2021.0,report_pdf,,,2021.0,2021.0,self_reported,3.0,False,,,,,,,,,,,,420.27691760824,,,,,,,,,,,,,,,,,,,,,,17561.101,sec_xbrl,1,2025,2026-04-30,937.023,sec_xbrl,1.0,2025.0,655.92,2025.0,,,,1564.246016,yahoo_ttm,3.0,,2431.594,sec_xbrl,1,2025.0,524.059008,22747.87398349,sec_shares_x_price,1,False,25179.46798349,True,25111.963648,16.054,yahoo,2,16.054,503.30688,0.592,18672.330752,0.0326136228174696,98.5853,141.962832,100.0,100.0,0.0,70.0,0.28690688347199994,1.0,0.28690688347199994,0.08607206504159999,0.009185693952186871,1.3818009321778462,0.005502560259909812,5.0,False,False,,,5,True,173505.0,11.0,12448764.0,False,17.259786476868328,1.0,45.691383361816406,272.0,120.0,444.5,reported,,voluntary,mandatory,2026-09-12 16:53:36+00:00
CAT,Caterpillar Inc.,0000018230,Industrials,Construction Machinery & Heavy Transportation Equipment,C,True,,Texas,1957-03-04,456901.738,2023.0,456901.738,0.0,487017.3829999999,0.0,8.0,False,,,,,,54740.82,2026.0,456901.738,2023.0,ghgrp_fossil,1.0,False,,,,,,,,,,,,334.12929392073005,,,0.692004927088985,ghgrp,2.0,1.2736876075090109,0.020650155918142232,14.0,2010.0,2023.0,,,,,,,,,,,,67589.0,sec_xbrl,1,2025,2025-12-31,11151.0,sec_xbrl,1.0,2025.0,2821.0,2025.0,2153.0,sec_secondhand,2024.0,15225.0,sec_ebit_plus_secondhand_da,2.0,2024.0,36210.0,sec_xbrl,1,2025.0,5944.999936,376276.07388873,sec_shares_x_price,1,False,412486.07388873,True,415476.088832,25.566,yahoo,2,25.566,5048.999936,1.594,74728.996864,0.539466939106132,98.5853,141.962832,100.0,100.0,0.0,50.0,64.86306467220201,1.049457652545248,68.07103958777972,34.03551979388986,0.3052239242569264,870.1520990505882,0.20943494040698907,5.0,False,True,Article 12(1)(c),nbim_exclusion,2,True,29601392.0,29.0,110279651.0,False,5.857162490582242,4.0,24.048095703125,380.0,71.5,456.0,measured,,mandatory,mandatory,2026-09-12 16:53:36+00:00
CB,Chubb Limited,0000896159,Financials,Property & Casualty Insurance,K,True,,Switzerland,2010-07-15,,,,,,,,False,,,28246.0,2024.0,wba,,,28246.0,2024.0,self_reported,1.0,False,59090.0,wba,1.0,,2024.0,45732.0,wba,1.0,2024.0,35889.0,2024.0,349.6670732320368,,,,,,,,,,,,-2.4489,nzt_interim,2.0,2025.0,2016.0,,,,,,59402.0,sec_xbrl,1,2025,2025-12-31,13044.0,sec_xbrl,1.0,2025.0,,,,,,14883.00032,yahoo_ttm,3.0,,17227.0,sec_xbrl,1,2025.0,7968.0,131193.6808545,sec_shares_x_price,1,False,148420.6808545,True,153015.795712,10.281,yahoo,2,10.281,10488.000512,0.382,61895.999488,0.1880923565221766,98.5853,141.962832,100.0,100.0,0.0,50.0,12.398465895552,1.0,12.398465895552,6.199232947776,0.0475255515775529,63.73431393608506,0.04165211417522093,5.0,False,False,,,5,False,0.0,0.0,207096592.0,True,35.80768419898661,3.0,55.31061935424805,224.0,96.5,418.0,unmeasurable,,voluntary,mandatory,2026-09-12 16:53:36+00:00
CBOE,Cboe Global Markets,0001374310,Financials,Financial Exchanges & Data,K,True,,Illinois,2017-03-01,,,,,,,,False,,,1829.0,2021.0,report_pdf,,,1829.0,2021.0,self_reported,3.0,False,9496.0,report_pdf,3.0,,2021.0,,,,,,,415.51510490798,,,,,,,,,,,,,,,,,,,,,,4714.2,sec_xbrl,1,2025,2025-12-31,1467.1,sec_xbrl,1.0,2025.0,71.0,2025.0,133.0,sec_secondhand,2024.0,1231.4,sec_ebit_plus_secondhand_da,2.0,2024.0,1442.9,sec_xbrl,1,2025.0,2354.500096,29349.293579760004,sec_shares_x_price,1,False,30792.193579760005,True,28575.092736,14.8,yahoo,2,14.8,678.249984,0.408,5061.300224,0.0420780768991504,98.5853,141.962832,100.0,100.0,0.0,50.0,1.6077290724,1.0,1.6077290724,0.8038645362,0.05479275688092155,11.89719513576,0.04163484348301504,5.0,False,False,,,5,False,0.0,0.0,8468410.0,True,51.53487407745413,3.0,55.31061935424805,224.0,96.5,418.0,reported,,voluntary,mandatory,2026-09-12 16:53:36+00:00
CBRE,CBRE Group,0001138118,Real Estate,Real Estate Services,L,True,,Texas,2006-11-10,,,,,,,,False,,,60995.0,2024.0,wba,,,60995.0,2024.0,self_reported,1.0,False,40075.0,wba,1.0,,2024.0,10602710.0,wba,1.0,2024.0,88426.0,2024.0,334.12929392073005,,,,,,,,,,,,-10.3849,sbti_s12_absolute,2.0,2040.0,2019.0,,Targets set,1.5°C,Targets set,2040.0,40550.0,sec_xbrl,1,2025,2025-12-31,1753.0,sec_xbrl,1.0,2025.0,366.0,2025.0,,,,2214.000128,yahoo_ttm,3.0,,7586.0,sec_xbrl,1,2025.0,1488.999936,40688.225121979995,sec_shares_x_price,1,False,48274.225121979995,True,50781.22496,22.936,yahoo,2,22.936,1637.62496,1.188,43711.000576,0.058334701001229936,98.5853,141.962832,100.0,100.0,0.0,60.0,14.348183430239999,1.0,14.348183430239999,5.739273372096,0.32739722601802623,131.63597406239387,0.2592217382823722,5.0,False,False,,,5,True,6300.0,1.0,5249360.0,False,80.0668383346762,5.0,57.11423110961914,215.0,97.0,354.0,unmeasurable,,voluntary,mandatory,2026-09-12 16:53:36+00:00
CCI,Crown Castle,0001051470,Real Estate,Telecom Tower REITs,L,True,,Texas,2012-03-14,,,,,,,,False,,,,,,,,,,,,False,,,,,,,,,,,,334.12929392073005,,,,,,,,,,,,,,,,,,,,,,4264.0,sec_xbrl,1,2025,2025-12-31,2075.0,sec_xbrl,1.0,2025.0,182.0,2025.0,736.0,sec_secondhand,2024.0,-2202.0,sec_ebit_plus_secondhand_da,2.0,2024.0,21554.0,sec_xbrl,1,2025.0,1042.0,32172.94029718,sec_shares_x_price,1,False,53726.94029718,True,54534.938624,20.273,yahoo,2,20.273,1036.249984,0.969,4160.999936,0.04612633868741944,98.5853,141.962832,100.0,100.0,0.0,60.0,,1.0,,,,,,,False,False,,,5,True,,,,False,81.3292255603844,5.0,74.44889831542969,128.5,73.5,330.5,unmeasurable,,,mandatory,2026-09-12 16:53:36+00:00
CCL,Carnival Corporation,0000815097,Consumer Discretionary,"Hotels, Resorts & Cruise Lines",H,True,,Florida,1998-12-22,,,,,,,,False,,,9680000.0,2024.0,wba,,,9680000.0,2024.0,self_reported,1.0,False,49000.0,wba,1.0,,2024.0,8671000.0,wba,1.0,2024.0,9714000.0,2024.0,355.97248809045,,,,,,,,,,,,-4.5377,nzt_interim,2.0,2030.0,2019.0,,,,,,26622.0,sec_xbrl,1,2025,2025-11-30,4483.0,sec_xbrl,1.0,2025.0,3611.0,2025.0,,,,7302.000128,yahoo_ttm,3.0,,27383.0,sec_xbrl,1,2025.0,2243.000064,31159.51745725,sec_shares_x_price,1,False,58542.51745725,True,55102.517248,7.546,yahoo,2,7.546,1899.374976,2.312,27310.999552,0.04467339454503171,98.5853,141.962832,100.0,100.0,0.0,40.0,1381.156392528,1.0,1381.156392528,828.6938355167999,18.485251740281058,6253.323682809772,11.34852633803539,5.0,False,False,,,5,True,72542000.0,14.0,89753244.0,False,43.31431278310154,4.0,11.422842979431152,443.0,195.5,498.0,unmeasurable,,voluntary,mandatory,2026-09-12 16:53:36+00:00
CDNS,Cadence Design Systems,0000813672,Information Technology,Application Software,J,True,,California,2017-09-18,,,,,,,,False,,,6281.0,2021.0,report_pdf,,,6281.0,2021.0,self_reported,3.0,False,16072.0,report_pdf,3.0,,2021.0,145618.0,report_pdf,3.0,2021.0,,,195.03700802971002,,,,,,,,,,,,-18.7263,sbti_s12_absolute,2.0,2030.0,2019.0,,Targets set,1.5°C,Targets set,2040.0,5296.759,sec_xbrl,1,2025,2025-12-31,1492.042,sec_xbrl,1.0,2025.0,141.871,2025.0,196.935,sec_secondhand,2024.0,1547.6979999999999,sec_ebit_plus_secondhand_da,2.0,2024.0,2651.358976,yahoo,3,,1531.835008,79812.87592,sec_shares_x_price,1,False,82464.23489600001,True,80810.000384,37.483,yahoo,2,37.483,1609.676544,1.137,5837.622784,0.114427705776882,98.5853,141.962832,100.0,100.0,0.0,60.0,3.1732951836959997,1.0,3.1732951836959997,1.2693180734784,0.08507254309720504,47.57784934819086,0.05887618997909453,5.0,False,False,,,5,False,0.0,0.0,147664856.0,True,85.11321743088101,5.0,66.13226318359375,170.0,83.0,338.0,reported,,voluntary,vendor,2026-09-12 16:53:36+00:00
CDW,CDW Corporation,0001402057,Information Technology,Technology Distributors,G,True,,Illinois,2019-09-23,,,,,,,,False,,,,,,,,,,,,False,,,,,,,,,,,,415.51510490798,,,,,,,,,,,,-6.5824,sbti_s12_absolute,2.0,2030.0,2022.0,,Targets set,1.5°C,,,22424.1,sec_xbrl,1,2025,2025-12-31,1655.6,sec_xbrl,1.0,2025.0,117.1,2025.0,275.3,sec_secondhand,2024.0,1926.6,sec_ebit_plus_secondhand_da,2.0,2024.0,5655.3,sec_xbrl,1,2025.0,361.8,19226.429944539996,sec_shares_x_price,1,False,24881.729944539995,True,25294.129152,12.579,yahoo,2,12.579,676.78752,0.941,23500.40064,0.027564929135479976,98.5853,141.962832,100.0,100.0,0.0,60.0,,1.0,,,,,,,False,False,,,5,True,0.0,0.0,5706302.0,True,75.50892275298936,4.0,66.13226318359375,170.0,83.0,338.0,unmeasurable,,,mandatory,2026-09-12 16:53:36+00:00
CEG,Constellation Energy,0001868275,Utilities,Electric Utilities,D,True,,Maryland,2022-02-02,8941320.546000004,2023.0,56644837.58674,0.0,8941694.8377818,47703517.04074,69.0,False,22421793.201716825,2026.0,8403750.0,2024.0,wba,23638731.8411,2026.0,8941320.546000004,2023.0,ghgrp_fossil_floor,1.0,True,235746.0,wba,1.0,,2024.0,84580903.0,wba,1.0,2024.0,8639496.0,2024.0,271.7789403329,424.08653795290724,26395575.0,-0.3071967335202097,ghgrp,2.0,0.789688690355284,0.010657272427301745,14.0,2010.0,2023.0,-1.0013390536908529,-9.9659,nzt_interim,2.0,2030.0,2020.0,9.65870326647979,,,,,25533.0,sec_xbrl,1,2025,2025-12-31,3086.0,sec_xbrl,1.0,2025.0,2949.0,2025.0,2700.0,sec_secondhand,2024.0,7052.0,sec_ebit_plus_secondhand_da,2.0,2024.0,8992.0,sec_xbrl,1,2025.0,697.0,100889.02617025,sec_shares_x_price,1,False,109881.02617025,True,125237.026816,15.749,yahoo,2,15.749,-6625.124864,1.117,31270.00064,0.1446445785802416,98.5853,141.962832,100.0,100.0,0.0,80.0,1302.8023563226188,0.9786933937606521,1275.0440595087582,255.00881190175159,8.263409329285533,4016.1337786406857,3.2068261924975636,5.0,True,True,Article 12(1)(g),power_intensity_12g,5,True,62242241.0,27.0,87754048.0,False,11.921708185053381,1.0,3.0060112476348877,485.0,255.0,498.0,measured,,mandatory,mandatory,2026-09-12 16:53:36+00:00
CF,CF Industries,0001324404,Materials,Fertilizers & Agricultural Chemicals,C,True,,Illinois,2008-08-27,20579424.174000002,2023.0,20579424.174000002,0.0,20144801.266000003,0.0,6.0,False,,,18800000.0,2024.0,wba,6124619.9920220245,2026.0,20579424.174000002,2023.0,ghgrp_fossil_floor,1.0,True,646000.0,wba,2.0,,2024.0,44300000.0,wba,2.0,2024.0,19446000.0,2024.0,415.51510490798,,,3.0380209555721738,ghgrp,2.0,0.3632071296346132,0.8384202415058754,14.0,2010.0,2023.0,,,,,,,,,,,,7084.0,sec_xbrl,1,2025,2025-12-31,2300.0,sec_xbrl,1.0,2025.0,950.0,2025.0,925.0,sec_secondhand,2024.0,2671.0,sec_ebit_plus_secondhand_da,2.0,2024.0,3215.0,sec_xbrl,1,2025.0,2480.0,20138.5649591,sec_shares_x_price,1,False,23353.5649591,True,24443.564032,7.095000000000001,yahoo_winsorised,3,6.311,1276.749952,0.399,7738.999808,0.028872656940946883,98.5853,141.962832,100.0,100.0,0.0,35.0,3013.221326142301,1.2330553175039871,3715.4685790161802,2415.0545763605173,105.00237288523988,17134.812219277872,70.09948384305184,5.0,False,False,,,5,True,196021445.0,21.0,196394418.0,False,26.02666986098084,4.0,2.204406261444092,489.0,416.95001220703125,499.0,measured,,mandatory,mandatory,2026-09-12 16:53:36+00:00
CFG,Citizens Financial Group,0000759944,Financials,Regional Banks,K,True,,Rhode Island,2016-01-29,,,,,,,,False,,,9552.0,2024.0,wba,,,9552.0,2024.0,self_reported,1.0,False,29509.0,wba,1.0,,2024.0,24218978.0,wba,1.0,2024.0,38395.0,2024.0,246.38139635186002,,,,,,,,,,,,-4.775,nzt_interim,2.0,2030.0,2023.0,,,,,,8247.0,sec_xbrl,1,2025,2025-12-31,2328.0,sec_xbrl,1.0,2025.0,126.0,2019.0,498.0,sec_secondhand,2024.0,2386.0,sec_ebit_plus_secondhand_da,2.0,2024.0,11282.0,sec_xbrl,1,2025.0,13866.999808,29684.54001824,sec_shares_x_price,1,False,40966.540018240004,True,34277.53984,11.851,sector_median,4,,,0.997,8160.999936,0.04255871965738891,98.5853,141.962832,100.0,100.0,0.0,50.0,5.545210180752,1.0,5.545210180752,2.772605090376,0.11909815680309278,32.85814292604598,0.09585910505660719,5.0,False,False,,,5,False,7510.0,1.0,285840986.0,False,29.60676712460427,4.0,33.66733169555664,332.0,148.0,448.0,unmeasurable,,voluntary,mandatory,2026-09-12 16:53:36+00:00
CHD,Church & Dwight,0000313927,Consumer Staples,Household Products,C,True,,New Jersey,2015-12-29,,,,,,,,False,,,,,,,,,,,,False,,,,,,,,,,,,271.7789403329,,,,,,,,,,,,-5.4796,sbti_s12_absolute,2.0,2031.0,2020.0,,Targets set,1.5°C,,,6203.2,sec_xbrl,1,2025,2025-12-31,1077.6,sec_xbrl,1.0,2025.0,122.4,2025.0,239.1,sec_secondhand,2024.0,1046.2,sec_ebit_plus_secondhand_da,2.0,2024.0,2205.1,sec_xbrl,1,2025.0,254.8,22332.74784405,sec_shares_x_price,1,False,24537.84784405,True,24506.247168,18.088,yahoo,2,18.088,939.262528,0.472,6229.100032,0.03201845654640644,98.5853,141.962832,100.0,100.0,0.0,70.0,,1.0,,,,,,,False,False,,,5,True,87250.0,4.0,581637.0,False,61.228649144197426,5.0,42.885772705078125,286.0,195.0,446.0,unmeasurable,,,mandatory,2026-09-12 16:53:36+00:00
CHRW,C.H. Robinson,0001043277,Industrials,Air Freight & Logistics,H,True,,Minnesota,2007-03-02,,,,,,,,False,,,12013.0,2024.0,wba,,,12013.0,2024.0,self_reported,2.0,False,32339.0,wba,2.0,,2024.0,17844541.0,wba,2.0,2024.0,44356.0,2024.0,420.27691760824,,,,,,,,,,,,,,,,,,,,,,16232.763,sec_xbrl,1,2025,2025-12-31,794.961,sec_xbrl,1.0,2025.0,19.628,2025.0,,,,932.641024,yahoo_ttm,3.0,,1089.438,sec_xbrl,1,2025.0,154.59,17852.535197240002,sec_shares_x_price,1,False,18941.973197240004,True,19670.515712,21.091,yahoo,2,21.091,480.618368,0.943,16996.511744,0.02559517648466675,98.5853,141.962832,100.0,100.0,0.0,50.0,6.296335524863999,1.0,6.296335524863999,3.1481677624319997,0.39601537212919874,66.3980062774533,0.3375509175743023,5.0,False,False,,,5,True,25400.0,2.0,23408347.0,False,65.1160696677225,5.0,66.93386840820312,166.0,35.0,397.0,reported,,voluntary,mandatory,2026-09-12 16:53:36+00:00
CHTR,Charter Communications,0001091667,Communication Services,Cable & Satellite,J,True,,Connecticut,2016-09-08,,,,,,,,False,,,,,,,,,,,,False,,,,,,,,,,,,246.38139635186002,,,,,,,,,,,,-15.1657,netzero_inferred,2.0,2035.0,2021.0,,,,,,54774.0,sec_xbrl,1,2025,2025-12-31,12908.0,sec_xbrl,1.0,2025.0,11659.0,2025.0,8673.0,sec_secondhand,2024.0,21791.0,sec_ebit_plus_secondhand_da,2.0,2024.0,95674.0,sec_xbrl,1,2025.0,509.0,20078.89565052,sec_shares_x_price,1,True,115752.89565052,True,118537.076736,5.70385,yahoo_winsorised,3,5.434,2198.374912,0.687,54395.998208,0.02878710906402354,98.5853,141.962832,100.0,100.0,0.0,60.0,,1.0,,,,,,,False,False,,,5,False,3405213.0,4.0,306728093.0,False,32.340221594517885,4.0,30.961925506591797,345.5,24.0,458.0,unmeasurable,,,mandatory,2026-09-12 16:53:36+00:00
CI,Cigna,0001739940,Health Care,Health Care Services,Q,True,,Connecticut,1976-06-30,,,,,,,,False,,,,,,,,,,,,False,,,,,,,,,,,,246.38139635186002,,,,,,,,,,,,-10.3849,netzero_inferred,2.0,2040.0,2019.0,,Committed,,,,274900.0,sec_xbrl,1,2025,2025-12-31,9200.0,sec_xbrl,1.0,2025.0,1050.0,2019.0,2775.0,sec_secondhand,2024.0,12192.0,sec_ebit_plus_secondhand_da,2.0,2024.0,30871.0,sec_xbrl,1,2025.0,7256.999936,74188.15884936,sec_shares_x_price,1,False,105059.15884936,True,99099.15648,7.768,yahoo,2,7.768,7980.125184,0.317,282382.00832,0.10636354992961579,98.5853,141.962832,100.0,100.0,0.0,70.0,,1.0,,,,,,,False,False,,,5,False,38375.0,2.0,886011339.0,False,87.68186742833743,4.0,60.52104187011719,198.0,53.0,330.0,unmeasurable,,,mandatory,2026-09-12 16:53:36+00:00
CIEN,Ciena,0000936395,Information Technology,Communications Equipment,C,True,,Maryland,2026-02-09,,,,,,,,False,,,,,,,,,,,,False,,,,,,,,,,,,271.7789403329,,,,,,,,,,,,-13.8501,sbti_s12_absolute,2.0,2030.0,2019.0,,Targets set,1.5°C,,,4769.507,sec_xbrl,1,2025,2025-11-01,197.531,sec_xbrl,1.0,2025.0,140.801,2025.0,,,,1025.539008,yahoo_ttm,3.0,,1535.738,sec_xbrl,1,2025.0,2630.000896,49567.7518285,sec_shares_x_price,1,False,51103.489828499994,True,50223.628288,40.0,yahoo_winsorised,3,48.973,633.368384,1.309,6020.894208,0.07106527683500997,98.5853,141.962832,100.0,100.0,0.0,60.0,,1.0,,,,,,,False,False,,,5,True,,,,False,81.31672597864768,1.0,66.13226318359375,170.0,83.0,338.0,unmeasurable,,,mandatory,2026-09-12 16:53:36+00:00
CINF,Cincinnati Financial,0000020286,Financials,Property & Casualty Insurance,K,True,,Ohio,1997-12-18,,,,,,,,False,,,97379.0,2019.0,report_pdf,,,97379.0,2019.0,self_reported,3.0,False,128933.0,report_pdf,3.0,,2019.0,,,,,,,415.51510490798,,,,,,,,,,,,,,,,,,,,,,12631.0,sec_xbrl,1,2025,2025-12-31,2980.0,sec_xbrl,1.0,2025.0,20.0,2025.0,,,,4365.000192,yahoo_ttm,3.0,,861.0,sec_xbrl,1,2025.0,1892.0,26060.572041,sec_shares_x_price,1,False,26921.572041,True,25044.57216,5.738,yahoo,2,5.738,2984.875008,0.545,13953.999872,0.03736303742360854,98.5853,141.962832,100.0,100.0,0.0,50.0,32.127892435583995,1.0,32.127892435583995,16.063946217791997,0.5390585979124831,92.17492339769049,0.3680435138153723,5.0,False,False,,,5,False,0.0,0.0,3076705.0,True,26.050239276516713,5.0,55.31061935424805,224.0,96.5,418.0,reported,,voluntary,mandatory,2026-09-12 16:53:36+00:00
CL,Colgate-Palmolive,0000021665,Consumer Staples,Household Products,C,True,,New York,1957-03-04,,,,,,,,False,,,218000.0,2023.0,wba,,,218000.0,2023.0,self_reported,1.0,False,384000.0,wba,1.0,,2023.0,41749000.0,wba,1.0,2023.0,399000.0,2023.0,392.69487277328005,,,,,,,,,,,,-5.3016,sbti_s12_absolute,2.0,2030.0,2020.0,,Targets set,1.5°C,Targets set,2040.0,20382.0,sec_xbrl,1,2025,2025-12-31,3306.0,sec_xbrl,1.0,2025.0,564.0,2025.0,605.0,sec_secondhand,2024.0,4873.0,sec_ebit_plus_secondhand_da,2.0,2024.0,7986.0,sec_xbrl,1,2025.0,1452.999936,69194.6015572,sec_shares_x_price,1,False,77180.6015572,True,75928.600576,15.238,yahoo,2,15.238,3458.374912,0.323,21046.99904,0.099204287742647,98.5853,141.962832,100.0,100.0,0.0,70.0,85.46162486399999,1.0,85.46162486399999,25.6384874592,0.7755138372413793,390.6792719032896,0.5145350618074976,5.0,False,False,,,5,True,137183.0,9.0,397095596.0,False,38.697189317603716,4.0,48.296592712402344,259.0,89.5,443.0,unmeasurable,,voluntary,mandatory,2026-09-12 16:53:36+00:00
CLX,Clorox,0000021076,Consumer Staples,Household Products,C,True,,California,1969-03-31,,,,,,,,False,,,65504.0,2023.0,wba,,,65504.0,2023.0,self_reported,1.0,False,158892.0,wba,1.0,,2023.0,2264585.0,wba,1.0,2023.0,93392.0,2023.0,195.03700802971002,,,,,,,,,,,,-6.6967,sbti_s12_absolute,2.0,2030.0,2020.0,,Targets set,1.5°C,Commitment removed,,7104.0,sec_xbrl,1,2025,2025-06-30,1078.0,sec_xbrl,1.0,2025.0,220.0,2025.0,235.0,sec_secondhand,2024.0,633.0,sec_ebit_plus_secondhand_da,2.0,2024.0,2484.0,sec_xbrl,1,2025.0,143.0,10612.05776376,sec_shares_x_price,1,False,13096.05776376,True,16229.905408,14.237,yahoo,2,14.237,110.375,0.544,6720.0,0.015214505297315257,98.5853,141.962832,100.0,100.0,0.0,70.0,31.855891649472,1.0,31.855891649472,9.556767494841601,0.8865275969240818,136.05969882405986,0.8383271214691966,5.0,False,False,,,5,True,815875.0,17.0,22800516.0,False,58.68086786609925,4.0,25.150299072265625,374.5,247.5,453.0,unmeasurable,,voluntary,mandatory,2026-09-12 16:53:36+00:00
CMCSA,Comcast,0001166691,Communication Services,Cable & Satellite,J,True,,Pennsylvania,2002-11-19,,,,,,,,False,,,413000.0,2024.0,wba,,,413000.0,2024.0,self_reported,1.0,False,1489000.0,wba,1.0,,2024.0,10789000.0,wba,1.0,2024.0,1540000.0,2024.0,271.7789403329,,,,,,,,,,,,-6.1069,sbti_s12_absolute,2.0,2030.0,2019.0,,Targets set,1.5°C,,,123707.0,sec_xbrl,1,2025,2025-12-31,20672.0,sec_xbrl,1.0,2025.0,11750.0,2025.0,14802.0,sec_secondhand,2024.0,38099.0,sec_ebit_plus_secondhand_da,2.0,2024.0,92979.0,sec_xbrl,1,2025.0,7661.000192,93466.8,sec_shares_x_price,1,True,186445.8,True,172337.64352,5.70385,yahoo_winsorised,3,5.058,12697.624576,0.662,124903.99744,0.1340033342618419,98.5853,141.962832,100.0,100.0,0.0,60.0,270.013306464,1.0,270.013306464,108.0053225856,0.5224715682352942,616.0461592298745,0.35746465290294027,5.0,False,False,,,5,False,26195628.0,11.0,319862740.0,False,44.582510216038585,5.0,22.044086456298828,390.0,26.0,482.0,reported,,voluntary,mandatory,2026-09-12 16:53:36+00:00
CME,CME Group,0001156375,Financials,Financial Exchanges & Data,K,True,,Illinois,2006-08-11,,,,,,,,False,,,161.0,2021.0,report_pdf,,,161.0,2021.0,self_reported,3.0,False,20114.0,report_pdf,3.0,,2021.0,86865.0,report_pdf,3.0,2021.0,,,415.51510490798,,,,,,,,,,,,,,,,,,,,,,6520.6,sec_xbrl,1,2025,2025-12-31,4229.5,sec_xbrl,1.0,2025.0,83.5,2025.0,,,,4771.10016,yahoo_ttm,3.0,,3868.499968,yahoo,3,,2275.599872,99279.8174,sec_shares_x_price,1,True,103148.317368,True,100671.373312,21.1,yahoo,2,21.1,2909.01248,0.275,6757.199872,0.14233745625726812,98.5853,141.962832,100.0,100.0,0.0,50.0,2.8782964187999998,1.0,2.8782964187999998,1.4391482093999999,0.03402643833550065,30.36602721834,0.03016351741247219,5.0,False,False,,,5,False,0.0,0.0,89300000.0,True,60.08542933692678,5.0,55.31061935424805,224.0,96.5,418.0,reported,,voluntary,vendor,2026-09-12 16:53:36+00:00
CMG,Chipotle Mexican Grill,0001058090,Consumer Discretionary,Restaurants,I,True,,California,2011-04-28,,,,,,,,False,,,158526.0,2024.0,wba,,,158526.0,2024.0,self_reported,1.0,False,164183.0,wba,1.0,,2024.0,4865709.0,wba,1.0,2024.0,203863.0,2024.0,195.03700802971002,,,,,,,,,,,,-6.1069,sbti_s12_absolute,2.0,2030.0,2019.0,,Targets set,1.5°C,,,11925.601,sec_xbrl,1,2025,2025-12-31,1935.798,sec_xbrl,1.0,2025.0,666.336,2025.0,335.03,sec_secondhand,2024.0,2251.3630000000003,sec_ebit_plus_secondhand_da,2.0,2024.0,0.0,sec_xbrl,1,2025.0,677.857024,45808.1316,sec_shares_x_price,1,False,45808.1316,True,50549.469184,22.219,yahoo,2,22.219,1116.464384,0.937,12423.758848,0.06567510999312316,98.5853,141.962832,100.0,100.0,0.0,40.0,45.812683551888,1.0,45.812683551888,27.4876101311328,1.4199627301574236,610.7472095036397,1.2082168603601369,5.0,False,False,,,5,False,0.0,0.0,90626032.0,True,40.047292852076694,5.0,80.76152038574219,97.0,30.5,287.0,unmeasurable,,voluntary,mandatory,2026-09-12 16:53:36+00:00
CMI,Cummins,0000026172,Industrials,Construction Machinery & Heavy Transportation Equipment,C,True,,Indiana,1965-03-31,,,,,,,,False,,,,,,,,,,,,False,,,,,,,,,,,,415.51510490798,,,,,,,,,,,,-5.6126,sbti_s12_absolute,2.0,2030.0,2018.0,,Targets set,1.5°C,,,33670.0,sec_xbrl,1,2025,2025-12-31,4025.0,sec_xbrl,1.0,2025.0,1235.0,2025.0,1065.0,sec_secondhand,2024.0,4815.0,sec_ebit_plus_secondhand_da,2.0,2024.0,6886.0,sec_xbrl,1,2025.0,3924.0,76644.70313725,sec_shares_x_price,1,False,83530.70313725,True,82065.702912,16.348,yahoo,2,16.348,2229.374976,1.226,34708.000768,0.10988549703103728,98.5853,141.962832,100.0,100.0,0.0,50.0,,1.0,,,,,,,False,False,,,5,True,4174104951.0,35.0,4187732612.0,False,59.23723504378548,4.0,4.408818244934082,478.0,162.0,500.0,unmeasurable,,,mandatory,2026-09-12 16:53:36+00:00
CMS,CMS Energy,0000811156,Utilities,Multi-Utilities,D,True,,Michigan,1957-03-04,16989121.6012564,2023.0,17253086.5512564,263964.95,17028572.761024002,0.0,18.0,False,6180868.132223719,2026.0,16083829.0,2023.0,wba,8051106.66,2026.0,16989121.6012564,2023.0,ghgrp_fossil_floor,1.0,True,55383.0,wba,1.0,,2023.0,10817380.0,wba,1.0,2023.0,16138624.0,2023.0,442.69617408786,624.272791178116,21419661.0,-1.7737753060062977,ghgrp,2.0,0.4794565325096158,0.49111646977497836,14.0,2010.0,2023.0,-0.47347919090919843,-7.3881,netzero_inferred,2.0,2050.0,2020.0,5.6143246939937015,,,,,8539.0,sec_xbrl,1,2025,2025-12-31,1727.0,sec_xbrl,1.0,2025.0,2374.0,2022.0,1240.0,sec_secondhand,2024.0,2727.0,sec_ebit_plus_secondhand_da,2.0,2024.0,18759.0,sec_xbrl,1,2025.0,241.0,21056.704682400003,sec_shares_x_price,1,False,39815.7046824,True,40965.705728,13.574,yahoo,2,13.574,-2198.87488,0.331,8812.99968,0.030188993696248716,98.5853,141.962832,100.0,100.0,0.0,80.0,2419.686143231389,0.8822510144447016,2134.77055450368,426.95411090073594,24.72229941521343,5795.47510136659,14.147138437811389,5.0,True,True,Article 12(1)(g),power_intensity_12g,5,True,10409011.0,8.0,62596352.0,False,56.19692907947015,4.0,9.418839454650879,453.0,150.0,487.0249938964844,measured,,mandatory,mandatory,2026-09-12 16:53:36+00:00
CNC,Centene Corporation,0001071739,Health Care,Managed Health Care,K,True,,Missouri,2016-03-30,,,,,,,,False,,,,,,,,,,,,False,,,,,,,,,,,,566.3472685193401,,,,,,,,,,,,,,,,,,,,,,194777.0,sec_xbrl,1,2025,2025-12-31,-7623.0,sec_xbrl,1.0,2025.0,767.0,2025.0,,,,4606.000128,yahoo_ttm,3.0,,17401.0,sec_xbrl,1,2025.0,27057.000448,32811.1479,sec_shares_x_price,1,False,50212.1479,True,21954.148352,7.6888,yahoo_winsorised,3,4.766,9639.624704,1.106,180304.003072,0.04704133681219891,98.5853,141.962832,100.0,100.0,0.0,70.0,,1.0,,,,,,,False,False,,,5,False,0.0,0.0,1963621795.0,True,64.80697489013946,5.0,83.26653289794922,84.5,30.5,283.0,unmeasurable,,,mandatory,2026-09-12 16:53:36+00:00
CNP,CenterPoint Energy,0001130310,Utilities,Multi-Utilities,D,True,,Texas,1985-07-31,4192299.8872,2023.0,4192299.8872,0.0,4273149.291200001,0.0,12.0,False,1281906.305411147,2026.0,,,,,,4192299.8872,2023.0,ghgrp_fossil,1.0,False,,,,,,,,,,,,334.12929392073005,1130.1000732421023,3284389.0,-3.3302052567704465,ghgrp,2.0,0.4614216246790188,0.8919902036890729,6.0,2014.0,2019.0,-5.36749821024819,-4.2695,nzt_interim,2.0,2026.0,2005.0,0.9392947432295533,,,,,9357.0,sec_xbrl,1,2025,2025-12-31,2110.0,sec_xbrl,1.0,2025.0,4870.0,2025.0,1439.0,sec_secondhand,2024.0,3429.0,sec_ebit_plus_secondhand_da,2.0,2024.0,21066.0,sec_xbrl,1,2025.0,453.0,25584.5683628,sec_shares_x_price,1,False,46650.5683628,True,49951.551488,12.961,yahoo,2,12.961,-5191.875072,0.451,9619.999744,0.036680591036231405,98.5853,141.962832,100.0,100.0,0.0,80.0,595.1507645801926,0.7889247397992255,469.52916208773854,93.90583241754769,4.450513384717899,1217.1134939638355,2.436587969156926,5.0,True,True,Article 12(1)(g),power_intensity_12g,5,True,34185100.0,18.0,83802163.0,False,29.47199605059965,4.0,50.30059814453125,249.0,25.0,457.0,measured,,mandatory,mandatory,2026-09-12 16:53:36+00:00
COF,Capital One,0000927628,Financials,Consumer Finance,K,True,,Virginia,1998-07-01,,,,,,,,False,,,8610.0,2023.0,wba,,,8610.0,2023.0,self_reported,2.0,False,77782.0,wba,2.0,,2023.0,518159.0,wba,2.0,2023.0,86392.0,2023.0,270.48892363262,,,,,,,,,,,,,,,,,,,,,,53434.0,sec_xbrl,1,2025,2025-12-31,2281.0,sec_xbrl,1.0,2025.0,1578.0,2025.0,,,,,,,,51000.0,sec_xbrl,1,2025.0,56639.000576,127788.89133880001,sec_shares_x_price,1,False,178788.89133880002,True,130957.893632,11.851,sector_median,4,,,1.016,48109.99808,0.18321091040908014,98.5853,141.962832,100.0,100.0,0.0,50.0,12.264452982144,1.0,12.264452982144,6.132226491072,0.2688393902267427,72.67301614569428,0.05549342168705772,5.0,False,False,,,5,False,8400.0,1.0,3587690118.0,False,44.919633522099886,5.0,36.372745513916016,318.5,146.0,440.0,unmeasurable,,voluntary,mandatory,2026-09-12 16:53:36+00:00
COHR,Coherent Corp.,0000820318,Information Technology,Electronic Components,C,True,,Pennsylvania,2026-03-23,,,,,,,,False,,,,,,,,,,,,False,,,,,,,,,,,,271.7789403329,,,,,,,,,,,,,,,,,,,,,,5810.115,sec_xbrl,1,2025,2025-06-30,94.181,sec_xbrl,1.0,2025.0,440.836,2025.0,,,,1423.41696,yahoo_ttm,3.0,,3686.921,sec_xbrl,1,2025.0,1990.018048,59801.29296102,sec_shares_x_price,1,False,63488.21396102,True,61698.646016,40.0,yahoo_winsorised,3,43.345,-649.981632,2.104,7118.180864,0.08573710290654968,98.5853,141.962832,100.0,100.0,0.0,60.0,,1.0,,,,,,,False,False,,,5,True,60500.0,5.0,203129.0,False,,,29.659318923950195,352.0,154.0,456.0,unmeasurable,,,mandatory,2026-09-12 16:53:36+00:00
COIN,Coinbase,0001679788,Financials,Financial Exchanges & Data,K,True,,New York,2025-05-19,,,,,,,,False,,,,,,,,,,,,False,,,,,,,,,,,,392.69487277328005,,,,,,,,,,,,,,,,,,,,,,7181.325,sec_xbrl,1,2025,2025-12-31,1435.441,sec_xbrl,1.0,2025.0,2.933,2022.0,127.518,sec_secondhand,2024.0,2434.678,sec_ebit_plus_secondhand_da,2.0,2024.0,7658.724,sec_xbrl,1,2025.0,8788.842496,46230.43332,sec_shares_x_price,1,False,53889.15732,True,44119.506944,29.54139999999998,yahoo_winsorised,3,63.069,2668.452864,3.388,6043.75296,0.06628056389273788,98.5853,141.962832,100.0,100.0,0.0,50.0,,1.0,,,,,,,False,False,,,5,False,0.0,0.0,114296750.0,True,16.19217081850534,1.0,55.31061935424805,224.0,96.5,418.0,unmeasurable,,,mandatory,2026-09-12 16:53:36+00:00
COO,Cooper Companies (The),0000711404,Health Care,Health Care Supplies,C,True,,California,2016-09-23,,,,,,,,False,,,,,,,,,,,,False,,,,,,,,,,,,195.03700802971002,,,,,,,,,,,,,,,,,,,,,,4092.4,sec_xbrl,1,2025,2025-10-31,682.9,sec_xbrl,1.0,2025.0,362.4,2025.0,375.1,sec_secondhand,2024.0,1080.8000000000002,sec_ebit_plus_secondhand_da,2.0,2024.0,2505.3,sec_xbrl,1,2025.0,154.7,10251.27189954,sec_shares_x_price,1,False,12756.571899539998,True,12897.972224,13.839,yahoo,2,13.839,542.649984,0.818,4236.900096,0.01469724666901066,98.5853,141.962832,100.0,100.0,0.0,70.0,,1.0,,,,,,,False,False,,,5,True,0.0,0.0,3000000.0,True,60.64658867848294,4.0,83.26653289794922,84.5,30.5,283.0,unmeasurable,,,mandatory,2026-09-12 16:53:36+00:00
COP,ConocoPhillips,0001163165,Energy,Oil & Gas Exploration & Production,B,True,,Texas,1957-03-04,11576482.164591199,2023.0,11576729.9331512,247.76855999999998,12264251.461604,0.0,43.0,False,1115952.7560943076,2011.0,15507000.0,2024.0,wba,8542227.06305207,2026.0,15507000.0,2024.0,self_reported,1.0,False,931540.0,wba,1.0,,2024.0,261478787.0,wba,1.0,2024.0,16438000.0,2024.0,334.12929392073005,,,-3.392500761795403,ghgrp,2.0,1.0650655336751114,0.4443682130259128,12.0,2012.0,2023.0,,-4.8305,nzt_interim,2.0,2030.0,2016.0,1.437999238204597,,,,,58944.0,sec_xbrl,1,2025,2025-12-31,12656.0,sec_xbrl,1.0,2025.0,10159.0,2022.0,9599.0,sec_secondhand,2024.0,23271.0,sec_ebit_plus_secondhand_da,2.0,2024.0,23444.0,sec_xbrl,1,2025.0,7692.000256,165003.70274064998,sec_shares_x_price,1,False,188447.70274064998,True,180601.700352,6.744,yahoo,2,6.744,7691.375104,0.134,64459.001856,0.23656577878772914,98.5853,141.962832,100.0,100.0,0.0,60.0,2333.66169234528,0.8129522571071915,1897.1555401166836,758.8622160466734,5.996066814528077,5117.766785018765,2.83373123012908,5.0,False,True,Article 12(1)(e),gics_proxy,4,True,439175508.0,145.0,609398843.0,False,38.84143656434096,5.0,42.885772705078125,286.0,19.0,456.0,measured,,voluntary,mandatory,2026-09-12 16:53:36+00:00
COR,Cencora,0001140859,Health Care,Health Care Distributors,G,True,,Pennsylvania,2001-08-30,,,,,,,,False,,,,,,,,,,,,False,,,,,,,,,,,,271.7789403329,,,,,,,,,,,,-5.8935,sbti_s12_absolute,2.0,2032.0,2019.0,,Targets set,1.5°C,,,321332.819,sec_xbrl,1,2025,2025-09-30,2628.601,sec_xbrl,1.0,2025.0,667.981,2025.0,1091.974,sec_secondhand,2024.0,3267.223,sec_ebit_plus_secondhand_da,2.0,2024.0,7542.988,sec_xbrl,1,2025.0,2815.29088,61364.29144905,sec_shares_x_price,1,False,68907.27944905,True,73200.181248,13.198,yahoo,2,13.198,2043.314048,0.574,332771.328,0.08797797355625885,98.5853,141.962832,100.0,100.0,0.0,70.0,,1.0,,,,,,,False,False,,,5,True,6897.0,1.0,8088282340.0,False,92.58485258957312,3.0,61.12224578857422,195.0,51.0,327.0,unmeasurable,,,mandatory,2026-09-12 16:53:36+00:00
COST,Costco,0000909832,Consumer Staples,Consumer Staples Merchandise Retail,G,True,,Washington,1993-10-01,,,,,,,,False,,,1424357.0,2023.0,wba,,,1424357.0,2023.0,self_reported,1.0,False,1455121.0,wba,1.0,,2023.0,183190194.0,wba,1.0,2023.0,2760444.0,2023.0,288.15226411279,,,,,,,,,,,,-4.822787009138252,wba,3.0,,,,,,,,275235.0,sec_xbrl,1,2025,2025-08-31,10383.0,sec_xbrl,1.0,2025.0,5498.0,2025.0,2237.0,sec_secondhand,2024.0,11522.0,sec_ebit_plus_secondhand_da,2.0,2024.0,5788.0,sec_xbrl,1,2025.0,11125.999616,401246.31749508,sec_shares_x_price,1,False,407034.31749508,True,399629.910016,25.423249999999992,yahoo_winsorised,3,28.98,6954.375168,0.855,293586.993152,0.5752667728501067,98.5853,141.962832,100.0,100.0,0.0,70.0,408.778851561696,1.0,408.778851561696,122.63365546850882,1.1811004090196362,3117.746081389766,0.7801583423185069,5.0,False,False,,,5,True,9868281.0,33.0,98371372.0,False,30.940903400810658,5.0,35.27054214477539,324.0,244.02499389648438,449.5,reported,,voluntary,mandatory,2026-09-12 16:53:36+00:00
CPAY,Corpay,0001175454,Financials,Transaction & Payment Processing Services,K,True,,Georgia,2018-06-20,,,,,,,,False,,,,,,,,,,,,False,,,,,,,,,,,,383.74232016659,,,,,,,,,,,,,,,,,,,,,,4528.403,sec_xbrl,1,2025,2025-12-31,1994.108,sec_xbrl,1.0,2025.0,200.756,2025.0,,,,2798.278912,yahoo_ttm,3.0,,13347.217,sec_xbrl,1,2025.0,3183.238912,26803.56150378,sec_shares_x_price,1,False,40150.778503780006,True,34722.11968,12.408,yahoo,2,12.408,1946.175872,0.873,5020.502016,0.03842826128206881,98.5853,141.962832,100.0,100.0,0.0,50.0,,1.0,,,,,,,False,False,,,5,False,0.0,0.0,100660759.0,True,,0.0,55.31061935424805,224.0,96.5,418.0,unmeasurable,,,mandatory,2026-09-12 16:53:36+00:00
CPRT,Copart,0000900075,Industrials,Diversified Support Services,G,True,,Texas,2018-07-02,,,,,,,,False,,,,,,,,,,,,False,,,,,,,,,,,,334.12929392073005,,,,,,,,,,,,-7.8945,netzero_inferred,2.0,2050.0,2022.0,,,,,,4646.958,sec_xbrl,1,2025,2025-07-31,1696.714,sec_xbrl,1.0,2025.0,568.99,2025.0,189.761,sec_secondhand,2024.0,1761.7839999999999,sec_ebit_plus_secondhand_da,2.0,2024.0,0.0,sec_xbrl,1,2024.0,4199.712,27728.053885899997,sec_shares_x_price,1,False,27728.053885899997,True,24379.287552,12.431,yahoo,2,12.431,999.977152,1.029,4638.866944,0.03975370584317235,98.5853,141.962832,100.0,100.0,0.0,50.0,,1.0,,,,,,,False,False,,,5,True,845500.0,6.0,1024835.0,False,61.98408484347971,5.0,22.044086456298828,390.0,153.0,438.0,unmeasurable,,,mandatory,2026-09-12 16:53:36+00:00
CPT,Camden Property Trust,0000906345,Real Estate,Multi-Family Residential REITs,L,True,,Texas,2022-04-04,,,,,,,,False,,,,,,,,,,,,False,,,,,,,,,,,,334.12929392073005,,,,,,,,,,,,,,,,,,,,,,1573.544,sec_xbrl,1,2025,2025-12-31,398.917,sec_xbrl,1.0,2025.0,2.445,2025.0,582.014,sec_secondhand,2024.0,755.78,sec_ebit_plus_secondhand_da,2.0,2024.0,3900.8,sec_xbrl,1,2025.0,44.717,10356.5584435,sec_shares_x_price,1,False,14257.358443500001,True,15467.785216,17.302,yahoo,2,17.302,139.679632,0.782,1581.868032,0.014848195968051026,98.5853,141.962832,100.0,100.0,0.0,60.0,,1.0,,,,,,,False,False,,,5,True,0.0,0.0,7000.0,True,77.50511343147474,3.0,74.44889831542969,128.5,73.5,330.5,unmeasurable,,,mandatory,2026-09-12 16:53:36+00:00
CRH,CRH plc,0000849395,Materials,Construction Materials,C,True,,Ireland,2025-12-22,5904571.328,2023.0,5904571.328,0.0,5904771.577,0.0,13.0,False,,,27200000.0,2024.0,wba,5911565.580833897,2026.0,27200000.0,2024.0,self_reported,1.0,False,2500000.0,wba,1.0,,2024.0,11500000.0,wba,1.0,2024.0,29400000.0,2024.0,349.6670732320368,,,5.176767210975952,ghgrp,2.0,0.48993687797645297,0.9389484640407765,8.0,2010.0,2017.0,,-5.873,sbti_s12_absolute,2.0,2030.0,2021.0,11.049767210975952,Targets set,1.5°C,,,37447.0,sec_xbrl,1,2025,2025-12-31,5440.0,sec_xbrl,1.0,2025.0,2713.0,2025.0,1798.0,sec_secondhand,2024.0,6723.0,sec_ebit_plus_secondhand_da,2.0,2024.0,17653.0,sec_xbrl,1,2025.0,3024.999936,58910.94344905,sec_shares_x_price,1,False,76563.94344905,True,77198.942208,9.984,yahoo,2,9.984,2019.124992,1.198,38632.001536,0.08446060897220739,98.5853,141.962832,100.0,100.0,0.0,35.0,4216.2961104,1.353689023341933,5707.553763807767,3709.9099464750484,68.19687401608545,37039.74090560689,47.97959641183856,5.0,False,False,,,5,True,35675183.0,105.0,40756764.0,False,51.60142348754449,1.0,10.020041465759277,450.0,301.95001220703125,494.0,measured,,voluntary,mandatory,2026-09-12 16:53:36+00:00
CRL,Charles River Laboratories,0001100682,Health Care,Life Sciences Tools & Services,C,True,,Massachusetts,2021-05-14,,,,,,,,False,,,,,,,,,,,,False,,,,,,,,,,,,246.38139635186002,,,,,,,,,,,,-5.6126,sbti_s12_absolute,2.0,2030.0,2018.0,,Targets set,1.5°C,,,4015.382,sec_xbrl,1,2025,2025-12-27,25.162,sec_xbrl,1.0,2025.0,219.152,2025.0,361.741,sec_secondhand,2024.0,589.088,sec_ebit_plus_secondhand_da,2.0,2024.0,2136.526,sec_xbrl,1,2025.0,192.024992,13283.81852272,sec_shares_x_price,1,False,15420.344522719999,True,16175.003648,19.049,yahoo,2,19.049,468.856,1.405,3998.987008,0.019045008214400142,98.5853,141.962832,100.0,100.0,0.0,70.0,,1.0,,,,,,,False,False,,,5,True,0.0,0.0,2835446.0,True,36.8632707774799,1.0,83.26653289794922,84.5,30.5,283.0,unmeasurable,,,mandatory,2026-09-12 16:53:36+00:00
CRM,Salesforce,0001108524,Information Technology,Application Software,J,True,,California,2008-09-15,,,,,,,,False,,,6000.0,2024.0,wba,,,6000.0,2024.0,self_reported,1.0,False,293000.0,wba,1.0,,2024.0,972000.0,wba,1.0,2024.0,84000.0,2024.0,195.03700802971002,,,,,,,,,,,,-9.9372,sbti_s12_absolute,2.0,2041.0,2019.0,,Targets set,1.5°C,Targets set,2041.0,41525.0,sec_xbrl,1,2025,2026-01-31,8331.0,sec_xbrl,1.0,2025.0,594.0,2025.0,1000.0,sec_secondhand,2024.0,8205.0,sec_ebit_plus_secondhand_da,2.0,2024.0,14439.0,sec_xbrl,1,2025.0,11402.999808,203873.56,sec_shares_x_price,1,False,218312.56,True,234846.552064,18.207,yahoo,2,18.207,17731.874816,1.202,43938.000896,0.29229348611305495,98.5853,141.962832,100.0,100.0,0.0,60.0,42.446886768,1.0,42.446886768,16.9787547072,0.2038021210803025,309.1321869539904,0.1316315629235835,5.0,False,False,,,5,False,0.0,0.0,1503591.0,True,65.0213998062734,4.0,66.13226318359375,170.0,83.0,338.0,unmeasurable,,voluntary,mandatory,2026-09-12 16:53:36+00:00
CRWD,CrowdStrike,0001535527,Information Technology,Systems Software,J,True,,Texas,2024-06-24,,,,,,,,False,,,,,,,,,,,,False,,,,,,,,,,,,334.12929392073005,,,,,,,,,,,,-7.0213,sbti_s12_absolute,2.0,2031.0,2025.0,,Targets set,1.5°C,Commitment removed,,4812.005,sec_xbrl,1,2025,2026-01-31,-293.292,sec_xbrl,1.0,2025.0,302.108,2025.0,,,,106.861,yahoo_ttm,3.0,,745.471,sec_xbrl,1,2025.0,5013.84704,211688.28923508,sec_shares_x_price,1,False,212433.76023508,True,207532.425216,40.0,yahoo_winsorised,3,1942.078,1995.385472,1.255,5396.145152,0.30349746200453953,98.5853,141.962832,100.0,100.0,0.0,60.0,,1.0,,,,,,,False,False,,,5,False,,,,False,63.16725978647687,1.0,66.13226318359375,170.0,83.0,338.0,unmeasurable,,,mandatory,2026-09-12 16:53:36+00:00
CSCO,Cisco,0000858877,Information Technology,Communications Equipment,C,True,,California,1993-12-01,,,,,,,,False,,,32562.0,2024.0,wba,,,32562.0,2024.0,self_reported,1.0,False,563518.0,wba,1.0,,2024.0,16573933.0,wba,1.0,2024.0,596080.0,2024.0,195.03700802971002,,,,,,,,,,,,-18.8869,sbti_s12_absolute,2.0,2030.0,2019.0,,Targets set,1.5°C,Targets set,2040.0,56654.0,sec_xbrl,1,2025,2025-07-26,11760.0,sec_xbrl,1.0,2025.0,905.0,2025.0,700.0,sec_secondhand,2024.0,12881.0,sec_ebit_plus_secondhand_da,2.0,2024.0,24611.0,sec_xbrl,1,2025.0,15918.000128,442082.26606949,sec_shares_x_price,1,False,466693.26606949,True,457349.267456,24.533,yahoo,2,24.533,11182.624768,0.992,63324.99968,0.6338132649383782,98.5853,141.962832,100.0,100.0,0.0,60.0,84.62120489856001,1.0,84.62120489856001,33.84848195942401,0.2878272275461225,830.4048079105492,0.18156906919949087,5.0,False,False,,,5,True,0.0,0.0,85410000.0,True,74.09874107655665,5.0,66.13226318359375,170.0,83.0,338.0,reported,,voluntary,mandatory,2026-09-12 16:53:36+00:00
CSGP,CoStar Group,0001057352,Real Estate,Real Estate Services,J,True,,D.C.,2022-09-19,,,,,,,,False,,,123456.0,2022.0,report_pdf,,,123456.0,2022.0,self_reported,3.0,False,,,,,,789012.0,report_pdf,3.0,2022.0,,,271.7789403329,,,,,,,,,,,,-8.1746,sbti_s12_absolute,2.0,2050.0,2023.0,,Targets set,1.5°C,Targets set,2050.0,3247.0,sec_xbrl,1,2025,2025-12-31,-72.0,sec_xbrl,1.0,2025.0,307.0,2025.0,147.0,sec_secondhand,2024.0,151.7,sec_ebit_plus_secondhand_da,2.0,2024.0,993.0,sec_xbrl,1,2025.0,1266.0,12342.318530479999,sec_shares_x_price,1,False,13335.318530479999,True,12244.318208,30.7518,yahoo_winsorised,3,31.077,412.7,0.747,3556.0,0.017695179845742412,98.5853,141.962832,100.0,100.0,0.0,60.0,17.526163387392,1.0,17.526163387392,7.0104653549568,,215.5844285025605,1.7606895283210244,5.0,False,False,,,5,False,0.0,0.0,310215.0,True,38.65777970375669,4.0,74.44889831542969,128.5,73.5,330.5,reported,,voluntary,mandatory,2026-09-12 16:53:36+00:00
CSX,CSX Corporation,0000277948,Industrials,Rail Transportation,H,True,,Florida,1957-03-04,,,,,,,,False,,,3956081.0,2021.0,report_pdf,,,3956081.0,2021.0,self_reported,3.0,False,144891.0,report_pdf,3.0,,2021.0,325168.0,report_pdf,3.0,2021.0,,,355.97248809045,,,,,,,,,,,,,,,,,,Targets set,Well-below 2°C,,,14092.0,sec_xbrl,1,2025,2025-12-31,4521.0,sec_xbrl,1.0,2025.0,2902.0,2025.0,1658.0,sec_secondhand,2024.0,6903.0,sec_ebit_plus_secondhand_da,2.0,2024.0,18873.0,sec_xbrl,1,2025.0,1390.0,90678.64718715001,sec_shares_x_price,1,False,109551.64718715001,True,108737.626112,15.918,yahoo,2,15.918,1953.250048,1.207,14512.0,0.13000596007813783,98.5853,141.962832,100.0,100.0,0.0,50.0,582.185599072704,1.0,582.185599072704,291.092799536352,6.438681697331387,4633.615183019651,4.261280431344912,5.0,False,True,Article 12(1)(d),sec_segment,1,True,229548470.0,59.0,261594487.0,False,52.83345246459635,4.0,8.416831970214844,458.0,160.0,495.0,reported,,voluntary,mandatory,2026-09-12 16:53:36+00:00
CTAS,Cintas,0000723254,Industrials,Diversified Support Services,N,True,,Ohio,2001-03-01,,,,,,,,False,,,377772.0,2021.0,report_pdf,,,377772.0,2021.0,self_reported,3.0,False,88857.0,report_pdf,3.0,,2021.0,,,,,,,415.51510490798,,,,,,,,,,,,-7.6329,netzero_inferred,2.0,2050.0,2021.0,,,,,,11264.761,sec_xbrl,1,2025,2026-05-31,2606.512,sec_xbrl,1.0,2025.0,395.105,2025.0,494.183,sec_secondhand,2024.0,2853.909,sec_ebit_plus_secondhand_da,2.0,2024.0,2436.6,sec_xbrl,1,2025.0,289.017984,80634.1665415,sec_shares_x_price,1,False,83070.76654150001,True,83051.102208,27.73,yahoo,2,27.73,1464.424832,0.913,11264.760832,0.1156051899924428,98.5853,141.962832,100.0,100.0,0.0,50.0,66.243974333328,1.0,66.243974333328,33.121987166664,1.2707398687082199,918.4727041315926,1.1059127208586519,5.0,False,False,,,5,False,4729301.0,24.0,48853271.0,False,62.65689353271559,5.0,17.234468460083008,414.0,157.0,457.0,reported,,voluntary,mandatory,2026-09-12 16:53:36+00:00
CTSH,Cognizant,0001058290,Information Technology,IT Consulting & Other Services,J,True,,New Jersey,2006-11-17,,,,,,,,False,,,8639.0,2024.0,wba,,,8639.0,2024.0,self_reported,1.0,False,115630.0,wba,1.0,,2024.0,423026.0,wba,1.0,2024.0,68175.0,2024.0,271.7789403329,,,,,,,,,,,,-12.5066,sbti_s12_absolute,2.0,2030.0,2019.0,,Targets set,1.5°C,Targets set,2040.0,21108.0,sec_xbrl,1,2025,2025-12-31,3389.0,sec_xbrl,1.0,2025.0,288.0,2025.0,542.0,sec_secondhand,2024.0,3434.0,sec_ebit_plus_secondhand_da,2.0,2024.0,576.0,sec_xbrl,1,2025.0,1051.0,28432.16814,sec_shares_x_price,1,False,29008.16814,True,28069.65248,9.2242,yahoo_winsorised,3,6.955,2215.500032,0.83,21642.000384,0.04076319432197649,98.5853,141.962832,100.0,100.0,0.0,60.0,17.641579169808,1.0,17.641579169808,7.056631667923201,0.2082216485076188,65.09178183125718,0.2318937930479757,5.0,False,False,,,5,False,0.0,0.0,41928823.0,True,83.40918630461792,5.0,66.13226318359375,170.0,83.0,338.0,reported,,voluntary,mandatory,2026-09-12 16:53:36+00:00
CTVA,Corteva,0001755672,Materials,Fertilizers & Agricultural Chemicals,C,True,,Indiana,2019-06-03,82753.74,2023.0,82753.74,0.0,82757.30500000001,0.0,2.0,False,,,354330.0,2024.0,wba,,,354330.0,2024.0,self_reported,1.0,False,557578.0,wba,1.0,,2024.0,5451229.0,wba,1.0,2024.0,912000.0,2024.0,415.51510490798,,,-7.483393129263383,ghgrp,2.0,1.1043238284086103,0.896105974564946,5.0,2019.0,2023.0,,-5.301565543605246,wba,3.0,,,,Commitment removed,,,,17401.0,sec_xbrl,1,2025,2025-12-31,1688.0,sec_xbrl,1.0,2025.0,591.0,2025.0,1227.0,sec_secondhand,2024.0,2502.0,sec_ebit_plus_secondhand_da,2.0,2024.0,2468.0,sec_xbrl,1,2025.0,2364.999936,55977.7444,sec_shares_x_price,1,False,58445.7444,True,58731.74528,13.738,yahoo,2,13.738,2417.250048,0.577,17812.000768,0.08025528202588673,98.5853,141.962832,100.0,100.0,0.0,35.0,129.457042203456,0.6270731094973132,81.17903000084607,52.76636950054995,3.1259697571415845,724.9043841985551,1.2342633115066102,5.0,False,False,,,5,True,1541990274.0,167.0,2072261866.0,False,86.99731903485255,1.0,42.234466552734375,289.25,5.0,491.0,measured,,voluntary,mandatory,2026-09-12 16:53:36+00:00
CVNA,Carvana,0001690820,Consumer Discretionary,Automotive Retail,G,True,,Arizona,2025-12-22,,,,,,,,False,,,,,,,,,,,,False,,,,,,,,,,,,320.32194217793,,,,,,,,,,,,,,,,,,,,,,20322.0,sec_xbrl,1,2025,2025-12-31,1881.0,sec_xbrl,1.0,2025.0,147.0,2025.0,,,,2510.000128,yahoo_ttm,3.0,,5041.0,sec_xbrl,1,2025.0,3132.0,77554.9866,sec_shares_x_price,1,True,82595.9866,True,53464.420352,21.301,yahoo,2,21.301,424.375008,3.497,25058.000896,0.11119057026700893,98.5853,141.962832,100.0,100.0,0.0,40.0,,1.0,,,,,,,False,False,,,5,True,300700.0,6.0,3095084.0,False,77.04626334519573,1.0,41.482967376708984,293.0,166.0,337.0,unmeasurable,,,mandatory,2026-09-12 16:53:36+00:00
CVS,CVS Health,0000064803,Health Care,Health Care Services,G,True,,Rhode Island,1957-03-04,,,,,,,,False,,,261522.0,2024.0,wba,,,261522.0,2024.0,self_reported,2.0,False,653702.0,wba,2.0,,2024.0,9853462.0,wba,2.0,2024.0,857222.0,2024.0,246.38139635186002,,,,,,,,,,,,-7.1585,sbti_s12_absolute,2.0,2050.0,2019.0,,Targets set,1.5°C,Targets set,2050.0,402067.0,sec_xbrl,1,2025,2025-12-31,4660.0,sec_xbrl,1.0,2025.0,2832.0,2025.0,4597.0,sec_secondhand,2024.0,13113.0,sec_ebit_plus_secondhand_da,2.0,2024.0,64570.0,sec_xbrl,1,2025.0,13957.999616,121067.33512953999,sec_shares_x_price,1,False,185637.33512954,True,183612.342272,11.008,yahoo,2,11.008,8076.000256,0.58,412644.999168,0.17357421648707544,98.5853,141.962832,100.0,100.0,0.0,70.0,129.927790954368,1.0,129.927790954368,38.978337286310406,0.8364450061440002,429.07353684770493,0.2336844743323862,5.0,False,False,,,5,True,17360393.0,34.0,7170721325.0,False,49.49419545318442,4.0,31.863725662231445,341.0,77.0,453.0,unmeasurable,,voluntary,mandatory,2026-09-12 16:53:36+00:00
CVX,Chevron Corporation,0000093410,Energy,Integrated Oil & Gas,B,True,,Texas,1957-03-04,23018682.11565455,2023.0,23050725.97175455,32043.856099999997,23169421.54604107,0.0,119.0,False,97396.02591029234,2026.0,54000000.0,2024.0,wba,114948816.22245313,2026.0,54000000.0,2024.0,self_reported,1.0,False,4000000.0,wba,1.0,,2024.0,717000000.0,wba,1.0,2024.0,58000000.0,2024.0,334.12929392073005,,,1.0676119889232671,ghgrp,2.0,0.8891783407334104,0.10513153967017386,13.0,2011.0,2023.0,-11.284366650302802,-0.4265,nzt_interim,2.0,2028.0,2016.0,1.494111988923267,,,,,189031.0,sec_xbrl,1,2025,2025-12-31,19743.0,sec_xbrl,1.0,2025.0,17347.0,2025.0,17282.0,sec_secondhand,2024.0,44788.0,sec_ebit_plus_secondhand_da,2.0,2024.0,39781.0,sec_xbrl,1,2025.0,8529.999872,422933.59891244,sec_shares_x_price,1,False,462714.59891244,True,454120.800256,8.964,yahoo,2,8.964,21934.000128,0.491,209383.99744,0.6063598242972636,98.5853,141.962832,100.0,100.0,0.0,60.0,8233.844255999998,1.0657909452612186,8775.556652735893,3510.2226610943576,17.77958092029761,31465.635934049824,6.928913169428003,5.0,False,True,Article 12(1)(e),sec_segment,1,True,988313881.0,489.0,1379766928.0,False,2.9224415938692836,5.0,39.679359436035156,302.0,36.0,458.0,measured,,voluntary,mandatory,2026-09-12 16:53:36+00:00
D,Dominion Energy,0000715957,Utilities,Multi-Utilities,D,True,,Virginia,2016-11-30,29414584.6822,2023.0,29531843.1822,117258.5,29582864.6592,0.0,55.0,False,17772519.176612005,2026.0,29500000.0,2023.0,wba,16645125.0,2026.0,29500000.0,2023.0,self_reported,1.0,False,444018.0,wba,1.0,,2023.0,28500000.0,wba,1.0,2023.0,29900000.0,2023.0,270.48892363262,462.8830331240807,53759762.0,-5.287772486351406,ghgrp,2.0,0.3484262525162927,0.9368388056010226,14.0,2010.0,2023.0,-5.059795200716266,-8.1746,netzero_inferred,2.0,2050.0,2023.0,2.886827513648594,,,,,16506.0,sec_xbrl,1,2025,2025-12-31,4414.0,sec_xbrl,1.0,2025.0,4980.0,2019.0,2580.0,sec_secondhand,2023.0,5994.0,sec_ebit_plus_secondhand_da,2.0,2023.0,48941.0,sec_xbrl,1,2025.0,298.0,56601.749737080005,sec_shares_x_price,1,False,105542.74973708001,True,115920.289792,13.898,yahoo,2,13.898,-9181.124608,0.622,18119.000064,0.08114991836484242,98.5853,141.962832,100.0,100.0,0.0,80.0,4250.937596738975,0.6836634394574929,2906.2106183057367,581.2421236611472,13.168149607185029,8078.103034642623,6.968670496888386,5.0,True,True,Article 12(1)(g),power_intensity_12g,5,True,1247785887.0,46.0,3951779024.0,False,40.749373598164155,5.0,21.62598419189453,392.0863342285156,61.0,488.0,measured,,voluntary,mandatory,2026-09-12 16:53:36+00:00
DAL,Delta Air Lines,0000027904,Industrials,Passenger Airlines,H,True,,Georgia,2013-09-11,1256096.862,2023.0,1256096.862,0.0,1256341.038,0.0,2.0,False,,,37284766.0,2024.0,wba,804165.8717393001,2026.0,37284766.0,2024.0,self_reported,1.0,False,165384.0,wba,1.0,,2024.0,23119882.0,wba,1.0,2024.0,37450150.0,2024.0,383.74232016659,,,-0.9147724833480808,ghgrp,2.0,0.5931532667336593,0.1813266480291953,11.0,2013.0,2023.0,,-3.6675,nzt_interim,2.0,2035.0,2019.0,2.752727516651919,Targets set,Well-below 2°C,Committed,,63364.0,sec_xbrl,1,2025,2025-12-31,5822.0,sec_xbrl,1.0,2025.0,4499.0,2025.0,2513.0,sec_secondhand,2024.0,8508.0,sec_ebit_plus_secondhand_da,2.0,2024.0,13308.0,sec_xbrl,1,2025.0,4664.999936,52550.65632729999,sec_shares_x_price,1,False,65858.65632729999,True,68685.713408,9.271899999999999,yahoo_winsorised,3,9.15,2817.374976,1.291,68287.000576,0.0753418664756508,98.5853,141.962832,100.0,100.0,0.0,50.0,5316.529352824799,0.9463536589057316,5031.31700572547,2515.658502862735,43.20952426765261,23324.93407269299,33.95893107223121,5.0,False,False,,,5,True,1829241.0,18.0,133879606.0,False,41.24252595615448,5.0,35.470943450927734,323.0,80.0,474.0,measured,,voluntary,mandatory,2026-09-12 16:53:36+00:00
DASH,DoorDash,0001792789,Consumer Discretionary,Specialized Consumer Services,H,True,,California,2025-03-24,,,,,,,,False,,,,,,,,,,,,False,,,,,,,,,,,,195.03700802971002,,,,,,,,,,,,,,,,,,,,,,13717.0,sec_xbrl,1,2025,2025-12-31,723.0,sec_xbrl,1.0,2025.0,257.0,2025.0,561.0,sec_secondhand,2024.0,523.0,sec_ebit_plus_secondhand_da,2.0,2024.0,3304.999936,yahoo,3,,5346.999808,88794.5877,sec_shares_x_price,1,True,92099.58763600001,True,85473.058816,30.974799999999973,yahoo_winsorised,3,59.522,5147.500032,1.788,15891.00032,0.12730478433203593,98.5853,141.962832,100.0,100.0,0.0,40.0,,1.0,,,,,,,False,False,,,5,True,0.0,0.0,61168822.0,True,40.74733096085409,1.0,80.76152038574219,97.0,30.5,287.0,unmeasurable,,,vendor,2026-09-12 16:53:36+00:00
DD,DuPont,0001666700,Industrials,Industrial Conglomerates,C,True,,Delaware,2019-06-03,180836.70799999998,2023.0,180836.70799999998,0.0,180844.474,0.0,7.0,False,164166.53916782045,2026.0,496000.0,2024.0,wba,0.0,2026.0,496000.0,2024.0,self_reported,1.0,False,833000.0,wba,1.0,,2024.0,4132000.0,wba,1.0,2024.0,1056000.0,2024.0,271.7789403329,,,-38.20934955559918,ghgrp,2.0,2.9040197617775365,0.9530249489874013,5.0,2019.0,2023.0,-10.988419613670741,-6.1069,sbti_s12_absolute,2.0,2030.0,2019.0,-32.10244955559918,Targets set,1.5°C,Committed,,6849.0,sec_xbrl,1,2025,2025-12-31,200.0,sec_xbrl,1.0,2025.0,333.0,2025.0,635.0,sec_secondhand,2024.0,1827.0,sec_ebit_plus_secondhand_da,2.0,2024.0,3194.0,sec_xbrl,1,2025.0,1740.0,17149.10739525,sec_shares_x_price,1,False,20343.10739525,True,18700.107776,11.813,yahoo,2,11.813,1835.250048,1.085,6988.000256,0.024586672172128617,98.5853,141.962832,100.0,100.0,0.0,50.0,188.668603728,0.05565915404248201,10.501134877876748,5.250567438938374,2.625283719469187,62.024953156179016,0.3316823298515037,5.0,False,False,,,5,True,1501295235.0,47.0,1622105183.0,False,32.21218968262746,4.0,28.657318115234375,357.0,1.0,496.0,measured,,voluntary,mandatory,2026-09-12 16:53:36+00:00
DDOG,Datadog,0001561550,Information Technology,Application Software,J,True,,New York,2025-07-09,,,,,,,,False,,,,,,,,,,,,False,,,,,,,,,,,,392.69487277328005,,,,,,,,,,,,,,,,,,,,,,3427.158,sec_xbrl,1,2025,2025-12-31,-44.373,sec_xbrl,1.0,2025.0,49.578,2025.0,48.5,sec_secondhand,2024.0,102.78399999999999,sec_ebit_plus_secondhand_da,2.0,2024.0,1277.80096,yahoo,3,,4985.438208,80403.64112,sec_shares_x_price,1,True,81681.44208,True,75723.350016,40.0,yahoo_winsorised,3,913.463,1051.412352,1.488,3966.72512,0.11527468573731568,98.5853,141.962832,100.0,100.0,0.0,60.0,,1.0,,,,,,,False,False,,,5,False,,,,False,73.84341637010677,1.0,66.13226318359375,170.0,83.0,338.0,unmeasurable,,,vendor,2026-09-12 16:53:36+00:00
DE,Deere & Company,0000315189,Industrials,Agricultural & Farm Machinery,C,True,,Illinois,1957-03-04,45075.880000000005,2023.0,45075.880000000005,0.0,45077.835,0.0,3.0,False,,,,,,,,45075.880000000005,2023.0,ghgrp_fossil,1.0,False,,,,,,,,,,,,415.51510490798,,,-8.700504589787805,ghgrp,2.0,0.5992888889760772,0.9343149510903332,14.0,2010.0,2023.0,,-7.4125,sbti_s12_absolute,2.0,2030.0,2021.0,-1.2880045897878052,Targets set,1.5°C,,,45684.0,sec_xbrl,1,2025,2025-11-02,6257.0,sec_xbrl,1.0,2025.0,1360.0,2025.0,2118.0,sec_secondhand,2024.0,11157.0,sec_ebit_plus_secondhand_da,2.0,2024.0,32888.0,sec_xbrl,1,2021.0,8830.000128,182196.67590488002,sec_shares_x_price,1,False,215084.67590488002,True,221842.669568,25.796,yahoo,2,25.796,4516.250112,0.911,47927.001088,0.2612153413049138,98.5853,141.962832,100.0,100.0,0.0,50.0,6.399099579692159,0.5287844083335647,3.3837440851150804,1.6918720425575402,0.027039668252477868,43.643531209814306,0.019673190597103114,5.0,False,False,,,5,True,1864905.0,10.0,23005866.0,False,66.52456649732211,4.0,93.7875747680664,32.0,4.0,319.0,measured,,mandatory,mandatory,2026-09-12 16:53:36+00:00
DECK,Deckers Brands,0000910521,Consumer Discretionary,Footwear,C,True,,California,2024-03-18,,,,,,,,False,,,417.0,2021.0,report_pdf,,,417.0,2021.0,self_reported,3.0,False,1077.0,report_pdf,3.0,,2021.0,881331.0,report_pdf,3.0,2021.0,,,195.03700802971002,,,,,,,,,,,,-5.4477,sbti_s12_absolute,2.0,2030.0,2019.0,,Targets set,1.5°C,,,5472.296,sec_xbrl,1,2025,2026-03-31,1262.903,sec_xbrl,1.0,2025.0,84.623,2025.0,69.353,sec_secondhand,2024.0,1248.4450000000002,sec_ebit_plus_secondhand_da,2.0,2024.0,472.334016,yahoo,3,,1602.589056,11086.384228289999,sec_shares_x_price,1,False,11558.71824429,True,9956.128768,7.5159,yahoo_winsorised,3,7.503,871.420352,1.15,5527.288832,0.01589454706375694,98.5853,141.962832,100.0,100.0,0.0,40.0,0.212092471008,1.0,0.212092471008,0.1272554826048,0.01007642571161839,0.9564394817094163,0.00960653989112223,5.0,False,False,,,5,True,0.0,0.0,18600.0,True,,0.0,80.76152038574219,97.0,30.5,287.0,reported,,voluntary,vendor,2026-09-12 16:53:36+00:00
DELL,Dell Technologies,0001571996,Information Technology,"Technology Hardware, Storage & Peripherals",C,True,,Texas,2024-09-23,,,,,,,,False,,,36700.0,2024.0,wba,,,36700.0,2024.0,self_reported,1.0,False,326600.0,wba,1.0,,2024.0,32586900.0,wba,1.0,2024.0,155400.0,2024.0,334.12929392073005,,,,,,,,,,,,-7.1585,sbti_s12_absolute,2.0,2051.0,2020.0,,Targets set,1.5°C,Targets set,2051.0,113538.0,sec_xbrl,1,2025,2026-01-30,8149.0,sec_xbrl,1.0,2025.0,2633.0,2025.0,3123.0,sec_secondhand,2024.0,9360.0,sec_ebit_plus_secondhand_da,2.0,2024.0,23513.0,sec_xbrl,1,2025.0,11569.999872,363065.6,sec_shares_x_price,1,False,386578.6,True,384404.226048,21.686,yahoo,2,21.686,6033.375232,1.409,151197.007872,0.520527085080223,98.5853,141.962832,100.0,100.0,0.0,60.0,51.575096865599996,1.0,51.575096865599996,20.63003874624,0.2531603723921954,447.38302025096067,0.11638348122507286,5.0,False,False,,,5,True,0.0,0.0,217155498.0,True,63.94769732762157,2.0,66.13226318359375,170.0,83.0,338.0,unmeasurable,,voluntary,mandatory,2026-09-12 16:53:36+00:00
DG,Dollar General,0000029534,Consumer Staples,Consumer Staples Merchandise Retail,G,True,,Tennessee,2012-12-03,,,,,,,,False,,,692872.0,2024.0,wba,,,692872.0,2024.0,self_reported,2.0,False,1044557.0,wba,2.0,,2024.0,,,,,1737429.0,2024.0,409.73270937522005,,,,,,,,,,,,-2.6723,nzt_interim,2.0,2026.0,2020.0,,,,,,42724.369,sec_xbrl,1,2025,2026-01-30,2203.668,sec_xbrl,1.0,2025.0,1241.162,2025.0,971.703,sec_secondhand,2024.0,2685.777,sec_ebit_plus_secondhand_da,2.0,2024.0,4580.282,sec_xbrl,1,2025.0,1589.590016,27484.4396982,sec_shares_x_price,1,False,32064.7216982,True,41667.948544,11.633,yahoo,2,11.633,1738.019712,0.235,43637.997568,0.039404436226310645,98.5853,141.962832,100.0,100.0,0.0,70.0,246.65034123892798,1.0,246.65034123892798,73.9951023716784,3.357815350210576,860.7850258897347,2.065820507051778,5.0,False,False,,,5,True,1379149.0,11.0,92694871.0,False,53.45788500959266,4.0,36.272544860839844,319.0,243.02499389648438,449.0,unmeasurable,,voluntary,mandatory,2026-09-12 16:53:36+00:00
DGX,Quest Diagnostics,0001022079,Health Care,Health Care Services,Q,True,,New Jersey,2002-12-12,,,,,,,,False,,,,,,,,,,,,False,,,,,,,,,,,,271.7789403329,,,,,,,,,,,,,,,,,,,,,,11035.0,sec_xbrl,1,2025,2025-12-31,1556.0,sec_xbrl,1.0,2025.0,527.0,2025.0,493.0,sec_secondhand,2024.0,1839.0,sec_ebit_plus_secondhand_da,2.0,2024.0,5671.0,sec_xbrl,1,2025.0,626.0,25939.947067200002,sec_shares_x_price,1,False,31610.947067200002,True,32100.947968,14.166,yahoo,2,14.166,909.625024,0.549,11559.999488,0.03719009742047965,98.5853,141.962832,100.0,100.0,0.0,70.0,,1.0,,,,,,,False,False,,,5,False,5353650.0,11.0,599249472.0,False,42.355378853359674,5.0,15.631264686584473,422.0,81.0,493.0,unmeasurable,,,mandatory,2026-09-12 16:53:36+00:00
DHI,D. R. Horton,0000882184,Consumer Discretionary,Homebuilding,F,True,,Texas,2005-06-22,,,,,,,,False,,,80836.0,2023.0,wba,,,80836.0,2023.0,self_reported,2.0,False,72412.0,wba,2.0,,2023.0,,,,,153248.0,2023.0,334.12929392073005,,,,,,,,,,,,,,,,,,,,,,34250.4,sec_xbrl,1,2025,2025-09-30,4739.9,sec_xbrl,1.0,2025.0,137.4,2025.0,87.1,sec_secondhand,2024.0,6371.8,sec_ebit_plus_secondhand_da,2.0,2024.0,7187.899904,yahoo,3,,2078.700032,38568.00770663,sec_shares_x_price,1,False,45755.90761063,True,44264.206336,10.724,yahoo,2,10.724,2413.900032,1.371,33350.00064,0.055294945676163464,98.5853,141.962832,100.0,100.0,0.0,40.0,21.755520078336,1.0,21.755520078336,13.0533120470016,0.2753921400662799,139.98371839204518,0.3162458563685952,5.0,False,False,,,5,True,5946547.0,25.0,8075185.0,False,40.87980974026368,4.0,23.647296905517578,382.0,189.0,449.0,unmeasurable,,voluntary,vendor,2026-09-12 16:53:36+00:00
DHR,Danaher Corporation,0000313616,Health Care,Life Sciences Tools & Services,C,True,,D.C.,1998-11-18,,,,,,,,False,,,,,,,,,,,,False,,,,,,,,,,,,271.7789403329,,,,,,,,,,,,-7.6329,sbti_s12_absolute,2.0,2050.0,2021.0,,Targets set,1.5°C,Targets set,2050.0,24568.0,sec_xbrl,1,2025,2025-12-31,4690.0,sec_xbrl,1.0,2025.0,1156.0,2025.0,2166.0,sec_secondhand,2023.0,7368.0,sec_ebit_plus_secondhand_da,2.0,2023.0,18416.0,sec_xbrl,1,2025.0,4348.000256,140695.62884756,sec_shares_x_price,1,False,159111.62884756,True,164216.635392,20.455,yahoo,2,20.455,4325.12512,0.808,25106.999296,0.20171529764193952,98.5853,141.962832,100.0,100.0,0.0,70.0,,1.0,,,,,,,False,False,,,5,True,409202.0,10.0,1894202.0,False,94.24518293929737,5.0,39.27855682373047,304.0,74.0,420.0,unmeasurable,,,mandatory,2026-09-12 16:53:36+00:00
DIS,Walt Disney Company (The),0001744489,Communication Services,Movies & Entertainment,J,True,,California,1976-06-30,108269.89074,2023.0,109472.14674,1202.256,108273.81311999998,0.0,1.0,False,17653.45789991156,2024.0,921163.0,2024.0,wba,0.0,2026.0,921163.0,2024.0,self_reported,1.0,False,745985.0,wba,1.0,,2024.0,10637359.0,wba,1.0,2023.0,1493816.0,2024.0,195.03700802971002,,,0.01916802809789342,ghgrp,2.0,3.458008996054155,4.490855304073449e-06,7.0,2017.0,2023.0,-4.628216388717254,-5.4796,sbti_s12_absolute,2.0,2030.0,2019.0,5.498768028097893,Targets set,1.5°C,,,94425.0,sec_xbrl,1,2025,2025-09-27,17551.0,sec_xbrl,1.0,2025.0,8024.0,2025.0,4990.0,sec_secondhand,2024.0,20591.0,sec_ebit_plus_secondhand_da,2.0,2024.0,42026.0,sec_xbrl,1,2025.0,5184.999936,183978.4894081,sec_shares_x_price,1,False,226004.4894081,True,231644.495872,11.05,yahoo,2,11.05,4860.37504,1.409,98860.998656,0.26376992700234053,98.5853,141.962832,100.0,100.0,0.0,60.0,236.673051443136,1.0011506329466973,236.94537525372183,94.77815010148873,0.540015669201121,1047.2985586214506,0.4521145882094075,5.0,False,False,,,5,False,496110.0,8.0,418719196.0,False,61.71793684722147,5.0,26.25250244140625,369.0,51.0,481.0,measured,,voluntary,mandatory,2026-09-12 16:53:36+00:00
DLR,Digital Realty,0001297996,Real Estate,Data Center REITs,L,True,,Texas,2016-05-18,,,,,,,,False,,,53724.0,2024.0,wba,,,53724.0,2024.0,self_reported,1.0,False,3311323.0,wba,1.0,,2024.0,1174810.0,wba,1.0,2024.0,1001899.0,2024.0,334.12929392073005,,,,,,,,,,,,-7.4867,sbti_s12_absolute,2.0,2030.0,2023.0,,Targets set,1.5°C,Committed,,6112.692,sec_xbrl,1,2025,2025-12-31,658.492,sec_xbrl,1.0,2025.0,410.712,2018.0,,,,3210.31296,yahoo_ttm,3.0,,20074.991616,yahoo,3,,1907.729024,66268.1566806,sec_shares_x_price,1,False,86343.1482966,True,90792.337408,28.281,yahoo,2,28.281,3768.482048,1.037,6757.036032,0.09500864425214679,98.5853,141.962832,100.0,100.0,0.0,60.0,477.71160193310396,1.0,477.71160193310396,191.0846407732416,29.01852122322543,5404.064725708045,5.952115431749943,5.0,False,False,,,5,True,10000.0,1.0,10000.0,False,68.7646144290898,5.0,42.28456497192383,289.0,98.5,374.0,unmeasurable,,voluntary,vendor,2026-09-12 16:53:36+00:00
DLTR,Dollar Tree,0000935703,Consumer Staples,Consumer Staples Merchandise Retail,G,True,,Virginia,2011-12-19,,,,,,,,False,,,380687.0,2023.0,wba,,,380687.0,2023.0,self_reported,2.0,False,1005512.0,wba,2.0,,2023.0,20512310.0,wba,2.0,2023.0,1349271.0,2023.0,270.48892363262,,,,,,,,,,,,-7.4125,nzt_interim,2.0,2032.0,2023.0,,,,,,19411.8,sec_xbrl,1,2025,2026-01-31,1653.1,sec_xbrl,1.0,2025.0,1134.0,2025.0,526.9,sec_secondhand,2024.0,1988.9,sec_ebit_plus_secondhand_da,2.0,2024.0,2431.7,sec_xbrl,1,2025.0,1058.099968,22172.272432830003,sec_shares_x_price,1,False,24603.972432830004,True,28784.971776,11.497,yahoo,2,11.497,1049.58752,0.662,20068.70016,0.03178838297835319,98.5853,141.962832,100.0,100.0,0.0,70.0,196.78873575556798,1.0,196.78873575556798,59.03662072667041,3.571267359909891,678.7440284945296,2.3579805246168246,5.0,False,False,,,5,True,3082001.0,7.0,45725591.0,False,50.40276994169248,5.0,22.645288467407227,387.0,248.5,455.0,reported,,voluntary,mandatory,2026-09-12 16:53:36+00:00
DOC,Healthpeak Properties,0000765880,Real Estate,Health Care REITs,L,True,,Colorado,2008-03-31,,,,,,,,False,,,,,,,,,,,,False,,,,,,,,,,,,472.88773582743,,,,,,,,,,,,-3.1367,sbti_s12_absolute,2.0,2033.0,2018.0,,Targets set,Well-below 2°C,,,2822.512,sec_xbrl,1,2025,2025-12-31,214.327,sec_xbrl,1.0,2025.0,894.949,2025.0,,,,1570.761984,yahoo_ttm,3.0,,9847.894,sec_xbrl,1,2025.0,1640.912,13997.403378,sec_shares_x_price,1,False,23845.297378000003,True,24330.561536,15.49,yahoo,2,15.49,1645.113088,0.989,2949.80608,0.02006807469240382,98.5853,141.962832,100.0,100.0,0.0,60.0,,1.0,,,,,,,False,False,,,5,True,,,,False,24.555160142348754,1.0,74.44889831542969,128.5,73.5,330.5,unmeasurable,,,mandatory,2026-09-12 16:53:36+00:00
DOV,Dover Corporation,0000029905,Industrials,Industrial Machinery & Supplies & Components,C,True,,Illinois,1985-10-31,0.0,2023.0,0.0,0.0,,0.0,1.0,True,,,,,,,,,,,,False,,,,,,,,,,,,415.51510490798,,,,,,,,,,,,-3.1905,sbti_s12_absolute,2.0,2030.0,2019.0,,Targets set,Well-below 2°C,,,8092.571,sec_xbrl,1,2025,2025-12-31,1373.361,sec_xbrl,1.0,2025.0,220.263,2025.0,337.842,sec_secondhand,2024.0,1544.1970000000001,sec_ebit_plus_secondhand_da,2.0,2024.0,3346.214,sec_xbrl,1,2025.0,1755.970944,25461.29653625,sec_shares_x_price,1,False,28807.51053625,True,26965.313536,14.125,yahoo,2,14.125,906.472128,1.146,8420.563968,0.03650385624079337,98.5853,141.962832,100.0,100.0,0.0,50.0,,1.0,,,,,,,False,False,,,5,True,317397.0,13.0,2334971.0,False,34.21406774255046,4.0,37.675350189208984,312.0,141.0,410.9750061035156,unmeasurable,,,mandatory,2026-09-12 16:53:36+00:00
DOW,Dow Inc.,0001751788,Materials,Commodity Chemicals,C,True,,Michigan,2019-04-01,16645248.804500002,2023.0,16645248.804500002,0.0,16697632.209210005,0.0,20.0,False,1951562.7143442803,2026.0,26630000.0,2024.0,wba,12686441.76960038,2026.0,26630000.0,2024.0,self_reported,1.0,False,3440000.0,wba,1.0,,2024.0,77230000.0,wba,1.0,2024.0,29740000.0,2024.0,442.69617408786,320.00397392656004,4969129.0,0.6136073974094325,ghgrp,2.0,0.39226741355686495,0.15048757657374134,14.0,2010.0,2023.0,2.292736360771408,-1.6121,nzt_interim,2.0,2030.0,2020.0,2.2257073974094324,,,,,39968.0,sec_xbrl,1,2025,2025-12-31,-2511.0,sec_xbrl,1.0,2025.0,2479.0,2025.0,2894.0,sec_secondhand,2024.0,4494.0,sec_ebit_plus_secondhand_da,2.0,2024.0,18071.0,sec_xbrl,1,2025.0,4236.0,20923.12394514,sec_shares_x_price,1,False,38994.12394514,True,37676.552192,9.507,yahoo,2,9.507,237.624992,0.424,41318.998016,0.02999747901738953,98.5853,141.962832,100.0,100.0,0.0,35.0,4268.82235824,1.0373858568544487,4428.4159398622305,2878.47036091045,,27365.617721175648,72.6330200855966,5.0,False,False,,,5,True,272033069.0,188.0,1113001823.0,False,24.58425958612004,2.0,14.829659461975098,426.0,47.0,474.0,measured,,voluntary,mandatory,2026-09-12 16:53:36+00:00
DPZ,Domino's,0001286681,Consumer Discretionary,Restaurants,I,True,,Michigan,2020-05-12,,,,,,,,False,,,,,,,,,,,,False,,,,,,3937759.075,wba,2.0,2023.0,162864.242,2023.0,442.69617408786,,,,,,,,,,,,-6.1754,sbti_s12_absolute,2.0,2032.0,2021.0,,Targets set,1.5°C,Targets set,2050.0,4939.994,sec_xbrl,1,2025,2025-12-28,953.974,sec_xbrl,1.0,2025.0,120.558,2025.0,,,,1023.513984,yahoo_ttm,3.0,,4810.783,sec_xbrl,1,2025.0,164.836,10308.268626,sec_shares_x_price,1,False,15119.051626,True,15266.285568,14.916,yahoo,2,14.916,531.496512,0.946,5027.814912,0.014778962865431743,98.5853,141.962832,100.0,100.0,0.0,40.0,0.0,1.0,0.0,0.0,0.0,0.0,0.0,5.0,False,False,,,5,False,86000.0,1.0,14982726.0,False,10.616040990338027,4.0,40.28056335449219,299.0,168.0,344.0,unmeasurable,,,mandatory,2026-09-12 16:53:36+00:00
DRI,Darden Restaurants,0000940944,Consumer Discretionary,Restaurants,I,True,,Florida,1995-05-31,,,,,,,,False,,,385847.0,2024.0,wba,,,385847.0,2024.0,self_reported,1.0,False,447615.0,wba,1.0,,2024.0,4049040.0,wba,1.0,2024.0,833462.0,2024.0,355.97248809045,,,,,,,,,,,,,,,,,,,,,,13210.9,sec_xbrl,1,2025,2026-05-31,1582.8,sec_xbrl,1.0,2025.0,734.0,2025.0,516.1,sec_secondhand,2024.0,1878.4,sec_ebit_plus_secondhand_da,2.0,2024.0,2621.3,sec_xbrl,1,2025.0,219.5,23943.82491341,sec_shares_x_price,1,False,26565.12491341,True,31770.824704,15.022,yahoo,2,15.022,790.974976,0.59,13210.90048,0.03432825744947616,98.5853,141.962832,100.0,100.0,0.0,40.0,118.32062588438399,1.0,118.32062588438399,70.99237553063038,4.485239798498255,1066.4474652211297,3.3566880153629195,5.0,False,False,,,5,False,33466.0,2.0,29053862.0,False,25.719762295847808,5.0,54.70942306518555,227.0,108.0,299.0,unmeasurable,,voluntary,mandatory,2026-09-12 16:53:36+00:00
DTE,DTE Energy,0000936340,Utilities,Multi-Utilities,D,True,,Michigan,1957-03-04,23423239.403256,2023.0,23423239.403256,0.0,23491671.5859245,0.0,39.0,False,10609408.259807108,2026.0,,,,11469785.96,2026.0,23423239.403256,2023.0,ghgrp_fossil,1.0,False,,,,,,,,,,,,442.69617408786,756.9907147720922,27073651.0,-3.5914836688276663,ghgrp,2.0,0.4397392159796483,0.8213098354163272,14.0,2010.0,2023.0,-3.142800829082548,-4.4618,nzt_interim,2.0,2028.0,2005.0,0.8703163311723339,,,,,15814.0,sec_xbrl,1,2025,2025-12-31,2374.0,sec_xbrl,1.0,2025.0,,,1732.0,sec_secondhand,2024.0,3823.0,sec_ebit_plus_secondhand_da,2.0,2024.0,26023.0,sec_xbrl,1,2025.0,42.0,27580.393737540002,sec_shares_x_price,1,False,53603.39373754,True,55391.318016,15.314,yahoo,2,15.314,-2596.624896,0.388,16465.000448,0.039542005515164576,98.5853,141.962832,100.0,100.0,0.0,80.0,3325.2294003002107,0.7741191225547175,2574.1236656535484,514.8247331307095,21.685961799945645,7884.025963163686,14.233324364815358,5.0,True,True,Article 12(1)(g),power_intensity_12g,5,True,217573600.0,35.0,220845553.0,False,30.115739110219778,5.0,26.25250244140625,369.0,53.0,485.0,measured,,mandatory,mandatory,2026-09-12 16:53:36+00:00
DUK,Duke Energy,0001326160,Utilities,Electric Utilities,D,True,,North Carolina,1976-06-30,72775625.1168672,2023.0,72775625.1168672,0.0,72831728.4523183,0.0,56.0,False,39167568.94812517,2026.0,73000000.0,2023.0,wba,42493507.745,2026.0,73000000.0,2023.0,self_reported,2.0,False,414000.0,wba,2.0,,2023.0,34154100.0,wba,2.0,2023.0,73000000.0,2023.0,270.48892363262,599.6492856894989,115289851.0,-4.590646494613471,ghgrp,2.0,0.281316948492047,0.9493281229408427,14.0,2010.0,2023.0,-4.9675093283482745,-2.7345,nzt_interim,2.0,2030.0,2005.0,-1.8561464946134705,,,,,31741.0,sec_xbrl,1,2025,2025-12-31,8626.0,sec_xbrl,1.0,2025.0,14024.0,2025.0,6419.0,sec_secondhand,2024.0,14345.0,sec_ebit_plus_secondhand_da,2.0,2024.0,89836.0,sec_xbrl,1,2025.0,673.0,93099.38023414,sec_shares_x_price,1,False,182935.38023414,True,187730.034688,11.297,yahoo,2,11.297,-4477.374976,0.364,32803.00032,0.1334765646099554,98.5853,141.962832,100.0,100.0,0.0,80.0,10422.059348448,0.7196754226628773,7500.499966611906,1500.099993322381,17.390447406936943,16946.62962456294,9.027127519966411,5.0,True,True,Article 12(1)(c);Article 12(1)(g),nbim_exclusion,2,True,2535058269.0,64.0,2953511848.0,False,34.03583697110226,5.0,22.44489288330078,388.0,20.0,490.0,measured,,voluntary,mandatory,2026-09-12 16:53:36+00:00
DVA,DaVita,0000927066,Health Care,Health Care Services,Q,True,,Colorado,2008-07-31,,,,,,,,False,,,,,,,,,,,,False,,,,,,,,,,,,472.88773582743,,,,,,,,,,,,-5.6126,sbti_s12_absolute,2.0,2030.0,2018.0,,Targets set,1.5°C,,,13643.069,sec_xbrl,1,2025,2025-12-31,2043.615,sec_xbrl,1.0,2025.0,575.864,2025.0,716.396,sec_secondhand,2024.0,2806.879,sec_ebit_plus_secondhand_da,2.0,2024.0,10273.189,sec_xbrl,1,2025.0,688.876992,11582.89,sec_shares_x_price,1,False,21856.078999999998,True,26145.021952,9.251,yahoo,2,9.251,1042.460032,0.83,14009.64608,0.01660638729889272,98.5853,141.962832,100.0,100.0,0.0,70.0,,1.0,,,,,,,False,False,,,5,False,58520.0,1.0,103996046.0,False,37.322769321613215,5.0,45.49098205566406,273.0,65.0,355.0,unmeasurable,,,mandatory,2026-09-12 16:53:36+00:00
DVN,Devon Energy,0001090012,Energy,Oil & Gas Exploration & Production,B,True,,Oklahoma,2000-08-30,4402834.4377427995,2023.0,4402834.4377427995,0.0,4499015.643023799,0.0,25.0,False,,,6014444.0,2024.0,wba,,,6014444.0,2024.0,self_reported,1.0,False,390625.0,wba,1.0,,2024.0,109000000.0,wba,1.0,2024.0,6405069.0,2024.0,397.15051062379,,,2.8914299025661006,ghgrp,2.0,2.867183985645414,0.09768840660349498,10.0,2014.0,2023.0,,,,,,,,,,,,17188.0,sec_xbrl,1,2025,2025-12-31,3466.0,sec_xbrl,1.0,2025.0,3592.0,2025.0,3255.0,sec_secondhand,2024.0,6967.0,sec_ebit_plus_secondhand_da,2.0,2024.0,9387.0,sec_xbrl,1,2025.0,950.0,55253.0,sec_shares_x_price,1,False,64640.0,True,66196.000768,7.418,yahoo,2,7.418,782.625024,0.426,18780.99968,0.07921621611063555,98.5853,141.962832,100.0,100.0,0.0,60.0,909.281734395408,1.186520418975778,1078.8813444618615,431.55253778474463,12.451025325584093,3201.256725287236,4.836027385561886,5.0,False,True,Article 12(1)(e),sec_segment,1,True,2955278.0,35.0,441618709.0,False,18.890786333546096,5.0,34.6015739440918,327.338134765625,53.0,468.0,measured,,voluntary,mandatory,2026-09-12 16:53:36+00:00
DXCM,Dexcom,0001093557,Health Care,Health Care Equipment,C,True,,California,2020-05-12,,,,,,,,False,,,,,,,,,,,,False,,,,,,,,,,,,195.03700802971002,,,,,,,,,,,,,,,,,,Commitment removed,,,,4662.0,sec_xbrl,1,2025,2025-12-31,911.8,sec_xbrl,1.0,2025.0,363.5,2025.0,217.7,sec_secondhand,2024.0,817.7,sec_ebit_plus_secondhand_da,2.0,2024.0,2.9,sec_xbrl,1,2015.0,1947.000064,31332.26431795,sec_shares_x_price,1,False,31335.164317950002,True,30783.664128,21.938,yahoo,2,21.938,1021.162496,1.419,4969.200128,0.044921061687985854,98.5853,141.962832,100.0,100.0,0.0,70.0,,1.0,,,,,,,False,False,,,5,True,0.0,0.0,5000.0,True,30.30427020090637,5.0,83.26653289794922,84.5,30.5,283.0,unmeasurable,,,mandatory,2026-09-12 16:53:36+00:00
EBAY,eBay Inc.,0001065088,Consumer Discretionary,Broadline Retail,G,True,,California,2002-07-22,,,,,,,,False,,,4951.0,2024.0,wba,,,4951.0,2024.0,self_reported,1.0,False,122216.0,wba,1.0,,2024.0,1762807.0,wba,1.0,2024.0,5097.0,2024.0,195.03700802971002,,,,,,,,,,,,-18.8869,sbti_s12_absolute,2.0,2030.0,2019.0,,Targets set,1.5°C,Targets set,2045.0,11100.0,sec_xbrl,1,2025,2025-12-31,2277.0,sec_xbrl,1.0,2025.0,525.0,2025.0,370.0,sec_secondhand,2024.0,2688.0,sec_ebit_plus_secondhand_da,2.0,2024.0,6746.0,sec_xbrl,1,2025.0,3307.000064,47948.75,sec_shares_x_price,1,False,54694.75,True,51779.751936,16.725,yahoo,2,16.725,1579.62496,1.339,12007.999488,0.06874411420619399,98.5853,141.962832,100.0,100.0,0.0,40.0,18.052987456944,1.0,18.052987456944,10.831792474166399,0.4757045443199999,181.16172913043303,0.3498698281798447,5.0,False,False,,,5,True,0.0,0.0,121173503.0,True,64.94006447582635,5.0,80.76152038574219,97.0,30.5,287.0,reported,,voluntary,mandatory,2026-09-12 16:53:36+00:00
ECHO,EchoStar,0001415404,Communication Services,Wireless Telecommunication Services,J,True,,Colorado,2026-03-23,,,,,,,,False,,,,,,,,,,,,False,1319600.0,report_pdf,3.0,,2020.0,2357100.0,report_pdf,3.0,2020.0,,,472.88773582743,,,,,,,,,,,,,,,,,,,,,,15004.989,sec_xbrl,1,2025,2025-12-31,-17723.146,sec_xbrl,1.0,2025.0,965.73,2025.0,1930.193,sec_secondhand,2024.0,1626.123,sec_ebit_plus_secondhand_da,2.0,2024.0,25979.871,sec_xbrl,1,2025.0,496.192992,26786.03946,sec_shares_x_price,1,True,52765.91046,True,44181.643264,22.212,yahoo,2,22.212,-18870.501376,1.009,14653.925376,0.038403139931069294,98.5853,141.962832,100.0,100.0,0.0,60.0,187.3341531072,1.0,187.3341531072,74.93366124288,,1664.4264835268507,3.7672353506214096,5.0,False,False,,,5,False,5500000.0,1.0,526901073.0,False,17.793594306049823,1.0,18.436872482299805,408.0,26.5,487.0,reported,,,mandatory,2026-09-12 16:53:36+00:00
ECL,Ecolab,0000031462,Materials,Specialty Chemicals,C,True,,Minnesota,1989-01-31,,,,,,,,False,,,282199.0,2021.0,report_pdf,,,282199.0,2021.0,self_reported,2.0,False,48800.0,report_pdf,2.0,130778.0,2021.0,7437488.0,report_pdf,2.0,2021.0,,,420.27691760824,,,,,,,,,,,,-6.9428,sbti_s12_absolute,2.0,2050.0,2018.0,,Targets set,1.5°C,Targets set,2050.0,16081.2,sec_xbrl,1,2025,2025-12-31,2737.6,sec_xbrl,1.0,2025.0,1048.3,2025.0,,,,4135.699968,yahoo_ttm,3.0,,8130.1,sec_xbrl,1,2025.0,5135.300096,77421.15357654,sec_shares_x_price,1,False,85551.25357654001,True,86233.554944,19.408199999999997,yahoo_winsorised,3,20.851,1474.82496,0.89,16842.500096,0.11099869388547043,98.5853,141.962832,100.0,100.0,0.0,35.0,46.989555429168,1.0,46.989555429168,30.543211028959202,1.1156929803097313,592.7887482922459,0.6874223713462845,5.0,False,False,,,5,True,5571859.0,39.0,124236821.0,False,52.81454764110456,5.0,17.835670471191406,411.0,264.0,484.0,reported,,voluntary,mandatory,2026-09-12 16:53:36+00:00
ED,Consolidated Edison,0001047862,Utilities,Multi-Utilities,D,True,,New York,1957-03-04,2697527.378,2023.0,2697527.378,0.0,2733186.0160000003,0.0,9.0,False,1138983.1643359787,2026.0,2587000.0,2024.0,wba,836317.0,2026.0,2697527.378,2023.0,ghgrp_fossil_floor,1.0,True,900000.0,wba,2.0,,2024.0,32000000.0,wba,2.0,2024.0,3487000.0,2024.0,392.69487277328005,466.7008940780247,3079495.0,-1.8159471840137997,ghgrp,2.0,0.16427198902314166,0.8962794319242025,14.0,2010.0,2023.0,-1.7277270534368228,-6.3671,netzero_inferred,2.0,2040.0,2005.0,4.5511528159862,,,,,16918.0,sec_xbrl,1,2025,2025-12-31,2935.0,sec_xbrl,1.0,2025.0,4465.0,2022.0,,,,6161.999872,yahoo_ttm,3.0,,25801.0,sec_xbrl,1,2025.0,1470.0,39233.672394299996,sec_shares_x_price,1,False,65034.672394299996,True,66221.95712,10.747,yahoo,2,10.747,-844.875008,0.259,17688.999936,0.05624930901852831,98.5853,141.962832,100.0,100.0,0.0,80.0,510.7151747784145,0.8796029633341611,449.22658115481744,89.84531623096346,3.061169207187852,965.5676135341644,1.458077736640237,5.0,True,True,Article 12(1)(g),power_intensity_12g,5,True,249406.0,10.0,547165280.0,False,49.86385166719408,5.0,66.83366394042969,166.5,4.0,422.0,measured,,mandatory,mandatory,2026-09-12 16:53:36+00:00
EFX,Equifax,0000033185,Industrials,Research & Consulting Services,M,True,,Georgia,1997-06-19,,,,,,,,False,,,,,,,,,,,,False,,,,,,,,,,,,383.74232016659,,,,,,,,,,,,-5.8935,sbti_s12_absolute,2.0,2032.0,2019.0,,Targets set,1.5°C,,,6074.5,sec_xbrl,1,2025,2025-12-31,1095.2,sec_xbrl,1.0,2025.0,481.4,2025.0,680.6,sec_secondhand,2024.0,1722.6999999999998,sec_ebit_plus_secondhand_da,2.0,2024.0,4055.3,sec_xbrl,1,2025.0,170.1,19854.947424,sec_shares_x_price,1,False,23910.247424,True,25291.646976,13.143,yahoo,2,13.143,947.537472,1.305,6444.499968,0.028466034532150124,98.5853,141.962832,100.0,100.0,0.0,50.0,,1.0,,,,,,,False,False,,,5,False,0.0,0.0,1157351883.0,True,33.212557802155395,5.0,80.86172485351562,96.5,12.0,394.5,unmeasurable,,,mandatory,2026-09-12 16:53:36+00:00
EG,Everest Group,0001095073,Financials,Reinsurance,K,True,,Bermuda,2017-06-19,,,,,,,,False,,,,,,,,,,,,False,,,,,,,,,,,,349.6670732320368,,,,,,,,,,,,,,,,,,,,,,17496.0,sec_xbrl,1,2025,2025-12-31,1887.0,sec_xbrl,1.0,2025.0,,,,,,,,,,3588.999936,yahoo,3,,3620.0,14252.377655139999,sec_shares_x_price,1,False,17841.37759114,True,14221.377536,11.851,sector_median,4,,2064.625024,0.277,16824.999936,0.02043363126744183,98.5853,141.962832,100.0,100.0,0.0,50.0,,1.0,,,,,,,False,False,,,5,False,0.0,0.0,148000.0,True,66.47801349315849,2.0,55.31061935424805,224.0,96.5,418.0,unmeasurable,,,vendor,2026-09-12 16:53:36+00:00
EIX,Edison International,0000827052,Utilities,Electric Utilities,D,True,,California,1957-03-04,1102588.89792864,2023.0,1102588.89792864,0.0,1102633.90892864,0.0,9.0,False,56211.11149448257,2026.0,,,,244619.6,2026.0,1102588.89792864,2023.0,ghgrp_fossil,1.0,False,,,,,,,,,,,,195.03700802971002,417.8501926658478,2603665.79,-8.676538516758193,ghgrp,2.0,2.56358995618229,0.5228150355092076,10.0,2014.0,2023.0,-9.498500947192035,-8.7989,netzero_inferred,2.0,2045.0,2020.0,0.12236148324180718,,,,,19317.0,sec_xbrl,1,2025,2025-12-31,7093.0,sec_xbrl,1.0,2025.0,6515.0,2025.0,2866.0,sec_secondhand,2024.0,5796.0,sec_ebit_plus_secondhand_da,2.0,2024.0,40388.0,sec_xbrl,1,2025.0,242.0,21548.460696,sec_shares_x_price,1,False,61936.460695999995,True,66494.582784,9.856,yahoo_winsorised,3,7.446,82.375,0.614,19423.000576,0.03089402420404091,98.5853,141.962832,100.0,100.0,0.0,80.0,156.52664248170868,0.5297568133786821,82.92105532997424,16.584211065994843,0.23381095539256794,163.45398426644516,0.24581548965786676,5.0,True,True,Article 12(1)(g),power_intensity_12g,5,True,42879024.0,32.0,1444801388.0,False,39.700774698591985,4.0,87.9759521484375,61.0,5.0,427.0,measured,,mandatory,mandatory,2026-09-12 16:53:36+00:00
EL,Estée Lauder Companies (The),0001001250,Consumer Staples,Personal Care Products,C,True,,New York,2006-01-05,,,,,,,,False,,,36600.0,2024.0,wba,,,36600.0,2024.0,self_reported,1.0,False,63100.0,wba,1.0,,2024.0,1771800.0,wba,1.0,2024.0,38500.0,2024.0,392.69487277328005,,,,,,,,,,,,-5.6757,sbti_s12_absolute,2.0,2030.0,2018.0,,Targets set,1.5°C,,,14326.0,sec_xbrl,1,2025,2025-06-30,-785.0,sec_xbrl,1.0,2025.0,602.0,2025.0,825.0,sec_secondhand,2024.0,1795.0,sec_ebit_plus_secondhand_da,2.0,2024.0,7317.0,sec_xbrl,1,2025.0,3497.999872,35429.376,sec_shares_x_price,1,False,42746.376,True,40885.878784,16.654,yahoo,2,16.654,1812.125056,1.274,15048.999936,0.05079508996581117,98.5853,141.962832,100.0,100.0,0.0,70.0,14.153694350399999,1.0,14.153694350399999,4.24610830512,,70.71468771346848,0.17295626220254187,5.0,False,False,,,5,True,0.0,0.0,19224754.0,True,31.32285006146463,4.0,77.25450897216797,114.5,4.5,439.5,unmeasurable,,voluntary,mandatory,2026-09-12 16:53:36+00:00
ELV,Elevance Health,0001156039,Health Care,Managed Health Care,K,True,,Indiana,2002-07-25,,,,,,,,False,,,,,,,,,,,,False,,,,,,,,,,,,415.51510490798,,,,,,,,,,,,-5.4796,sbti_s12_absolute,2.0,2030.0,2019.0,,Targets set,1.5°C,,,199125.0,sec_xbrl,1,2025,2025-12-31,7199.0,sec_xbrl,1.0,2025.0,1116.0,2025.0,1393.0,sec_secondhand,2024.0,9255.0,sec_ebit_plus_secondhand_da,2.0,2024.0,32046.0,sec_xbrl,1,2025.0,37513.998336,90807.5091088,sec_shares_x_price,1,False,122853.5091088,True,84476.510208,10.149,yahoo,2,10.149,4306.375168,0.696,201113.993216,0.1301907093919101,98.5853,141.962832,100.0,100.0,0.0,70.0,,1.0,,,,,,,False,False,,,5,False,0.0,0.0,1082823686.0,True,72.81539629263506,4.0,83.26653289794922,84.5,30.5,283.0,unmeasurable,,,mandatory,2026-09-12 16:53:36+00:00
EME,Emcor,0000105634,Industrials,Construction & Engineering,F,True,,Connecticut,2025-09-22,,,,,,,,False,,,,,,,,,,,,False,,,,,,,,,,,,246.38139635186002,,,,,,,,,,,,,,,,,,Commitment removed,,,,16986.422,sec_xbrl,1,2025,2025-12-31,1713.418,sec_xbrl,1.0,2025.0,112.75,2025.0,51.822,sec_secondhand,2023.0,927.578,sec_ebit_plus_secondhand_da,2.0,2023.0,5.303,sec_xbrl,1,2023.0,924.411008,34434.83531466,sec_shares_x_price,1,False,34440.13831466,True,34059.48928,17.111,yahoo,2,17.111,978.2816,1.13,18597.77536,0.049369217165045366,98.5853,141.962832,100.0,100.0,0.0,50.0,,1.0,,,,,,,False,False,,,5,True,0.0,0.0,261085.0,True,5.6939501779359425,1.0,80.86172485351562,96.5,12.0,394.5,unmeasurable,,,mandatory,2026-09-12 16:53:36+00:00
EMR,Emerson Electric,0000032604,Industrials,Electrical Components & Equipment,C,True,,Missouri,1965-03-31,,,,,,,,False,,,,,,,,,,,,False,,,,,,,,,,,,566.3472685193401,,,,,,,,,,,,-22.5736,sbti_s12_absolute,2.0,2030.0,2021.0,,Targets set,1.5°C,Targets set,2045.0,18016.0,sec_xbrl,1,2025,2025-09-30,2934.0,sec_xbrl,1.0,2025.0,431.0,2025.0,1689.0,sec_secondhand,2024.0,3709.0,sec_ebit_plus_secondhand_da,2.0,2024.0,8924.0,sec_xbrl,1,2025.0,2180.0,84891.582,sec_shares_x_price,1,False,93815.582,True,96528.580608,15.934,yahoo,2,15.934,3706.249984,1.233,18635.999232,0.12170904576558265,98.5853,141.962832,100.0,100.0,0.0,50.0,,1.0,,,,,,,False,False,,,5,True,73719.0,6.0,949214.0,False,33.24390297268092,5.0,61.923851013183594,191.0,58.0,398.5,unmeasurable,,,mandatory,2026-09-12 16:53:36+00:00
EOG,EOG Resources,0000821189,Energy,Oil & Gas Exploration & Production,B,True,,Texas,2000-11-02,5211851.17,2023.0,5211851.17,0.0,5253542.752,0.0,57.0,False,,,5700000.0,2023.0,wba,142753.1058673064,2026.0,5700000.0,2023.0,self_reported,1.0,False,393853.0,wba,1.0,,2023.0,118000000.0,wba,1.0,2023.0,6000000.0,2023.0,334.12929392073005,,,0.6124788077567445,ghgrp,2.0,0.9962858252958663,0.027972902072601835,13.0,2011.0,2023.0,,-2.108,nzt_interim,2.0,2025.0,2019.0,2.7204788077567446,,,,,22632.0,sec_xbrl,1,2025,2025-12-31,6385.0,sec_xbrl,1.0,2025.0,269.0,2025.0,4108.0,sec_secondhand,2024.0,12190.0,sec_ebit_plus_secondhand_da,2.0,2024.0,7936.0,sec_xbrl,1,2025.0,4906.999808,77294.61937536,sec_shares_x_price,1,False,85230.61937536,True,80637.616128,5.563,yahoo,2,5.563,4478.750208,0.272,26720.999424,0.11081728182411517,98.5853,141.962832,100.0,100.0,0.0,60.0,865.100629671696,1.0436693811635407,902.8790388136483,361.15161552545936,5.656250830469214,2009.0864371681303,2.4915002868872143,5.0,False,True,Article 12(1)(e),sec_segment,1,True,3996197.0,19.0,4388810.0,False,10.179428755232646,5.0,52.505008697509766,238.0,28.0,441.0249938964844,measured,,voluntary,mandatory,2026-09-12 16:53:36+00:00
EQIX,Equinix,0001101239,Real Estate,Data Center REITs,L,True,,California,2015-03-20,,,,,,,,False,,,59400.0,2024.0,wba,,,59400.0,2024.0,self_reported,1.0,False,2645700.0,wba,1.0,,2024.0,1435000.0,wba,1.0,2024.0,312700.0,2024.0,195.03700802971002,,,,,,,,,,,,-10.3849,sbti_s12_absolute,2.0,2040.0,2019.0,,Targets set,1.5°C,Targets set,2040.0,9217.0,sec_xbrl,1,2025,2025-12-31,1848.0,sec_xbrl,1.0,2025.0,4311.0,2025.0,2009.0,sec_secondhand,2024.0,3337.0,sec_ebit_plus_secondhand_da,2.0,2024.0,21084.0,sec_xbrl,1,2025.0,979.0,102393.58199592,sec_shares_x_price,1,False,123477.58199592,True,124786.581504,27.486,yahoo,2,27.486,3776.0,0.973,9904.0,0.1468016599954913,98.5853,141.962832,100.0,100.0,0.0,60.0,384.02365684319994,1.0,384.02365684319994,153.60946273727998,8.312200364571428,4222.109692796877,3.383464505485743,5.0,False,False,,,5,True,27834.0,2.0,41527834.0,False,84.63241818702308,5.0,39.27855682373047,304.0,99.5,390.0,reported,,voluntary,mandatory,2026-09-12 16:53:36+00:00
EQT,EQT Corporation,0000033213,Energy,Oil & Gas Exploration & Production,B,True,,Pennsylvania,2022-10-03,1821595.6804,2023.0,1821595.6804,0.0,1855822.8675999998,0.0,28.0,False,,,,,,,,1821595.6804,2023.0,ghgrp_fossil,1.0,False,,,,,,,,,,,,271.7789403329,,,-0.525194643642124,ghgrp,2.0,2.4183057068951475,0.005550085877725541,8.0,2016.0,2023.0,,,,,,,,,,,,8644.211,sec_xbrl,1,2025,2025-12-31,3249.619,sec_xbrl,1.0,2025.0,2288.425,2025.0,2162.35,sec_secondhand,2024.0,2847.6459999999997,sec_ebit_plus_secondhand_da,2.0,2024.0,7800.328,sec_xbrl,1,2025.0,112.863,33821.65012,sec_shares_x_price,1,False,41621.97812,True,42969.022464,6.143,yahoo,2,6.143,2460.903936,0.576,9293.919232,0.04849009366232101,98.5853,141.962832,100.0,100.0,0.0,60.0,258.5988815485509,0.9638105730141591,249.24033620612946,99.69613448245178,3.067933024839274,612.4333541257013,1.4252904045904369,5.0,False,True,Article 12(1)(e);Article 12(1)(f),sec_segment,4,True,15817698.0,75.0,18856118.0,False,3.255565767953007,3.0,45.775001525878906,271.5827331542969,25.0,450.0,measured,,mandatory,mandatory,2026-09-12 16:53:36+00:00
ERIE,Erie Indemnity,0000922621,Financials,Insurance Brokers,K,True,,Pennsylvania,2024-09-23,,,,,,,,False,,,,,,,,,,,,False,,,,,,,,,,,,271.7789403329,,,,,,,,,,,,,,,,,,,,,,4067.258,sec_xbrl,1,2025,2025-12-31,717.184,sec_xbrl,1.0,2025.0,115.692,2025.0,56.53,sec_secondhand,2024.0,732.985,sec_ebit_plus_secondhand_da,2.0,2024.0,40.0,sec_xbrl,1,2022.0,305.008992,12812.585984,yahoo_override_upc,3,True,12852.585984,True,12570.734592,15.055,yahoo,2,15.055,481.207744,0.305,4119.469056,0.0183694022088329,98.5853,141.962832,100.0,100.0,0.0,50.0,,1.0,,,,,,,False,False,,,5,False,0.0,0.0,2990474.0,True,,0.0,55.31061935424805,224.0,96.5,418.0,unmeasurable,,,vendor,2026-09-12 16:53:36+00:00
ES,Eversource Energy,0000072741,Utilities,Electric Utilities,D,True,,Connecticut,2009-07-24,206262.3,2023.0,206262.3,0.0,245795.868,0.0,6.0,False,834606.558857225,2017.0,,,,5576.8085,2026.0,206262.3,2023.0,ghgrp_fossil,1.0,False,,,,,,,,,,,,246.38139635186002,,,5.591221750246067,ghgrp,2.0,2.6581175719608408,0.3915703686847726,7.0,2017.0,2023.0,-18.082691245719605,-3.4556,nzt_interim,2.0,2035.0,2018.0,9.046821750246067,Commitment removed,,,,13547.244,sec_xbrl,1,2025,2025-12-31,2988.589,sec_xbrl,1.0,2025.0,4158.669,2025.0,1776.4,sec_secondhand,2024.0,4185.109,sec_ebit_plus_secondhand_da,2.0,2024.0,28265.381,sec_xbrl,1,2025.0,1819.31904,25809.754144079998,sec_shares_x_price,1,False,54075.13514408,True,53953.789952,10.937,yahoo,2,10.937,811.961344,0.698,13998.372864,0.03700343985014049,98.5853,141.962832,100.0,100.0,0.0,80.0,29.281580242833595,1.4635066649348625,42.853787845211954,8.570757569042389,0.2867827449355662,93.7383755326166,0.17373825938087195,5.0,False,False,,,5,True,62589327.0,16.0,378827868.0,False,70.98528751851833,4.0,28.957916259765625,355.5,11.0,489.0,measured,,mandatory,mandatory,2026-09-12 16:53:36+00:00
ESS,Essex Property Trust,0000920522,Real Estate,Multi-Family Residential REITs,L,True,,California,2014-04-02,,,,,,,,False,,,,,,,,,,,,False,,,,,,,,,,,,195.03700802971002,,,,,,,,,,,,-6.73,sbti_s12_absolute,2.0,2034.0,2018.0,,Targets set,1.5°C,,,1887.345,sec_xbrl,1,2025,2025-12-31,899.316,sec_xbrl,1.0,2025.0,831.661,2025.0,,,,1230.545024,yahoo_ttm,3.0,,6836.802,sec_xbrl,1,2025.0,67.527,17539.499687490003,sec_shares_x_price,1,False,24376.301687490002,True,24410.042368,19.837,yahoo,2,19.837,1043.92672,0.706,1980.775936,0.02514637753093285,98.5853,141.962832,100.0,100.0,0.0,60.0,,1.0,,,,,,,False,False,,,5,True,0.0,0.0,25975.0,True,74.88909187640652,4.0,74.44889831542969,128.5,73.5,330.5,unmeasurable,,,mandatory,2026-09-12 16:53:36+00:00
ETN,Eaton Corporation,0001551182,Industrials,Electrical Components & Equipment,C,True,,Ireland,1957-03-04,,,,,,,,False,,,183752.0,2024.0,wba,,,183752.0,2024.0,self_reported,1.0,False,517725.0,wba,1.0,,2024.0,51617848.0,wba,1.0,2024.0,635638.0,2024.0,349.6670732320368,,,,,,,,,,,,-6.9428,sbti_s12_absolute,2.0,2050.0,2018.0,,Targets set,1.5°C,Targets set,2050.0,27448.0,sec_xbrl,1,2025,2025-12-31,4932.0,sec_xbrl,1.0,2025.0,919.0,2025.0,921.0,sec_secondhand,2024.0,5487.0,sec_ebit_plus_secondhand_da,2.0,2024.0,9894.0,sec_xbrl,1,2025.0,695.0,165213.708,sec_shares_x_price,1,False,175107.708,True,185889.701888,28.0,yahoo,2,28.0,3106.125056,1.168,30026.000384,0.23686686329009174,98.5853,141.962832,100.0,100.0,0.0,50.0,99.58366150286399,1.0,99.58366150286399,49.791830751431995,1.0095667224540146,1394.171261040096,0.7499991913915139,5.0,False,False,,,5,True,1040597.0,14.0,2482690.0,False,68.06097971308205,4.0,39.07815933227539,305.0,138.0,407.5,unmeasurable,,voluntary,mandatory,2026-09-12 16:53:36+00:00
ETR,Entergy,0000065984,Utilities,Electric Utilities,D,True,,Louisiana,1957-03-04,38227811.3537876,2023.0,38227811.3537876,0.0,38235260.0030595,0.0,52.0,False,19332215.59648638,2026.0,,,,14025629.047,2026.0,38227811.3537876,2023.0,ghgrp_fossil,1.0,False,,,,,,,,,,,,336.44805811617,501.9224947401639,88259211.0,0.5344170424856465,ghgrp,2.0,0.3250282850551079,0.15872889348367147,14.0,2010.0,2023.0,-0.5861558794008404,-7.8945,netzero_inferred,2.0,2050.0,2022.0,8.428917042485647,,,,,12946.686,sec_xbrl,1,2025,2025-12-31,3202.278,sec_xbrl,1.0,2025.0,7684.922,2025.0,2233.248,sec_secondhand,2024.0,4884.338,sec_ebit_plus_secondhand_da,2.0,2024.0,30934.935,sec_xbrl,1,2025.0,3855.04512,48223.4519331,sec_shares_x_price,1,False,79158.3869331,True,80233.545728,14.488,yahoo,2,14.488,-4400.858112,0.481,13482.226688,0.06913795431801523,98.5853,141.962832,100.0,100.0,0.0,80.0,5426.928360945441,1.0380143269849416,5633.229390182274,1126.6458780364546,35.18263804817866,16322.845480992155,20.34416568891058,5.0,True,True,Article 12(1)(g),power_intensity_12g,5,True,135783.0,13.0,327959852.0,False,34.919539667328344,5.0,7.929533958435059,460.431640625,13.0,496.0,measured,,mandatory,mandatory,2026-09-12 16:53:36+00:00
EVRG,Evergy,0001711269,Utilities,Electric Utilities,D,True,,Missouri,2018-06-05,23268920.07398,2023.0,23268920.07398,0.0,23261560.192342,0.0,24.0,False,9873874.479104012,2026.0,,,,8316010.534,2026.0,23268920.07398,2023.0,ghgrp_fossil,1.0,False,,,,,,,,,,,,566.3472685193401,914.4018346644912,26287761.0,-5.530068243175689,ghgrp,2.0,0.43463779536844366,0.9189333429533837,14.0,2010.0,2023.0,-5.278766485444175,-5.5939,netzero_inferred,2.0,2045.0,2005.0,0.0638317568243103,,,,,5961.6,sec_xbrl,1,2025,2025-12-31,1532.9,sec_xbrl,1.0,2025.0,2796.9,2025.0,,,,2840.399872,yahoo_ttm,3.0,,13406.2,sec_xbrl,1,2025.0,21.8,18814.4731005,sec_shares_x_price,1,False,32220.6731005,True,35347.791872,12.445,yahoo,2,12.445,-1443.36256,0.51,6093.899776,0.02697430668265881,98.5853,141.962832,100.0,100.0,0.0,80.0,3303.3217912838495,0.6715142164181238,2218.227544250887,443.64550885017735,28.94158189380764,5521.1683576404575,15.61955659814194,5.0,True,True,Article 12(1)(g),power_intensity_12g,5,True,509551620.0,6.0,558721014.0,False,41.95281119708433,2.0,10.721445083618164,446.5,43.0,496.0,measured,,mandatory,mandatory,2026-09-12 16:53:36+00:00
EW,Edwards Lifesciences,0001099800,Health Care,Health Care Equipment,C,True,,California,2011-04-01,,,,,,,,False,,,,,,,,,,,,False,,,,,,,,,,,,195.03700802971002,,,,,,,,,,,,-5.873,sbti_s12_absolute,2.0,2030.0,2021.0,,Targets set,1.5°C,,,6067.6,sec_xbrl,1,2025,2025-12-31,1264.2,sec_xbrl,1.0,2025.0,260.2,2025.0,155.2,sec_secondhand,2024.0,1533.9,sec_ebit_plus_secondhand_da,2.0,2024.0,598.3,sec_xbrl,1,2025.0,4252.699904,48630.868,sec_shares_x_price,1,False,49229.168000000005,True,45189.46816,22.631,yahoo,2,22.631,1232.412544,0.852,6512.300032,0.06972206665947171,98.5853,141.962832,100.0,100.0,0.0,70.0,,1.0,,,,,,,False,False,,,5,True,268774.0,2.0,10268774.0,False,53.09110800677872,4.0,31.46292495727539,343.0,78.0,457.0,unmeasurable,,,mandatory,2026-09-12 16:53:36+00:00
EXC,Exelon,0001109357,Utilities,Electric Utilities,D,True,,Illinois,1957-03-04,301249.6376,2023.0,301249.6376,0.0,357873.1006,0.0,17.0,False,22776.415111758,2026.0,,,,206477.0,2026.0,301249.6376,2023.0,ghgrp_fossil,1.0,False,,,,,,,,,,,,415.51510490798,412.83118506167995,1334632.0,-4.180210228077996,ghgrp,2.0,1.3983651674677926,0.4291229354016508,12.0,2010.0,2021.0,-4.32486180255175,-4.5158,nzt_interim,2.0,2030.0,2015.0,0.33558977192200334,,,,,24258.0,sec_xbrl,1,2025,2025-12-31,5148.0,sec_xbrl,1.0,2025.0,8529.0,2025.0,3596.0,sec_secondhand,2024.0,7915.0,sec_ebit_plus_secondhand_da,2.0,2024.0,49690.0,sec_xbrl,1,2025.0,1812.999936,44161.66340871999,sec_shares_x_price,1,False,93851.66340872,True,95412.084736,11.42,yahoo,2,11.42,-2685.12512,0.389,25326.000128,0.06331456884495519,98.5853,141.962832,100.0,100.0,0.0,80.0,42.766251692669684,0.7416286448940171,31.716677290031086,6.343335458006216,0.12321941449118523,72.44089093043098,0.07592423028054669,5.0,True,True,Article 12(1)(g),power_intensity_12g,5,True,69578606.0,34.0,376745114.0,False,51.48117640274237,5.0,84.76953887939453,77.0,2.0,425.0,measured,,mandatory,mandatory,2026-09-12 16:53:36+00:00
EXE,Expand Energy,0000895126,Energy,Oil & Gas Exploration & Production,B,True,,Oklahoma,2025-03-24,791729.648,2023.0,1897947.68,0.0,821708.7460407991,1106218.032,68.0,False,,,1630000.0,2024.0,wba,,,1630000.0,2024.0,self_reported,1.0,False,20000.0,wba,1.0,,2024.0,130000000.0,wba,1.0,2024.0,1650000.0,2024.0,397.15051062379,,,-11.484471754002845,ghgrp,2.0,1.4563370702261482,0.812054276717002,13.0,2011.0,2023.0,,-13.7972,nzt_interim,2.0,2025.0,2020.0,2.312728245997155,,,,,12124.0,sec_xbrl,1,2025,2025-12-31,2471.0,sec_xbrl,1.0,2025.0,2736.0,2025.0,1729.0,sec_secondhand,2024.0,926.0,sec_ebit_plus_secondhand_da,2.0,2024.0,5009.0,sec_xbrl,1,2025.0,663.0,22686.07175067,sec_shares_x_price,1,False,27695.07175067,True,25018.505216,4.0,yahoo_winsorised,3,3.722,1466.249984,0.323,12657.999872,0.032525016967448986,98.5853,141.962832,100.0,100.0,0.0,60.0,234.2386728,0.48096867595433207,112.66146431391601,45.06458572556641,1.8237387990921252,180.25834290226564,0.7205000512460098,5.0,False,True,Article 12(1)(f),sec_segment,1,True,24067443.0,49.0,65240080.0,False,,,54.10821533203125,230.0,16.0,438.0,measured,,voluntary,mandatory,2026-09-12 16:53:36+00:00
EXPD,Expeditors International,0000746515,Industrials,Air Freight & Logistics,H,True,,Washington,2007-10-10,,,,,,,,False,,,7056.0,2021.0,report_pdf,,,7056.0,2021.0,self_reported,3.0,False,42143.0,report_pdf,3.0,,2021.0,3421.78,wba,2.0,2024.0,44194.63,2024.0,288.15226411279,,,,,,,,,,,,,,,,,,,,,,11069.009,sec_xbrl,1,2025,2025-12-31,1052.546,sec_xbrl,1.0,2025.0,53.101,2025.0,61.09,sec_secondhand,2024.0,1102.413,sec_ebit_plus_secondhand_da,2.0,2024.0,567.284992,yahoo,3,,1031.448,25036.1937972,sec_shares_x_price,1,False,25603.478789200002,True,24574.40256,19.446,yahoo,2,19.446,797.56224,1.058,12036.001792,0.03589438652067306,98.5853,141.962832,100.0,100.0,0.0,50.0,6.984429371568,1.0,6.984429371568,3.492214685784,0.3317873694626173,67.90960677975566,0.2763428596644413,5.0,False,False,,,5,True,0.0,0.0,163962.0,True,70.96175418134746,5.0,80.86172485351562,96.5,12.0,394.5,reported,,voluntary,vendor,2026-09-12 16:53:36+00:00
EXPE,Expedia Group,0001324424,Consumer Discretionary,"Hotels, Resorts & Cruise Lines",N,True,,Washington,2007-10-02,,,,,,,,False,,,,,,,,,,,,False,,,,,,,,,,,,288.15226411279,,,,,,,,,,,,-15.9104,sbti_s12_absolute,2.0,2030.0,2022.0,,Targets set,1.5°C,,,14733.0,sec_xbrl,1,2025,2025-12-31,1871.0,sec_xbrl,1.0,2025.0,770.0,2025.0,838.0,sec_secondhand,2024.0,2157.0,sec_ebit_plus_secondhand_da,2.0,2024.0,6161.0,sec_xbrl,1,2025.0,7127.000064,32147.45259,sec_shares_x_price,1,False,38308.45259,True,33530.032128,11.602,yahoo,2,11.602,3434.374912,1.25,15699.999744,0.046089796966243476,98.5853,141.962832,100.0,100.0,0.0,40.0,,1.0,,,,,,,False,False,,,5,False,0.0,0.0,42312996.0,True,23.677365559947447,5.0,80.76152038574219,97.0,30.5,287.0,unmeasurable,,,mandatory,2026-09-12 16:53:36+00:00
EXR,Extra Space Storage,0001289490,Real Estate,Self-Storage REITs,L,True,,Utah,2016-01-19,,,,,,,,False,,,,,,,,,,,,False,,,,,,,,,,,,288.15226411279,,,,,,,,,,,,,,,,,,,,,,3377.542,sec_xbrl,1,2025,2025-12-31,1412.691,sec_xbrl,1.0,2025.0,561.723,2025.0,783.023,sec_secondhand,2024.0,2106.383,sec_ebit_plus_secondhand_da,2.0,2024.0,560.613,sec_xbrl,1,2018.0,696.604032,29079.14196312,sec_shares_x_price,1,False,29639.75496312,True,43716.665344,18.92,yahoo,2,18.92,1499.437568,1.176,3511.115008,0.04169076057521519,98.5853,141.962832,100.0,100.0,0.0,60.0,,1.0,,,,,,,False,False,,,5,True,260000.0,2.0,367379.0,False,73.97877614576223,5.0,25.450902938842773,373.0,107.0,487.0,unmeasurable,,,mandatory,2026-09-12 16:53:36+00:00
F,Ford Motor Company,0000037996,Consumer Discretionary,Automobile Manufacturers,C,True,,Michigan,1957-03-04,497625.124,2023.0,497625.124,0.0,497646.698,0.0,15.0,False,,,870091.0,2024.0,wba,,,870091.0,2024.0,self_reported,1.0,False,2076700.0,wba,1.0,,2024.0,248000000.0,wba,1.0,2024.0,2380000.0,2024.0,442.69617408786,,,-3.046612368905277,ghgrp,2.0,0.5507792272371975,0.6895870623766371,14.0,2010.0,2023.0,,-7.6223,sbti_s12_absolute,2.0,2035.0,2017.0,4.575687631094723,Targets set,1.5°C/Well-below 2°C,Commitment removed,,187267.0,sec_xbrl,1,2025,2025-12-31,-9169.0,sec_xbrl,1.0,2025.0,8815.0,2025.0,7567.0,sec_secondhand,2024.0,12786.0,sec_ebit_plus_secondhand_da,2.0,2024.0,291.0,sec_xbrl,1,2020.0,22119.999488,55586.63,sec_shares_x_price,1,True,55877.63,True,196918.706176,25.765,yahoo,2,25.765,-7940.250112,1.835,187972.993024,0.07969454138131753,98.5853,141.962832,100.0,100.0,0.0,40.0,418.33479567211197,0.8305732306799043,347.4576827472037,208.47460964832223,,5371.348317589022,2.727698359336301,5.0,False,False,,,5,True,6562004.0,32.0,1204704669.0,False,28.177511363092567,4.0,35.07014083862305,325.0,38.0,465.0,measured,,voluntary,mandatory,2026-09-12 16:53:36+00:00
FANG,Diamondback Energy,0001539838,Energy,Oil & Gas Exploration & Production,B,True,,Texas,2018-12-03,3224708.764,2023.0,3224708.764,0.0,3349964.6160000004,0.0,15.0,False,,,1192555.0,2021.0,report_pdf,,,3224708.764,2023.0,ghgrp_fossil_floor,1.0,True,,,,,,,,,,,,334.12929392073005,,,2.242542692044336,ghgrp,2.0,1.9266196306227605,0.09821437239500641,13.0,2011.0,2023.0,,,,,,,,,,,,15026.0,sec_xbrl,1,2025,2025-12-31,1266.0,sec_xbrl,1.0,2025.0,5938.0,2025.0,2850.0,sec_secondhand,2024.0,7246.0,sec_ebit_plus_secondhand_da,2.0,2024.0,14489.0,sec_xbrl,1,2025.0,462.0,57396.59163441,sec_shares_x_price,1,False,71885.59163441,True,75633.590272,6.421,yahoo,2,6.421,5035.500032,0.414,16248.000512,0.08228948304934246,98.5853,141.962832,100.0,100.0,0.0,60.0,457.7887885126596,1.1679425764229394,534.6710171130118,213.86840684520473,16.89323908729895,1373.2490403530596,1.8156602581134436,5.0,False,True,Article 12(1)(e),sec_segment,1,True,5697517.0,19.0,6959347.0,False,39.14209115281501,1.0,18.036073684692383,410.0,119.0,474.0,measured,,mandatory,mandatory,2026-09-12 16:53:36+00:00
FAST,Fastenal,0000815556,Industrials,Trading Companies & Distributors,G,True,,Minnesota,2008-09-15,,,,,,,,False,,,,,,,,,,,,False,,,,,,,,,,,,420.27691760824,,,,,,,,,,,,-6.4268,nzt_interim,2.0,2030.0,2021.0,,,,,,8200.5,sec_xbrl,1,2025,2025-12-31,1655.7,sec_xbrl,1.0,2025.0,245.3,2025.0,175.4,sec_secondhand,2024.0,1685.4,sec_ebit_plus_secondhand_da,2.0,2024.0,125.0,sec_xbrl,1,2025.0,204.7,56594.58030036,sec_shares_x_price,1,False,56719.58030036,True,56831.381504,29.074,yahoo,2,29.074,916.124992,0.713,8749.400064,0.08113963954471315,98.5853,141.962832,100.0,100.0,0.0,50.0,,1.0,,,,,,,False,False,,,5,True,0.0,0.0,18609155.0,True,24.71193706618073,4.0,80.86172485351562,96.5,12.0,394.5,unmeasurable,,,mandatory,2026-09-12 16:53:36+00:00
FCX,Freeport-McMoRan,0000831259,Materials,Copper,B,True,,Arizona,2011-07-01,468237.97400000005,2023.0,468237.97400000005,0.0,451843.28250000003,0.0,12.0,False,283775.6276533906,2014.0,5407573.0,2024.0,wba,2657567.9354557474,2026.0,5407573.0,2024.0,self_reported,1.0,False,2752073.0,wba,1.0,,2024.0,6563887.0,wba,1.0,2024.0,7079000.0,2024.0,320.32194217793,,,-0.6531188383262831,ghgrp,2.0,1.984949598485143,0.01299320895049183,8.0,2016.0,2023.0,5.4644954441988025,-2.9286,nzt_interim,2.0,2030.0,2018.0,2.2754811616737167,Commitment removed,,,,25915.0,sec_xbrl,1,2025,2025-12-31,6518.0,sec_xbrl,1.0,2025.0,4494.0,2025.0,2241.0,sec_secondhand,2024.0,9105.0,sec_ebit_plus_secondhand_da,2.0,2024.0,9379.0,sec_xbrl,1,2025.0,4080.0,102057.76535960998,sec_shares_x_price,1,False,111436.76535960998,True,120449.76128,12.607,yahoo,2,12.607,2159.24992,1.401,25867.999232,0.146320199744727,98.5853,141.962832,100.0,100.0,0.0,35.0,1158.366454277472,0.9614471713056993,1113.7081508004883,723.9102980203174,11.10632552961518,9126.337127142142,7.576882702097574,5.0,False,True,Article 12(1)(c),nbim_exclusion,2,True,163112992.0,73.0,166685107.0,False,24.20233764920516,5.0,53.70741653442383,232.0,13.0,445.0,measured,,voluntary,mandatory,2026-09-12 16:53:36+00:00
FDS,FactSet,0001013237,Financials,Financial Exchanges & Data,K,True,,Connecticut,2021-12-20,,,,,,,,False,,,,,,,,,,,,False,,,,,,,,,,,,246.38139635186002,,,,,,,,,,,,-8.186,sbti_s12_absolute,2.0,2030.0,2023.0,,Targets set,1.5°C,,,2321.748,sec_xbrl,1,2025,2025-08-31,748.303,sec_xbrl,1.0,2025.0,108.806,2025.0,125.187,sec_secondhand,2024.0,826.486,sec_ebit_plus_secondhand_da,2.0,2024.0,1368.26,sec_xbrl,1,2025.0,304.236,9236.727172529998,sec_shares_x_price,1,False,10604.987172529998,True,10503.133184,11.263,yahoo,2,11.263,621.161344,0.711,2438.45888,0.013242694077319168,98.5853,141.962832,100.0,100.0,0.0,50.0,,1.0,,,,,,,False,False,,,5,False,,,,False,61.32722678139915,4.0,55.31061935424805,224.0,96.5,418.0,unmeasurable,,,mandatory,2026-09-12 16:53:36+00:00
FDX,FedEx,0001048911,Industrials,Air Freight & Logistics,H,True,,Tennessee,1980-12-31,,,,,,,,False,,,14842148.0,2023.0,wba,,,14842148.0,2023.0,self_reported,1.0,False,966871.0,wba,1.0,,2023.0,9839080.0,wba,1.0,2023.0,15740632.0,2023.0,409.73270937522005,,,,,,,,,,,,-7.7448,sbti_s12_absolute,2.0,2035.0,2024.0,,Targets set,1.5°C,,,94720.0,sec_xbrl,1,2025,2026-05-31,5463.0,sec_xbrl,1.0,2025.0,3809.0,2025.0,4264.0,sec_secondhand,2024.0,9481.0,sec_ebit_plus_secondhand_da,2.0,2024.0,25714.0,sec_xbrl,1,2025.0,13550.999552,73810.96484412,sec_shares_x_price,1,False,99524.96484412,True,103203.96288,9.271899999999999,yahoo_winsorised,3,8.714,5656.625152,1.364,94720.0,0.10582276695249729,98.5853,141.962832,100.0,100.0,0.0,50.0,2244.293108381808,1.0,2244.293108381808,1122.146554190904,20.5408485116402,10404.43063580264,10.08142550485232,5.0,False,False,,,5,True,5913477.0,15.0,702102983.0,False,49.478752120317154,5.0,31.963926315307617,340.5,147.52499389648438,416.0,unmeasurable,,voluntary,mandatory,2026-09-12 16:53:36+00:00
FDXF,FedEx Freight,0002082247,Industrials,Cargo Ground Transportation,H,True,,Tennessee,2026-06-01,,,,,,,,False,,,,,,,,,,,,False,,,,,,,,,,,,409.73270937522005,,,,,,,,,,,,,,,,,,,,,,8795.0,sec_xbrl,1,2025,2026-05-31,540.0,sec_xbrl,1.0,2025.0,379.0,2025.0,471.0,sec_secondhand,2024.0,1875.0,sec_ebit_plus_secondhand_da,2.0,2024.0,4527.0,sec_xbrl,1,2025.0,251.0,19184.67164523,sec_shares_x_price,1,False,23711.67164523,True,25298.671616,25.58,yahoo,2,25.58,-511.124992,,8794.999808,0.027505060269308847,98.5853,141.962832,100.0,100.0,0.0,50.0,,1.0,,,,,,,False,False,,,5,True,245805.0,8.0,11340022.0,False,,,42.28456497192383,289.0,135.0,405.0,unmeasurable,,,mandatory,2026-09-12 16:53:36+00:00
FE,FirstEnergy,0001031296,Utilities,Electric Utilities,D,True,,Ohio,1997-11-28,15338451.138,2023.0,15338451.138,0.0,15340531.935,0.0,16.0,False,7304415.144981039,2026.0,,,,7699295.725,2026.0,15338451.138,2023.0,ghgrp_fossil,1.0,False,,,,,,,,,,,,415.51510490798,985.5587973634458,16456752.0,-13.566744997518821,ghgrp,2.0,0.8931663534401393,0.9344755298919062,14.0,2010.0,2023.0,-10.848612313321082,-7.8945,netzero_inferred,2.0,2050.0,2022.0,-5.672244997518821,,,,,15090.0,sec_xbrl,1,2025,2025-12-31,2206.0,sec_xbrl,1.0,2025.0,4705.0,2025.0,1317.0,sec_secondhand,2022.0,3227.0,sec_ebit_plus_secondhand_da,2.0,2022.0,26556.0,sec_xbrl,1,2025.0,63.0,26683.03010275,sec_shares_x_price,1,False,53239.030102749995,True,57103.659008,10.532,yahoo,2,10.532,-2014.625024,0.441,15635.999744,0.038255455434203355,98.5853,141.962832,100.0,100.0,0.0,80.0,2177.489962044103,0.36038447958633335,784.7335867757288,156.94671735514572,7.1145384113846655,1652.9628271843947,2.8946705971202666,5.0,True,True,Article 12(1)(g),power_intensity_12g,5,True,1143865795.0,36.0,1848539264.0,False,29.588646117898353,4.0,40.28056335449219,299.0,6.0,485.0,measured,,mandatory,mandatory,2026-09-12 16:53:36+00:00
FERG,Ferguson Enterprises,0002011641,Industrials,Trading Companies & Distributors,G,True,,Virginia,2026-08-05,,,,,,,,False,,,,,,,,,,,,False,,,,,,,,,,,,270.48892363262,,,,,,,,,,,,,,,,,,,,,,30762.0,sec_xbrl,1,2025,2025-07-31,2606.0,sec_xbrl,1.0,2025.0,305.0,2025.0,335.0,sec_secondhand,2024.0,2987.0,sec_ebit_plus_secondhand_da,2.0,2024.0,4152.0,sec_xbrl,1,2025.0,437.0,43050.96764118,sec_shares_x_price,1,False,47202.96764118,True,49500.966912,16.121,yahoo,2,16.121,,1.112,31446.20032,0.0617221645238393,98.5853,141.962832,100.0,100.0,0.0,50.0,,1.0,,,,,,,False,False,,,5,True,244716.0,4.0,3281827.0,False,83.09608540925268,1.0,52.705406188964844,237.0,97.0,401.0,unmeasurable,,,mandatory,2026-09-12 16:53:36+00:00
FFIV,"F5, Inc.",0001048695,Information Technology,Communications Equipment,C,True,,Washington,2010-12-20,,,,,,,,False,,,490.0,2021.0,report_pdf,,,490.0,2021.0,self_reported,3.0,False,6302.0,report_pdf,3.0,,2021.0,,,,,,,288.15226411279,,,,,,,,,,,,-7.4125,sbti_s12_absolute,2.0,2030.0,2021.0,,Targets set,1.5°C,,,3088.072,sec_xbrl,1,2025,2025-09-30,765.949,sec_xbrl,1.0,2025.0,43.26,2025.0,106.991,sec_secondhand,2024.0,765.582,sec_ebit_plus_secondhand_da,2.0,2024.0,349.772,sec_xbrl,1,2022.0,1605.782016,23313.977101219996,sec_shares_x_price,1,False,23663.749101219997,True,21960.574976,23.785,yahoo,2,23.785,717.135488,1.03,3309.331968,0.033425244755011525,98.5853,141.962832,100.0,100.0,0.0,60.0,0.964211554944,1.0,0.964211554944,0.3856846219776,0.05035382538231658,9.173508733737217,0.04177262546068419,5.0,False,False,,,5,True,,,,False,55.41301236071767,5.0,66.13226318359375,170.0,83.0,338.0,reported,,voluntary,mandatory,2026-09-12 16:53:36+00:00
FICO,Fair Isaac,0000814547,Information Technology,Application Software,J,True,,Montana,2023-03-20,,,,,,,,False,,,,,,,,,,,,False,,,,,,,,,,,,288.15226411279,,,,,,,,,,,,,,,,,,,,,,1990.869,sec_xbrl,1,2025,2025-09-30,924.85,sec_xbrl,1.0,2025.0,8.922,2025.0,13.827,sec_secondhand,2024.0,747.456,sec_ebit_plus_secondhand_da,2.0,2024.0,3055.691,sec_xbrl,1,2025.0,248.444,21282.09355265,sec_shares_x_price,1,False,24337.78455265,True,26631.65952,21.08,yahoo,2,21.08,774.413504,1.318,2393.574912,0.030512133678777368,98.5853,141.962832,100.0,100.0,0.0,60.0,,1.0,,,,,,,False,False,,,5,False,,,,False,51.60142348754449,1.0,66.13226318359375,170.0,83.0,338.0,unmeasurable,,,mandatory,2026-09-12 16:53:36+00:00
FIS,Fidelity National Information Services,0001136893,Financials,Transaction & Payment Processing Services,K,True,,Florida,2006-11-10,,,,,,,,False,,,,,,,,,,,,False,,,,,,,,,,,,355.97248809045,,,,,,,,,,,,,,,,,,,,,,10677.0,sec_xbrl,1,2025,2025-12-31,1741.0,sec_xbrl,1.0,2025.0,154.0,2025.0,1737.0,sec_secondhand,2024.0,3446.0,sec_ebit_plus_secondhand_da,2.0,2024.0,13082.0,sec_xbrl,1,2025.0,744.0,19669.02367438,sec_shares_x_price,1,False,32751.02367438,True,40184.025088,11.403,yahoo,2,11.403,2653.12512,0.801,12199.999488,0.028199475685933673,98.5853,141.962832,100.0,100.0,0.0,50.0,,1.0,,,,,,,False,False,,,5,False,0.0,0.0,55497061.0,True,66.22046202789369,4.0,55.31061935424805,224.0,96.5,418.0,unmeasurable,,,mandatory,2026-09-12 16:53:36+00:00
FISV,Fiserv,0000798354,Financials,Transaction & Payment Processing Services,K,True,,Wisconsin,2001-04-02,,,,,,,,False,,,22146.0,2023.0,wba,,,22146.0,2023.0,self_reported,2.0,False,106674.0,wba,2.0,,2023.0,782146.0,wba,2.0,2023.0,122180.0,2023.0,415.51510490798,,,,,,,,,,,,-6.106908933829369,wba,3.0,,,,,,,,21193.0,sec_xbrl,1,2025,2025-12-31,5818.0,sec_xbrl,1.0,2025.0,1763.0,2025.0,3162.0,sec_secondhand,2023.0,8176.0,sec_ebit_plus_secondhand_da,2.0,2023.0,28997.0,sec_xbrl,1,2025.0,,27428.52746918,sec_shares_x_price,1,False,56425.52746918,True,,11.851,sector_median,4,,,,,0.03932427487367322,98.5853,141.962832,100.0,100.0,0.0,50.0,18.287652018239996,1.0,18.287652018239996,9.143826009119998,0.1571644209199037,108.3634820340811,,5.0,False,False,,,5,False,0.0,0.0,44414852.0,True,31.36729222520107,1.0,55.31061935424805,224.0,96.5,418.0,reported,,voluntary,mandatory,2026-09-12 16:53:36+00:00
FITB,Fifth Third Bancorp,0000035527,Financials,Regional Banks,K,True,,Ohio,1996-03-29,,,,,,,,False,,,9449.0,2024.0,wba,,,9449.0,2024.0,self_reported,1.0,False,51413.0,wba,1.0,,2024.0,209686.0,wba,1.0,2024.0,60862.0,2024.0,415.51510490798,,,,,,,,,,,,,,,,,,,,,,9903.0,sec_xbrl,1,2025,2025-12-31,3211.0,sec_xbrl,1.0,2025.0,584.0,2025.0,495.0,sec_secondhand,2024.0,3411.0,sec_ebit_plus_secondhand_da,2.0,2024.0,14515.0,sec_xbrl,1,2025.0,8705.000448,49625.161102080005,sec_shares_x_price,1,False,64140.161102080005,True,68037.16096,11.851,sector_median,4,,,0.913,10094.999552,0.07114758450016243,98.5853,141.962832,100.0,100.0,0.0,50.0,8.640141881183999,1.0,8.640141881183999,4.320070940591999,0.1345397365491124,51.197160716955786,0.07524881990160542,5.0,False,False,,,5,False,16000.0,1.0,265929113.0,False,57.947866396978306,4.0,31.46292495727539,343.0,148.0,451.0,reported,,voluntary,mandatory,2026-09-12 16:53:36+00:00
FIX,Comfort Systems USA,0001035983,Industrials,Construction & Engineering,F,True,,Texas,2025-12-22,,,,,,,,False,,,,,,,,,,,,False,,,,,,,,,,,,334.12929392073005,,,,,,,,,,,,,,,,,,,,,,9101.641,sec_xbrl,1,2025,2025-12-31,1314.589,sec_xbrl,1.0,2025.0,154.903,2025.0,,,,2002.695936,yahoo_ttm,3.0,,145.226,sec_xbrl,1,2025.0,70.54,59507.27535978,sec_shares_x_price,1,False,59652.50135978,True,61770.354688,30.844,yahoo,2,30.844,1841.915392,1.676,11228.023808,0.08531556992480825,98.5853,141.962832,100.0,100.0,0.0,50.0,,1.0,,,,,,,False,False,,,5,True,7800.0,1.0,1683457.0,False,9.9644128113879,1.0,69.38877868652344,153.75,29.0,396.5,unmeasurable,,,mandatory,2026-09-12 16:53:36+00:00
FLEX,Flex Ltd.,0000866374,Information Technology,Electronic Manufacturing Services,C,True,,Texas,2026-06-22,,,,,,,,False,,,76427.0,2021.0,report_pdf,,,76427.0,2021.0,self_reported,3.0,False,628261.0,report_pdf,3.0,,2021.0,5420078.0,report_pdf,3.0,2021.0,,,334.12929392073005,,,,,,,,,,,,-6.1069,sbti_s12_absolute,2.0,2030.0,2019.0,,Targets set,1.5°C,,,27914.0,sec_xbrl,1,2025,2026-03-31,1368.0,sec_xbrl,1.0,2025.0,633.0,2025.0,,,,2123.000064,yahoo_ttm,3.0,,3751.0,sec_xbrl,1,2025.0,2840.0,42769.47679284,sec_shares_x_price,1,False,46520.47679284,True,45859.475456,21.601,yahoo,2,21.601,625.750016,1.654,29266.999296,0.061318591145465874,98.5853,141.962832,100.0,100.0,0.0,60.0,100.039504156416,1.0,100.039504156416,40.0158016625664,2.92513170048,864.3813317130969,1.8848478381363736,5.0,False,False,,,5,True,14000.0,1.0,100572.0,False,99.28825622775801,1.0,42.28456497192383,289.0,127.0250015258789,400.0,reported,,voluntary,mandatory,2026-09-12 16:53:36+00:00
FOX,Fox Corporation (Class B),0001754301,Communication Services,Broadcasting,J,False,FOXA,New York,2019-03-19,,,,,,,,False,,,30334.0,2021.0,report_pdf,,,30334.0,2021.0,self_reported,3.0,False,144374.0,report_pdf,3.0,,2021.0,,,,,,,392.69487277328005,,,,,,,,,,,,,,,,,,,,,,16300.0,sec_xbrl,1,2025,2025-06-30,3061.0,sec_xbrl,1.0,2025.0,331.0,2025.0,,,,3881.999872,yahoo_ttm,3.0,,6602.0,sec_xbrl,1,2025.0,4204.999936,25659.55,sec_shares_x_price,1,False,32261.55,True,28077.551616,7.233,yahoo,2,7.233,555.374976,0.559,17125.999616,0.0,98.5853,141.962832,100.0,100.0,0.0,60.0,24.802042453056,1.0,24.802042453056,9.920816981222401,0.32410378899779163,71.75726922518163,0.25556811436610705,5.0,False,False,,,5,False,0.0,0.0,824500000.0,True,,0.0,81.663330078125,92.5,7.5,250.5,unmeasurable,FOXA,voluntary,mandatory,2026-09-12 16:53:36+00:00
FOXA,Fox Corporation (Class A),0001754301,Communication Services,Broadcasting,J,True,FOX,New York,2019-03-19,,,,,,,,False,,,,,,,,,,,,False,,,,,,,,,,,,392.69487277328005,,,,,,,,,,,,,,,,,,,,,,16300.0,sec_xbrl,1,2025,2025-06-30,3061.0,sec_xbrl,1.0,2025.0,331.0,2025.0,,,,3881.999872,yahoo_ttm,3.0,,6602.0,sec_xbrl,1,2025.0,4204.999936,28947.66,sec_shares_x_price,1,False,35549.66,True,31220.729856,8.042,yahoo,2,8.042,555.374976,0.559,17125.999616,0.041502254908461086,98.5853,141.962832,100.0,100.0,0.0,60.0,,1.0,,,,,,,False,False,,,5,False,0.0,0.0,824500000.0,True,12.848675150845867,2.0,81.663330078125,92.5,7.5,250.5,unmeasurable,,,mandatory,2026-09-12 16:53:36+00:00
FRT,Federal Realty Investment Trust,0000034903,Real Estate,Retail REITs,L,True,,Maryland,2016-02-01,,,,,,,,False,,,,,,,,,,,,False,,,,,,,,,,,,271.7789403329,,,,,,,,,,,,-5.4477,sbti_s12_absolute,2.0,2030.0,2019.0,,Targets set,1.5°C,,,1278.975,sec_xbrl,1,2025,2025-12-31,602.199,sec_xbrl,1.0,2025.0,735.274,2025.0,,,,837.700992,yahoo_ttm,3.0,,4963.602,sec_xbrl,1,2025.0,115.276,9879.46856892,sec_shares_x_price,1,False,14843.07056892,True,15086.169088,18.009,yahoo,2,18.009,456.137632,0.919,1335.422976,0.014164192301120267,98.5853,141.962832,100.0,100.0,0.0,60.0,,1.0,,,,,,,False,False,,,5,True,6000.0,1.0,6000.0,False,83.64166761194178,4.0,36.52304458618164,317.75,102.0,422.0,unmeasurable,,,mandatory,2026-09-12 16:53:36+00:00
FSLR,First Solar,0001274494,Information Technology,Semiconductors,C,True,,Arizona,2022-12-19,,,,,,,,False,,,11638.0,2023.0,wba,,,11638.0,2023.0,self_reported,1.0,False,793171.0,wba,1.0,,2023.0,2347907.0,wba,1.0,2023.0,788140.0,2023.0,320.32194217793,,,,,,,,,,,,-7.3881,sbti_s12_absolute,2.0,2050.0,2020.0,,Targets set,1.5°C,Targets set,2050.0,5219.376,sec_xbrl,1,2025,2025-12-31,1596.864,sec_xbrl,1.0,2025.0,869.875,2025.0,423.498,sec_secondhand,2024.0,1817.9180000000001,sec_ebit_plus_secondhand_da,2.0,2024.0,498.572,sec_xbrl,1,2025.0,1726.963968,22464.40978564,sec_shares_x_price,1,False,22962.98178564,True,20931.454976,9.2242,yahoo_winsorised,3,8.773,1598.6848,1.733,5378.07104,0.03220722024826045,98.5853,141.962832,100.0,100.0,0.0,60.0,114.252964859088,1.0,114.252964859088,45.7011859436352,2.8619335111590716,421.5568793812798,2.013987464629844,5.0,False,False,,,5,True,0.0,0.0,9740489.0,True,67.79359430604983,1.0,66.13226318359375,170.0,83.0,338.0,reported,,voluntary,mandatory,2026-09-12 16:53:36+00:00
FTNT,Fortinet,0001262039,Information Technology,Systems Software,J,True,,California,2018-10-11,,,,,,,,False,,,1269.0,2021.0,report_pdf,,,1269.0,2021.0,self_reported,3.0,False,3496.0,report_pdf,3.0,,2021.0,,,,,,,195.03700802971002,,,,,,,,,,,,-9.3828,sbti_s12_absolute,2.0,2030.0,2021.0,,Targets set,1.5°C,Commitment removed,,6799.6,sec_xbrl,1,2025,2025-12-31,2084.7,sec_xbrl,1.0,2025.0,364.8,2025.0,122.8,sec_secondhand,2024.0,1926.2,sec_ebit_plus_secondhand_da,2.0,2024.0,996.3,sec_xbrl,1,2025.0,4069.6,114510.68982371,sec_shares_x_price,1,False,115506.98982371,True,111002.492928,40.0,yahoo_winsorised,3,42.762,2265.587456,1.059,7527.399936,0.1641739552975036,98.5853,141.962832,100.0,100.0,0.0,60.0,0.67645289448,1.0,0.67645289448,0.27058115779200004,0.012979381100014394,10.823246311680002,0.009750453369277327,5.0,False,False,,,5,False,0.0,0.0,582003.0,True,59.584235419448326,5.0,66.13226318359375,170.0,83.0,338.0,reported,,voluntary,mandatory,2026-09-12 16:53:36+00:00
FTV,Fortive,0001659166,Industrials,Industrial Machinery & Supplies & Components,C,True,,Washington,2016-07-01,,,,,,,,False,,,,,,,,,,,,False,,,,,,,,,,,,288.15226411279,,,,,,,,,,,,,,,,,,,,,,4159.1,sec_xbrl,1,2025,2025-12-31,720.2,sec_xbrl,1.0,2025.0,105.1,2025.0,430.9,sec_secondhand,2024.0,1637.5,sec_ebit_plus_secondhand_da,2.0,2024.0,3206.0,sec_xbrl,1,2025.0,374.2,16672.84923849,sec_shares_x_price,1,False,19878.84923849,True,19750.012928,15.997,yahoo,2,15.997,939.112512,0.973,4315.800064,0.02390386093888602,98.5853,141.962832,100.0,100.0,0.0,50.0,,1.0,,,,,,,False,False,,,5,True,45536.0,2.0,3670846.0,False,21.976541779136955,4.0,48.49699020385742,258.0,111.0,402.0,unmeasurable,,,mandatory,2026-09-12 16:53:36+00:00
GD,General Dynamics,0000040533,Industrials,Aerospace & Defense,C,True,,Virginia,1957-03-04,,,,,,,,False,,,,,,,,,,,,False,,,,,,,,,,,,270.48892363262,,,,,,,,,,,,,,,,,,,,,,52550.0,sec_xbrl,1,2025,2025-12-31,5356.0,sec_xbrl,1.0,2025.0,1161.0,2025.0,,,,6632.999936,yahoo_ttm,3.0,,8074.0,sec_xbrl,1,2025.0,4333.000192,96246.10355329998,sec_shares_x_price,1,False,104320.10355329998,True,101292.457984,15.271,yahoo,2,15.271,4400.124928,0.321,54861.000704,0.13798802126372903,98.5853,141.962832,100.0,100.0,0.0,50.0,,1.0,,,,,,,False,True,Article 12(1)(a),nbim_exclusion,2,True,3399453.0,32.0,269151710.0,False,16.671353611100105,4.0,31.46292495727539,343.0,148.52499389648438,417.0,unmeasurable,,,mandatory,2026-09-12 16:53:36+00:00
GDDY,GoDaddy,0001609711,Information Technology,Internet Services & Infrastructure,J,True,,Arizona,2024-06-24,,,,,,,,False,,,,,,,,,,,,False,,,,,,,,,,,,320.32194217793,,,,,,,,,,,,,,,,,,,,,,4951.1,sec_xbrl,1,2025,2025-12-31,1127.3,sec_xbrl,1.0,2025.0,23.9,2025.0,135.3,sec_secondhand,2024.0,1028.8,sec_ebit_plus_secondhand_da,2.0,2024.0,3780.3,sec_xbrl,1,2025.0,1202.499968,12420.340331279998,sec_shares_x_price,1,False,16200.64033128,True,15059.239936,10.92,yahoo,2,10.92,1204.950016,0.94,5104.09984,0.017807039687443564,98.5853,141.962832,100.0,100.0,0.0,60.0,,1.0,,,,,,,False,False,,,5,False,0.0,0.0,35077872.0,True,51.60142348754449,1.0,66.13226318359375,170.0,83.0,338.0,unmeasurable,,,mandatory,2026-09-12 16:53:36+00:00
GE,GE Aerospace,0000040545,Industrials,Aerospace & Defense,C,True,,Ohio,1957-03-04,272224.39280000003,2023.0,272224.39280000003,0.0,272231.16279999993,0.0,13.0,False,138639.25688274356,2026.0,,,,2339463.556,2026.0,272224.39280000003,2023.0,ghgrp_fossil,1.0,False,,,,,,,,,,,,415.51510490798,,,-22.24113207649554,ghgrp,2.0,1.5020439286371539,0.9320494538488648,12.0,2011.0,2022.0,-24.570470285380875,-2.0081,nzt_interim,2.0,2030.0,2019.0,-20.23303207649554,,,,,45855.0,sec_xbrl,1,2025,2025-12-31,8513.0,sec_xbrl,1.0,2025.0,1273.0,2025.0,834.0,sec_secondhand,2024.0,6190.0,sec_ebit_plus_secondhand_da,2.0,2024.0,20494.0,sec_xbrl,1,2025.0,9944.999936,335817.48295758,sec_shares_x_price,1,False,356311.48295758,True,346329.481216,30.16,yahoo,2,30.16,6594.625024,1.35,50638.999552,0.48146146460277867,98.5853,141.962832,100.0,100.0,0.0,50.0,38.645745741368415,0.17188956165880293,6.642800295461367,3.3214001477306834,0.0390156248999258,100.17342845555741,0.0289243145295739,5.0,False,True,Article 12(1)(a),gics_proxy,4,True,39243152.0,28.0,2014643549.0,False,15.62892409271876,4.0,88.5771484375,58.0,1.0,434.0,measured,,mandatory,mandatory,2026-09-12 16:53:36+00:00
GEHC,GE HealthCare,0001932393,Health Care,Health Care Equipment,C,True,,Illinois,2023-01-04,,,,,,,,False,,,920000.0,2020.0,report_pdf,,,920000.0,2020.0,self_reported,3.0,False,116000.0,report_pdf,3.0,,2020.0,,,,,,,415.51510490798,,,,,,,,,,,,-6.5824,sbti_s12_absolute,2.0,2030.0,2022.0,,Targets set,1.5°C,Targets set,2050.0,20625.0,sec_xbrl,1,2025,2025-12-31,2763.0,sec_xbrl,1.0,2025.0,482.0,2025.0,,,,3592.999936,yahoo_ttm,3.0,,10505.0,sec_xbrl,1,2025.0,2079.000064,29081.23187898,sec_shares_x_price,1,False,39586.231878980005,True,37581.303808,10.46,yahoo,2,10.46,1573.124992,0.821,21265.999872,0.041693756887205835,98.5853,141.962832,100.0,100.0,0.0,70.0,147.07349395199998,1.0,147.07349395199998,44.1220481856,1.5968891851465796,461.51662402137606,1.2280484636169866,5.0,False,False,,,5,True,0.0,0.0,33597383.0,True,,0.0,83.26653289794922,84.5,30.5,283.0,reported,,voluntary,mandatory,2026-09-12 16:53:36+00:00
GEN,Gen Digital,0000849399,Information Technology,Systems Software,J,True,,Arizona,2003-03-25,,,,,,,,False,,,,,,,,,,,,False,,,,,,,,,,,,320.32194217793,,,,,,,,,,,,,,,,,,,,,,5000.0,sec_xbrl,1,2025,2026-04-03,2120.0,sec_xbrl,1.0,2025.0,22.0,2025.0,419.0,sec_secondhand,2024.0,2029.0,sec_ebit_plus_secondhand_da,2.0,2024.0,8196.0,sec_xbrl,1,2025.0,533.0,18113.24358832,sec_shares_x_price,1,False,26309.24358832,True,25756.243968,10.687,yahoo,2,10.687,1547.124992,1.215,5079.000064,0.025968954057823845,98.5853,141.962832,100.0,100.0,0.0,60.0,,1.0,,,,,,,False,False,,,5,False,0.0,0.0,229240002.0,True,74.63834570594094,3.0,66.13226318359375,170.0,83.0,338.0,unmeasurable,,,mandatory,2026-09-12 16:53:36+00:00
GEV,GE Vernova,0001996810,Industrials,Heavy Electrical Equipment,C,True,,Massachusetts,2024-04-02,,,,,,,,False,,,226811.0,2024.0,wba,0.0,2026.0,226811.0,2024.0,self_reported,2.0,False,360377.0,wba,2.0,,2024.0,796000000.0,wba,2.0,2024.0,428213.0,2024.0,246.38139635186002,,,,,,,,,,,,-8.4753,netzero_inferred,2.0,2050.0,2024.0,,,,,,38068.0,sec_xbrl,1,2025,2025-12-31,1388.0,sec_xbrl,1.0,2025.0,1277.0,2025.0,,,,3927.000064,yahoo_ttm,3.0,,289.0,sec_xbrl,1,2025.0,12720.0,254953.14708387,sec_shares_x_price,1,False,255242.14708387,True,247111.139328,33.992300000000014,yahoo_winsorised,3,62.926,15722.125312,0.967,41366.99904,0.3655262808803594,98.5853,141.962832,100.0,100.0,0.0,50.0,83.35887139641599,1.0,83.35887139641599,41.679435698207996,3.0028411886317,1416.7798820841963,0.5733371170304269,5.0,False,False,,,5,True,264375.0,9.0,3675537.0,False,,0.0,54.308616638183594,229.0,66.0,399.5,reported,,voluntary,mandatory,2026-09-12 16:53:36+00:00
GILD,Gilead Sciences,0000882095,Health Care,Biotechnology,C,True,,California,2004-07-01,,,,,,,,False,,,53856.0,2024.0,wba,,,53856.0,2024.0,self_reported,1.0,False,45680.0,wba,1.0,,2024.0,998099.0,wba,1.0,2024.0,70993.0,2024.0,195.03700802971002,,,,,,,,,,,,-5.4477,sbti_s12_absolute,2.0,2030.0,2019.0,,Targets set,1.5°C,,,29443.0,sec_xbrl,1,2025,2025-12-31,10022.0,sec_xbrl,1.0,2025.0,563.0,2025.0,,,,14600.999936,yahoo_ttm,3.0,,24936.0,sec_xbrl,1,2025.0,4881.999872,178206.3548766,sec_shares_x_price,1,False,203142.3548766,True,199486.357504,13.663,yahoo,2,13.663,9768.875008,0.35,30456.999936,0.2554944187680915,98.5853,141.962832,100.0,100.0,0.0,70.0,14.130412445952,1.0,14.130412445952,4.2391237337856005,0.042298181338910404,57.91914757471266,0.02903413962709269,5.0,False,False,,,5,True,0.0,0.0,546015701.0,True,42.326069859109154,5.0,83.26653289794922,84.5,30.5,283.0,reported,,voluntary,mandatory,2026-09-12 16:53:36+00:00
GIS,General Mills,0000040704,Consumer Staples,Packaged Foods & Meats,C,True,,Minnesota,1957-03-04,70688.598,2023.0,70688.598,0.0,70691.54299999999,0.0,3.0,False,,,308000.0,2023.0,wba,,,308000.0,2023.0,self_reported,1.0,False,492000.0,wba,1.0,,2023.0,12100000.0,wba,1.0,2023.0,300000.0,2023.0,420.27691760824,,,-0.4261667976284911,ghgrp,2.0,1.2947275757257364,0.007574812277726606,14.0,2010.0,2023.0,,-7.3881,sbti_s12_absolute,2.0,2050.0,2020.0,6.961933202371508,Targets set,1.5°C,Targets set,2050.0,18424.6,sec_xbrl,1,2025,2026-05-31,885.8,sec_xbrl,1.0,2025.0,539.9,2025.0,539.0,sec_secondhand,2024.0,3843.8,sec_ebit_plus_secondhand_da,2.0,2024.0,13469.6,sec_xbrl,1,2025.0,399.0,19133.445996600003,sec_shares_x_price,1,False,32603.045996600005,True,21991.135232,7.60025,yahoo_winsorised,3,6.375,2308.499968,-0.025,18424.600576,0.02743161806612927,98.5853,141.962832,100.0,100.0,0.0,70.0,113.5702656,0.9705470247873413,110.22528338238814,33.06758501471645,3.733075752395174,251.3219130080987,1.1428328294866388,5.0,False,False,,,5,True,695925.0,10.0,1454783.0,False,52.04510371900608,5.0,36.47294616699219,318.0,46.0,450.0,measured,,voluntary,mandatory,2026-09-12 16:53:36+00:00
GL,Globe Life,0000320335,Financials,Life & Health Insurance,K,True,,Texas,1989-04-30,,,,,,,,False,,,,,,,,,,,,False,,,,,,,,,,,,334.12929392073005,,,,,,,,,,,,,,,,,,,,,,5994.318,sec_xbrl,1,2025,2025-12-31,1435.975,sec_xbrl,1.0,2025.0,142.484,2025.0,,,,1680.269056,yahoo_ttm,3.0,,2625.449,sec_xbrl,1,2025.0,455.380992,13154.31984299,sec_shares_x_price,1,False,15779.76884299,True,16126.18752,9.597,yahoo,2,9.597,1163.50336,0.462,6191.958016,0.018859345980683718,98.5853,141.962832,100.0,100.0,0.0,50.0,,1.0,,,,,,,False,False,,,5,False,0.0,0.0,21964216.0,True,43.42775805687499,4.0,55.31061935424805,224.0,96.5,418.0,unmeasurable,,,mandatory,2026-09-12 16:53:36+00:00
GLW,Corning Inc.,0000024741,Information Technology,Electronic Components,C,True,,New York,1995-02-27,171577.1979,2023.0,171577.1979,0.0,171584.6108,0.0,5.0,False,,,662190.0,2024.0,wba,,,662190.0,2024.0,self_reported,1.0,False,3152640.0,wba,1.0,,2024.0,3612654.0,wba,1.0,2023.0,3814831.0,2024.0,110.12134121912001,,,-5.559441834849155,ghgrp,2.0,2.082828101827097,0.4284288778093288,9.0,2015.0,2023.0,,-4.9677,sbti_s12_absolute,2.0,2028.0,2021.0,-0.591741834849155,Targets set,1.5°C,,,15629.0,sec_xbrl,1,2025,2025-12-31,2279.0,sec_xbrl,1.0,2025.0,1282.0,2025.0,,,,4084.999936,yahoo_ttm,3.0,,8425.0,sec_xbrl,1,2025.0,2504.0,143335.0182784,sec_shares_x_price,1,False,151760.0182784,True,150777.020416,36.91,yahoo,2,36.91,734.499968,1.151,16963.999744,0.20549938979175125,98.5853,141.962832,100.0,100.0,0.0,60.0,541.5640703985599,0.7094981561715702,384.2387093965487,153.6954837586195,6.743987878833678,5672.900305530646,3.7624435672484307,5.0,False,False,,,5,True,1963598.0,33.0,116955965.0,False,56.101574772266915,5.0,40.88176345825195,296.0,17.950000762939453,475.0,measured,,voluntary,mandatory,2026-09-12 16:53:36+00:00
GM,General Motors,0001467858,Consumer Discretionary,Automobile Manufacturers,C,True,,Michigan,2013-06-06,572170.952,2023.0,598855.552,26684.6,574785.9140000001,0.0,18.0,False,,,1304570.0,2023.0,wba,,,1304570.0,2023.0,self_reported,1.0,False,2341276.0,wba,1.0,,2023.0,240773794.0,wba,1.0,2023.0,2700000.0,2023.0,442.69617408786,,,-4.256601983984454,ghgrp,2.0,0.529867433446273,0.8096688218748268,14.0,2010.0,2023.0,,-7.2145,sbti_s12_absolute,2.0,2035.0,2018.0,2.9578980160155464,Targets set,1.5°C/Well-below 2°C,Commitment removed,,185019.0,sec_xbrl,1,2025,2025-12-31,2909.0,sec_xbrl,1.0,2025.0,9303.0,2025.0,11456.0,sec_secondhand,2024.0,24240.0,sec_ebit_plus_secondhand_da,2.0,2024.0,131574.0,sec_xbrl,1,2025.0,24718.999552,75127.40094042,sec_shares_x_price,1,False,206701.40094042,True,180821.393408,10.984,yahoo,2,10.984,21933.750272,1.321,185527.99232,0.10771014114575997,98.5853,141.962832,100.0,100.0,0.0,40.0,517.5746231958719,0.7374997175861651,381.71113843672134,229.0266830620328,7.873038262703087,2515.629086753368,1.3912231508343582,5.0,False,False,,,5,True,134818964.0,25.0,2161606737.0,False,20.755999066830853,4.0,37.675350189208984,312.0,26.0,469.0,measured,,voluntary,mandatory,2026-09-12 16:53:36+00:00
GNRC,Generac,0001474735,Industrials,Heavy Electrical Equipment,C,True,,Wisconsin,2021-03-22,,,,,,,,False,,,,,,,,,,,,False,,,,,,,,,,,,415.51510490798,,,,,,,,,,,,,,,,,,,,,,4209.147,sec_xbrl,1,2025,2025-12-31,289.191,sec_xbrl,1.0,2025.0,169.85,2025.0,171.768,sec_secondhand,2024.0,708.51,sec_ebit_plus_secondhand_da,2.0,2024.0,1257.097,sec_xbrl,1,2025.0,271.264,11033.599443390001,sec_shares_x_price,1,False,12290.696443390001,True,12173.02528,19.133,yahoo,2,19.133,289.056512,1.913,4438.731776,0.01581886952718894,98.5853,141.962832,100.0,100.0,0.0,50.0,,1.0,,,,,,,False,False,,,5,True,160290.0,4.0,16528491.0,False,38.703929856029305,2.0,38.67735290527344,307.0,139.0,408.0,unmeasurable,,,mandatory,2026-09-12 16:53:36+00:00
GOOG,Alphabet Inc. (Class C),0001652044,Communication Services,Interactive Media & Services,J,False,GOOGL,California,2014-04-03,,,,,,,,False,,,73100.0,2024.0,wba,,,73100.0,2024.0,self_reported,3.0,False,11283200.0,wba,3.0,,2024.0,5716000.0,wba,3.0,2024.0,11356300.0,2024.0,195.03700802971002,,,,,,,,,,,,-6.1069,sbti_combined,2.0,2030.0,2019.0,,Targets set,1.5°C,,,402836.0,sec_xbrl,1,2025,2025-12-31,129039.0,sec_xbrl,1.0,2025.0,91447.0,2025.0,,,,173164.003328,yahoo_ttm,3.0,,48543.0,sec_xbrl,1,2025.0,242473.992192,4102553.5,sec_shares_x_price,1,False,4151096.5,True,3998893.473792,23.093,yahoo,2,23.093,22665.00096,1.225,445865.984,0.0,98.5853,141.962832,100.0,100.0,0.0,60.0,1612.1725090416,1.0,1612.1725090416,644.86900361664,0.4997473660030224,14891.959900519068,0.37240201566053677,5.0,False,False,,,5,False,40000.0,1.0,4760798223.0,False,,0.0,96.5960693359375,17.985610961914062,1.0,267.0,measured,GOOGL,voluntary,mandatory,2026-09-12 16:53:36+00:00
GOOGL,Alphabet Inc. (Class A),0001652044,Communication Services,Interactive Media & Services,J,True,GOOG,California,2006-04-03,15853.469240000002,2023.0,15853.469240000002,0.0,15854.147855000005,0.0,1.0,False,5426.382402793199,2026.0,73100.0,2024.0,wba,,,73100.0,2024.0,self_reported,1.0,False,11283200.0,wba,1.0,,2024.0,12053000.0,wba,1.0,2024.0,3132200.0,2024.0,195.03700802971002,,,-9.327116304976368,ghgrp,2.0,3.873529004311968,0.5207006849724305,5.0,2019.0,2023.0,-3.819411706249143,-6.1069,sbti_combined,2.0,2030.0,2019.0,-3.2202163049763675,Targets set,1.5°C,,,402836.0,sec_xbrl,1,2025,2025-12-31,129039.0,sec_xbrl,1.0,2025.0,91447.0,2025.0,,,,173164.003328,yahoo_ttm,3.0,,48543.0,sec_xbrl,1,2025.0,242473.992192,4139855.0,sec_shares_x_price,1,False,4188398.0,True,4036194.992128,23.309,yahoo,2,23.309,22665.00096,1.225,445865.984,5.935309365042534,98.5853,141.962832,100.0,100.0,0.0,60.0,1612.1725090416,0.5557309285799427,895.9341254807445,358.3736501922978,0.2777250677642401,8353.33141233227,0.20696055142589012,5.0,False,False,,,5,False,40000.0,1.0,4760798223.0,False,32.48140065072313,5.0,96.5960693359375,17.985610961914062,1.0,267.0,measured,,voluntary,mandatory,2026-09-12 16:53:36+00:00
GPC,Genuine Parts Company,0000040987,Consumer Discretionary,Distributors,G,True,,Georgia,1973-12-31,,,,,,,,False,,,,,,,,,,,,False,,,,,,,,,,,,383.74232016659,,,,,,,,,,,,,,,,,,,,,,24300.141,sec_xbrl,1,2025,2025-12-31,960.651,sec_xbrl,1.0,2025.0,469.838,2025.0,407.978,sec_secondhand,2024.0,1637.194,sec_ebit_plus_secondhand_da,2.0,2024.0,4795.751,sec_xbrl,1,2025.0,559.118016,18429.092449440002,sec_shares_x_price,1,False,23224.843449440003,True,24540.536832,11.956,yahoo,2,11.956,917.241984,0.656,25071.538176,0.026421786512908278,98.5853,141.962832,100.0,100.0,0.0,40.0,,1.0,,,,,,,False,False,,,5,True,58500.0,3.0,5932755.0,False,78.76873216350192,5.0,58.31663513183594,209.0,106.0,298.0,unmeasurable,,,mandatory,2026-09-12 16:53:36+00:00
GPN,Global Payments,0001123360,Financials,Transaction & Payment Processing Services,K,True,,Georgia,2016-04-25,,,,,,,,False,,,,,,,,,,,,False,,,,,,,,,,,,383.74232016659,,,,,,,,,,,,-11.4133,netzero_inferred,2.0,2040.0,2021.0,,,,,,7705.878,sec_xbrl,1,2025,2025-12-31,1754.624,sec_xbrl,1.0,2025.0,617.769,2025.0,1217.288,sec_secondhand,2024.0,3550.893,sec_ebit_plus_secondhand_da,2.0,2024.0,21462.304,sec_xbrl,1,2025.0,5408.962048,23363.157653100003,sec_shares_x_price,1,False,44825.46165310001,True,42368.950272,9.453,yahoo,2,9.453,7867.7632,0.785,10206.7456,0.03349575490335038,98.5853,141.962832,100.0,100.0,0.0,50.0,,1.0,,,,,,,False,False,,,5,False,0.0,0.0,101252739.0,True,47.372451455156494,5.0,55.31061935424805,224.0,96.5,418.0,unmeasurable,,,mandatory,2026-09-12 16:53:36+00:00
GRMN,Garmin,0001121788,Consumer Discretionary,Consumer Electronics,C,True,,Switzerland,2012-12-12,,,,,,,,False,,,,,,,,,,,,False,,,,,,,,,,,,349.6670732320368,,,,,,,,,,,,,,,,,,,,,,7245.519,sec_xbrl,1,2025,2025-12-27,1876.076,sec_xbrl,1.0,2025.0,270.446,2025.0,,,,2311.467008,yahoo_ttm,3.0,,226.856992,yahoo,3,,2666.19008,54514.66375002,sec_shares_x_price,1,False,54741.52074202,True,52074.295296,22.529,yahoo,2,22.529,1043.656256,0.866,7671.437824,0.07815766356252538,98.5853,141.962832,100.0,100.0,0.0,40.0,,1.0,,,,,,,False,False,,,5,True,,,,False,44.516972150235475,5.0,80.76152038574219,97.0,30.5,287.0,unmeasurable,,,vendor,2026-09-12 16:53:36+00:00
GS,Goldman Sachs,0000886982,Financials,Investment Banking & Brokerage,K,True,,New York,2002-07-22,,,,,,,,False,,,13842.0,2023.0,wba,,,13842.0,2023.0,self_reported,1.0,False,155105.0,wba,1.0,,2023.0,79915.0,wba,1.0,2023.0,168947.0,2023.0,392.69487277328005,,,,,,,,,,,,-7.1585,netzero_inferred,2.0,2050.0,2019.0,,,,,,58283.0,sec_xbrl,1,2025,2025-12-31,21852.0,sec_xbrl,1.0,2025.0,2064.0,2025.0,,,,,,,,355959.0,sec_xbrl,1,2025.0,1156854.054912,299667.78968544,sec_shares_x_price,1,False,655626.78968544,True,66243.002368,11.851,sector_median,4,,,1.283,67569.999872,0.42963365589412883,98.5853,141.962832,100.0,100.0,0.0,50.0,23.984194577904,1.0,23.984194577904,11.992097288952,0.054878717229324546,142.11834497137016,0.2145409173664255,5.0,False,False,,,5,False,917587.0,10.0,17929100116.0,False,34.764470428749696,4.0,19.038074493408203,405.0,149.0,467.0,unmeasurable,,voluntary,mandatory,2026-09-12 16:53:36+00:00
GWW,W. W. Grainger,0000277135,Industrials,Industrial Machinery & Supplies & Components,C,True,,Illinois,1981-06-30,,,,,,,,False,,,,,,,,,,,,False,,,,,,,,,,,,415.51510490798,,,,,,,,,,,,,,,,,,,,,,17942.0,sec_xbrl,1,2025,2025-12-31,2495.0,sec_xbrl,1.0,2025.0,684.0,2025.0,311.0,sec_secondhand,2024.0,2948.0,sec_ebit_plus_secondhand_da,2.0,2024.0,2488.0,sec_xbrl,1,2025.0,589.0,60289.20576,sec_shares_x_price,1,False,62777.20576,True,62879.207424,19.552,yahoo,2,19.552,1247.750016,1.034,18844.99968,0.08643662339823599,98.5853,141.962832,100.0,100.0,0.0,50.0,,1.0,,,,,,,False,False,,,5,True,905876.0,4.0,80449489.0,False,67.79074293332121,5.0,34.068138122558594,330.0,145.0,414.0,unmeasurable,,,mandatory,2026-09-12 16:53:36+00:00
HAL,Halliburton,0000045012,Energy,Oil & Gas Equipment & Services,B,True,,Texas,1957-03-04,53414.518,2023.0,53414.518,0.0,53419.996999999996,0.0,2.0,False,,,,,,,,53414.518,2023.0,ghgrp_fossil,1.0,False,,,,,,,,,,,,334.12929392073005,,,-2.7297814937934706,ghgrp,2.0,0.6550242191635836,0.5489556186347677,14.0,2010.0,2023.0,,,,,,,,,,,,22184.0,sec_xbrl,1,2025,2025-12-31,2260.0,sec_xbrl,1.0,2025.0,1254.0,2025.0,1079.0,sec_secondhand,2024.0,4901.0,sec_ebit_plus_secondhand_da,2.0,2024.0,7158.0,sec_xbrl,1,2025.0,2048.0,29859.392353280004,sec_shares_x_price,1,False,37017.39235328,True,36052.393984,8.71,yahoo,2,8.71,2052.249984,0.769,22372.999168,0.042809405418523655,98.5853,141.962832,100.0,100.0,0.0,60.0,7.582876245194975,0.8238710458738974,6.2473121828611164,2.4989248731444467,0.11057189704178969,21.765635645088132,0.060372233962459436,5.0,False,False,,,5,True,1030646785.0,14.0,1088266335.0,False,29.390862825648682,3.0,61.52304458618164,193.0,3.5971221923828125,477.0,measured,,mandatory,mandatory,2026-09-12 16:53:36+00:00
HAS,Hasbro,0000046080,Consumer Discretionary,Leisure Products,C,True,,Rhode Island,1984-09-30,,,,,,,,False,,,5849.0,2020.0,report_pdf,,,5849.0,2020.0,self_reported,2.0,False,46.0,report_pdf,2.0,6889.0,2020.0,192375.0,report_pdf,2.0,2020.0,,,246.38139635186002,,,,,,,,,,,,-6.2404,sbti_s12_absolute,2.0,2030.0,2020.0,,Targets set,1.5°C,Targets set,2050.0,5365.9,sec_xbrl,1,2025,2025-12-28,11.1,sec_xbrl,1.0,2025.0,63.3,2025.0,163.0,sec_secondhand,2024.0,853.0,sec_ebit_plus_secondhand_da,2.0,2024.0,3264.9,sec_xbrl,1,2025.0,1378.200064,12911.21050918,sec_shares_x_price,1,False,16176.11050918,True,15436.310528,11.872,yahoo,2,11.872,688.150016,0.466,4973.199872,0.018510800172752823,98.5853,141.962832,100.0,100.0,0.0,40.0,0.83687089464,1.0,0.83687089464,0.502122536784,4.523626457513513,5.961198756699647,0.038618028225634614,5.0,False,False,,,5,True,0.0,0.0,400000.0,True,79.96477491202043,4.0,80.76152038574219,97.0,30.5,287.0,reported,,voluntary,mandatory,2026-09-12 16:53:36+00:00
HBAN,Huntington Bancshares,0000049196,Financials,Regional Banks,K,True,,Michigan,1997-08-28,,,,,,,,False,,,,,,,,,,,,False,,,,,,,,,,,,442.69617408786,,,,,,,,,,,,-5.2424,nzt_interim,2.0,2030.0,2022.0,,,,,,10310.0,sec_xbrl,1,2025,2025-12-31,2688.0,sec_xbrl,1.0,2025.0,267.0,2025.0,622.0,sec_secondhand,2024.0,3025.0,sec_ebit_plus_secondhand_da,2.0,2024.0,18482.0,sec_xbrl,1,2025.0,16606.999552,34177.42169682,sec_shares_x_price,1,False,52659.42169682,True,42989.195264,11.851,sector_median,4,,,0.941,9176.999936,0.04900016330768678,98.5853,141.962832,100.0,100.0,0.0,50.0,,1.0,,,,,,,False,False,,,5,False,0.0,0.0,105051541.0,True,46.93652150823163,5.0,55.31061935424805,224.0,96.5,418.0,unmeasurable,,,mandatory,2026-09-12 16:53:36+00:00
HCA,HCA Healthcare,0000860730,Health Care,Health Care Facilities,Q,True,,Tennessee,2015-01-27,,,,,,,,False,,,,,,,,,,,,False,,,,,,,,,,,,409.73270937522005,,,,,,,,,,,,,,,,,,,,,,75600.0,sec_xbrl,1,2025,2025-12-31,9832.0,sec_xbrl,1.0,2025.0,4944.0,2025.0,3312.0,sec_secondhand,2024.0,11835.0,sec_ebit_plus_secondhand_da,2.0,2024.0,46492.0,sec_xbrl,1,2025.0,1130.0,94712.284212,sec_shares_x_price,1,False,141204.284212,True,146288.14848,9.29,yahoo,2,9.29,3738.125056,1.109,78012.997632,0.1357889847514113,98.5853,141.962832,100.0,100.0,0.0,70.0,,1.0,,,,,,,False,False,,,5,False,466904.0,21.0,1775313026.0,False,31.03029486690943,4.0,44.08818054199219,280.0,68.0,369.0,unmeasurable,,,mandatory,2026-09-12 16:53:36+00:00
HD,Home Depot (The),0000354950,Consumer Discretionary,Home Improvement Retail,G,True,,Georgia,1988-03-31,,,,,,,,False,,,713000.0,2024.0,wba,,,713000.0,2024.0,self_reported,1.0,False,1027000.0,wba,1.0,,2024.0,143843000.0,wba,1.0,2024.0,1740000.0,2024.0,383.74232016659,,,,,,,,,,,,-5.3016,sbti_s12_absolute,2.0,2030.0,2020.0,,Targets set,1.5°C,,,164683.0,sec_xbrl,1,2025,2026-02-01,20890.0,sec_xbrl,1.0,2025.0,3679.0,2025.0,3336.0,sec_secondhand,2024.0,24862.0,sec_ebit_plus_secondhand_da,2.0,2024.0,51308.0,sec_xbrl,1,2025.0,2084.999936,308026.69513124,sec_shares_x_price,1,False,359334.69513124,True,369129.684992,14.976,yahoo,2,14.976,10762.625024,0.955,169176.006656,0.4416178171205393,98.5853,141.962832,100.0,100.0,0.0,40.0,247.01532767999998,1.0,247.01532767999998,148.20919660799998,0.7094743734226902,2219.580928401408,0.6013011195373008,5.0,False,False,,,5,True,94238815.0,72.0,325193593.0,False,72.52806090351558,4.0,17.03406524658203,415.0,193.0,477.0,unmeasurable,,voluntary,mandatory,2026-09-12 16:53:36+00:00
HIG,Hartford (The),0000874766,Financials,Property & Casualty Insurance,K,True,,Connecticut,1957-03-04,,,,,,,,False,,,,,,,,,,,,False,,,,,,,,,,,,246.38139635186002,,,,,,,,,,,,-6.1069,nzt_interim,2.0,2030.0,2019.0,,,,,,28368.0,sec_xbrl,1,2025,2025-12-31,4760.0,sec_xbrl,1.0,2025.0,169.0,2025.0,356.0,sec_secondhand,2024.0,4205.0,sec_ebit_plus_secondhand_da,2.0,2024.0,4371.0,sec_xbrl,1,2025.0,3991.000064,36936.10619272,sec_shares_x_price,1,False,41307.10619272,True,37663.105024,6.742,yahoo,2,6.742,5507.500032,0.45,29315.00032,0.05295528877070732,98.5853,141.962832,100.0,100.0,0.0,50.0,,1.0,,,,,,,False,False,,,5,False,0.0,0.0,251536773.0,True,68.79691862566935,4.0,55.31061935424805,224.0,96.5,418.0,unmeasurable,,,mandatory,2026-09-12 16:53:36+00:00
HII,Huntington Ingalls Industries,0001501585,Industrials,Aerospace & Defense,C,True,,Virginia,2018-01-03,49706.725999999995,2023.0,49706.725999999995,0.0,49708.77399999998,0.0,1.0,False,,,,,,,,49706.725999999995,2023.0,ghgrp_fossil,1.0,False,,,,,,,,,,,,270.48892363262,,,-3.905156276444066,ghgrp,2.0,1.2384290348898146,0.40106496552002513,14.0,2010.0,2023.0,,,,,,,,,,,,12484.0,sec_xbrl,1,2025,2025-12-31,657.0,sec_xbrl,1.0,2025.0,402.0,2025.0,326.0,sec_secondhand,2024.0,861.0,sec_ebit_plus_secondhand_da,2.0,2024.0,2700.0,sec_xbrl,1,2025.0,12.0,11021.07201462,sec_shares_x_price,1,False,13721.07201462,True,13944.072192,11.918,yahoo,2,11.918,-300.249984,0.225,13185.000448,0.015800908954826262,98.5853,141.962832,100.0,100.0,0.0,50.0,7.056507592408031,0.7566596824850318,5.3393747943246765,2.6696873971623383,0.40634511372333915,31.817334399380744,0.2281782105060744,5.0,False,True,Article 12(1)(a),nbim_exclusion,2,True,237201.0,6.0,18973885.0,False,38.56598300946653,2.0,52.505008697509766,238.0,39.0,409.0,measured,,mandatory,mandatory,2026-09-12 16:53:36+00:00
HLT,Hilton Worldwide,0001585689,Consumer Discretionary,"Hotels, Resorts & Cruise Lines",I,True,,Virginia,2017-06-19,,,,,,,,False,,,,,,,,,,,,False,,,,,,,,,,,,270.48892363262,,,,,,,,,,,,-5.4796,sbti_s12_absolute,2.0,2030.0,2019.0,,Targets set,1.5°C,,,12039.0,sec_xbrl,1,2025,2025-12-31,2693.0,sec_xbrl,1.0,2025.0,101.0,2025.0,146.0,sec_secondhand,2024.0,2516.0,sec_ebit_plus_secondhand_da,2.0,2024.0,12363.0,sec_xbrl,1,2025.0,1009.0,68912.6247929,sec_shares_x_price,1,False,81275.6247929,True,81959.624704,26.541,yahoo,2,26.541,1393.874944,1.056,5104.0,0.09880001770664955,98.5853,141.962832,100.0,100.0,0.0,40.0,,1.0,,,,,,,False,False,,,5,False,7000.0,1.0,7112805.0,False,57.71957693857894,5.0,63.52705383300781,183.0,56.0,290.5,unmeasurable,,,mandatory,2026-09-12 16:53:36+00:00
HON,Honeywell Technologies,0000773840,Industrials,Industrial Conglomerates,C,True,,North Carolina,1957-03-04,381602.9292,2023.0,381602.9292,0.0,381612.1092,0.0,10.0,False,,,690042.0,2023.0,wba,,,690042.0,2023.0,self_reported,1.0,False,695345.0,wba,1.0,,2023.0,17036269.0,wba,1.0,2023.0,1385387.0,2023.0,270.48892363262,,,-6.644258478578868,ghgrp,2.0,2.433045575248885,0.45420157570081965,8.0,2016.0,2023.0,,-1.7407,nzt_interim,2.0,2024.0,2018.0,-4.9035584785788675,,,,,37442.0,sec_xbrl,1,2025,2025-12-31,8127.0,sec_xbrl,1.0,2025.0,986.0,2025.0,1153.0,sec_secondhand,2024.0,9852.0,sec_ebit_plus_secondhand_da,2.0,2024.0,28687.0,sec_xbrl,1,2025.0,9196.000256,64135.980423600005,sec_shares_x_price,1,False,92822.9804236,True,90214.981632,10.599,yahoo,2,10.599,2610.374912,0.901,38057.00096,0.09195174353796878,98.5853,141.962832,100.0,100.0,0.0,50.0,196.673461935984,0.6179982285100158,121.54385107137014,60.77192553568507,0.7477780919857889,644.1216387527261,0.7139852240730833,5.0,False,False,,,5,True,91731413.0,72.0,373683268.0,False,32.27875236612157,4.0,54.909820556640625,226.0,10.0,451.0,measured,,voluntary,mandatory,2026-09-12 16:53:36+00:00
HONA,Honeywell Aerospace,0002089271,Industrials,Aerospace & Defense,C,True,,Arizona,2026-06-29,,,,,,,,False,,,,,,,,,,,,False,,,,,,,,,,,,320.32194217793,,,,,,,,,,,,,,,,,,,,,,17148.84831460674,sec_xbrl,1,2025,2025-06-28,,,,,,,,,,3537.999872,yahoo_ttm,3.0,,9.0,sec_xbrl,1,2025.0,1057.0,50160.9382585,sec_shares_x_price,1,False,50169.9382585,True,65326.94016,18.464,yahoo,2,18.464,,,17915.000832,0.07191572811245693,98.5853,141.962832,100.0,100.0,0.0,50.0,,1.0,,,,,,,False,True,Article 12(1)(a),nbim_exclusion,2,True,,,,False,,,80.86172485351562,96.5,12.0,394.5,unmeasurable,,,mandatory,2026-09-12 16:53:36+00:00
HOOD,Robinhood Markets,0001783879,Financials,Investment Banking & Brokerage,K,True,,California,2025-09-22,,,,,,,,False,,,157.0,2021.0,report_pdf,,,157.0,2021.0,self_reported,3.0,False,958.0,report_pdf,3.0,,2021.0,106764.0,report_pdf,3.0,2021.0,,,195.03700802971002,,,,,,,,,,,,,,,,,,,,,,4473.0,sec_xbrl,1,2025,2025-12-31,2108.0,sec_xbrl,1.0,2025.0,28.0,2022.0,77.0,sec_secondhand,2024.0,1141.0,sec_ebit_plus_secondhand_da,2.0,2024.0,22925.000704,yahoo,3,,23904.999424,103427.27240422,sec_shares_x_price,1,True,126352.27310821999,True,100290.691072,11.851,sector_median,4,,,2.34,4931.999744,0.14828366174698684,98.5853,141.962832,100.0,100.0,0.0,50.0,0.15828855768,1.0,0.15828855768,0.07914427884,0.003754472430740038,0.93793884853284,0.0009352202467719376,5.0,False,False,,,5,False,0.0,0.0,301953000.0,True,,,55.31061935424805,224.0,96.5,418.0,reported,,voluntary,vendor,2026-09-12 16:53:36+00:00
HPE,Hewlett Packard Enterprise,0001645590,Information Technology,"Technology Hardware, Storage & Peripherals",C,True,,Texas,2015-11-02,,,,,,,,False,,,39227.0,2024.0,wba,,,39227.0,2024.0,self_reported,1.0,False,251856.0,wba,1.0,,2024.0,15525588.0,wba,1.0,2024.0,126211.0,2024.0,334.12929392073005,,,,,,,,,,,,-11.3432,sbti_s12_absolute,2.0,2030.0,2020.0,,Targets set,1.5°C,Targets set,2040.0,34296.0,sec_xbrl,1,2025,2025-10-31,-437.0,sec_xbrl,1.0,2025.0,2292.0,2025.0,2564.0,sec_secondhand,2024.0,4754.0,sec_ebit_plus_secondhand_da,2.0,2024.0,22365.0,sec_xbrl,1,2025.0,6216.0,82422.28812811,sec_shares_x_price,1,False,104787.28812811,True,96589.29152,14.019,yahoo,2,14.019,4738.625024,1.442,41870.999552,0.11816881958788542,98.5853,141.962832,100.0,100.0,0.0,60.0,41.322967027056,1.0,41.322967027056,16.529186810822402,,231.72266990091927,0.2399051346731726,5.0,False,False,,,5,True,47359.0,2.0,143046174.0,False,79.84182220404394,5.0,36.97394561767578,315.5,135.0,402.0,unmeasurable,,voluntary,mandatory,2026-09-12 16:53:36+00:00
HPQ,HP Inc.,0000047217,Information Technology,"Technology Hardware, Storage & Peripherals",C,True,,California,1974-12-31,,,,,,,,False,,,48400.0,2024.0,wba,,,48400.0,2024.0,self_reported,1.0,False,185700.0,wba,1.0,,2024.0,17630000.0,wba,1.0,2024.0,127600.0,2024.0,195.03700802971002,,,,,,,,,,,,-9.9659,nzt_interim,2.0,2025.0,2015.0,,Targets set,1.5°C,Targets set,2040.0,55295.0,sec_xbrl,1,2025,2025-10-31,3174.0,sec_xbrl,1.0,2025.0,897.0,2025.0,830.0,sec_secondhand,2024.0,4648.0,sec_ebit_plus_secondhand_da,2.0,2024.0,9609.0,sec_xbrl,1,2025.0,4168.999936,31995.54358012,sec_shares_x_price,1,False,41604.54358012,True,38165.54496,9.2242,yahoo_winsorised,3,8.232,3389.874944,1.205,59162.001408,0.04587200504624263,98.5853,141.962832,100.0,100.0,0.0,60.0,33.2334989712,1.0,33.2334989712,13.29339958848,0.4188216631531191,122.62097648405721,0.321287110173776,5.0,False,False,,,5,True,722350.0,2.0,186440655.0,False,78.4636248035298,5.0,29.058116912841797,355.0,155.0,463.0,unmeasurable,,voluntary,mandatory,2026-09-12 16:53:36+00:00
HRL,Hormel Foods,0000048465,Consumer Staples,Packaged Foods & Meats,C,True,,Minnesota,2009-03-04,58585.68,2023.0,58585.68,0.0,58588.20999999999,0.0,1.0,False,,,625338.0,2023.0,wba,,,625338.0,2023.0,self_reported,2.0,False,437394.0,wba,2.0,,2023.0,12260503.0,wba,2.0,2019.0,1062732.0,2023.0,420.27691760824,,,1.0952917207641244,ghgrp,2.0,0.47086738499519465,0.4094610612385514,8.0,2010.0,2017.0,,-6.1069,sbti_s12_absolute,2.0,2030.0,2019.0,7.202191720764125,Targets set,1.5°C,,,12106.16,sec_xbrl,1,2025,2025-10-26,718.603,sec_xbrl,1.0,2025.0,310.902,2025.0,257.756,sec_secondhand,2024.0,1325.688,sec_ebit_plus_secondhand_da,2.0,2024.0,2857.424,sec_xbrl,1,2025.0,574.262976,11323.70272,sec_shares_x_price,1,True,14181.12672,True,10996.453376,8.693,yahoo,2,8.693,621.551616,0.315,12146.911232,0.016234790542416007,98.5853,141.962832,100.0,100.0,0.0,70.0,150.868444377024,1.0792362111660294,162.82268829397222,48.846806488191675,6.7974676543504104,424.6252888018502,3.861474916345339,5.0,False,False,,,5,True,6770012.0,6.0,19868017.0,False,27.282522593574917,5.0,17.134267807006836,414.5,85.0,477.5,measured,,voluntary,mandatory,2026-09-12 16:53:36+00:00
HSIC,Henry Schein,0001000228,Health Care,Health Care Distributors,G,True,,New York,2015-03-17,,,,,,,,False,,,28055.0,2021.0,report_pdf,,,28055.0,2021.0,self_reported,3.0,False,11715.0,report_pdf,3.0,,2021.0,80090.0,report_pdf,3.0,2021.0,,,539.4723741892101,,,,,,,,,,,,-7.8945,sbti_s12_absolute,2.0,2050.0,2022.0,,Targets set,1.5°C,Targets set,2050.0,13184.0,sec_xbrl,1,2025,2025-12-27,653.0,sec_xbrl,1.0,2025.0,139.0,2025.0,297.0,sec_secondhand,2024.0,918.0,sec_ebit_plus_secondhand_da,2.0,2024.0,2343.0,sec_xbrl,1,2025.0,157.0,9847.416451120002,sec_shares_x_price,1,False,12190.416451120002,True,15069.416448,13.953,yahoo,2,13.953,446.0,0.812,13601.999872,0.014118239185625213,98.5853,141.962832,100.0,100.0,0.0,70.0,5.64586182864,1.0,5.64586182864,1.6937585485920004,0.2593810947307811,23.63301302850418,0.15682765892132958,5.0,False,False,,,5,True,67829.0,3.0,41044865.0,False,69.86123329226876,5.0,44.68938064575195,277.0,66.0,361.0,reported,,voluntary,mandatory,2026-09-12 16:53:36+00:00
HST,Host Hotels & Resorts,0001070750,Real Estate,Hotel & Resort REITs,L,True,,Maryland,2007-03-20,,,,,,,,False,,,,,,,,,,,,False,,,,,,,,,,,,271.7789403329,,,,,,,,,,,,-6.8159,sbti_s12_absolute,2.0,2030.0,2019.0,,Targets set,1.5°C,,,6114.0,sec_xbrl,1,2025,2025-12-31,855.0,sec_xbrl,1.0,2025.0,282.0,2025.0,,,,1695.000064,yahoo_ttm,3.0,,1274.0,sec_xbrl,1,2025.0,1952.999936,15237.166633759998,sec_shares_x_price,1,False,16511.166633759996,True,19159.166976,13.1348,yahoo_winsorised,3,11.303,1692.37504,1.101,6233.999872,0.02184552304804621,98.5853,141.962832,100.0,100.0,0.0,60.0,,1.0,,,,,,,False,False,,,5,True,,,,False,82.05371223750996,4.0,74.44889831542969,128.5,73.5,330.5,unmeasurable,,,mandatory,2026-09-12 16:53:36+00:00
HSY,Hershey Company (The),0000047111,Consumer Staples,Packaged Foods & Meats,C,True,,Pennsylvania,1957-03-04,,,,,,,,False,,,190984.0,2024.0,wba,,,190984.0,2024.0,self_reported,1.0,False,220505.0,wba,1.0,,2024.0,6379418.0,wba,1.0,2024.0,243984.0,2024.0,271.7789403329,,,,,,,,,,,,-5.6126,sbti_s12_absolute,2.0,2030.0,2018.0,,Targets set,1.5°C,,,11692.576,sec_xbrl,1,2025,2025-12-31,1441.528,sec_xbrl,1.0,2025.0,454.622,2025.0,455.255,sec_secondhand,2024.0,3353.487,sec_ebit_plus_secondhand_da,2.0,2024.0,5403.067,sec_xbrl,1,2025.0,791.212992,35156.16917792,sec_shares_x_price,1,True,40559.23617792,True,39956.533248,14.681,yahoo,2,14.681,1743.636352,0.097,12163.91168,0.050403393394389,98.5853,141.962832,100.0,100.0,0.0,70.0,58.416143776847996,1.0,58.416143776847996,17.5248431330544,1.2157129887906721,257.28222203637165,0.6439052668545756,5.0,False,False,,,5,True,18049.0,3.0,608647.0,False,37.96421327850261,5.0,55.71142578125,222.0,45.0,442.0,unmeasurable,,voluntary,mandatory,2026-09-12 16:53:36+00:00
HUBB,Hubbell Incorporated,0000048898,Industrials,Industrial Machinery & Supplies & Components,C,True,,Connecticut,2023-10-18,,,,,,,,False,,,,,,,,,,,,False,,,,,,,,,,,,246.38139635186002,,,,,,,,,,,,,,,,,,,,,,5844.6,sec_xbrl,1,2025,2025-12-31,1208.8,sec_xbrl,1.0,2025.0,155.1,2025.0,212.1,sec_secondhand,2024.0,1303.6999999999998,sec_ebit_plus_secondhand_da,2.0,2024.0,2038.4,sec_xbrl,1,2025.0,394.7,24328.3541308,sec_shares_x_price,1,False,26366.7541308,True,29497.116672,19.464,yahoo,2,19.464,495.812512,0.889,6223.600128,0.03487955691892795,98.5853,141.962832,100.0,100.0,0.0,50.0,,1.0,,,,,,,False,False,,,5,True,243787.0,9.0,1342023.0,False,51.3773024926571,4.0,36.47294616699219,318.0,142.02499389648438,412.0,unmeasurable,,,mandatory,2026-09-12 16:53:36+00:00
HUM,Humana,0000049071,Health Care,Managed Health Care,K,True,,Kentucky,2012-12-10,,,,,,,,False,,,,,,,,,,,,False,,,,,,,,,,,,409.73270937522005,,,,,,,,,,,,-5.8935,sbti_s12_absolute,2.0,2032.0,2019.0,,Targets set,1.5°C,,,129664.0,sec_xbrl,1,2025,2025-12-31,2704.0,sec_xbrl,1.0,2025.0,546.0,2025.0,,,,3596.0,yahoo_ttm,3.0,,12369.0,sec_xbrl,1,2025.0,23871.000576,49201.2027,sec_shares_x_price,1,False,61570.2027,True,40145.911808,11.164,yahoo,2,11.164,1940.999936,0.745,145679.007744,0.07053975541574911,98.5853,141.962832,100.0,100.0,0.0,70.0,,1.0,,,,,,,False,False,,,5,False,0.0,0.0,332187993.0,True,40.74044304382943,4.0,83.26653289794922,84.5,30.5,283.0,unmeasurable,,,mandatory,2026-09-12 16:53:36+00:00
HWM,Howmet Aerospace,0000004281,Industrials,Aerospace & Defense,C,True,,Pennsylvania,2016-10-21,751661.6300000001,2023.0,751661.6300000001,0.0,751856.1560000001,0.0,8.0,False,,,800000.0,2024.0,wba,,,800000.0,2024.0,self_reported,1.0,False,490000.0,wba,1.0,,2024.0,8870000.0,wba,1.0,2024.0,1280000.0,2024.0,271.7789403329,,,1.7419389393054763,ghgrp,2.0,2.150371191829527,0.07718856781096783,8.0,2016.0,2023.0,,-4.7261,nzt_interim,2.0,2024.0,2019.0,6.468038939305476,,,,,8252.0,sec_xbrl,1,2025,2025-12-31,2046.0,sec_xbrl,1.0,2025.0,453.0,2025.0,277.0,sec_secondhand,2024.0,1910.0,sec_ebit_plus_secondhand_da,2.0,2024.0,3050.0,sec_xbrl,1,2025.0,563.0,91568.78922439,sec_shares_x_price,1,False,94618.78922439,True,95669.788672,33.992300000000014,yahoo_winsorised,3,34.241,1189.874944,1.186,9116.99968,0.1312821565559972,98.5853,141.962832,100.0,100.0,0.0,50.0,183.13205328,1.1091749670975268,203.12548917134654,101.56274458567327,4.963966011029974,3452.351282779583,3.608611799714359,5.0,False,True,Article 12(1)(a),gics_proxy,4,True,1047593.0,18.0,4525892.0,False,69.83914209115282,1.0,11.22244644165039,444.0,339.95001220703125,495.0,measured,,voluntary,mandatory,2026-09-12 16:53:36+00:00
IBKR,Interactive Brokers,0001381197,Financials,Investment Banking & Brokerage,K,True,,Connecticut,2025-08-28,,,,,,,,False,,,,,,,,,,,,False,,,,,,,,,,,,246.38139635186002,,,,,,,,,,,,,,,,,,,,,,6205.0,sec_xbrl,1,2025,2025-12-31,4771.0,sec_xbrl,1.0,2025.0,,,67.0,sec_secondhand,2024.0,3762.0,sec_ebit_plus_secondhand_da,2.0,2024.0,45779.001344,yahoo,3,,130858.999808,155677.638656,yahoo_override_upc,3,True,201456.63999999998,True,-27336.247296,11.851,sector_median,4,,,1.349,6834.999808,0.223195002395655,98.5853,141.962832,100.0,100.0,0.0,50.0,,1.0,,,,,,,False,False,,,5,False,0.0,0.0,205126178.0,True,20.640569395017792,1.0,55.31061935424805,224.0,96.5,418.0,unmeasurable,,,vendor,2026-09-12 16:53:36+00:00
IBM,IBM,0000051143,Information Technology,IT Consulting & Other Services,J,True,,New York,1957-03-04,466758.09557850007,2014.0,466758.09557850007,0.0,464825.4605785001,0.0,2.0,False,,,71000.0,2023.0,wba,,,71000.0,2023.0,self_reported,1.0,False,306000.0,wba,1.0,,2023.0,585000.0,wba,1.0,2023.0,377000.0,2023.0,110.12134121912001,,,-6.92579269357606,ghgrp,2.0,1.7168440167281325,0.7915258461037307,4.0,2011.0,2014.0,,-6.7595,nzt_interim,2.0,2025.0,2010.0,-0.16629269357606002,,,,,67535.0,sec_xbrl,1,2025,2025-12-31,10328.0,sec_xbrl,1.0,2025.0,1091.0,2025.0,,,,16472.999936,yahoo_ttm,3.0,,61259.0,sec_xbrl,1,2025.0,8131.999744,229211.8757431,sec_shares_x_price,1,False,290470.8757431,True,286440.882176,17.389,yahoo,2,17.389,12049.750016,0.708,69094.998016,0.32862102481294325,98.5853,141.962832,100.0,100.0,0.0,60.0,53.519987664,0.605069724255323,32.38332417800477,12.953329671201908,0.12541953593340346,225.24544965252997,0.07863592932035823,5.0,False,False,,,5,False,13794314.0,3.0,462866760.0,False,85.17787719239351,4.0,57.11423110961914,215.0,16.0,478.0,measured,,voluntary,mandatory,2026-09-12 16:53:36+00:00
ICE,Intercontinental Exchange,0001571949,Financials,Financial Exchanges & Data,K,True,,Georgia,2007-09-26,,,,,,,,False,,,,,,,,,,,,False,,,,,,,,,,,,383.74232016659,,,,,,,,,,,,,,,,,,,,,,12640.0,sec_xbrl,1,2025,2025-12-31,4929.0,sec_xbrl,1.0,2025.0,373.0,2025.0,,,,6713.999872,yahoo_ttm,3.0,,19644.0,sec_xbrl,1,2025.0,1067.0,88363.49225380001,sec_shares_x_price,1,False,108007.49225380001,True,107924.488192,16.075,yahoo,2,16.075,3633.625088,0.934,10558.000128,0.12668672286875812,98.5853,141.962832,100.0,100.0,0.0,50.0,,1.0,,,,,,,False,False,,,5,False,0.0,0.0,65500000.0,True,62.68126111197608,3.0,55.31061935424805,224.0,96.5,418.0,unmeasurable,,,mandatory,2026-09-12 16:53:36+00:00
IDXX,Idexx Laboratories,0000874716,Health Care,Health Care Equipment,C,True,,Maine,2017-01-05,,,,,,,,False,,,16646.0,2021.0,report_pdf,,,16646.0,2021.0,self_reported,3.0,False,17381.0,report_pdf,3.0,,2021.0,,,,,,,246.38139635186002,,,,,,,,,,,,,,,,,,,,,,4303.702,sec_xbrl,1,2025,2025-12-31,1360.031,sec_xbrl,1.0,2025.0,124.676,2025.0,129.936,sec_secondhand,2024.0,1258.273,sec_ebit_plus_secondhand_da,2.0,2024.0,449.837,sec_xbrl,1,2025.0,196.932992,39760.829245199995,sec_shares_x_price,1,False,40210.666245199995,True,40659.976192,25.073,yahoo,2,25.073,909.368384,1.538,4553.223168,0.057005093700357286,98.5853,141.962832,100.0,100.0,0.0,70.0,4.830569284464,1.0,4.830569284464,1.4491707853392002,0.10655424658255584,36.335059100809765,0.08936320800885963,5.0,False,False,,,5,True,80000.0,1.0,308910.0,False,62.528963496752894,4.0,38.67735290527344,307.0,75.0,427.0,reported,,voluntary,mandatory,2026-09-12 16:53:36+00:00
IEX,IDEX Corporation,0000832101,Industrials,Industrial Machinery & Supplies & Components,C,True,,Illinois,2019-08-09,,,,,,,,False,,,12417.0,2022.0,report_pdf,,,12417.0,2022.0,self_reported,2.0,False,27228.0,report_pdf,2.0,38702.0,2022.0,,,,,,,415.51510490798,,,,,,,,,,,,,,,,,,,,,,3457.5,sec_xbrl,1,2025,2025-12-31,699.3,sec_xbrl,1.0,2025.0,63.6,2025.0,152.1,sec_secondhand,2023.0,884.6,sec_ebit_plus_secondhand_da,2.0,2023.0,1820.8,sec_xbrl,1,2025.0,621.299968,16528.73788216,sec_shares_x_price,1,False,18349.53788216,True,17791.537152,18.385,yahoo,2,18.385,555.61248,0.972,3585.299968,0.023697248513370045,98.5853,141.962832,100.0,100.0,0.0,50.0,5.62811647464,1.0,5.62811647464,2.81405823732,0.40241073034749036,51.7364606931282,0.29079252821790247,5.0,False,False,,,5,True,0.0,0.0,850615.0,True,16.62641497830484,3.0,80.86172485351562,96.5,12.0,394.5,reported,,voluntary,mandatory,2026-09-12 16:53:36+00:00
IFF,International Flavors & Fragrances,0000051253,Materials,Specialty Chemicals,C,True,,New York,1976-03-31,307088.216,2023.0,319470.216,12382.0,307100.96,0.0,7.0,False,,,740032.0,2024.0,wba,,,740032.0,2024.0,self_reported,1.0,False,909414.0,wba,1.0,,2024.0,4965885.0,wba,1.0,2024.0,1649446.0,2024.0,392.69487277328005,,,-1.1259077023953235,ghgrp,2.0,1.0130638136306362,0.11509256747970076,10.0,2010.0,2019.0,,-7.4125,sbti_s12_absolute,2.0,2030.0,2021.0,6.286592297604676,Targets set,1.5°C,,,10890.0,sec_xbrl,1,2025,2025-12-31,-382.0,sec_xbrl,1.0,2025.0,594.0,2025.0,1015.0,sec_secondhand,2024.0,1781.0,sec_ebit_plus_secondhand_da,2.0,2024.0,5994.0,sec_xbrl,1,2025.0,569.0,21333.08840643,sec_shares_x_price,1,False,27327.08840643,True,27076.087808,14.169,yahoo,2,14.169,-1720.999936,0.953,10780.99968,0.030585244991422234,98.5853,141.962832,100.0,100.0,0.0,35.0,234.16002539107197,0.934318734504801,218.78009859499844,142.207064086749,,2014.9318910451466,7.441739387659275,5.0,False,False,,,5,True,327499.0,8.0,489855.0,False,39.12097595296196,4.0,35.871742248535156,321.0,18.0,466.0,measured,,voluntary,mandatory,2026-09-12 16:53:36+00:00
INCY,Incyte,0000879169,Health Care,Biotechnology,C,True,,Delaware,2017-02-28,,,,,,,,False,,,4058.0,2021.0,report_pdf,,,4058.0,2021.0,self_reported,3.0,False,,,,,,,,,,,,271.7789403329,,,,,,,,,,,,,,,,,,,,,,5141.242,sec_xbrl,1,2025,2025-12-31,1514.859,sec_xbrl,1.0,2025.0,77.833,2022.0,89.248,sec_secondhand,2024.0,150.614,sec_ebit_plus_secondhand_da,2.0,2024.0,19094.0,sec_xbrl,1,2018.0,4535.739904,24267.53836785,sec_shares_x_price,1,False,43361.53836785,True,20124.22144,10.361,yahoo,2,10.361,1180.664576,0.77,5819.53024,0.034792365370581606,98.5853,141.962832,100.0,100.0,0.0,70.0,0.576085172256,1.0,0.576085172256,0.17282555167680003,0.011408688972161768,1.7906455409233253,0.008897961823080223,5.0,False,False,,,5,True,0.0,0.0,12600000.0,True,31.161759130358117,3.0,83.26653289794922,84.5,30.5,283.0,reported,,voluntary,mandatory,2026-09-12 16:53:36+00:00
INTC,Intel,0000050863,Information Technology,Semiconductors,C,True,,California,1976-12-31,790767.5444783,2023.0,790767.9444782999,0.4,781740.6504783,0.0,5.0,False,,,1105000.0,2024.0,wba,,,1105000.0,2024.0,self_reported,1.0,False,3179000.0,wba,1.0,,2024.0,11240000.0,wba,1.0,2024.0,1200000.0,2024.0,195.03700802971002,,,1.5320864834087455,ghgrp,2.0,1.0155328445636609,0.15822564894158453,13.0,2011.0,2023.0,,-0.9533,nzt_interim,2.0,2030.0,2019.0,2.4853864834087456,,,,,52853.0,sec_xbrl,1,2025,2025-12-27,-2214.0,sec_xbrl,1.0,2025.0,14646.0,2025.0,,,,16839.999488,yahoo_ttm,3.0,,46585.0,sec_xbrl,1,2025.0,29727.000576,519229.36,sec_shares_x_price,1,False,565814.36,True,555640.356864,32.995,yahoo,2,32.995,4866.375168,2.231,57031.999488,0.7444190395588834,98.5853,141.962832,100.0,100.0,0.0,60.0,608.168772288,1.0955188790308938,666.2603716785447,266.5041486714179,,8793.304385413434,1.5825532247229672,5.0,False,False,,,5,True,213003.0,3.0,112617503.0,False,64.66670046811697,4.0,33.46693420410156,333.0,53.95000076293945,470.0,measured,,voluntary,mandatory,2026-09-12 16:53:36+00:00
INTU,Intuit,0000896878,Information Technology,Application Software,J,True,,California,2000-12-05,,,,,,,,False,,,1770.0,2021.0,report_pdf,,,1770.0,2021.0,self_reported,3.0,False,2460.0,report_pdf,3.0,,2021.0,19251.0,report_pdf,3.0,2021.0,,,195.03700802971002,,,,,,,,,,,,-12.0077,sbti_s12_absolute,2.0,2040.0,2022.0,,Targets set,1.5°C,Targets set,2040.0,18831.0,sec_xbrl,1,2025,2025-07-31,4923.0,sec_xbrl,1.0,2025.0,84.0,2025.0,,,,6848.999936,yahoo_ttm,3.0,,5973.0,sec_xbrl,1,2025.0,7200.0,85935.08052,sec_shares_x_price,1,False,91908.08052,True,87156.08064,12.725,yahoo,2,12.725,6353.625088,0.976,21447.999488,0.12320510940504929,98.5853,141.962832,100.0,100.0,0.0,60.0,0.60050277936,1.0,0.60050277936,0.240201111744,0.0048791613191956126,3.0565591469424,0.0035069947208475113,5.0,False,False,,,5,False,0.0,0.0,157390985.0,True,75.63148076786187,3.0,66.13226318359375,170.0,83.0,338.0,reported,,voluntary,mandatory,2026-09-12 16:53:36+00:00
INVH,Invitation Homes,0001687229,Real Estate,Single-Family Residential REITs,L,True,,Texas,2022-09-19,,,,,,,,False,,,,,,,,,,,,False,,,,,,,,,,,,334.12929392073005,,,,,,,,,,,,,,,,,,,,,,2729.296,sec_xbrl,1,2025,2025-12-31,387.626,sec_xbrl,1.0,2025.0,28.332,2025.0,,,,1500.342016,yahoo_ttm,3.0,,8380.02,sec_xbrl,1,2025.0,113.062,16265.763644039998,sec_shares_x_price,1,False,24645.78364404,True,24776.595456,16.514,yahoo,2,16.514,1168.785536,0.831,2848.004096,0.023320222395721343,98.5853,141.962832,100.0,100.0,0.0,60.0,,1.0,,,,,,,False,False,,,5,True,0.0,0.0,50051621.0,True,,0.0,74.44889831542969,128.5,73.5,330.5,unmeasurable,,,mandatory,2026-09-12 16:53:36+00:00
IP,International Paper,0000051434,Materials,Paper & Plastic Packaging Products & Materials,C,True,,Tennessee,1957-03-04,5404387.697999999,2023.0,27957301.364,22470616.8,5573409.573836716,82296.86600000004,33.0,False,,,6266000.0,2024.0,wba,720075.0855769999,2026.0,6266000.0,2024.0,self_reported,2.0,False,4910000.0,wba,2.0,,2024.0,21350000.0,wba,2.0,2024.0,11180000.0,2024.0,409.73270937522005,,,-1.7151156690935143,ghgrp,2.0,0.2993125541391167,0.6944939941959061,14.0,2010.0,2023.0,,-3.5491,sbti_s12_absolute,2.0,2030.0,2019.0,1.8339843309064858,Targets set,Well-below 2°C,,,23634.0,sec_xbrl,1,2025,2025-12-31,-3368.0,sec_xbrl,1.0,2025.0,1857.0,2025.0,851.0,sec_secondhand,2024.0,998.0,sec_ebit_plus_secondhand_da,2.0,2024.0,9831.0,sec_xbrl,1,2025.0,726.0,18196.021592200002,sec_shares_x_price,1,False,28027.021592200002,True,27373.021184,7.095000000000001,yahoo_winsorised,3,6.958,1646.499968,0.883,24202.999808,0.02608763286702091,98.5853,141.962832,100.0,100.0,0.0,35.0,1586.5766104319998,0.9014058771520973,1430.149481195458,929.5971627770477,,6595.491869903154,24.09486269553005,5.0,False,False,,,5,True,13869622.0,86.0,498351812.0,False,34.07846083092593,3.0,28.85771369934082,356.0,41.0,471.0,measured,,voluntary,mandatory,2026-09-12 16:53:36+00:00
IQV,IQVIA,0001478242,Health Care,Life Sciences Tools & Services,C,True,,North Carolina,2017-08-29,,,,,,,,False,,,,,,,,,,,,False,,,,,,,,,,,,270.48892363262,,,,,,,,,,,,-7.0208,sbti_s12_absolute,2.0,2030.0,2019.0,,Targets set,1.5°C,Targets set,2050.0,16310.0,sec_xbrl,1,2025,2025-12-31,2182.0,sec_xbrl,1.0,2025.0,603.0,2025.0,1114.0,sec_secondhand,2024.0,3316.0,sec_ebit_plus_secondhand_da,2.0,2024.0,15724.0,sec_xbrl,1,2025.0,2080.0,43689.413,sec_shares_x_price,1,False,59413.413,True,57392.340992,18.83,yahoo,2,18.83,2149.750016,1.186,16983.000064,0.06263750351935297,98.5853,141.962832,100.0,100.0,0.0,70.0,,1.0,,,,,,,False,False,,,5,True,0.0,0.0,4050000.0,True,60.512778320329936,3.0,83.26653289794922,84.5,30.5,283.0,unmeasurable,,,mandatory,2026-09-12 16:53:36+00:00
IR,Ingersoll Rand,0001699150,Industrials,Industrial Machinery & Supplies & Components,C,True,,North Carolina,2020-03-03,,,,,,,,False,,,,,,,,,,,,False,,,,,,,,,,,,270.48892363262,,,,,,,,,,,,-7.3881,sbti_s12_absolute,2.0,2050.0,2020.0,,Targets set,1.5°C,Targets set,2050.0,7650.9,sec_xbrl,1,2025,2025-12-31,1144.6,sec_xbrl,1.0,2025.0,135.6,2025.0,482.0,sec_secondhand,2024.0,1782.1,sec_ebit_plus_secondhand_da,2.0,2024.0,4784.7,sec_xbrl,1,2025.0,1181.699968,28296.79835697,sec_shares_x_price,1,False,33081.49835697,True,32087.498752,15.927,yahoo,2,15.927,1107.425024,1.147,7942.199808,0.04056911468852031,98.5853,141.962832,100.0,100.0,0.0,50.0,,1.0,,,,,,,False,False,,,5,True,29815.0,4.0,7960666.0,False,54.59057071960298,1.0,62.42485046386719,188.5,57.0,398.5,unmeasurable,,,mandatory,2026-09-12 16:53:36+00:00
IRM,Iron Mountain,0001020569,Real Estate,Other Specialized REITs,L,True,,New Hampshire,2009-01-06,,,,,,,,False,,,,,,,,,,,,False,,,,,,,,,,,,246.38139635186002,,,,,,,,,,,,-12.0077,sbti_s12_absolute,2.0,2040.0,2022.0,,Targets set,1.5°C,Targets set,2040.0,6901.737,sec_xbrl,1,2025,2025-12-31,1163.822,sec_xbrl,1.0,2025.0,2271.628,2025.0,900.905,sec_secondhand,2024.0,1910.424,sec_ebit_plus_secondhand_da,2.0,2024.0,16431.959,sec_xbrl,1,2025.0,204.792992,34289.40988616001,sec_shares_x_price,1,False,50721.36888616001,True,54420.8896,21.333,yahoo,2,21.333,-436.093504,1.204,7562.470912,0.04916072075449685,98.5853,141.962832,100.0,100.0,0.0,60.0,,1.0,,,,,,,False,False,,,5,True,54765.0,2.0,45471699.0,False,83.22818242278221,3.0,34.56913757324219,327.5,104.0,445.0,unmeasurable,,,mandatory,2026-09-12 16:53:36+00:00
ISRG,Intuitive Surgical,0001035267,Health Care,Health Care Equipment,C,True,,California,2008-06-02,,,,,,,,False,,,,,,,,,,,,False,,,,,,,,,,,,195.03700802971002,,,,,,,,,,,,,,,,,,,,,,10064.7,sec_xbrl,1,2025,2025-12-31,2945.5,sec_xbrl,1.0,2025.0,539.8,2025.0,,,,4180.8,yahoo_ttm,3.0,,0.0,yahoo,3,,5216.200192,130412.5877277,sec_shares_x_price,1,False,130412.5877277,True,125325.688832,29.976,yahoo,2,29.976,2615.2,1.465,11034.399744,0.1869725034474997,98.5853,141.962832,100.0,100.0,0.0,70.0,,1.0,,,,,,,False,False,,,5,True,0.0,0.0,23711.0,True,46.897483696397614,4.0,83.26653289794922,84.5,30.5,283.0,unmeasurable,,,vendor,2026-09-12 16:53:36+00:00
IT,Gartner,0000749251,Information Technology,IT Consulting & Other Services,J,True,,Connecticut,2017-04-05,,,,,,,,False,,,,,,,,,,,,False,,,,,,,,,,,,246.38139635186002,,,,,,,,,,,,-7.2722,sbti_s12_absolute,2.0,2029.0,2019.0,,Targets set,1.5°C,,,6497.226,sec_xbrl,1,2025,2025-12-31,1025.711,sec_xbrl,1.0,2025.0,115.142,2025.0,202.315,sec_secondhand,2024.0,1358.602,sec_ebit_plus_secondhand_da,2.0,2024.0,2981.674,sec_xbrl,1,2025.0,1488.706048,11340.92459984,sec_shares_x_price,1,False,14322.59859984,True,13181.714432,9.525,yahoo,2,9.525,1052.553024,0.953,6463.62624,0.016259481548429017,98.5853,141.962832,100.0,100.0,0.0,60.0,,1.0,,,,,,,False,False,,,5,False,0.0,0.0,2456764.0,True,57.40247158425965,4.0,66.13226318359375,170.0,83.0,338.0,unmeasurable,,,mandatory,2026-09-12 16:53:36+00:00
ITW,Illinois Tool Works,0000049826,Industrials,Industrial Machinery & Supplies & Components,C,True,,Illinois,1986-02-28,17549.74984,2023.0,17549.74984,0.0,17550.504930000003,0.0,1.0,False,,,,,,,,17549.74984,2023.0,ghgrp_fossil,1.0,False,,,,,,,,,,,,415.51510490798,,,-3.629615652096152,ghgrp,2.0,2.195990367206763,0.16286422465621475,14.0,2010.0,2023.0,,,,,,,,,,,,16044.0,sec_xbrl,1,2025,2025-12-31,4216.0,sec_xbrl,1.0,2025.0,419.0,2025.0,,,,4806.000128,yahoo_ttm,3.0,,8969.0,sec_xbrl,1,2025.0,839.0,76371.968,sec_shares_x_price,1,False,85340.968,True,85227.97056,17.734,yahoo,2,17.734,2432.999936,0.997,16469.000192,0.10949447671407059,98.5853,141.962832,100.0,100.0,0.0,50.0,2.491412188177947,0.7719783795130197,1.923316343728598,0.961658171864299,0.02280972893416269,17.05404601984148,0.020009916824002667,5.0,False,False,,,5,True,802962.0,20.0,6147627.0,False,38.051644173829,3.0,80.73701477050781,97.12229919433594,11.0,339.0,measured,,mandatory,mandatory,2026-09-12 16:53:36+00:00
IVZ,Invesco,0000914208,Financials,Asset Management & Custody Banks,K,True,,Georgia,2008-08-21,42271.42,2016.0,42271.42,0.0,42276.73100000001,0.0,1.0,False,,,585.0,2024.0,wba,,,585.0,2024.0,self_reported,1.0,False,8871.0,wba,1.0,,2024.0,,,,,9316.0,2024.0,383.74232016659,,,0.793851765025555,ghgrp,2.0,1.049617927141824,0.07203536637085106,7.0,2010.0,2016.0,,-8.1746,netzero_inferred,2.0,2050.0,2023.0,8.968451765025556,,,,,6377.1,sec_xbrl,1,2025,2025-12-31,-695.7,sec_xbrl,1.0,2025.0,84.3,2025.0,179.6,sec_secondhand,2024.0,1011.7,sec_ebit_plus_secondhand_da,2.0,2024.0,1825.1,sec_xbrl,1,2025.0,915.4,14251.612898399999,sec_shares_x_price,1,False,16076.7128984,True,18469.013504,12.783,yahoo,2,12.783,1140.787456,1.605,6902.49984,0.020432534835841953,98.5853,141.962832,100.0,100.0,0.0,50.0,1.3424005393919998,1.0485864723186942,1.4076230460397694,0.7038115230198847,,8.996822698763186,0.04871306578889373,5.0,False,False,,,5,False,137621.0,6.0,623703207.0,False,45.314428385926696,3.0,27.25450897216797,364.0,50.0,456.0,measured,,voluntary,mandatory,2026-09-12 16:53:36+00:00
J,Jacobs Solutions,0000052988,Industrials,Construction & Engineering,F,True,,Texas,2007-10-26,,,,,,,,False,,,16749.0,2021.0,report_pdf,,,16749.0,2021.0,self_reported,2.0,False,4900.0,report_pdf,2.0,44730.0,2021.0,,,,,,,334.12929392073005,,,,,,,,,,,,-6.1069,sbti_s12_absolute,2.0,2030.0,2019.0,,Targets set,1.5°C,Targets set,2040.0,12029.783,sec_xbrl,1,2025,2025-09-26,863.634,sec_xbrl,1.0,2025.0,79.232,2025.0,,,,1056.488,yahoo_ttm,3.0,,2236.456,sec_xbrl,1,2025.0,1179.111936,16601.92697035,sec_shares_x_price,1,False,18838.38297035,True,19463.636992,18.423,yahoo,2,18.423,645.677888,0.679,14219.215872,0.02380217969587596,98.5853,141.962832,100.0,100.0,0.0,50.0,3.073353349968,1.0,3.073353349968,1.536676674984,0.17793147038954,28.31019438323023,0.1454517179644604,5.0,False,True,Article 12(1)(a),nbim_exclusion,2,True,2499394.0,5.0,76956493.0,False,42.93812402157002,3.0,20.941883087158203,395.5,155.0,443.5,reported,,voluntary,mandatory,2026-09-12 16:53:36+00:00
JBHT,J.B. Hunt,0000728535,Industrials,Cargo Ground Transportation,H,True,,Arkansas,2015-07-01,,,,,,,,False,,,1821012.0,2024.0,wba,,,1821012.0,2024.0,self_reported,1.0,False,21111.0,wba,1.0,,2024.0,2366080.0,wba,1.0,2024.0,1840278.0,2024.0,336.44805811617,,,,,,,,,,,,,,,,,,,,,,11999.096,sec_xbrl,1,2025,2025-12-31,865.069,sec_xbrl,1.0,2025.0,730.687,2025.0,761.141,sec_secondhand,2024.0,1592.366,sec_ebit_plus_secondhand_da,2.0,2024.0,1466.797,sec_xbrl,1,2025.0,4.162,25399.29525255,sec_shares_x_price,1,False,26866.09225255,True,26798.471168,16.009,yahoo,2,16.009,903.028352,1.289,12701.309952,0.0364149650115621,98.5853,141.962832,100.0,100.0,0.0,50.0,261.512997972336,1.0,261.512997972336,130.756498986168,15.115152546926083,2093.2807922695633,7.81119482207308,5.0,False,False,,,5,True,50000.0,2.0,26351080.0,False,83.87844041939252,3.0,61.52304458618164,193.0,60.0,398.5,reported,,voluntary,mandatory,2026-09-12 16:53:36+00:00
JBL,Jabil,0000898293,Information Technology,Electronic Manufacturing Services,C,True,,Florida,2023-12-18,,,,,,,,False,,,,,,,,,,,,False,,,,,,,,,,,,355.97248809045,,,,,,,,,,,,-4.6816,nzt_interim,2.0,2025.0,2019.0,,Commitment removed,,Commitment removed,,29802.0,sec_xbrl,1,2025,2025-08-31,1182.0,sec_xbrl,1.0,2025.0,468.0,2025.0,696.0,sec_secondhand,2024.0,2709.0,sec_ebit_plus_secondhand_da,2.0,2024.0,2885.0,sec_xbrl,1,2025.0,1360.0,33330.67726912,sec_shares_x_price,1,False,36215.67726912,True,35917.676544,14.984,yahoo,2,14.984,1211.62496,1.292,33589.999616,0.04778618597477889,98.5853,141.962832,100.0,100.0,0.0,60.0,,1.0,,,,,,,False,False,,,5,True,0.0,0.0,49812.0,True,96.97508896797153,1.0,66.13226318359375,170.0,83.0,338.0,unmeasurable,,,mandatory,2026-09-12 16:53:36+00:00
JCI,Johnson Controls,0000833444,Industrials,Building Products,C,True,,Ireland,2010-08-27,0.0,2023.0,0.0,0.0,,0.0,1.0,False,,,,,,,,,,,,False,,,,,,,,,,,,349.6670732320368,,,1.0106508386747093,ghgrp,2.0,1.9984730880873238,0.06249189223056373,4.0,2015.0,2018.0,,-5.9575,sbti_s12_absolute,2.0,2030.0,2017.0,6.968150838674709,Targets set,1.5°C,,,23596.0,sec_xbrl,1,2025,2025-09-30,1969.0,sec_xbrl,1.0,2025.0,434.0,2025.0,816.0,sec_secondhand,2024.0,2338.0,sec_ebit_plus_secondhand_da,2.0,2024.0,9157.0,sec_xbrl,1,2025.0,641.0,89082.97919403,sec_shares_x_price,1,False,98239.97919403,True,97311.309824,22.5,yahoo,2,22.5,2984.124928,1.304,24995.00032,0.12771825116488753,98.5853,141.962832,100.0,100.0,0.0,50.0,,1.0,,,,,,,False,False,,,5,True,784116500.0,15.0,1130028435.0,False,79.17980451139665,4.0,12.424850463867188,438.0,56.0,494.0,measured,,,mandatory,2026-09-12 16:53:36+00:00
JKHY,Jack Henry & Associates,0000779152,Financials,Transaction & Payment Processing Services,K,True,,Missouri,2018-11-13,,,,,,,,False,,,,,,,,,,,,False,,,,,,,,,,,,566.3472685193401,,,,,,,,,,,,,,,,,,Commitment removed,,,,2375.288,sec_xbrl,1,2025,2025-06-30,568.715,sec_xbrl,1.0,2025.0,53.358,2025.0,,,,702.214016,yahoo_ttm,3.0,,0.0,sec_xbrl,1,2025.0,12.056,11296.543400960001,sec_shares_x_price,1,False,11296.543400960001,True,11362.308096,16.181,yahoo,2,16.181,352.223744,0.564,2544.338944,0.01619585223161858,98.5853,141.962832,100.0,100.0,0.0,50.0,,1.0,,,,,,,False,False,,,5,False,0.0,0.0,780000.0,True,65.79726705635481,4.0,55.31061935424805,224.0,96.5,418.0,unmeasurable,,,mandatory,2026-09-12 16:53:36+00:00
JNJ,Johnson & Johnson,0000200406,Health Care,Pharmaceuticals,C,True,,New Jersey,1973-06-30,,,,,,,,False,,,314690.0,2024.0,wba,,,314690.0,2024.0,self_reported,1.0,False,460864.0,wba,1.0,,2024.0,6597133.0,wba,1.0,2024.0,430926.0,2024.0,271.7789403329,,,,,,,,,,,,-6.2393,sbti_s12_absolute,2.0,2030.0,2021.0,,Targets set,1.5°C,Commitment removed,,94193.0,sec_xbrl,1,2025,2025-12-28,32581.0,sec_xbrl,1.0,2025.0,4832.0,2025.0,7339.0,sec_secondhand,2024.0,24026.0,sec_ebit_plus_secondhand_da,2.0,2024.0,49933.0,sec_xbrl,1,2025.0,20757.999616,640020.86939126,sec_shares_x_price,1,False,689953.86939126,True,668298.838016,19.164,yahoo,2,19.164,16885.12512,0.235,97929.003008,0.9175978047348543,98.5853,141.962832,100.0,100.0,0.0,70.0,110.099842208928,1.0,110.099842208928,33.029952662678404,0.101377958511643,632.986012827569,0.09471601278056006,5.0,False,False,,,5,True,390587.0,11.0,25182910922.0,False,42.73279643692215,5.0,45.89178466796875,271.0,64.0,351.0,unmeasurable,,voluntary,mandatory,2026-09-12 16:53:36+00:00
JPM,JPMorgan Chase,0000019617,Financials,Diversified Banks,K,True,,New York,1975-06-30,,,,,,,,False,,,115294.0,2023.0,wba,,,115294.0,2023.0,self_reported,2.0,False,792479.0,wba,2.0,,2023.0,255481.0,wba,2.0,2023.0,907773.0,2023.0,392.69487277328005,,,,,,,,,,,,-3.8532,nzt_interim,2.0,2030.0,2017.0,,,,,,182447.0,sec_xbrl,1,2025,2025-12-31,72595.0,sec_xbrl,1.0,2025.0,,,7938.0,sec_secondhand,2024.0,83019.0,sec_ebit_plus_secondhand_da,2.0,2024.0,435206.0,sec_xbrl,1,2025.0,1526419.030016,946925.6682448501,sec_shares_x_price,1,False,1382131.6682448501,True,784853.696512,11.851,sector_median,4,,,0.975,186328.006656,1.3576071593649583,98.5853,141.962832,100.0,100.0,0.0,50.0,128.870025893136,1.0,128.870025893136,64.435012946568,0.08875957427724773,763.6193384297774,0.09729448199370264,5.0,False,False,,,5,False,4060211.0,4.0,40130532209.0,False,26.496213768841123,5.0,17.434871673583984,413.0,149.0,473.0,unmeasurable,,voluntary,mandatory,2026-09-12 16:53:36+00:00
KDP,Keurig Dr Pepper,0001418135,Consumer Staples,Soft Drinks & Non-alcoholic Beverages,C,True,,Massachusetts,2022-06-21,,,,,,,,False,,,295720.0,2024.0,wba,,,295720.0,2024.0,self_reported,1.0,False,180744.0,wba,1.0,,2024.0,6237079.0,wba,1.0,2024.0,327496.0,2024.0,246.38139635186002,,,,,,,,,,,,-5.6757,sbti_s12_absolute,2.0,2030.0,2018.0,,Targets set,1.5°C,,,16603.0,sec_xbrl,1,2025,2025-12-31,3575.0,sec_xbrl,1.0,2025.0,486.0,2025.0,,,,4807.000064,yahoo_ttm,3.0,,13931.0,sec_xbrl,1,2025.0,1526.0,42716.32933282,sec_shares_x_price,1,False,56647.32933282,True,83332.325376,17.336,yahoo,2,17.336,4607.24992,0.414,20089.99936,0.06124239364164389,98.5853,141.962832,100.0,100.0,0.0,70.0,67.640178786048,1.0,67.640178786048,20.2920536358144,0.5676098919108924,351.78304183047845,0.4221447562434076,5.0,False,False,,,5,True,786967.0,7.0,88880682.0,False,28.825622775800714,1.0,31.663328170776367,342.0,245.5,451.0,reported,,voluntary,mandatory,2026-09-12 16:53:36+00:00
KEY,KeyCorp,0000091576,Financials,Regional Banks,K,True,,Ohio,1994-03-01,,,,,,,,False,,,9236.0,2024.0,wba,,,9236.0,2024.0,self_reported,1.0,False,26266.0,wba,1.0,,2024.0,57651.0,wba,1.0,2024.0,33387.0,2024.0,415.51510490798,,,,,,,,,,,,-15.1657,netzero_inferred,2.0,2030.0,2016.0,,,,,,7513.0,sec_xbrl,1,2025,2025-12-31,2304.0,sec_xbrl,1.0,2025.0,107.0,2025.0,91.0,sec_secondhand,2024.0,-215.0,sec_ebit_plus_secondhand_da,2.0,2024.0,10988.0,sec_xbrl,1,2025.0,2843.000064,23306.08761936,sec_shares_x_price,1,False,34294.08761936,True,38309.08928,11.851,sector_median,4,,,1.023,7370.999808,0.033413933606295215,98.5853,141.962832,100.0,100.0,0.0,50.0,5.039964461664,1.0,5.039964461664,2.519982230832,0.10937422876875,29.864309417590032,0.07795619780807808,5.0,False,False,,,5,False,0.0,0.0,28788677.0,True,45.18027458768174,3.0,55.31061935424805,224.0,96.5,418.0,unmeasurable,,voluntary,mandatory,2026-09-12 16:53:36+00:00
KEYS,Keysight Technologies,0001601046,Information Technology,Electronic Equipment & Instruments,C,True,,California,2018-11-06,,,,,,,,False,,,,,,,,,,,,False,,,,,,,,,,,,195.03700802971002,,,,,,,,,,,,-5.873,sbti_s12_absolute,2.0,2030.0,2021.0,,Targets set,1.5°C,,,5375.0,sec_xbrl,1,2025,2025-10-31,876.0,sec_xbrl,1.0,2025.0,128.0,2025.0,,,,1698.0,yahoo_ttm,3.0,,2534.0,sec_xbrl,1,2025.0,2604.999936,57651.6804468,sec_shares_x_price,1,False,60185.6804468,True,57812.680704,34.048,yahoo,2,34.048,1867.124992,1.208,6582.000128,0.08265520383354769,98.5853,141.962832,100.0,100.0,0.0,60.0,,1.0,,,,,,,False,False,,,5,True,32000.0,1.0,7105157.0,False,99.50143290618725,3.0,30.661319732666016,347.0,151.0,442.0,unmeasurable,,,mandatory,2026-09-12 16:53:36+00:00
KHC,Kraft Heinz,0001637459,Consumer Staples,Packaged Foods & Meats,C,True,,Pennsylvania,2015-07-06,0.0,2023.0,0.0,0.0,,0.0,4.0,False,,,455972.0,2023.0,wba,,,455972.0,2023.0,self_reported,1.0,False,548907.0,wba,1.0,,2023.0,24332316.0,wba,1.0,2023.0,1014416.0,2023.0,271.7789403329,,,-13.920070634089843,ghgrp,2.0,1.5466650216172781,0.9099607171726144,7.0,2015.0,2021.0,,-7.4125,sbti_s12_absolute,2.0,2030.0,2021.0,-6.507570634089843,Targets set,1.5°C,Targets set,2050.0,24942.0,sec_xbrl,1,2025,2025-12-27,-4669.0,sec_xbrl,1.0,2025.0,801.0,2025.0,948.0,sec_secondhand,2024.0,2631.0,sec_ebit_plus_secondhand_da,2.0,2024.0,21219.0,sec_xbrl,1,2025.0,2680.999936,29171.264446800003,sec_shares_x_price,1,False,50390.26444680001,True,45615.263744,8.304,yahoo,2,8.304,3250.500096,0.082,24899.999744,0.0418228365634121,98.5853,141.962832,100.0,100.0,0.0,70.0,142.655468657328,0.35019771956194284,49.957619806836476,14.987285942050946,,124.45442246279106,0.272835038642435,5.0,False,False,,,5,True,11625736.0,22.0,124614754.0,False,5.067442148093371,4.0,81.7635269165039,92.0,5.0,420.0,measured,,voluntary,mandatory,2026-09-12 16:53:36+00:00
KIM,Kimco Realty,0000879101,Real Estate,Retail REITs,L,True,,New York,2006-04-04,,,,,,,,False,,,,,,,,,,,,False,,,,,,,,,,,,539.4723741892101,,,,,,,,,,,,-2.9286,sbti_s12_absolute,2.0,2030.0,2018.0,,Targets set,Well-below 2°C,,,2140.116,sec_xbrl,1,2025,2025-12-31,770.823,sec_xbrl,1.0,2025.0,18.4,2025.0,603.685,sec_secondhand,2024.0,1232.773,sec_ebit_plus_secondhand_da,2.0,2024.0,7718.7,sec_xbrl,1,2025.0,702.396032,15555.60555987,sec_shares_x_price,1,False,23274.30555987,True,23869.509632,17.918,yahoo,2,17.918,871.483392,0.956,2187.133952,0.02230206887883854,98.5853,141.962832,100.0,100.0,0.0,60.0,,1.0,,,,,,,False,False,,,5,True,0.0,0.0,90000.0,True,95.8403143321703,3.0,74.44889831542969,128.5,73.5,330.5,unmeasurable,,,mandatory,2026-09-12 16:53:36+00:00
KKR,KKR & Co.,0001404912,Financials,Asset Management & Custody Banks,K,True,,New York,2024-06-24,,,,,,,,False,,,1860.0,2024.0,wba,,,1860.0,2024.0,self_reported,2.0,False,6419.0,wba,2.0,,2024.0,30702.0,wba,2.0,2024.0,8279.0,2024.0,392.69487277328005,,,,,,,,,,,,,,,,,,,,,,19464.307,sec_xbrl,1,2025,2025-12-31,7099.16,sec_xbrl,1.0,2025.0,0.0,2022.0,-119.315,sec_secondhand,2024.0,5741.118,sec_ebit_plus_secondhand_da,2.0,2024.0,36914.472,sec_xbrl,1,2021.0,47556.554752,90733.00654908,sec_shares_x_price,1,False,127647.47854908,True,151286.677504,11.851,sector_median,4,,,1.791,25833.117696,0.13008389508550905,98.5853,141.962832,100.0,100.0,0.0,50.0,1.1753102861279998,1.0,1.1753102861279998,0.5876551430639999,0.008277812347714377,6.964301100451463,0.0046033802945188804,5.0,False,False,,,5,False,1446133.0,30.0,678831808.0,False,40.74733096085409,1.0,14.42885971069336,428.0,149.0,486.0,unmeasurable,,voluntary,mandatory,2026-09-12 16:53:36+00:00
KLAC,KLA Corporation,0000319201,Information Technology,Semiconductor Materials & Equipment,C,True,,California,1997-09-30,,,,,,,,False,,,10032.0,2018.0,report_pdf,,,10032.0,2018.0,self_reported,3.0,False,5000.0,report_pdf,3.0,,2020.0,5000000.0,report_pdf,3.0,2020.0,,,195.03700802971002,,,,,,,,,,,,-7.4125,sbti_s12_absolute,2.0,2030.0,2021.0,,Targets set,1.5°C,,,12156.162,sec_xbrl,1,2025,2025-06-30,4644.448,sec_xbrl,1.0,2025.0,335.259,2025.0,401.73,sec_secondhand,2024.0,3591.762,sec_ebit_plus_secondhand_da,2.0,2024.0,5884.257,sec_xbrl,1,2025.0,4902.408192,236014.61088112,sec_shares_x_price,1,False,241898.86788112,True,237263.91296,39.186,yahoo,2,39.186,2624.58752,1.444,13579.475968,0.3383741049504345,98.5853,141.962832,100.0,100.0,0.0,60.0,2.1339852906239996,1.0,2.1339852906239996,0.8535941162495999,0.018378806614900194,33.44893903935682,0.014097777711773613,5.0,False,False,,,5,True,,,,False,71.60316127046775,4.0,66.13226318359375,170.0,83.0,338.0,reported,,voluntary,mandatory,2026-09-12 16:53:36+00:00
KMB,Kimberly-Clark,0000055785,Consumer Staples,Household Products,C,True,,Texas,1957-03-04,1030421.2660000001,2023.0,1030421.2660000001,0.0,1030465.884,0.0,10.0,False,,,1686000.0,2024.0,wba,183098.0,2026.0,1686000.0,2024.0,self_reported,1.0,False,1523000.0,wba,1.0,,2024.0,7791000.0,wba,1.0,2024.0,3209000.0,2024.0,334.12929392073005,,,-4.402094653169075,ghgrp,2.0,0.7646650300511927,0.7018651048269252,14.0,2010.0,2023.0,,-4.5158,sbti_s12_absolute,2.0,2030.0,2015.0,0.11370534683092437,Targets set,Well-below 2°C,,,16447.0,sec_xbrl,1,2025,2025-12-31,2351.0,sec_xbrl,1.0,2025.0,1138.0,2025.0,781.0,sec_secondhand,2024.0,3991.0,sec_ebit_plus_secondhand_da,2.0,2024.0,6886.0,sec_xbrl,1,2025.0,956.0,32642.6325797,sec_shares_x_price,1,False,39528.6325797,True,38349.631488,11.017,yahoo,2,11.017,941.124992,0.273,16581.999616,0.046799736427951204,98.5853,141.962832,100.0,100.0,0.0,70.0,455.55872788799996,0.7632912065026449,347.72397104244163,104.3171913127325,4.437141272340813,1149.262496692374,2.996801930292317,5.0,False,False,,,5,True,523373.0,16.0,81444789.0,False,23.765340053129734,4.0,39.679359436035156,302.0,23.475000381469727,449.0,measured,,voluntary,mandatory,2026-09-12 16:53:36+00:00
KMI,Kinder Morgan,0001506307,Energy,Oil & Gas Storage & Transportation,H,True,,Texas,2012-05-25,11825388.6862346,2023.0,11825388.6862346,0.0,12183782.628475798,0.0,286.0,False,,,15300000.0,2021.0,report_pdf,451924.03768640803,2026.0,15300000.0,2021.0,self_reported,2.0,False,3100000.0,report_pdf,2.0,,2021.0,,,,,,,334.12929392073005,,,3.4712781118382274,ghgrp,2.0,0.7862098384354874,0.6853314135037991,9.0,2015.0,2023.0,,,,,,,,,,,,16937.0,sec_xbrl,1,2025,2025-12-31,4724.0,sec_xbrl,1.0,2025.0,3026.0,2025.0,2354.0,sec_secondhand,2024.0,6738.0,sec_ebit_plus_secondhand_da,2.0,2024.0,30777.0,sec_xbrl,1,2025.0,91.0,68719.11246654,sec_shares_x_price,1,False,99496.11246654,True,102301.114368,13.399,yahoo,2,13.399,1075.000064,0.551,17959.000064,0.09852257911933293,98.5853,141.962832,100.0,100.0,0.0,60.0,2612.1161088,1.3594972174674655,3551.1645816155433,1420.4658326462175,30.069132782519418,19032.821691626665,18.604706125840767,5.0,False,True,Article 12(1)(e);Article 12(1)(f),sec_segment,4,True,185941014.0,247.0,1786312173.0,False,61.113652424876776,4.0,7.615232467651367,462.0,309.3525085449219,494.0,measured,,voluntary,mandatory,2026-09-12 16:53:36+00:00
KO,Coca-Cola Company (The),0000021344,Consumer Staples,Soft Drinks & Non-alcoholic Beverages,C,True,,Georgia,1957-03-04,,,,,,,,False,,,474413.0,2024.0,wba,,,474413.0,2024.0,self_reported,1.0,False,873706.0,wba,1.0,,2024.0,4999353.0,wba,1.0,2024.0,1348119.0,2024.0,383.74232016659,,,,,,,,,,,,-1.8996,nzt_interim,2.0,2030.0,2015.0,,,,,,47941.0,sec_xbrl,1,2025,2025-12-31,13762.0,sec_xbrl,1.0,2025.0,2112.0,2025.0,1075.0,sec_secondhand,2024.0,11067.0,sec_ebit_plus_secondhand_da,2.0,2024.0,43941.0,sec_xbrl,1,2025.0,16371.00032,379866.17268522,sec_shares_x_price,1,False,423807.17268522,True,409927.057408,24.116,yahoo,2,24.116,5218.749952,0.342,50128.9984,0.5446140631015943,98.5853,141.962832,100.0,100.0,0.0,70.0,191.38279111300798,1.0,191.38279111300798,57.414837333902405,0.4171983529567098,1384.6162171443905,0.3377713649592745,5.0,False,False,,,5,True,946375.0,20.0,265867740.0,False,34.3891948241019,4.0,41.08216094970703,295.0,235.02499389648438,447.0,unmeasurable,,voluntary,mandatory,2026-09-12 16:53:36+00:00
KR,Kroger,0000056873,Consumer Staples,Food Retail,G,True,,Ohio,1957-03-04,,,,,,,,False,,,2288734.0,2023.0,wba,,,2288734.0,2023.0,self_reported,2.0,False,2792879.0,wba,2.0,,2023.0,1909850.0,wba,2.0,2023.0,5081613.0,2023.0,415.51510490798,,,,,,,,,,,,-2.9285530376777613,wba,3.0,,,,Commitment removed,,,,147642.0,sec_xbrl,1,2025,2026-01-31,1890.0,sec_xbrl,1.0,2025.0,3855.0,2025.0,3246.0,sec_secondhand,2024.0,7095.0,sec_ebit_plus_secondhand_da,2.0,2024.0,15875.0,sec_xbrl,1,2025.0,2872.999936,35833.73952418,sec_shares_x_price,1,False,51708.73952418,True,66737.995776,8.26,yahoo,2,8.26,2994.500096,0.406,148645.003264,0.051374825877321874,98.5853,141.962832,100.0,100.0,0.0,70.0,721.400172608016,1.0,721.400172608016,216.4200517824048,11.45079639060343,1787.6296277226636,2.6785785322692033,5.0,False,False,,,5,True,103646108.0,41.0,3282854829.0,False,49.53373816766305,3.0,12.224447250366211,439.0,251.5,482.0,unmeasurable,,voluntary,mandatory,2026-09-12 16:53:36+00:00
KVUE,Kenvue,0001944048,Consumer Staples,Personal Care Products,C,True,,New Jersey,2023-08-25,,,,,,,,False,,,,,,,,,,,,False,,,,,,,,,,,,271.7789403329,,,,,,,,,,,,-5.3016,sbti_s12_absolute,2.0,2030.0,2020.0,,Targets set,1.5°C,Commitment removed,,15124.0,sec_xbrl,1,2025,2025-12-28,2414.0,sec_xbrl,1.0,2025.0,475.0,2025.0,622.0,sec_secondhand,2024.0,2463.0,sec_ebit_plus_secondhand_da,2.0,2024.0,8524.0,sec_xbrl,1,2025.0,1110.0,34151.35224326,sec_shares_x_price,1,False,42675.35224326,True,41654.35392,11.966,yahoo,2,11.966,1907.500032,0.426,15408.0,0.04896278753683099,98.5853,141.962832,100.0,100.0,0.0,70.0,,1.0,,,,,,,False,False,,,5,True,416248.0,1.0,79339248.0,False,,0.0,38.276554107666016,309.0,241.0,447.5,unmeasurable,,,mandatory,2026-09-12 16:53:36+00:00
L,Loews Corporation,0000060086,Financials,Multi-line Insurance,K,True,,New York,1995-05-31,2049069.366,2023.0,2049069.366,0.0,2119497.103,0.0,49.0,False,,,,,,,,2049069.366,2023.0,ghgrp_fossil,1.0,False,,,,,,,,,,,,392.69487277328005,,,-0.5969224183702049,ghgrp,2.0,1.0580633256881862,0.024121927704827573,13.0,2011.0,2023.0,,,,,,,,,,,,18454.0,sec_xbrl,1,2025,2025-12-31,2283.0,sec_xbrl,1.0,2025.0,579.0,2025.0,580.0,sec_secondhand,2024.0,2454.0,sec_ebit_plus_secondhand_da,2.0,2024.0,9489.0,sec_xbrl,1,2025.0,6397.000192,22239.691658800002,sec_shares_x_price,1,False,31728.691658800002,True,25695.690752,7.938,yahoo,2,7.938,1262.0,0.507,18694.00064,0.031885041910437444,98.5853,141.962832,100.0,100.0,0.0,50.0,290.8916901618045,0.9589562951130886,278.9524174767485,139.47620873837425,6.10933897233352,1107.1621449652148,4.308746379503497,5.0,False,False,,,5,False,2010076.0,35.0,81429882.0,False,70.12377221870194,4.0,20.340681076049805,398.5,46.988128662109375,478.0,measured,,mandatory,mandatory,2026-09-12 16:53:36+00:00
LDOS,Leidos,0001336920,Industrials,Diversified Support Services,N,True,,Virginia,2019-08-09,,,,,,,,False,,,,,,,,,,,,False,,,,,,,,,,,,270.48892363262,,,,,,,,,,,,,,,,,,,,,,17174.0,sec_xbrl,1,2025,2026-01-02,2109.0,sec_xbrl,1.0,2025.0,125.0,2025.0,290.0,sec_secondhand,2024.0,2117.0,sec_ebit_plus_secondhand_da,2.0,2024.0,4648.0,sec_xbrl,1,2025.0,748.0,16170.926051740002,sec_shares_x_price,1,False,20818.926051740003,True,22052.92544,9.271899999999999,yahoo_winsorised,3,9.258,1146.625024,0.572,17634.000896,0.023184253756786826,98.5853,141.962832,100.0,100.0,0.0,50.0,,1.0,,,,,,,False,False,,,5,False,0.0,0.0,2089270.0,True,61.12531971649413,5.0,80.86172485351562,96.5,12.0,394.5,unmeasurable,,,mandatory,2026-09-12 16:53:36+00:00
LEN,Lennar,0000920760,Consumer Discretionary,Homebuilding,F,True,,Florida,2005-10-04,,,,,,,,False,,,10515.0,2024.0,wba,,,10515.0,2024.0,self_reported,2.0,False,34064.0,wba,2.0,,2024.0,14827169.0,wba,2.0,2024.0,44579.0,2024.0,355.97248809045,,,,,,,,,,,,,,,,,,,,,,34186.934,sec_xbrl,1,2025,2025-11-30,2667.824,sec_xbrl,1.0,2025.0,188.629,2025.0,115.528,sec_secondhand,2024.0,4885.291,sec_ebit_plus_secondhand_da,2.0,2024.0,5874.995,sec_xbrl,1,2025.0,1853.501952,20516.5816,sec_shares_x_price,1,True,26391.5766,True,23711.8464,10.375,yahoo,2,10.375,1077.926016,1.398,32737.234944,0.02941461933066239,98.5853,141.962832,100.0,100.0,0.0,40.0,6.328561087728,1.0,6.328561087728,3.7971366526368,0.14233085288372843,39.395292771106796,0.16614181834067043,5.0,False,False,,,5,True,7736009.0,31.0,24184651.0,False,28.505020074181175,5.0,21.24248695373535,394.0,190.0,460.0,unmeasurable,,voluntary,mandatory,2026-09-12 16:53:36+00:00
LH,Labcorp,0000920148,Health Care,Health Care Services,Q,True,,North Carolina,2004-11-01,0.0,2023.0,0.0,0.0,,0.0,2.0,False,,,,,,,,,,,,False,,,,,,,,,,,,270.48892363262,,,,,,,,,,,,-5.3016,sbti_s12_absolute,2.0,2030.0,2020.0,,Targets set,1.5°C,,,13951.7,sec_xbrl,1,2025,2025-12-31,1384.7,sec_xbrl,1.0,2025.0,434.5,2025.0,643.5,sec_secondhand,2024.0,1730.2,sec_ebit_plus_secondhand_da,2.0,2024.0,5584.7,sec_xbrl,1,2025.0,141.8,25265.894,sec_shares_x_price,1,False,30850.594,True,31963.4944,13.779,yahoo,2,13.779,892.049984,0.851,14348.000256,0.03622370765989919,98.5853,141.962832,100.0,100.0,0.0,70.0,,1.0,,,,,,,False,False,,,5,False,185646.0,12.0,61741624.0,False,59.37606996046794,3.0,59.91984176635742,201.0,28.7769775390625,371.0,measured,,,mandatory,2026-09-12 16:53:36+00:00
LHX,L3Harris,0000202058,Industrials,Aerospace & Defense,C,True,,Florida,2008-09-22,,,,,,,,False,,,,,,,,,,,,False,,,,,,,,,,,,355.97248809045,,,,,,,,,,,,,,,,,,,,,,21865.0,sec_xbrl,1,2025,2026-01-02,2110.0,sec_xbrl,1.0,2025.0,424.0,2025.0,1289.0,sec_secondhand,2024.0,3207.0,sec_ebit_plus_secondhand_da,2.0,2024.0,11116.0,sec_xbrl,1,2025.0,1001.0,45723.13681264,sec_shares_x_price,1,False,56839.13681264,True,61357.215744,28.591,yahoo,2,28.591,,0.746,12856.000512,0.06555325298185159,98.5853,141.962832,100.0,100.0,0.0,50.0,,1.0,,,,,,,False,True,Article 12(1)(a),nbim_exclusion,2,True,1425774.0,11.0,253481390.0,False,,0.0,31.06212615966797,345.0,149.5,418.0,unmeasurable,,,mandatory,2026-09-12 16:53:36+00:00
LII,Lennox International,0001069202,Industrials,Building Products,C,True,,Texas,2024-12-23,0.0,2023.0,0.0,0.0,,0.0,1.0,True,,,,,,,,,,,,False,,,,,,,,,,,,334.12929392073005,,,,,,,,,,,,-3.0848,sbti_s12_absolute,2.0,2034.0,2019.0,,Targets set,Well-below 2°C,,,5195.3,sec_xbrl,1,2025,2025-12-31,1041.5,sec_xbrl,1.0,2025.0,118.8,2025.0,,,,1170.8,yahoo_ttm,3.0,,1162.4,sec_xbrl,1,2025.0,52.1,12738.18028672,sec_shares_x_price,1,False,13900.58028672,True,14623.188992,12.49,yahoo,2,12.49,277.737504,1.184,5302.199808,0.0182627267740946,98.5853,141.962832,100.0,100.0,0.0,50.0,,1.0,,,,,,,False,False,,,5,True,633000.0,2.0,700198.0,False,50.5338078291815,1.0,25.250499725341797,374.0,152.0,430.0,unmeasurable,,,mandatory,2026-09-12 16:53:36+00:00
LIN,Linde plc,0001707925,Materials,Industrial Gases,C,True,,United Kingdom,1992-07-01,10074068.22,2023.0,10074068.22,0.0,10074077.765,0.0,22.0,False,,,16470000.0,2024.0,wba,742400.0,2026.0,16470000.0,2024.0,self_reported,1.0,False,21000000.0,wba,1.0,,2024.0,24366533.0,wba,1.0,2024.0,37413000.0,2024.0,349.6670732320368,,,1.5961416582168653,ghgrp,2.0,0.37724909513940924,0.676263611451769,9.0,2010.0,2018.0,,-3.0302,sbti_s12_absolute,2.0,2035.0,2021.0,4.626341658216865,Targets set,Well-below 2°C,,,33986.0,sec_xbrl,1,2025,2025-12-31,8923.0,sec_xbrl,1.0,2025.0,5261.0,2025.0,,,,13822.000128,yahoo_ttm,3.0,,26989.0,sec_xbrl,1,2025.0,4897.999872,214918.17159386002,sec_shares_x_price,1,False,241907.17159386002,True,239582.16704,17.333,yahoo,2,17.333,4160.75008,0.727,35448.999936,0.3081281437583818,98.5853,141.962832,100.0,100.0,0.0,35.0,5319.34731504,1.0996723103938233,5849.538951717217,3802.200318616191,42.61123297787954,65903.53812257443,27.507697645781523,5.0,False,False,,,5,True,2957074.0,41.0,171338715.0,False,12.868632707774799,1.0,33.066131591796875,335.0,56.0,462.0,measured,,voluntary,mandatory,2026-09-12 16:53:36+00:00
LITE,Lumentum,0001633978,Information Technology,Communications Equipment,C,True,,California,2026-03-23,,,,,,,,False,,,6273.0,2021.0,report_pdf,,,6273.0,2021.0,self_reported,3.0,False,42235.0,report_pdf,3.0,,2021.0,47933.0,report_pdf,3.0,2021.0,,,195.03700802971002,,,,,,,,,,,,-25.0106,sbti_s12_absolute,2.0,2030.0,2022.0,,Targets set,1.5°C,Targets set,2050.0,1645.0,sec_xbrl,1,2025,2025-06-28,-180.1,sec_xbrl,1.0,2025.0,231.0,2025.0,,,,800.700032,yahoo_ttm,3.0,,2573.2,sec_xbrl,1,2025.0,2738.4,83154.591,sec_shares_x_price,1,False,85727.791,True,82087.387136,40.0,yahoo_winsorised,3,102.52,224.7,1.541,3014.000128,0.11921872208291875,98.5853,141.962832,100.0,100.0,0.0,60.0,6.886333054656,1.0,6.886333054656,2.7545332218624003,,110.18132887449602,0.13422443169247278,5.0,False,False,,,5,True,,,,False,,,66.13226318359375,170.0,83.0,338.0,reported,,voluntary,mandatory,2026-09-12 16:53:36+00:00
LLY,Lilly (Eli),0000059478,Health Care,Pharmaceuticals,C,True,,Indiana,1970-12-31,47574.076,2023.0,47574.076,0.0,47575.208,0.0,1.0,False,,,192000.0,2024.0,wba,,,192000.0,2024.0,self_reported,1.0,False,396000.0,wba,1.0,,2024.0,5139500.0,wba,1.0,2024.0,450000.0,2024.0,415.51510490798,,,-3.7217883592434386,ghgrp,2.0,2.241827387026502,0.22019069056911766,9.0,2010.0,2018.0,,-20.5672,netzero_inferred,2.0,2030.0,2020.0,16.84541164075656,,,,,65179.0,sec_xbrl,1,2025,2025-12-31,25731.0,sec_xbrl,1.0,2025.0,7841.0,2025.0,1767.0,sec_secondhand,2024.0,14447.4,sec_ebit_plus_secondhand_da,2.0,2024.0,42503.0,sec_xbrl,1,2025.0,8949.999616,1050272.0774205,sec_shares_x_price,1,False,1092775.0774205,True,1040445.079552,24.947,yahoo,2,24.947,11065.900032,0.502,79666.003968,1.5057748875157637,98.5853,141.962832,100.0,100.0,0.0,70.0,83.474145216,0.7964675534491179,66.48444821644391,19.945334464933175,0.07751480496262553,497.57625889668793,0.04782340449059904,5.0,False,False,,,5,True,1867467.0,11.0,3014948852.0,False,36.31138570579735,5.0,27.55510711669922,362.5,19.0,498.0,measured,,voluntary,mandatory,2026-09-12 16:53:36+00:00
LMT,Lockheed Martin,0000936468,Industrials,Aerospace & Defense,C,True,,Maryland,1957-03-04,95794.13399999999,2023.0,95794.13399999999,0.0,95798.19899999998,0.0,4.0,False,,,317143.0,2022.0,report_pdf,,,317143.0,2022.0,self_reported,2.0,False,508459.0,report_pdf,2.0,361479.0,2022.0,28431587.0,report_pdf,2.0,2022.0,,,271.7789403329,,,2.361786795792331,ghgrp,2.0,0.9593507500242602,0.3008441860336566,14.0,2010.0,2023.0,,,,,,,,,,,,75048.0,sec_xbrl,1,2025,2025-12-31,7731.0,sec_xbrl,1.0,2025.0,1649.0,2025.0,1559.0,sec_secondhand,2024.0,8572.0,sec_ebit_plus_secondhand_da,2.0,2024.0,21700.0,sec_xbrl,1,2025.0,3791.000064,120978.20481507001,sec_shares_x_price,1,False,142678.20481507003,True,137725.198336,14.228,yahoo,2,14.228,5562.625024,0.104,77013.999616,0.173446430371334,98.5853,141.962832,100.0,100.0,0.0,50.0,117.20479802486399,1.2053213949497905,141.26945065013751,70.63472532506876,0.9136557408494212,1004.9908719250783,0.7297073332022086,5.0,False,True,Article 12(1)(a),nbim_exclusion,2,True,5598983.0,20.0,334177098.0,False,24.65781614492567,5.0,46.29258346557617,269.0,30.0,393.0,measured,,voluntary,mandatory,2026-09-12 16:53:36+00:00
LNT,Alliant Energy,0000352541,Utilities,Electric Utilities,D,True,,Wisconsin,2016-07-01,13023321.5224172,2023.0,13023321.5224172,0.0,13029720.309464797,0.0,24.0,False,5348173.449876164,2026.0,,,,7643746.873,2026.0,13023321.5224172,2023.0,ghgrp_fossil,1.0,False,,,,,,,,,,,,415.51510490798,791.882539490907,20695653.0,-2.864240818992869,ghgrp,2.0,0.461439484927411,0.7253367508285128,14.0,2010.0,2023.0,-4.1906166703236,-2.7345,nzt_interim,2.0,2030.0,2005.0,-0.12974081899286904,,,,,4362.0,sec_xbrl,1,2025,2025-12-31,1025.0,sec_xbrl,1.0,2025.0,2277.0,2025.0,772.0,sec_secondhand,2024.0,1658.0,sec_ebit_plus_secondhand_da,2.0,2024.0,12461.0,sec_xbrl,1,2025.0,25.0,17371.713508620003,sec_shares_x_price,1,False,29832.713508620003,True,29532.489728,16.147,yahoo,2,16.147,-1138.625024,0.532,4429.000192,0.024905822516621528,98.5853,141.962832,100.0,100.0,0.0,80.0,1848.827605368897,0.8159320108060818,1508.517625682437,301.7035251364873,29.434490257218272,4871.60682037886,16.495753880716833,5.0,True,True,Article 12(1)(g),power_intensity_12g,5,True,1018594020.0,7.0,1027714497.0,False,53.50590705551254,5.0,6.212425231933594,469.0,43.0,499.0,measured,,mandatory,mandatory,2026-09-12 16:53:36+00:00
LOW,Lowe's,0000060667,Consumer Discretionary,Home Improvement Retail,G,True,,North Carolina,1984-02-29,,,,,,,,False,,,388000.0,2024.0,wba,,,388000.0,2024.0,self_reported,1.0,False,857000.0,wba,1.0,1086000.0,2024.0,113364000.0,wba,1.0,2024.0,1168000.0,2024.0,270.48892363262,,,,,,,,,,,,-5.5178,nzt_interim,2.0,2030.0,2021.0,,Commitment removed,,Commitment removed,,86286.0,sec_xbrl,1,2025,2026-01-30,10153.0,sec_xbrl,1.0,2025.0,2213.0,2025.0,1972.0,sec_secondhand,2024.0,12438.0,sec_ebit_plus_secondhand_da,2.0,2024.0,39921.0,sec_xbrl,1,2025.0,3172.0,110426.65201958,sec_shares_x_price,1,False,150347.65201958,True,149285.650432,11.728,yahoo,2,11.728,4615.374848,0.846,90431.995904,0.15831867103608852,98.5853,141.962832,100.0,100.0,0.0,40.0,176.74372584,1.0,176.74372584,106.046235504,1.0444817837486458,1243.710249990912,0.833107700835202,5.0,False,False,,,5,True,36551579.0,44.0,136019360.0,False,76.24846820496826,5.0,18.436872482299805,408.0,192.0,472.0,reported,,voluntary,mandatory,2026-09-12 16:53:36+00:00
LRCX,Lam Research,0000707549,Information Technology,Semiconductor Materials & Equipment,C,True,,California,2012-06-29,,,,,,,,False,,,91681.0,2024.0,wba,,,91681.0,2024.0,self_reported,1.0,False,128580.0,wba,1.0,,2024.0,10100000.0,wba,1.0,2024.0,142513.0,2024.0,195.03700802971002,,,,,,,,,,,,-5.4796,sbti_s12_absolute,2.0,2030.0,2019.0,,Targets set,1.5°C,,,18435.591,sec_xbrl,1,2025,2025-06-29,5900.968,sec_xbrl,1.0,2025.0,759.186,2025.0,,,,8641.328128,yahoo_ttm,3.0,,4469.364,sec_xbrl,1,2025.0,5579.170816,373168.94862000004,sec_shares_x_price,1,False,377638.31262000004,True,371711.34464,40.0,yahoo_winsorised,3,43.016,3090.48448,1.859,23232.690176,0.5350122541701008,98.5853,141.962832,100.0,100.0,0.0,60.0,31.268875339151997,1.0,31.268875339151997,12.5075501356608,0.2119575997643234,500.302005426432,0.13459422550338657,5.0,False,False,,,5,True,0.0,0.0,1845500.0,True,84.41093741227112,5.0,66.13226318359375,170.0,83.0,338.0,reported,,voluntary,mandatory,2026-09-12 16:53:36+00:00
LULU,Lululemon Athletica,0001397187,Consumer Discretionary,"Apparel, Accessories & Luxury Goods",C,True,,Canada,2023-10-18,,,,,,,,False,,,4232.0,2023.0,wba,,,4232.0,2023.0,self_reported,1.0,False,31128.0,wba,1.0,,2023.0,1723588.0,wba,1.0,2023.0,4264.0,2023.0,349.6670732320368,,,,,,,,,,,,-7.3515,sbti_s12_absolute,2.0,2030.0,2018.0,,Targets set,1.5°C,Targets set,2050.0,11102.6,sec_xbrl,1,2025,2026-02-01,2210.615,sec_xbrl,1.0,2025.0,680.802,2025.0,446.524,sec_secondhand,2024.0,2952.221,sec_ebit_plus_secondhand_da,2.0,2024.0,2141.12704,yahoo,3,,1389.73696,10450.64451408,sec_shares_x_price,1,False,12591.77155408,True,11708.360704,7.5159,yahoo_winsorised,3,4.911,1148.51584,0.864,11093.95456,0.014983087150431456,98.5853,141.962832,100.0,100.0,0.0,40.0,5.01980573952,1.0,5.01980573952,3.0118834437119997,0.13624640399671584,22.63701477459502,0.1933405994817139,5.0,False,False,,,5,True,0.0,0.0,957093.0,True,74.00448713901434,4.0,80.76152038574219,97.0,30.5,287.0,reported,,voluntary,vendor,2026-09-12 16:53:36+00:00
LUV,Southwest Airlines,0000092380,Industrials,Passenger Airlines,H,True,,Texas,1994-07-01,,,,,,,,False,,,21091127.0,2024.0,wba,,,21091127.0,2024.0,self_reported,1.0,False,29462.0,wba,1.0,,2024.0,4500470.0,wba,1.0,2024.0,21120589.0,2024.0,334.12929392073005,,,,,,,,,,,,-2.5814,nzt_interim,2.0,2030.0,2019.0,,,,,,28063.0,sec_xbrl,1,2025,2025-12-31,428.0,sec_xbrl,1.0,2025.0,2673.0,2025.0,,,,2337.999872,yahoo_ttm,3.0,,4919.0,sec_xbrl,1,2025.0,3791.000064,19196.52980724,sec_shares_x_price,1,False,24115.52980724,True,22294.530048,9.536,yahoo,2,9.536,-834.750016,1.12,30072.999936,0.02752206131403871,98.5853,141.962832,100.0,100.0,0.0,50.0,2998.338627948048,1.0,2998.338627948048,1499.169313974024,350.2732041995383,14296.078578056291,64.1237045467068,5.0,False,False,,,5,True,33033.0,3.0,281417809.0,False,11.856635748069692,4.0,68.2364730834961,159.5,31.0,396.5,unmeasurable,,voluntary,mandatory,2026-09-12 16:53:36+00:00
LVS,Las Vegas Sands,0001300514,Consumer Discretionary,Casinos & Gaming,R,True,,Nevada,2019-10-03,,,,,,,,False,,,,,,,,,,,,False,,,,,,,,,,,,320.32194217793,,,,,,,,,,,,-7.3921,sbti_s12_absolute,2.0,2030.0,2018.0,,Targets set,1.5°C,,,13017.0,sec_xbrl,1,2025,2025-12-31,2818.0,sec_xbrl,1.0,2025.0,1168.0,2025.0,,,,4639.000064,yahoo_ttm,3.0,,15770.0,sec_xbrl,1,2025.0,3376.0,27741.041710719997,sec_shares_x_price,1,False,43511.04171072,True,39963.619328,8.615,yahoo,2,8.615,2212.875008,0.819,13719.000064,0.039772326485268676,98.5853,141.962832,100.0,100.0,0.0,40.0,,1.0,,,,,,,False,False,,,5,False,0.0,0.0,65397673.0,True,62.19592509052801,5.0,80.76152038574219,97.0,30.5,287.0,unmeasurable,,,mandatory,2026-09-12 16:53:36+00:00
LYB,LyondellBasell,0001489393,Materials,Specialty Chemicals,C,True,,Netherlands,2012-09-05,8523906.445999999,2023.0,8523906.445999999,0.0,8530301.987499997,0.0,14.0,False,,,15000000.0,2024.0,wba,7772165.684250839,2026.0,15000000.0,2024.0,self_reported,1.0,False,7200000.0,wba,1.0,,2024.0,93800000.0,wba,1.0,2024.0,22100000.0,2024.0,349.6670732320368,,,-0.7038283947769952,ghgrp,2.0,1.5949332283366042,0.037248455179381246,5.0,2019.0,2023.0,,-5.3016,nzt_interim,2.0,2030.0,2020.0,4.597771605223004,Commitment removed,,,,30153.0,sec_xbrl,1,2025,2025-12-31,-420.0,sec_xbrl,1.0,2025.0,1878.0,2025.0,1522.0,sec_secondhand,2024.0,3339.0,sec_ebit_plus_secondhand_da,2.0,2024.0,12712.0,sec_xbrl,1,2025.0,2648.999936,20574.287162880002,sec_shares_x_price,1,False,33286.287162880006,True,32378.288128,9.075,yahoo,2,9.075,1228.0,0.353,31192.000512,0.029497351785730676,98.5853,141.962832,100.0,100.0,0.0,35.0,3151.5748704,0.9585064214616781,3020.8047509956555,1963.5230881471762,,17818.97202493562,55.03370639760965,5.0,False,False,,,5,True,373638545.0,228.0,375506175.0,False,57.080652983681915,4.0,11.7234468460083,441.5,82.0,479.0,measured,,voluntary,mandatory,2026-09-12 16:53:36+00:00
LYV,Live Nation Entertainment,0001335258,Communication Services,Movies & Entertainment,J,True,,California,2019-12-23,,,,,,,,False,,,,,,,,,,,,False,,,,,,,,,,,,195.03700802971002,,,,,,,,,,,,,,,,,,,,,,25201.406,sec_xbrl,1,2025,2025-12-31,1251.217,sec_xbrl,1.0,2025.0,1061.705,2025.0,,,,1550.790016,yahoo_ttm,3.0,,8199.648,sec_xbrl,1,2025.0,9071.9488,40093.101279,sec_shares_x_price,1,False,48292.749279,True,43585.65888,28.105,yahoo,2,28.105,1695.030656,1.116,26272.534528,0.05748147205514385,98.5853,141.962832,100.0,100.0,0.0,60.0,,1.0,,,,,,,False,False,,,5,False,0.0,0.0,177543464.0,True,39.71215402669516,2.0,81.663330078125,92.5,7.5,250.5,unmeasurable,,,mandatory,2026-09-12 16:53:36+00:00
MA,Mastercard,0001141391,Financials,Transaction & Payment Processing Services,K,True,,New York,2008-07-18,,,,,,,,False,,,2962.0,2024.0,wba,,,2962.0,2024.0,self_reported,1.0,False,49044.0,wba,1.0,,2024.0,463976.0,wba,1.0,2024.0,52006.0,2024.0,110.12134121912001,,,,,,,,,,,,-15.1657,sbti_s12_absolute,2.0,2030.0,2016.0,,Targets set,1.5°C,,,32791.0,sec_xbrl,1,2025,2025-12-31,18897.0,sec_xbrl,1.0,2025.0,489.0,2025.0,897.0,sec_secondhand,2024.0,16479.0,sec_ebit_plus_secondhand_da,2.0,2024.0,19000.0,sec_xbrl,1,2025.0,11608.999936,515686.1400000001,sec_shares_x_price,1,True,534686.1400000001,True,511645.089792,23.046,yahoo,2,23.046,16961.250304,0.735,35083.001856,0.7393391256854736,98.5853,141.962832,100.0,100.0,0.0,50.0,7.382919040991999,1.0,7.382919040991999,3.6914595204959997,0.019534632589807904,85.0733761093508,0.01662741963260819,5.0,False,False,,,5,False,0.0,0.0,3442510777.0,True,54.48302302993722,4.0,55.31061935424805,224.0,96.5,418.0,unmeasurable,,voluntary,mandatory,2026-09-12 16:53:36+00:00
MAA,Mid-America Apartment Communities,0000912595,Real Estate,Multi-Family Residential REITs,L,True,,Tennessee,2016-12-02,,,,,,,,False,,,,,,,,,,,,False,,,,,,209138.56,wba,1.0,2023.0,63823.51,2023.0,409.73270937522005,,,,,,,,,,,,,,,,,,,,,,2209.126,sec_xbrl,1,2025,2025-12-31,459.086,sec_xbrl,1.0,2025.0,360.238,2025.0,586.402,sec_secondhand,2024.0,1131.267,sec_ebit_plus_secondhand_da,2.0,2024.0,5715.268096,yahoo,3,,51.836,14523.65944158,sec_shares_x_price,1,False,20238.92753758,True,20290.420736,16.389,yahoo,2,16.389,921.182272,0.715,2218.780928,0.020822567915614966,98.5853,141.962832,100.0,100.0,0.0,60.0,0.0,1.0,0.0,0.0,0.0,0.0,0.0,5.0,False,False,,,5,True,0.0,0.0,11307000.0,True,69.91152702499582,4.0,74.44889831542969,128.5,73.5,330.5,unmeasurable,,,vendor,2026-09-12 16:53:36+00:00
MAR,Marriott International,0001048286,Consumer Discretionary,"Hotels, Resorts & Cruise Lines",I,True,,Maryland,1998-05-29,,,,,,,,False,,,972725.0,2021.0,report_pdf,,,972725.0,2021.0,self_reported,3.0,False,4193307.0,report_pdf,3.0,,2021.0,3682984.0,report_pdf,3.0,2021.0,,,271.7789403329,,,,,,,,,,,,-7.1585,sbti_s12_absolute,2.0,2050.0,2019.0,,Targets set,1.5°C,Targets set,2050.0,26186.0,sec_xbrl,1,2025,2025-12-31,4141.0,sec_xbrl,1.0,2025.0,604.0,2025.0,,,,4814.000128,yahoo_ttm,3.0,,16204.0,sec_xbrl,1,2025.0,462.0,87275.86893072,sec_shares_x_price,1,False,103479.86893072,True,104587.870208,21.726,yahoo,2,21.726,2060.37504,1.104,7384.999936,0.12512739750709317,98.5853,141.962832,100.0,100.0,0.0,40.0,733.384532922624,1.0,733.384532922624,440.0307197535744,10.62619463302522,9560.107417366156,9.140742036675395,5.0,False,False,,,5,False,1059428.0,11.0,90264158.0,False,36.81223846502712,4.0,34.068138122558594,330.0,178.10000610351562,390.0,reported,,voluntary,mandatory,2026-09-12 16:53:36+00:00
MAS,Masco,0000062996,Industrials,Building Products,C,True,,Michigan,1981-06-30,,,,,,,,False,,,,,,,,,,,,False,,,,,,,,,,,,442.69617408786,,,,,,,,,,,,,,,,,,,,,,7562.0,sec_xbrl,1,2025,2025-12-31,1248.0,sec_xbrl,1.0,2025.0,156.0,2025.0,150.0,sec_secondhand,2024.0,1513.0,sec_ebit_plus_secondhand_da,2.0,2024.0,2945.0,sec_xbrl,1,2025.0,548.0,13822.84362324,sec_shares_x_price,1,False,16767.843623239998,True,16703.2832,11.076,yahoo,2,11.076,897.124992,1.294,7619.999744,0.019817808403563616,98.5853,141.962832,100.0,100.0,0.0,50.0,,1.0,,,,,,,False,False,,,5,True,265675.0,12.0,183487968.0,False,48.81536974814611,4.0,40.08015823364258,300.0,137.0,407.0,unmeasurable,,,mandatory,2026-09-12 16:53:36+00:00
MCD,McDonald's,0000063908,Consumer Discretionary,Restaurants,I,True,,Illinois,1970-06-30,,,,,,,,False,,,100264.0,2023.0,wba,,,100264.0,2023.0,self_reported,2.0,False,224964.0,wba,2.0,,2023.0,59929320.0,wba,2.0,2023.0,325228.0,2023.0,415.51510490798,,,,,,,,,,,,-5.6757,sbti_s12_absolute,2.0,2030.0,2018.0,,Targets set,1.5°C,Targets set,2050.0,26885.0,sec_xbrl,1,2025,2025-12-31,12393.0,sec_xbrl,1.0,2025.0,3365.0,2025.0,447.0,sec_secondhand,2024.0,12159.0,sec_ebit_plus_secondhand_da,2.0,2024.0,42498.0,sec_xbrl,1,2025.0,822.0,178700.71582343,sec_shares_x_price,1,False,221198.71582343,True,232482.717696,15.572,yahoo,2,15.572,6262.374912,0.414,27701.999616,0.25620318396818453,98.5853,141.962832,100.0,100.0,0.0,40.0,46.170287925696,1.0,46.170287925696,27.7021727554176,0.22353080574047932,431.37823414736283,0.18555281804277743,5.0,False,False,,,5,False,82030.0,6.0,45807484.0,False,35.31575276770718,4.0,54.10821533203125,230.0,113.0,300.9750061035156,unmeasurable,,voluntary,mandatory,2026-09-12 16:53:36+00:00
MCHP,Microchip Technology,0000827054,Information Technology,Semiconductors,C,True,,Arizona,2007-09-07,472938.201976,2023.0,472938.201976,0.0,471033.667976,0.0,4.0,False,,,288193.0,2024.0,wba,,,472938.201976,2023.0,ghgrp_fossil_floor,1.0,True,314625.0,wba,1.0,,2024.0,167636.0,wba,1.0,2024.0,483825.0,2024.0,320.32194217793,,,9.117335327567666,ghgrp,2.0,3.781930196818285,0.4064767227334979,9.0,2015.0,2023.0,,-5.6126,nzt_interim,2.0,2030.0,2018.0,14.729935327567667,,,,,4713.1,sec_xbrl,1,2025,2026-03-31,490.1,sec_xbrl,1.0,2025.0,91.1,2025.0,750.1,sec_secondhand,2024.0,1046.4,sec_ebit_plus_secondhand_da,2.0,2024.0,5496.4,sec_xbrl,1,2025.0,272.3,40291.244872200004,sec_shares_x_price,1,False,45787.644872200006,True,45417.644032,30.156,yahoo,2,30.156,1364.762496,1.736,5122.299904,0.05776555048889168,98.5853,141.962832,100.0,100.0,0.0,60.0,111.80470253150095,1.8418585016407731,205.9284418810627,82.37137675242508,16.80705504028261,2483.9912373461307,5.469220806777164,5.0,False,False,,,5,True,71027.0,3.0,3092827.0,False,16.86475918624517,5.0,2.204406261444092,489.0,354.5,500.0,measured,,mandatory,mandatory,2026-09-12 16:53:36+00:00
MCK,McKesson Corporation,0000927653,Health Care,Health Care Distributors,G,True,,Texas,1999-01-13,,,,,,,,False,,,,,,,,,,,,False,,,,,,,,,,,,334.12929392073005,,,,,,,,,,,,-5.6757,sbti_s12_absolute,2.0,2032.0,2020.0,,Targets set,1.5°C,,,403430.0,sec_xbrl,1,2025,2026-03-31,6212.0,sec_xbrl,1.0,2025.0,436.0,2025.0,272.0,sec_secondhand,2024.0,4694.0,sec_ebit_plus_secondhand_da,2.0,2024.0,6526.0,sec_xbrl,1,2025.0,5164.000256,102775.57088813001,sec_shares_x_price,1,False,109301.57088813001,True,112346.570752,15.888,yahoo,2,15.888,6801.249792,0.307,410983.006208,0.1473493174011918,98.5853,141.962832,100.0,100.0,0.0,70.0,,1.0,,,,,,,False,False,,,5,True,0.0,0.0,9669176864.0,True,73.53796293665665,4.0,83.26653289794922,84.5,30.5,283.0,unmeasurable,,,mandatory,2026-09-12 16:53:36+00:00
MCO,Moody's Corporation,0001059556,Financials,Financial Exchanges & Data,K,True,,New York,1998-07-01,,,,,,,,False,,,,,,,,,,,,False,,,,,,,,,,,,392.69487277328005,,,,,,,,,,,,-6.1069,sbti_s12_absolute,2.0,2030.0,2019.0,,Targets set,1.5°C,Targets set,2040.0,7718.0,sec_xbrl,1,2025,2025-12-31,3351.0,sec_xbrl,1.0,2025.0,326.0,2025.0,,,,4052.999936,yahoo_ttm,3.0,,6994.0,sec_xbrl,1,2025.0,1496.0,82261.34,sec_shares_x_price,1,False,89255.34,True,88517.30432,21.84,yahoo,2,21.84,2579.124992,1.334,8160.0,0.11793806828571243,98.5853,141.962832,100.0,100.0,0.0,50.0,,1.0,,,,,,,False,False,,,5,False,0.0,0.0,900758879.0,True,72.96768433009913,4.0,55.31061935424805,224.0,96.5,418.0,unmeasurable,,,mandatory,2026-09-12 16:53:36+00:00
MDLZ,Mondelez International,0001103982,Consumer Staples,Packaged Foods & Meats,C,True,,Illinois,2012-10-02,0.0,2023.0,0.0,0.0,,0.0,1.0,False,,,875000.0,2024.0,wba,,,875000.0,2024.0,self_reported,1.0,False,793480.0,wba,1.0,,2024.0,29223000.0,wba,1.0,2024.0,1247000.0,2024.0,415.51510490798,,,-16.059065273985563,ghgrp,2.0,5.049602385974496,0.6748445956085664,4.0,2015.0,2018.0,,-6.9428,sbti_s12_absolute,2.0,2050.0,2018.0,-9.116265273985563,Targets set,1.5°C,Targets set,2050.0,38537.0,sec_xbrl,1,2025,2025-12-31,3548.0,sec_xbrl,1.0,2025.0,1279.0,2025.0,,,,6080.0,yahoo_ttm,3.0,,18517.0,sec_xbrl,1,2025.0,1716.0,80151.09138904,sec_shares_x_price,1,False,98668.09138904,True,100088.676352,16.462,yahoo,2,16.462,2252.37504,0.402,39674.998784,0.11491260523369759,98.5853,141.962832,100.0,100.0,0.0,70.0,236.86214593536,0.3498185263875486,82.85876684810012,24.85763005443004,0.7006096407674757,409.2063059560273,0.4088437582258529,5.0,False,False,,,5,True,972313.0,13.0,75829666.0,False,45.463577687034274,4.0,99.11910247802734,5.395683288574219,1.0,289.0,measured,,voluntary,mandatory,2026-09-12 16:53:36+00:00
MDT,Medtronic,0001613103,Health Care,Health Care Equipment,C,True,,Ireland,1986-10-31,,,,,,,,False,,,,,,,,,,,,False,,,,,,,,,,,,349.6670732320368,,,,,,,,,,,,-7.0768,sbti_s12_absolute,2.0,2030.0,2020.0,,Targets set,1.5°C,Commitment removed,,36364.0,sec_xbrl,1,2025,2026-04-24,6467.0,sec_xbrl,1.0,2025.0,1904.0,2025.0,2861.0,sec_secondhand,2024.0,8816.0,sec_ebit_plus_secondhand_da,2.0,2024.0,26173.0,sec_xbrl,1,2025.0,8819.00032,116350.38247439999,sec_shares_x_price,1,False,142523.3824744,True,136302.379008,13.096,yahoo,2,13.096,5412.499968,0.574,37541.998592,0.166811522318194,98.5853,141.962832,100.0,100.0,0.0,70.0,,1.0,,,,,,,False,False,,,5,True,265227.0,7.0,531410633.0,False,44.25637324739146,5.0,42.885772705078125,286.0,70.0,383.0,unmeasurable,,,mandatory,2026-09-12 16:53:36+00:00
MET,MetLife,0001099219,Financials,Life & Health Insurance,K,True,,New York,2000-12-11,,,,,,,,False,,,10611.0,2024.0,wba,,,10611.0,2024.0,self_reported,1.0,False,38386.0,wba,1.0,,2024.0,231458.0,wba,1.0,2024.0,48997.0,2024.0,392.69487277328005,,,,,,,,,,,,-3.1905,nzt_interim,2.0,2030.0,2019.0,,Committed,,,,77084.0,sec_xbrl,1,2025,2025-12-31,6137.0,sec_xbrl,1.0,2025.0,,,,,,6040.0,yahoo_ttm,3.0,,14467.0,sec_xbrl,1,2025.0,27317.000192,61730.22868878,sec_shares_x_price,1,False,76197.22868878,True,85244.23168,14.113,yahoo,2,14.113,-20953.99936,0.759,79398.002688,0.08850261771070081,98.5853,141.962832,100.0,100.0,0.0,50.0,6.955752879504,1.0,6.955752879504,3.477876439752,0.056670627990092884,49.08327019421997,0.057579579552637206,5.0,False,False,,,5,False,0.0,0.0,953591146.0,True,72.45117064491704,4.0,55.31061935424805,224.0,96.5,418.0,unmeasurable,,voluntary,mandatory,2026-09-12 16:53:36+00:00
META,Meta Platforms,0001326801,Communication Services,Interactive Media & Services,J,True,,California,2013-12-23,,,,,,,,False,,,47468.0,2024.0,wba,,,47468.0,2024.0,self_reported,2.0,False,5967348.0,wba,2.0,,2024.0,8151769.0,wba,2.0,2024.0,48826.0,2024.0,195.03700802971002,,,,,,,,,,,,-5.3016,sbti_s12_absolute,2.0,2031.0,2021.0,,Targets set,1.5°C,Commitment removed,,200966.0,sec_xbrl,1,2025,2025-12-31,83276.0,sec_xbrl,1.0,2025.0,69691.0,2025.0,15498.0,sec_secondhand,2024.0,84878.0,sec_ebit_plus_secondhand_da,2.0,2024.0,58744.0,sec_xbrl,1,2025.0,90259.996672,1668029.22,sec_shares_x_price,1,True,1726773.22,True,1672918.46656,15.256,yahoo,2,15.256,21553.625088,1.243,228246.994944,2.391453191145727,98.5853,141.962832,100.0,100.0,0.0,60.0,853.8803133189119,1.0,853.8803133189119,341.5521253275648,0.41014472996729523,5210.719223997328,0.31147478661719,5.0,False,False,,,5,False,0.0,0.0,8226379654.0,True,5.949785041562604,5.0,81.663330078125,92.5,7.5,250.5,reported,,voluntary,mandatory,2026-09-12 16:53:36+00:00
MGM,MGM Resorts,0000789570,Consumer Discretionary,Casinos & Gaming,R,True,,Nevada,2017-07-26,110103.336,2023.0,110103.336,0.0,110108.09700000001,0.0,1.0,False,,,,,,,,110103.336,2023.0,ghgrp_fossil,1.0,False,,,,,,,,,,,,320.32194217793,,,-1.4361285934482493,ghgrp,2.0,0.4407661761094144,0.42321577872206595,14.0,2010.0,2023.0,,-6.1069,sbti_s12_absolute,2.0,2030.0,2019.0,4.670771406551751,Targets set,1.5°C,,,17537.683,sec_xbrl,1,2025,2025-12-31,1001.78,sec_xbrl,1.0,2025.0,1068.927,2025.0,,,,2237.483008,yahoo_ttm,3.0,,6230.141,sec_xbrl,1,2025.0,2760.55296,10036.03503684,sec_shares_x_price,1,False,16266.17603684,True,38296.45312,17.116,yahoo,2,17.116,878.991104,1.282,17761.441792,0.014388661617871024,98.5853,141.962832,100.0,100.0,0.0,40.0,15.63058139120755,0.9036999829252692,14.125356136346293,8.475213681807775,0.8460154606608012,145.06175737782186,0.3787864033342153,5.0,False,False,,,5,False,42159.0,3.0,59307085.0,False,29.927093452734493,5.0,55.911827087402344,221.0,39.0,429.0,measured,,mandatory,mandatory,2026-09-12 16:53:36+00:00
MKC,McCormick & Company,0000063754,Consumer Staples,Packaged Foods & Meats,C,True,,Maryland,2003-03-20,,,,,,,,False,,,38855.0,2024.0,wba,,,38855.0,2024.0,self_reported,1.0,False,94185.0,wba,1.0,,2024.0,4054530.0,wba,1.0,2024.0,133040.0,2024.0,271.7789403329,,,,,,,,,,,,-7.3881,sbti_s12_absolute,2.0,2050.0,2020.0,,Targets set,1.5°C,Targets set,2050.0,6840.3,sec_xbrl,1,2025,2025-11-30,1070.8,sec_xbrl,1.0,2025.0,221.8,2025.0,208.8,sec_secondhand,2024.0,1269.1,sec_ebit_plus_secondhand_da,2.0,2024.0,3996.3,sec_xbrl,1,2025.0,331.2,13825.608,sec_shares_x_price,1,True,17821.908,True,18977.462272,13.074,yahoo,2,13.074,714.025024,0.634,7385.800192,0.019821771690024647,98.5853,141.962832,100.0,100.0,0.0,70.0,18.88673516928,1.0,18.88673516928,5.666020550784001,0.5291390129607771,74.07755268095003,0.3903448818351577,5.0,False,False,,,5,True,0.0,0.0,5591150.0,True,26.928247168489616,5.0,77.25450897216797,114.5,4.5,439.5,unmeasurable,,voluntary,mandatory,2026-09-12 16:53:36+00:00
MLM,Martin Marietta Materials,0000916076,Materials,Construction Materials,C,True,,North Carolina,2014-07-02,3999044.1620000005,2023.0,4000987.4620000003,1943.3,3999309.6530000004,0.0,4.0,False,,,2900000.0,2024.0,wba,310623.79157105973,2026.0,3999044.1620000005,2023.0,ghgrp_fossil_floor,1.0,True,502729.0,wba,2.0,,2024.0,,,,,3400000.0,2024.0,270.48892363262,,,0.10531080368194612,ghgrp,2.0,1.507219696088403,0.0005029950224438862,10.0,2014.0,2023.0,,-7.9515,sbti_s12_absolute,2.0,2035.0,2023.0,8.056810803681946,Targets set,1.5°C,,,6150.0,sec_xbrl,1,2025,2025-12-31,1437.0,sec_xbrl,1.0,2025.0,807.0,2025.0,573.0,sec_secondhand,2024.0,3280.0,sec_ebit_plus_secondhand_da,2.0,2024.0,5323.0,sec_xbrl,1,2025.0,112.0,30631.175256439998,sec_shares_x_price,1,False,35954.175256439994,True,36866.174976,17.341,yahoo,2,17.341,593.374976,1.101,6688.0,0.04391591042725107,98.5853,141.962832,100.0,100.0,0.0,35.0,639.0844670991148,1.0073950869458288,643.8105522990414,418.4768589943769,29.121562908446553,7256.8072118214905,19.68418805733357,5.0,False,False,,,5,True,3406433.0,36.0,5474260.0,False,28.616394807670765,4.0,10.420841217041016,448.0,312.0,485.0,measured,,mandatory,mandatory,2026-09-12 16:53:36+00:00
MMM,3M,0000066740,Industrials,Industrial Conglomerates,C,True,,Minnesota,1957-03-04,1007143.6889239999,2023.0,1007143.6889239999,0.0,1007160.820924,0.0,12.0,False,,,1500000.0,2024.0,wba,,,1500000.0,2024.0,self_reported,1.0,False,1130000.0,wba,1.0,,2024.0,29600000.0,wba,1.0,2024.0,2050000.0,2024.0,420.27691760824,,,-5.609945942280947,ghgrp,2.0,1.1898698179986966,0.6086728212325279,13.0,2011.0,2023.0,,-6.5616,sbti_s12_absolute,2.0,2030.0,2019.0,0.9516540577190531,Targets set,1.5°C,,,24948.0,sec_xbrl,1,2025,2025-12-31,4629.0,sec_xbrl,1.0,2025.0,910.0,2025.0,1363.0,sec_secondhand,2024.0,6185.0,sec_ebit_plus_secondhand_da,2.0,2024.0,12602.0,sec_xbrl,1,2025.0,5303.000064,85078.72713249,sec_shares_x_price,1,False,97680.72713249,True,92988.727296,14.332,yahoo,2,14.332,6350.125056,1.074,25180.000256,0.12197735570819902,98.5853,141.962832,100.0,100.0,0.0,50.0,373.36224816,0.707224681700984,264.05099711411975,132.02549855705988,2.852138659690211,1892.1894453197822,2.03485895585666,5.0,False,False,,,5,True,14006333336.0,59.0,20123312001.0,False,14.985750116181316,5.0,9.819639205932617,451.0,53.0,500.0,measured,,voluntary,mandatory,2026-09-12 16:53:36+00:00
MNST,Monster Beverage,0000865752,Consumer Staples,Soft Drinks & Non-alcoholic Beverages,C,True,,California,2012-06-28,,,,,,,,False,,,15259.0,2023.0,wba,,,15259.0,2023.0,self_reported,2.0,False,10134.0,wba,2.0,,2023.0,2173452.0,wba,2.0,2023.0,25393.0,2023.0,195.03700802971002,,,,,,,,,,,,,,,,,,Commitment removed,,,,8294.343,sec_xbrl,1,2025,2025-12-31,2419.354,sec_xbrl,1.0,2025.0,132.275,2025.0,80.434,sec_secondhand,2024.0,2010.728,sec_ebit_plus_secondhand_da,2.0,2024.0,373.951,sec_xbrl,1,2024.0,3419.256064,85022.84655759999,sec_shares_x_price,1,False,85396.79755759999,True,81696.52224,25.423249999999992,yahoo_winsorised,3,27.851,1681.231104,0.515,9218.957312,0.12189723973808204,98.5853,141.962832,100.0,100.0,0.0,70.0,3.604862192976,1.0,3.604862192976,1.0814586578928,0.04470030668900873,27.494193824273122,0.03365405658701527,5.0,False,False,,,5,True,,,,False,29.332713985834772,4.0,77.25450897216797,114.5,4.5,439.5,unmeasurable,,voluntary,mandatory,2026-09-12 16:53:36+00:00
MO,Altria,0000764180,Consumer Staples,Tobacco,C,True,,Virginia,1957-03-04,66467.196,2023.0,66467.196,0.0,66470.117,0.0,2.0,False,,,,,,8787.0,2026.0,66467.196,2023.0,ghgrp_fossil,1.0,False,,,,,,,,,,,,270.48892363262,,,-9.024134237722425,ghgrp,2.0,0.8882177888338006,0.8717692022985397,14.0,2010.0,2023.0,,-12.2982,sbti_s12_absolute,2.0,2030.0,2022.0,3.2740657622775746,Targets set,1.5°C,Targets set,2050.0,23279.0,sec_xbrl,1,2025,2025-12-31,9899.0,sec_xbrl,1.0,2025.0,216.0,2025.0,286.0,sec_secondhand,2024.0,11527.0,sec_ebit_plus_secondhand_da,2.0,2024.0,25709.0,sec_xbrl,1,2025.0,2367.000064,115178.93601548001,sec_shares_x_price,1,False,140887.93601548002,True,137438.937088,8.735,yahoo,2,8.735,9014.62528,0.494,20444.000256,0.16513201974182992,98.5853,141.962832,100.0,100.0,0.0,70.0,9.435871379259071,0.5158024259101042,4.867045347997549,1.4601136043992649,0.014750112176980147,12.754092334427577,0.00927982462950898,5.0,False,True,Article 12(1)(b),sec_segment,1,True,6000.0,1.0,1269909720.0,False,26.748868519271003,5.0,94.58917999267578,28.0,4.0,256.5,measured,,mandatory,mandatory,2026-09-12 16:53:36+00:00
MOS,Mosaic Company (The),0001285785,Materials,Fertilizers & Agricultural Chemicals,C,True,,Florida,2011-09-26,1584499.966,2023.0,1584499.966,0.0,1584523.3769999996,0.0,10.0,False,,,3300000.0,2024.0,wba,459354.80014655326,2026.0,3300000.0,2024.0,self_reported,1.0,False,1220000.0,wba,1.0,,2024.0,12360000.0,wba,1.0,2024.0,4470000.0,2024.0,355.97248809045,,,-1.3369797845581233,ghgrp,2.0,1.1046219121864687,0.09454504572703004,14.0,2010.0,2023.0,,-2.2067,nzt_interim,2.0,2025.0,2015.0,0.8697202154418768,,,,,12052.4,sec_xbrl,1,2025,2025-12-31,821.5,sec_xbrl,1.0,2025.0,1359.4,2025.0,1025.5,sec_secondhand,2024.0,1647.0,sec_ebit_plus_secondhand_da,2.0,2024.0,4294.0,sec_xbrl,1,2025.0,294.0,8007.79132274,sec_shares_x_price,1,False,12301.79132274,True,13963.891712,8.125,yahoo,2,8.125,-746.275008,0.831,12247.90016,0.011480768971658445,98.5853,141.962832,100.0,100.0,0.0,35.0,641.67200064,0.9224151646400898,591.8879841152814,384.7271896749329,46.8322811533698,3125.90841610883,22.385653516795404,5.0,False,False,,,5,True,853945857.0,52.0,899338919.0,False,20.91131731649021,5.0,25.050098419189453,375.0,26.0,484.0,measured,,voluntary,mandatory,2026-09-12 16:53:36+00:00
MPC,Marathon Petroleum,0001510295,Energy,Oil & Gas Refining & Marketing,C,True,,Ohio,2011-07-01,33547608.653538253,2023.0,33590708.553538255,43099.9,33655944.77885417,0.0,128.0,False,1292986.3459395869,2026.0,34600000.0,2024.0,wba,16955354.936209578,2026.0,34600000.0,2024.0,self_reported,1.0,False,6300000.0,wba,1.0,,2024.0,405000000.0,wba,1.0,2024.0,40900000.0,2024.0,415.51510490798,,,-0.44324429107256424,ghgrp,2.0,0.5534316191459865,0.06901167801067787,9.0,2015.0,2023.0,-3.9936000305754837,-2.2046,nzt_interim,2.0,2030.0,2014.0,1.7613557089274359,,,,,132699.0,sec_xbrl,1,2025,2025-12-31,8291.0,sec_xbrl,1.0,2025.0,3486.0,2025.0,3337.0,sec_secondhand,2024.0,10133.0,sec_ebit_plus_secondhand_da,2.0,2024.0,32876.0,sec_xbrl,1,2025.0,7768.0,111186.94841458999,sec_shares_x_price,1,False,144062.94841458998,True,144353.951744,9.375,yahoo,2,9.375,9249.375232,0.527,154145.9968,0.15940870784015795,98.5853,141.962832,100.0,100.0,0.0,60.0,5806.279828799999,0.9736983049233059,5653.564827212942,2261.425930885177,27.275671582260003,21200.868102048535,14.686725126615551,5.0,False,True,Article 12(1)(e),sec_segment,1,True,1424701850.0,245.0,1569650375.0,False,29.07136470343038,5.0,17.434871673583984,413.0,56.5,474.0,measured,,voluntary,mandatory,2026-09-12 16:53:36+00:00
MPWR,Monolithic Power Systems,0001280452,Information Technology,Semiconductors,C,True,,Washington,2021-02-12,,,,,,,,False,,,,,,,,,,,,False,,,,,,,,,,,,288.15226411279,,,,,,,,,,,,,,,,,,,,,,2790.459,sec_xbrl,1,2025,2025-12-31,728.636,sec_xbrl,1.0,2025.0,172.013,2025.0,36.43,sec_secondhand,2024.0,575.7879999999999,sec_ebit_plus_secondhand_da,2.0,2024.0,18.934,yahoo,3,,1413.761024,60665.06778,sec_shares_x_price,1,False,60684.00178,True,59270.242304,40.0,yahoo_winsorised,3,59.254,444.316128,1.664,3273.157888,0.08697549670835672,98.5853,141.962832,100.0,100.0,0.0,60.0,,1.0,,,,,,,False,False,,,5,True,,,,False,19.571045576407506,1.0,66.13226318359375,170.0,83.0,338.0,unmeasurable,,,vendor,2026-09-12 16:53:36+00:00
MRK,Merck & Co.,0000310158,Health Care,Pharmaceuticals,C,True,,New Jersey,1957-03-04,365529.70399999997,2023.0,365529.70399999997,0.0,365545.374,0.0,5.0,False,,,721200.0,2024.0,wba,111432.0,2026.0,721200.0,2024.0,self_reported,1.0,False,323800.0,wba,1.0,,2024.0,6057900.0,wba,1.0,2024.0,884200.0,2024.0,271.7789403329,0.29120630154000005,284092.2,-2.5532093520268195,ghgrp,2.0,0.29735361734939325,0.835328865390496,14.0,2010.0,2023.0,,-5.4796,sbti_s12_absolute,2.0,2030.0,2019.0,2.92639064797318,Targets set,1.5°C,Targets set,2045.0,65011.0,sec_xbrl,1,2025,2025-12-31,21067.0,sec_xbrl,1.0,2025.0,4112.0,2025.0,,,,28871.000064,yahoo_ttm,3.0,,49300.0,sec_xbrl,1,2025.0,7141.000192,355100.01385734003,sec_shares_x_price,1,False,404400.01385734003,True,401921.015808,13.921,yahoo,2,13.921,15171.500032,0.226,66568.998912,0.509106825667615,98.5853,141.962832,100.0,100.0,0.0,70.0,148.35115944,0.8562591842082747,127.0270427584461,38.10811282753384,0.18089007845224206,530.5030386720986,0.13199186352711723,5.0,False,False,,,5,True,33407032.0,36.0,10710331781.0,False,47.812540144335344,5.0,19.438880920410156,403.0,54.0,489.0,measured,,voluntary,mandatory,2026-09-12 16:53:36+00:00
MRNA,Moderna,0001682852,Health Care,Biotechnology,C,True,,Massachusetts,2021-07-21,,,,,,,,False,,,13180.0,2024.0,wba,,,13180.0,2024.0,self_reported,1.0,False,17703.0,wba,1.0,,2024.0,1341823.0,wba,1.0,2024.0,13231.0,2024.0,246.38139635186002,,,,,,,,,,,,-22.5736,sbti_s12_absolute,2.0,2030.0,2021.0,,Targets set,1.5°C,Targets set,2045.0,1944.0,sec_xbrl,1,2025,2025-12-31,-3074.0,sec_xbrl,1.0,2025.0,192.0,2025.0,185.0,sec_secondhand,2024.0,-3760.0,sec_ebit_plus_secondhand_da,2.0,2024.0,590.0,sec_xbrl,1,2025.0,5137.999872,57477.990939330004,sec_shares_x_price,1,False,58067.990939330004,True,53626.990592,14.135,sector_median,4,-24.431,299.249984,1.106,2228.0,0.08240618521808983,98.5853,141.962832,100.0,100.0,0.0,70.0,4.384238140656,1.0,4.384238140656,1.3152714421968001,,18.59136183545177,0.03466791932610368,5.0,False,False,,,5,True,0.0,0.0,6000.0,True,45.0402144772118,1.0,83.26653289794922,84.5,30.5,283.0,unmeasurable,,voluntary,mandatory,2026-09-12 16:53:36+00:00
MRSH,Marsh McLennan,0000062709,Financials,Insurance Brokers,K,True,,New York,1987-08-31,,,,,,,,False,,,,,,,,,,,,False,,,,,,,,,,,,392.69487277328005,,,,,,,,,,,,-7.1585,sbti_s12_absolute,2.0,2050.0,2019.0,,Targets set,1.5°C,Targets set,2050.0,26981.0,sec_xbrl,1,2025,2025-12-31,6223.0,sec_xbrl,1.0,2025.0,291.0,2025.0,369.0,sec_secondhand,2024.0,6186.0,sec_ebit_plus_secondhand_da,2.0,2024.0,19587.0,sec_xbrl,1,2025.0,1700.0,84423.44542188001,sec_shares_x_price,1,False,104010.44542188001,True,105355.444224,13.58,yahoo,2,13.58,4785.249792,0.577,27946.999808,0.12103787843816795,98.5853,141.962832,100.0,100.0,0.0,50.0,,1.0,,,,,,,False,False,,,5,False,0.0,0.0,1893901513.0,True,49.54096234286891,5.0,55.31061935424805,224.0,96.5,418.0,unmeasurable,,,mandatory,2026-09-12 16:53:36+00:00
MRVL,Marvell Technology,0001835632,Information Technology,Semiconductors,C,True,,California,2026-06-22,,,,,,,,False,,,,,,,,,,,,False,,,,,,,,,,,,195.03700802971002,,,,,,,,,,,,-8.2996,sbti_s12_absolute,2.0,2030.0,2022.0,,Targets set,1.5°C,Commitment removed,,8194.6,sec_xbrl,1,2025,2026-01-31,1322.9,sec_xbrl,1.0,2025.0,354.1,2025.0,,,,2850.299904,yahoo_ttm,3.0,,4970.4,sec_xbrl,1,2025.0,3932.8,207036.09,sec_shares_x_price,1,False,212006.49,True,208389.390336,40.0,yahoo_winsorised,3,73.111,2408.04992,2.253,9450.300416,0.29682760480229115,98.5853,141.962832,100.0,100.0,0.0,60.0,,1.0,,,,,,,False,False,,,5,True,0.0,0.0,15500000.0,True,72.59786476868328,1.0,66.13226318359375,170.0,83.0,338.0,unmeasurable,,,mandatory,2026-09-12 16:53:36+00:00
MS,Morgan Stanley,0000895421,Financials,Investment Banking & Brokerage,K,True,,New York,1993-07-29,,,,,,,,False,,,24201.0,2023.0,wba,,,24201.0,2023.0,self_reported,1.0,False,229954.0,wba,1.0,,2023.0,615142.0,wba,4.0,2023.0,254155.0,2023.0,392.69487277328005,,,,,,,,,,,,-7.8945,netzero_inferred,2.0,2050.0,2022.0,,,,,,70645.0,sec_xbrl,1,2025,2025-12-31,21954.0,sec_xbrl,1.0,2025.0,,,,,,,,,,348935.0,sec_xbrl,1,2025.0,739076.01408,336698.00167896005,sec_shares_x_price,1,False,685633.00167896,True,215978.999808,11.851,sector_median,4,,,1.207,77827.997696,0.4827238641344294,98.5853,141.962832,100.0,100.0,0.0,50.0,36.08056356696,1.0,36.08056356696,18.04028178348,0.08217309731019405,213.79537941602152,0.0989889663375052,5.0,False,False,,,5,False,1575820.0,5.0,10939337443.0,False,46.501891847671295,4.0,17.03406524658203,415.0,149.0,476.0,unmeasurable,,voluntary,mandatory,2026-09-12 16:53:36+00:00
MSCI,MSCI,0001408198,Financials,Financial Exchanges & Data,K,True,,New York,2018-04-04,,,,,,,,False,,,,,,,,,,,,False,,,,,,,,,,,,392.69487277328005,,,,,,,,,,,,-13.6112,sbti_s12_absolute,2.0,2030.0,2019.0,,Targets set,1.5°C,Targets set,2040.0,3134.459,sec_xbrl,1,2025,2025-12-31,1713.567,sec_xbrl,1.0,2025.0,39.319,2025.0,16.978,sec_secondhand,2024.0,1545.496,sec_ebit_plus_secondhand_da,2.0,2024.0,6202.286,sec_xbrl,1,2025.0,352.7,40320.147,sec_shares_x_price,1,False,46522.433,True,46511.648768,23.703,yahoo,2,23.703,1194.70592,1.219,3333.758976,0.057806987464293226,98.5853,141.962832,100.0,100.0,0.0,50.0,,1.0,,,,,,,False,False,,,5,False,,,,False,80.31141189634394,4.0,55.31061935424805,224.0,96.5,418.0,unmeasurable,,,mandatory,2026-09-12 16:53:36+00:00
MSFT,Microsoft,0000789019,Information Technology,Systems Software,J,True,,Washington,1994-06-01,,,,,,,,False,,,143510.0,2024.0,wba,87810.0,2026.0,143510.0,2024.0,self_reported,1.0,False,9955368.0,wba,1.0,,2024.0,15140000.0,wba,1.0,2024.0,402600.0,2024.0,288.15226411279,,,,,,,,,,,,-7.3881,netzero_inferred,2.0,2050.0,2020.0,,Targets set,1.5°C,Commitment removed,,281724.0,sec_xbrl,1,2025,2025-06-30,128528.0,sec_xbrl,1.0,2025.0,64551.0,2025.0,,,,194237.005824,yahoo_ttm,3.0,,43151.0,sec_xbrl,1,2025.0,76842.999808,3680323.11170433,sec_shares_x_price,1,False,3723474.11170433,True,3732293.025792,19.215,yahoo,2,19.215,16545.50016,1.108,331839.012864,5.276478579873254,98.5853,141.962832,100.0,100.0,0.0,60.0,1433.6653209024958,1.0,1433.6653209024958,573.4661283609984,0.4461799206095157,11019.151656456583,0.2952381171657415,5.0,False,False,,,5,False,41766.0,1.0,1590084462.0,False,84.65524196774165,5.0,44.88977813720703,276.0,123.0,396.0,reported,,voluntary,mandatory,2026-09-12 16:53:36+00:00
MSI,Motorola Solutions,0000068505,Information Technology,Communications Equipment,C,True,,Illinois,1957-03-04,,,,,,,,False,,,,,,,,,,,,False,,,,,,,,,,,,415.51510490798,,,,,,,,,,,,-7.6329,netzero_inferred,2.0,2050.0,2021.0,,,,,,11682.0,sec_xbrl,1,2025,2025-12-31,2988.0,sec_xbrl,1.0,2025.0,265.0,2025.0,336.0,sec_secondhand,2024.0,3024.0,sec_ebit_plus_secondhand_da,2.0,2024.0,9162.0,sec_xbrl,1,2025.0,710.0,77146.58421408001,sec_shares_x_price,1,False,86308.58421408001,True,86071.58272,22.904,yahoo,2,22.904,1979.000064,0.881,12236.99968,0.11060504384015181,98.5853,141.962832,100.0,100.0,0.0,60.0,,1.0,,,,,,,False,False,,,5,True,500000.0,1.0,26191012.0,False,84.66295100205086,5.0,25.751501083374023,371.5,157.0,481.0,unmeasurable,,,mandatory,2026-09-12 16:53:36+00:00
MTB,M&T Bank,0000036270,Financials,Regional Banks,K,True,,New York,2004-02-23,,,,,,,,False,,,,,,,,,,,,False,,,,,,,,,,,,110.12134121912001,,,,,,,,,,,,-5.4258,nzt_interim,2.0,2027.0,2023.0,,,,,,10486.0,sec_xbrl,1,2025,2025-12-31,3692.0,sec_xbrl,1.0,2025.0,256.0,2023.0,316.0,sec_secondhand,2024.0,3626.0,sec_ebit_plus_secondhand_da,2.0,2024.0,13060.0,sec_xbrl,1,2025.0,17679.998976,34635.35211546,sec_shares_x_price,1,False,47695.35211546,True,38074.351616,11.851,sector_median,4,,,0.563,9450.999808,0.04965669806610026,98.5853,141.962832,100.0,100.0,0.0,50.0,,1.0,,,,,,,False,False,,,5,False,0.0,0.0,266216397.0,True,26.472196157697653,4.0,55.31061935424805,224.0,96.5,418.0,unmeasurable,,,mandatory,2026-09-12 16:53:36+00:00
MTD,Mettler Toledo,0001037646,Health Care,Life Sciences Tools & Services,C,True,,Ohio,2016-09-06,,,,,,,,False,,,,,,,,,,,,False,,,,,,,,,,,,415.51510490798,,,,,,,,,,,,-9.5462,sbti_s12_absolute,2.0,2030.0,2018.0,,Targets set,1.5°C,Targets set,2050.0,4026.399,sec_xbrl,1,2025,2025-12-31,1048.909,sec_xbrl,1.0,2025.0,107.124,2025.0,,,,1275.713024,yahoo_ttm,3.0,,2152.172,sec_xbrl,1,2025.0,51.383,25917.68979768,sec_shares_x_price,1,False,28069.861797679998,True,28003.702784,21.951,yahoo,2,21.951,693.589632,1.22,4133.874944,0.03715818717719279,98.5853,141.962832,100.0,100.0,0.0,70.0,,1.0,,,,,,,False,False,,,5,True,0.0,0.0,63600.0,True,75.39936357270511,4.0,83.26653289794922,84.5,30.5,283.0,unmeasurable,,,mandatory,2026-09-12 16:53:36+00:00
MU,Micron Technology,0000723125,Information Technology,Semiconductors,C,True,,Idaho,1994-09-27,303884.3484487,2023.0,303884.3484487,0.0,302857.4374487,0.0,2.0,False,,,2574449.0,2024.0,wba,,,2574449.0,2024.0,self_reported,1.0,False,4118730.0,wba,1.0,,2024.0,3716190.0,wba,1.0,2024.0,6576978.0,2024.0,288.15226411279,,,-5.22712454515617,ghgrp,2.0,1.1923978842556942,0.5774730326627769,13.0,2011.0,2023.0,,-5.3016,nzt_interim,2.0,2030.0,2020.0,0.07447545484382978,,,,,37378.0,sec_xbrl,1,2025,2025-08-28,9770.0,sec_xbrl,1.0,2025.0,15857.0,2025.0,7780.0,sec_secondhand,2024.0,9084.0,sec_ebit_plus_secondhand_da,2.0,2024.0,14017.0,sec_xbrl,1,2025.0,26022.00064,1101451.96444426,sec_shares_x_price,1,False,1115468.96444426,True,1081805.963264,15.857,yahoo,2,15.857,7639.499776,2.222,90273.9968,1.579151482288755,98.5853,141.962832,100.0,100.0,0.0,60.0,950.182645922928,0.72461003661037,688.5118818487512,275.40475273950045,2.8188818090020518,4367.093164190259,0.4036854401332718,5.0,False,False,,,5,True,157101.0,1.0,336354465.0,False,64.45223551298402,5.0,64.24287414550781,179.4280548095703,16.0,402.0,measured,,voluntary,mandatory,2026-09-12 16:53:36+00:00
NCLH,Norwegian Cruise Line Holdings,0001513761,Consumer Discretionary,"Hotels, Resorts & Cruise Lines",H,True,,Florida[3],2017-10-13,,,,,,,,False,,,3242719.0,2024.0,wba,,,3242719.0,2024.0,self_reported,1.0,False,7204.0,wba,1.0,,2024.0,1897656.0,wba,1.0,2024.0,3248298.0,2024.0,355.97248809045,,,,,,,,,,,,-1.4939,nzt_interim,2.0,2026.0,2019.0,,,,,,9827.592,sec_xbrl,1,2025,2025-12-31,1560.868,sec_xbrl,1.0,2025.0,3259.606,2025.0,973.512,sec_secondhand,2024.0,2439.4179999999997,sec_ebit_plus_secondhand_da,2.0,2024.0,14994.609,sec_xbrl,1,2025.0,218.1,6805.1638777200005,sec_shares_x_price,1,False,21799.772877720003,True,22565.881856,8.699,yahoo,2,8.699,-1680.301312,1.881,10154.30656,0.009756562221160085,98.5853,141.962832,100.0,100.0,0.0,40.0,461.36827286193596,1.0,461.36827286193596,276.8209637171616,17.73506559921541,2408.0655633755887,10.671267264192082,5.0,False,False,,,5,True,1305000.0,3.0,21989587.0,False,29.928717066501594,5.0,26.052104949951172,370.0,188.0,441.0,reported,,voluntary,mandatory,2026-09-12 16:53:36+00:00
NDAQ,"Nasdaq, Inc.",0001120193,Financials,Financial Exchanges & Data,K,True,,New York,2008-10-22,,,,,,,,False,,,514.0,2020.0,report_pdf,,,514.0,2020.0,self_reported,3.0,False,0.0,report_pdf,3.0,,2021.0,76678.0,report_pdf,3.0,2021.0,,,392.69487277328005,,,,,,,,,,,,-22.5736,sbti_s12_absolute,2.0,2032.0,2023.0,,Targets set,1.5°C,Targets set,2050.0,8262.0,sec_xbrl,1,2025,2025-12-31,2331.0,sec_xbrl,1.0,2025.0,266.0,2025.0,125.0,sec_secondhand,2024.0,1923.0,sec_ebit_plus_secondhand_da,2.0,2024.0,9004.0,sec_xbrl,1,2025.0,555.0,50973.14655268,sec_shares_x_price,1,False,59977.14655268,True,59740.147712,17.817,yahoo,2,17.817,1691.500032,0.974,5614.000128,0.0730801909969811,98.5853,141.962832,100.0,100.0,0.0,50.0,0.07296889564799999,1.0,0.07296889564799999,0.036484447823999996,0.0015651843768339766,0.6500434068802079,0.00108811817810359,5.0,False,False,,,5,False,0.0,0.0,38285923.0,True,82.52784075118763,5.0,55.31061935424805,224.0,96.5,418.0,reported,,voluntary,mandatory,2026-09-12 16:53:36+00:00
NDSN,Nordson Corporation,0000072331,Industrials,Industrial Machinery & Supplies & Components,C,True,,Ohio,2022-02-15,,,,,,,,False,,,4739.0,2022.0,report_pdf,,,4739.0,2022.0,self_reported,3.0,False,30729.0,report_pdf,3.0,,2022.0,,,,,,,415.51510490798,,,,,,,,,,,,,,,,,,,,,,2791.687,sec_xbrl,1,2025,2025-10-31,711.725,sec_xbrl,1.0,2025.0,58.06,2025.0,76.972,sec_secondhand,2024.0,750.973,sec_ebit_plus_secondhand_da,2.0,2024.0,1996.254,sec_xbrl,1,2025.0,113.924,17515.77962602,sec_shares_x_price,1,False,19512.033626020002,True,19220.068352,20.065,yahoo,2,20.065,613.806656,0.972,2979.794944,0.025112370083091737,98.5853,141.962832,100.0,100.0,0.0,50.0,5.035137725376,1.0,5.035137725376,2.517568862688,0.35372775477719626,50.51501922983472,0.26282434747209543,5.0,False,False,,,5,True,20000.0,1.0,129572.0,False,26.8627763407017,4.0,53.90781021118164,231.0,67.0,400.5,reported,,voluntary,mandatory,2026-09-12 16:53:36+00:00
NEE,NextEra Energy,0000753308,Utilities,Multi-Utilities,D,True,,Florida,1976-06-30,42867507.677971,2023.0,42867507.677971,0.0,42876245.0164892,0.0,36.0,False,21149044.979508534,2026.0,42278597.0,2023.0,wba,20873795.07,2026.0,42867507.677971,2023.0,ghgrp_fossil_floor,1.0,True,16300.0,wba,1.0,,2023.0,2671312.0,wba,1.0,2023.0,42294897.0,2023.0,355.97248809045,345.96748289196296,120871767.28999999,0.5884443477351953,ghgrp,2.0,0.40716549701230365,0.13202242322317637,14.0,2010.0,2023.0,-0.7173830758988808,-5.8423,nzt_interim,2.0,2025.0,2005.0,6.430744347735195,,,,,25800.0,sec_xbrl,1,2025,2025-12-31,8280.0,sec_xbrl,1.0,2025.0,,,,,,14593.000448,yahoo_ttm,3.0,,93664.0,sec_xbrl,1,2025.0,2865.999872,171644.45524336002,sec_shares_x_price,1,False,265308.45524336,True,290046.476288,16.732999999999997,yahoo_winsorised,3,19.876,-17766.875136,0.644,28700.000256,0.2460866244502619,98.5853,141.962832,100.0,100.0,0.0,80.0,6087.906784908107,1.0419254381858751,6343.144944500141,1268.628988900028,15.321606146135602,21227.968871264162,7.318816330037386,5.0,True,True,Article 12(1)(g),power_intensity_12g,5,True,2776302.0,15.0,31175762.0,False,42.60938719212976,5.0,15.859055519104004,420.8633117675781,30.0,486.0,measured,,mandatory,mandatory,2026-09-12 16:53:36+00:00
NEM,Newmont,0001164727,Materials,Gold,B,True,,Colorado,1969-06-30,567759.26746,2023.0,567759.26746,0.0,567816.88502,0.0,3.0,False,169813.87204312193,2026.0,2728000.0,2024.0,wba,293312.26712691935,2026.0,2728000.0,2024.0,self_reported,1.0,False,2305000.0,wba,1.0,,2024.0,6613000.0,wba,1.0,2024.0,5033000.0,2024.0,472.88773582743,,,-7.159514048165416,ghgrp,2.0,1.0936273422675378,0.7637923241416358,13.0,2011.0,2023.0,-8.285964665072443,-3.1628,sbti_s12_absolute,2.0,2030.0,2018.0,-3.9967140481654164,Targets set,Well-below 2°C,,,22669.0,sec_xbrl,1,2025,2025-12-31,10961.0,sec_xbrl,1.0,2025.0,3035.0,2025.0,2576.0,sec_secondhand,2024.0,7103.0,sec_ebit_plus_secondhand_da,2.0,2024.0,5115.0,sec_xbrl,1,2025.0,9009.000448,133618.71688551002,sec_shares_x_price,1,False,138733.71688551002,True,130378.719232,7.643,yahoo,2,7.643,8815.875072,0.543,25767.000064,0.1915691302414057,98.5853,141.962832,100.0,100.0,0.0,35.0,714.4989334559999,0.640360345129545,457.5367836225759,297.39890935467434,2.713246139537217,2273.019864197776,1.7433979084831266,5.0,False,False,,,5,True,786850.0,9.0,2984011.0,False,65.31316780246813,4.0,96.59318542480469,18.0,1.0,324.0,measured,,voluntary,mandatory,2026-09-12 16:53:36+00:00
NFLX,Netflix,0001065280,Communication Services,Movies & Entertainment,J,True,,California,2010-12-20,,,,,,,,False,,,50488.0,2024.0,wba,,,50488.0,2024.0,self_reported,1.0,False,40684.0,wba,1.0,,2024.0,1037952.0,wba,1.0,2024.0,75000.0,2024.0,195.03700802971002,,,,,,,,,,,,-5.4796,sbti_s12_absolute,2.0,2030.0,2019.0,,Targets set,1.5°C,Commitment removed,,45183.036,sec_xbrl,1,2025,2025-12-31,13326.603,sec_xbrl,1.0,2025.0,688.22,2025.0,328.914,sec_secondhand,2024.0,10746.528,sec_ebit_plus_secondhand_da,2.0,2024.0,14462.836,sec_xbrl,1,2025.0,9127.9104,322288.93092240003,sec_shares_x_price,1,False,336751.76692240004,True,329815.687168,22.395,yahoo,2,22.395,25387.552768,1.526,48370.765824,0.46206558199581077,98.5853,141.962832,100.0,100.0,0.0,60.0,12.943035319103998,1.0,12.943035319103998,5.1772141276416,0.03884871581783895,115.94371038853362,0.03515409208825011,5.0,False,False,,,5,False,0.0,0.0,10451000.0,True,75.97700813689355,4.0,81.663330078125,92.5,7.5,250.5,unmeasurable,,voluntary,mandatory,2026-09-12 16:53:36+00:00
NI,NiSource,0001111711,Utilities,Multi-Utilities,D,True,,Indiana,2000-11-02,5027591.002,2023.0,5027591.002,0.0,5120016.032,0.0,14.0,False,1907738.0129906407,2026.0,,,,2123110.0,2026.0,5027591.002,2023.0,ghgrp_fossil,1.0,False,,,,,,,,,,,,415.51510490798,743.0087951245366,5926779.0,-10.607711195172175,ghgrp,2.0,1.4616989242585512,0.8447404810391976,9.0,2015.0,2023.0,-8.698607292704974,-8.7989,nzt_interim,2.0,2030.0,2005.0,-1.8088111951721757,,,,,6522.8,sec_xbrl,1,2025,2025-12-31,1835.3,sec_xbrl,1.0,2025.0,2782.3,2025.0,1043.2,sec_secondhand,2024.0,2498.7,sec_ebit_plus_secondhand_da,2.0,2024.0,16213.5,sec_xbrl,1,2025.0,70.0,19858.583741,sec_shares_x_price,1,False,36072.083740999995,True,39551.3856,13.071,yahoo,2,13.071,-1772.999936,0.54,6881.50016,0.0284712479191756,98.5853,141.962832,100.0,100.0,0.0,80.0,713.7310567816377,0.45614235436614875,325.56296462461563,65.1125929249231,3.5477901664536104,851.0867021216699,2.151850533705878,5.0,True,True,Article 12(1)(g),power_intensity_12g,5,True,613288525.0,10.0,689261420.0,False,21.469456571052824,4.0,42.68537139892578,287.0,13.0,486.0,measured,,mandatory,mandatory,2026-09-12 16:53:36+00:00
NKE,"Nike, Inc.",0000320187,Consumer Discretionary,"Apparel, Accessories & Luxury Goods",C,True,,Oregon,1988-11-30,,,,,,,,False,,,57390.0,2023.0,wba,,,57390.0,2023.0,self_reported,1.0,False,211322.0,wba,1.0,,2023.0,8196965.0,wba,1.0,2023.0,69510.0,2023.0,288.15226411279,,,,,,,,,,,,-6.7595,sbti_s12_absolute,2.0,2030.0,2015.0,,Targets set,1.5°C,,,46398.0,sec_xbrl,1,2025,2026-05-31,3900.0,sec_xbrl,1.0,2025.0,684.0,2025.0,775.0,sec_secondhand,2024.0,4660.0,sec_ebit_plus_secondhand_da,2.0,2024.0,7942.0,sec_xbrl,1,2025.0,9027.00032,54500.799999999996,sec_shares_x_price,1,False,62442.799999999996,True,56608.751616,11.485,yahoo,2,11.485,1889.250048,1.11,46398.001152,0.07813778710662816,98.5853,141.962832,100.0,100.0,0.0,40.0,38.147116512383995,1.0,38.147116512383995,22.888269907430395,0.5868787155751384,262.87177988683806,0.46436597236767096,5.0,False,False,,,5,True,0.0,0.0,17765864.0,True,51.275040171521674,5.0,80.76152038574219,97.0,30.5,287.0,unmeasurable,,voluntary,mandatory,2026-09-12 16:53:36+00:00
NOC,Northrop Grumman,0001133421,Industrials,Aerospace & Defense,C,True,,Virginia[2],1957-03-04,110192.27799999999,2023.0,110192.27799999999,0.0,110196.79399999998,0.0,4.0,False,,,,,,,,110192.27799999999,2023.0,ghgrp_fossil,1.0,False,,,,,,,,,,,,270.48892363262,,,1.4627600024980092,ghgrp,2.0,1.4187862312034993,0.08182330388260017,12.0,2012.0,2023.0,,-6.1069,nzt_interim,2.0,2030.0,2019.0,7.56966000249801,,,,,41954.0,sec_xbrl,1,2025,2025-12-31,4511.0,sec_xbrl,1.0,2025.0,1450.0,2025.0,1370.0,sec_secondhand,2024.0,5740.0,sec_ebit_plus_secondhand_da,2.0,2024.0,15696.0,sec_xbrl,1,2025.0,2307.000064,73726.44860322001,sec_shares_x_price,1,False,89422.44860322001,True,88471.445504,12.195,yahoo,2,12.195,2478.000128,-0.11,42892.00128,0.10570159603319894,98.5853,141.962832,100.0,100.0,0.0,50.0,15.643207849411294,1.1069976606667957,17.316994494622758,8.658497247311379,0.19194185873002392,105.59037393096227,0.1193496651144784,5.0,False,True,Article 12(1)(a),nbim_exclusion,2,True,4139399.0,28.0,778606304.0,False,25.050404467702776,5.0,27.655309677124023,362.0,53.0,488.0,measured,,mandatory,mandatory,2026-09-12 16:53:36+00:00
NOW,ServiceNow,0001373715,Information Technology,Systems Software,J,True,,California,2019-11-21,,,,,,,,False,,,2884.0,2024.0,wba,,,2884.0,2024.0,self_reported,1.0,False,72791.0,wba,1.0,,2024.0,301359.0,wba,1.0,2024.0,3674.0,2024.0,195.03700802971002,,,,,,,,,,,,-15.8018,sbti_s12_absolute,2.0,2026.0,2019.0,,Targets set,1.5°C,,,13278.0,sec_xbrl,1,2025,2025-12-31,1824.0,sec_xbrl,1.0,2025.0,868.0,2025.0,564.0,sec_secondhand,2024.0,1928.0,sec_ebit_plus_secondhand_da,2.0,2024.0,1491.0,sec_xbrl,1,2025.0,4664.0,137036.02,sec_shares_x_price,1,False,138527.02,True,140806.733824,40.0,yahoo_winsorised,3,48.604,5149.374976,0.972,14732.000256,0.19646851709882493,98.5853,141.962832,100.0,100.0,0.0,60.0,10.7430373116,1.0,10.7430373116,4.29721492464,0.23559292350000002,171.88859698560003,0.12207413119918717,5.0,False,False,,,5,False,0.0,0.0,925000.0,True,78.05975301814303,5.0,66.13226318359375,170.0,83.0,338.0,unmeasurable,,voluntary,mandatory,2026-09-12 16:53:36+00:00
NRG,NRG Energy,0001013871,Utilities,Independent Power Producers & Energy Traders,D,True,,Texas,2010-01-29,22461424.34004,2023.0,22461424.34004,0.0,22464021.473454997,0.0,36.0,False,11091908.94398677,2026.0,25035662.0,2024.0,wba,13681114.118999999,2026.0,25035662.0,2024.0,self_reported,1.0,False,105321.0,wba,1.0,,2024.0,10603.0,wba,1.0,2024.0,25140983.0,2024.0,334.12929392073005,823.0797936261586,28242858.0,-7.275221932191711,ghgrp,2.0,2.8993242648206934,0.478789920341128,6.0,2018.0,2023.0,-4.720789883862686,-6.1069,nzt_interim,2.0,2025.0,2014.0,-1.1683219321917102,Targets set,1.5°C,Commitment removed,,30713.0,sec_xbrl,1,2025,2025-12-31,1845.0,sec_xbrl,1.0,2025.0,1147.0,2025.0,1403.0,sec_secondhand,2024.0,3827.0,sec_ebit_plus_secondhand_da,2.0,2024.0,16443.0,sec_xbrl,1,2025.0,162.0,23850.48140118,sec_shares_x_price,1,False,40293.481401180004,True,47805.48096,14.696,yahoo,2,14.696,772.374976,1.173,33124.999168,0.03419443087286788,98.5853,141.962832,100.0,100.0,0.0,80.0,3569.085145943856,0.6355867211565016,2268.4631254388296,453.6926250877658,24.59038618361874,6667.466818289806,13.947076118465654,5.0,True,True,Article 12(1)(g),power_intensity_12g,5,True,13344556.0,49.0,1426196394.0,False,12.342641764488686,4.0,56.11222457885742,220.0,14.0,475.0,measured,,voluntary,mandatory,2026-09-12 16:53:36+00:00
NSC,Norfolk Southern,0000702165,Industrials,Rail Transportation,H,True,,Georgia,1957-03-04,53296.796,2010.0,53296.796,0.0,53303.72000000001,0.0,1.0,False,,,,,,,,,,,,False,,,,,,,,,,,,383.74232016659,,,,,,,,,,,,,,,,,,Targets set,Well-below 2°C,,,12180.0,sec_xbrl,1,2025,2025-12-31,4356.0,sec_xbrl,1.0,2025.0,2204.0,2025.0,1353.0,sec_secondhand,2024.0,5424.0,sec_ebit_plus_secondhand_da,2.0,2024.0,17087.0,sec_xbrl,1,2025.0,1069.0,71935.32362071,sec_shares_x_price,1,False,89022.32362071,True,88016.32256,15.542,yahoo,2,15.542,1382.249984,1.268,12540.000256,0.10313366046959749,98.5853,141.962832,100.0,100.0,0.0,50.0,,1.0,,,,,,,False,True,Article 12(1)(d),sec_segment,1,True,932340789.0,28.0,986507514.0,False,35.107945909321856,5.0,24.048095703125,380.0,33.0,495.0,measured,,,mandatory,2026-09-12 16:53:36+00:00
NTAP,NetApp,0001002047,Information Technology,"Technology Hardware, Storage & Peripherals",C,True,,California,1999-06-25,,,,,,,,False,,,2321.0,2023.0,wba,,,2321.0,2023.0,self_reported,1.0,False,41565.0,wba,1.0,,2023.0,998218.0,wba,1.0,2023.0,43886.0,2023.0,195.03700802971002,,,,,,,,,,,,-6.8471,sbti_s12_absolute,2.0,2030.0,2020.0,,Targets set,1.5°C,,,6925.0,sec_xbrl,1,2025,2026-04-24,1674.0,sec_xbrl,1.0,2025.0,198.0,2025.0,196.0,sec_secondhand,2024.0,1533.0,sec_ebit_plus_secondhand_da,2.0,2024.0,2487.0,sec_xbrl,1,2025.0,3576.0,39142.3793164,sec_shares_x_price,1,False,41629.3793164,True,38100.3776,18.186,yahoo,2,18.186,1171.374976,1.432,7391.000064,0.056118422149248254,98.5853,141.962832,100.0,100.0,0.0,60.0,6.230180845152,1.0,6.230180845152,2.4920723380608,0.1488693152963441,45.32082753997371,0.11895112435834157,5.0,False,False,,,5,True,0.0,0.0,128078098.0,True,81.06905575167485,5.0,66.13226318359375,170.0,83.0,338.0,reported,,voluntary,mandatory,2026-09-12 16:53:36+00:00
NTRS,Northern Trust,0000073124,Financials,Asset Management & Custody Banks,K,True,,Illinois,1998-01-30,,,,,,,,False,,,4719.0,2024.0,wba,,,4719.0,2024.0,self_reported,2.0,False,27841.0,wba,2.0,,2024.0,41092.0,wba,2.0,2024.0,32560.0,2024.0,415.51510490798,,,,,,,,,,,,-7.6329,netzero_inferred,2.0,2050.0,2021.0,,Committed,,Committed,,8086.4,sec_xbrl,1,2025,2025-12-31,2339.5,sec_xbrl,1.0,2025.0,74.0,2025.0,716.8,sec_secondhand,2024.0,3376.3,sec_ebit_plus_secondhand_da,2.0,2024.0,16345.100288,yahoo,3,,10004.799488,34613.379991069996,sec_shares_x_price,1,False,50958.48027907,True,41838.579712,11.851,sector_median,4,,,1.257,9085.500416,0.04962519663533472,98.5853,141.962832,100.0,100.0,0.0,50.0,4.62230980992,1.0,4.62230980992,2.31115490496,0.09878841226586878,27.38949677868096,0.06546469064490064,5.0,False,False,,,5,False,0.0,0.0,82370656.0,True,29.208395808475274,4.0,55.31061935424805,224.0,96.5,418.0,reported,,voluntary,vendor,2026-09-12 16:53:36+00:00
NUE,Nucor,0000073309,Materials,Steel,C,True,,North Carolina,1985-04-30,5577816.37636,2023.0,5577816.37636,0.0,5585522.97476,0.0,26.0,False,,,4138753.0,2024.0,wba,3022836.2446114593,2026.0,5577816.37636,2023.0,ghgrp_fossil_floor,1.0,True,5370119.0,wba,1.0,,2024.0,5300000.0,wba,1.0,2024.0,12700000.0,2024.0,270.48892363262,,,3.280311841876582,ghgrp,2.0,0.4566303837803213,0.7858978868757116,14.0,2010.0,2023.0,,-2.831,nzt_interim,2.0,2030.0,2015.0,6.1113118418765815,,,,,32494.0,sec_xbrl,1,2025,2025-12-31,2568.0,sec_xbrl,1.0,2025.0,3422.0,2025.0,,,,5680.999936,yahoo_ttm,3.0,,7097.0,sec_xbrl,1,2025.0,2692.0,58858.356624680004,sec_shares_x_price,1,False,65955.35662468,True,64422.354944,11.34,yahoo,2,11.34,683.374976,1.881,36101.001216,0.08438521525161546,98.5853,141.962832,100.0,100.0,0.0,35.0,1554.1999105810514,1.2534955135873431,1948.1826151311977,1266.3186998352785,49.31147585028343,14360.054056132058,22.290482967620058,5.0,False,False,,,5,True,100684538.0,43.0,148500375.0,False,11.296532223647645,5.0,10.621243476867676,447.0,345.32373046875,478.0,measured,,mandatory,mandatory,2026-09-12 16:53:36+00:00
NVDA,Nvidia,0001045810,Information Technology,Semiconductors,C,True,,California,2001-11-30,,,,,,,,False,,,12952.0,2024.0,wba,,,12952.0,2024.0,self_reported,1.0,False,228378.0,wba,1.0,,2024.0,6912577.0,wba,1.0,2024.0,241330.0,2024.0,195.03700802971002,,,,,,,,,,,,-9.4276,sbti_s12_absolute,2.0,2030.0,2023.0,,Targets set,1.5°C,,,215938.0,sec_xbrl,1,2025,2026-01-25,130387.0,sec_xbrl,1.0,2025.0,6042.0,2025.0,1864.0,sec_secondhand,2024.0,83317.0,sec_ebit_plus_secondhand_da,2.0,2024.0,8468.0,sec_xbrl,1,2025.0,62469.001216,5260789.0,sec_shares_x_price,1,False,5269257.0,True,5237179.940864,26.021,yahoo,2,26.021,41809.874944,2.217,302970.011648,7.542392238185335,98.5853,141.962832,100.0,100.0,0.0,60.0,34.25989024656,1.0,34.25989024656,13.703956098624,0.01051021658495402,356.5906416422951,0.006808829287302792,5.0,False,False,,,5,True,0.0,0.0,6350000.0,True,75.37475155640561,5.0,66.13226318359375,170.0,83.0,338.0,reported,,voluntary,mandatory,2026-09-12 16:53:36+00:00
NVR,"NVR, Inc.",0000906163,Consumer Discretionary,Homebuilding,F,True,,Virginia,2019-09-26,,,,,,,,False,,,,,,,,,,,,False,,,,,,,,,,,,270.48892363262,,,,,,,,,,,,,,,,,,,,,,10323.959,sec_xbrl,1,2025,2025-12-31,1761.932,sec_xbrl,1.0,2025.0,24.508,2025.0,18.375,sec_secondhand,2024.0,2133.881,sec_ebit_plus_secondhand_da,2.0,2024.0,1090.254976,yahoo,3,,1093.735936,16417.5628936,sec_shares_x_price,1,False,17507.8178696,True,16414.082048,10.682,yahoo,2,10.682,918.31328,0.913,9631.335424,0.02353785695237125,98.5853,141.962832,100.0,100.0,0.0,40.0,,1.0,,,,,,,False,False,,,5,True,425000.0,2.0,888130.0,False,43.78454732961066,4.0,33.46693420410156,333.0,181.0,393.0,unmeasurable,,,vendor,2026-09-12 16:53:36+00:00
NWS,News Corp (Class B),0001564708,Communication Services,Publishing,J,False,NWSA,New York,2015-09-18,,,,,,,,False,,,18640.0,2021.0,report_pdf,,,18640.0,2021.0,self_reported,3.0,False,124702.0,report_pdf,3.0,,2021.0,2484811.0,report_pdf,3.0,2021.0,,,392.69487277328005,,,,,,,,,,,,-8.434,sbti_s12_absolute,2.0,2050.0,2016.0,,Targets set,1.5°C,Targets set,2050.0,8452.0,sec_xbrl,1,2025,2025-06-30,923.0,sec_xbrl,1.0,2025.0,407.0,2025.0,,,,1338.0,yahoo_ttm,3.0,,1962.0,sec_xbrl,1,2025.0,2100.999936,18265.264,sec_shares_x_price,1,False,20227.264,True,19221.83168,14.366,yahoo,2,14.366,1045.124992,0.923,9027.999744,0.0,98.5853,141.962832,100.0,100.0,0.0,60.0,20.349236264544,1.0,20.349236264544,8.1396945058176,0.8818737276075406,116.93485127057563,0.6083439560666033,5.0,False,False,,,5,False,13500.0,1.0,266573982.0,False,,0.0,53.30661392211914,234.0,19.0,348.0,unmeasurable,NWSA,voluntary,mandatory,2026-09-12 16:53:36+00:00
NWSA,News Corp (Class A),0001564708,Communication Services,Publishing,J,True,NWS,New York,2013-08-01,,,,,,,,False,,,,,,,,,,,,False,,,,,,,,,,,,392.69487277328005,,,,,,,,,,,,-8.434,sbti_s12_absolute,2.0,2050.0,2016.0,,Targets set,1.5°C,Targets set,2050.0,8452.0,sec_xbrl,1,2025,2025-06-30,923.0,sec_xbrl,1.0,2025.0,407.0,2025.0,,,,1338.0,yahoo_ttm,3.0,,1962.0,sec_xbrl,1,2025.0,2100.999936,16439.296,sec_shares_x_price,1,False,18401.296,True,17452.589056,13.044,yahoo,2,13.044,1045.124992,0.923,9027.999744,0.023569015703087733,98.5853,141.962832,100.0,100.0,0.0,60.0,,1.0,,,,,,,False,False,,,5,False,13500.0,1.0,266573982.0,False,84.47631847139692,4.0,53.30661392211914,234.0,19.0,348.0,unmeasurable,,,mandatory,2026-09-12 16:53:36+00:00
NXPI,NXP Semiconductors,0001413447,Information Technology,Semiconductors,C,True,,Netherlands,2021-03-22,77528.052339,2023.0,77528.052339,0.0,77419.62233900001,0.0,1.0,False,,,254936.0,2024.0,wba,,,254936.0,2024.0,self_reported,2.0,False,753961.0,wba,2.0,,2024.0,9756145.0,wba,2.0,2024.0,716987.0,2024.0,349.6670732320368,,,5.20818566234571,ghgrp,2.0,3.175614406826175,0.3624742673791044,5.0,2019.0,2023.0,,-8.4901,sbti_s12_absolute,2.0,2030.0,2021.0,13.698285662345711,Targets set,1.5°C,,,12269.0,sec_xbrl,1,2025,2025-12-31,3047.0,sec_xbrl,1.0,2025.0,397.0,2025.0,925.0,sec_secondhand,2024.0,4342.0,sec_ebit_plus_secondhand_da,2.0,2024.0,12222.0,sec_xbrl,1,2025.0,3222.000128,59739.706712980005,sec_shares_x_price,1,False,71961.70671298,True,67783.08608,13.375,yahoo,2,13.375,3555.000064,1.817,13185.000448,0.08564880671386911,98.5853,141.962832,100.0,100.0,0.0,60.0,143.22587531630398,1.3561170835642073,194.23105632487696,77.69242252995079,2.5498005424992054,1039.1361513380918,1.5330316328643796,5.0,False,False,,,5,True,,,,False,56.59928175964731,4.0,38.87775421142578,306.0,41.95000076293945,495.0,measured,,voluntary,mandatory,2026-09-12 16:53:36+00:00
O,Realty Income,0000726728,Real Estate,Retail REITs,L,True,,California,2015-04-07,,,,,,,,False,,,55.0,2023.0,wba,,,55.0,2023.0,self_reported,2.0,False,318.0,wba,2.0,,2023.0,2656973.0,wba,2.0,2023.0,372.0,2023.0,195.03700802971002,,,,,,,,,,,,,,,,,,,,,,5749.377,sec_xbrl,1,2025,2025-12-31,963.395,sec_xbrl,1.0,2025.0,131.8,2025.0,2395.644,sec_secondhand,2024.0,3177.4919999999997,sec_ebit_plus_secondhand_da,2.0,2024.0,3975.0,sec_xbrl,1,2016.0,569.948032,56299.9729635,sec_shares_x_price,1,False,60274.9729635,True,89448.333312,16.695,yahoo,2,16.695,1582.08192,0.712,6065.508864,0.08071726105911994,98.5853,141.962832,100.0,100.0,0.0,60.0,0.052952136335999996,1.0,0.052952136335999996,0.0211808545344,0.0021985638844295437,0.353614366451808,0.0003953280663356627,5.0,False,False,,,5,True,0.0,0.0,8000000.0,True,70.92419176224938,4.0,74.44889831542969,128.5,73.5,330.5,unmeasurable,,voluntary,mandatory,2026-09-12 16:53:36+00:00
ODFL,Old Dominion,0000878927,Industrials,Cargo Ground Transportation,H,True,,North Carolina,2019-12-09,,,,,,,,False,,,1198591.0,2023.0,wba,,,1198591.0,2023.0,self_reported,2.0,False,26690.0,wba,2.0,,2023.0,551981.0,wba,2.0,2023.0,1225281.0,2023.0,270.48892363262,,,,,,,,,,,,,,,,,,,,,,5496.389,sec_xbrl,1,2025,2025-12-31,1361.045,sec_xbrl,1.0,2025.0,415.034,2025.0,,,,1793.243008,yahoo_ttm,3.0,,39.995,sec_xbrl,1,2025.0,283.939008,37280.64706938,sec_shares_x_price,1,False,37320.64206938,True,37016.707072,20.642,yahoo,2,20.642,970.776,1.165,5602.506752,0.053449256963284134,98.5853,141.962832,100.0,100.0,0.0,50.0,173.944360755792,1.0,173.944360755792,86.972180377896,6.390103220532458,1795.279747360529,4.849917481499876,5.0,False,False,,,5,True,1685000.0,3.0,10250079.0,False,73.7265415549598,1.0,18.83767318725586,406.0,156.0,449.0,reported,,voluntary,mandatory,2026-09-12 16:53:36+00:00
OKE,Oneok,0001039684,Energy,Oil & Gas Storage & Transportation,H,True,,Oklahoma,2010-03-15,8594816.7406,2023.0,8594816.7406,0.0,8756140.1625,0.0,105.0,False,,,,,,140739.01524459297,2026.0,8594816.7406,2023.0,ghgrp_fossil,1.0,False,,,,,,,,,,,,397.15051062379,,,6.956547424839865,ghgrp,2.0,1.9561982109947829,0.5832726527374679,9.0,2015.0,2023.0,,,,,,,,,,,,33629.0,sec_xbrl,1,2025,2025-12-31,5741.0,sec_xbrl,1.0,2025.0,3152.0,2025.0,1134.0,sec_secondhand,2024.0,6123.0,sec_ebit_plus_secondhand_da,2.0,2024.0,32816.0,sec_xbrl,1,2025.0,161.0,60906.31722554,sec_shares_x_price,1,False,93722.31722554,True,93911.318528,12.244,yahoo,2,12.244,899.875008,0.719,39366.00064,0.08732137599481117,98.5853,141.962832,100.0,100.0,0.0,60.0,1220.144525016585,1.6012222920364059,1953.7226129627281,781.4890451850913,13.612420226181698,9568.551869246257,10.188922932003514,5.0,False,True,Article 12(1)(e);Article 12(1)(f),sec_segment,4,True,39944258.0,114.0,60742008.0,False,43.59800588314766,4.0,14.417320251464844,428.05755615234375,190.0,494.0,measured,,mandatory,mandatory,2026-09-12 16:53:36+00:00
OMC,Omnicom Group,0000029989,Communication Services,Advertising,M,True,,New York,1997-12-31,,,,,,,,False,,,,,,,,,,,,False,,,,,,,,,,,,392.69487277328005,,,,,,,,,,,,-5.4796,sbti_combined,2.0,2030.0,2019.0,,Targets set,1.5°C,,,17271.9,sec_xbrl,1,2025,2025-12-31,444.7,sec_xbrl,1.0,2025.0,149.8,2025.0,,,,3676.499968,yahoo_ttm,3.0,,9334.9,sec_xbrl,1,2025.0,3336.199936,22518.339545960003,sec_shares_x_price,1,False,31853.23954596,True,30680.274944,8.345,yahoo,2,8.345,4260.624896,0.673,22371.299328,0.0322845393358811,98.5853,141.962832,100.0,100.0,0.0,60.0,,1.0,,,,,,,False,False,,,5,False,0.0,0.0,41539829.0,True,76.45941426470772,4.0,81.663330078125,92.5,7.5,250.5,unmeasurable,,,mandatory,2026-09-12 16:53:36+00:00
ON,ON Semiconductor,0001097864,Information Technology,Semiconductors,C,True,,Arizona,2022-06-21,0.0,2023.0,0.0,0.0,,0.0,1.0,False,,,1416622.0,2017.0,report_pdf,,,1416622.0,2017.0,self_reported,3.0,False,649589.0,report_pdf,3.0,,2017.0,,,,,,,320.32194217793,,,-18.6017680781548,ghgrp,2.0,2.1598032397393934,0.8504609091235974,11.0,2011.0,2021.0,,-6.5824,sbti_s12_absolute,2.0,2030.0,2022.0,-12.019368078154802,Targets set,1.5°C,Targets set,2045.0,5995.4,sec_xbrl,1,2025,2025-12-31,84.2,sec_xbrl,1.0,2025.0,341.2,2025.0,642.9,sec_secondhand,2024.0,2410.6,sec_ebit_plus_secondhand_da,2.0,2024.0,2980.5,sec_xbrl,1,2025.0,3864.499968,29642.194436939997,sec_shares_x_price,1,False,32622.694436939997,True,30506.493952,14.597,yahoo,2,14.597,1656.649984,1.997,6197.799936,0.042498008805134886,98.5853,141.962832,100.0,100.0,0.0,60.0,293.325165069552,0.06886437812481344,20.199655080872947,8.07986203234918,9.596035667873135,117.94174608620096,0.3866119334190769,5.0,False,False,,,5,True,271995.0,5.0,316170.0,False,35.78220066754802,3.0,54.10821533203125,230.0,3.0,477.0,measured,,voluntary,mandatory,2026-09-12 16:53:36+00:00
ORCL,Oracle Corporation,0001341439,Information Technology,Application Software,J,True,,Texas,1989-08-31,,,,,,,,False,,,15200.0,2023.0,wba,,,15200.0,2023.0,self_reported,1.0,False,1149400.0,wba,1.0,,2023.0,615200.0,wba,1.0,2023.0,383200.0,2023.0,334.12929392073005,,,,,,,,,,,,-6.6967,nzt_interim,2.0,2030.0,2020.0,,,,,,67357.0,sec_xbrl,1,2025,2026-05-31,20606.0,sec_xbrl,1.0,2025.0,55663.0,2025.0,,,,30493.999104,yahoo_ttm,3.0,,129541.0,sec_xbrl,1,2025.0,31893.999616,454407.04608,sec_shares_x_price,1,False,583948.04608,True,581579.24352,19.072,yahoo,2,19.072,-24536.75008,1.732,67356.99968,0.6514832998112104,98.5853,141.962832,100.0,100.0,0.0,60.0,165.3299141472,1.0,165.3299141472,66.13196565887999,0.32093548315480924,1261.2688490461592,0.2168696464152241,5.0,False,False,,,5,False,0.0,0.0,718261405.0,True,75.49086510066734,5.0,66.13226318359375,170.0,83.0,338.0,unmeasurable,,voluntary,mandatory,2026-09-12 16:53:36+00:00
ORLY,O'Reilly Automotive,0000898173,Consumer Discretionary,Automotive Retail,G,True,,Missouri,2009-03-27,,,,,,,,False,,,296903.0,2024.0,wba,,,296903.0,2024.0,self_reported,2.0,False,193306.0,wba,2.0,,2024.0,2980721.0,wba,2.0,2024.0,490209.0,2024.0,566.3472685193401,,,,,,,,,,,,-2.0852,nzt_interim,2.0,2026.0,2021.0,,,,,,17781.992,sec_xbrl,1,2025,2025-12-31,3460.612,sec_xbrl,1.0,2025.0,1168.815,2025.0,461.892,sec_secondhand,2024.0,3713.049,sec_ebit_plus_secondhand_da,2.0,2024.0,6016.904,sec_xbrl,1,2025.0,262.180992,69425.01516943998,sec_shares_x_price,1,False,75441.91916943998,True,78750.26944,18.886,yahoo,2,18.886,1570.733824,0.515,18572.562432,0.09953463169685826,98.5853,141.962832,100.0,100.0,0.0,40.0,69.591457911888,1.0,69.591457911888,41.754874747132796,1.2065748702002073,788.58256447435,1.001371258894768,5.0,False,False,,,5,True,10366817.0,10.0,61712605.0,False,80.66806644910754,4.0,16.432863235473633,418.0,193.5,481.0,unmeasurable,,voluntary,mandatory,2026-09-12 16:53:36+00:00
OTIS,Otis Worldwide,0001781335,Industrials,Industrial Machinery & Supplies & Components,C,True,,Connecticut,2020-04-03,,,,,,,,False,,,,,,,,,,,,False,,,,,,,,,,,,246.38139635186002,,,,,,,,,,,,-6.4377,sbti_s12_absolute,2.0,2033.0,2021.0,,Targets set,1.5°C,,,14431.0,sec_xbrl,1,2025,2025-12-31,2133.0,sec_xbrl,1.0,2025.0,152.0,2025.0,181.0,sec_secondhand,2024.0,2189.0,sec_ebit_plus_secondhand_da,2.0,2024.0,7956.0,sec_xbrl,1,2025.0,813.0,26304.251324899997,sec_shares_x_price,1,False,34260.2513249,True,34631.24992,13.118,yahoo,2,13.118,1436.249984,0.875,14910.999552,0.03771240036888042,98.5853,141.962832,100.0,100.0,0.0,50.0,,1.0,,,,,,,False,False,,,5,True,0.0,0.0,1769684.0,True,,0.0,80.86172485351562,96.5,12.0,394.5,unmeasurable,,,mandatory,2026-09-12 16:53:36+00:00
OXY,Occidental Petroleum,0000797468,Energy,Oil & Gas Exploration & Production,B,True,,Texas,1957-03-04,11257486.922804,2023.0,11257486.922804,0.0,11413818.9770095,0.0,111.0,False,1175552.7019978897,2026.0,17900000.0,2024.0,wba,35477145.3672278,2026.0,17900000.0,2024.0,self_reported,1.0,False,4830000.0,wba,1.0,,2024.0,277000000.0,wba,1.0,2024.0,22597000.0,2024.0,334.12929392073005,,,-3.3685289144619213,ghgrp,2.0,0.5135715825958365,0.7621061653499497,13.0,2011.0,2023.0,-1.1026234957064784,-3.8405,nzt_interim,2.0,2030.0,2019.0,0.47197108553807876,,,,,21593.0,sec_xbrl,1,2025,2025-12-31,3128.0,sec_xbrl,1.0,2025.0,6427.0,2025.0,6951.0,sec_secondhand,2024.0,11021.0,sec_ebit_plus_secondhand_da,2.0,2024.0,22396.0,sec_xbrl,1,2025.0,4150.000128,61437.71282166,sec_shares_x_price,1,False,83833.71282166001,True,80835.715072,5.893,yahoo,2,5.893,3788.124928,0.164,23925.999616,0.08808323776489572,98.5853,141.962832,100.0,100.0,0.0,60.0,3226.8151713599996,0.814163346975453,2627.154639985627,1050.8618559942508,33.59532787705405,6192.72891737412,7.660882212594129,5.0,False,True,Article 12(1)(e),gics_proxy,4,True,5217355198.0,153.0,5265538474.0,False,10.660275208222261,5.0,12.825650215148926,436.0,33.0,496.0,measured,,voluntary,mandatory,2026-09-12 16:53:36+00:00
PANW,Palo Alto Networks,0001327567,Information Technology,Systems Software,J,True,,California,2023-06-20,,,,,,,,False,,,,,,,,,,,,False,,,,,,,,,,,,195.03700802971002,,,,,,,,,,,,-11.4133,sbti_s12_absolute,2.0,2040.0,2021.0,,Targets set,1.5°C,Targets set,2040.0,9221.5,sec_xbrl,1,2025,2025-07-31,1242.9,sec_xbrl,1.0,2025.0,246.2,2025.0,284.0,sec_secondhand,2024.0,967.9,sec_ebit_plus_secondhand_da,2.0,2024.0,1991.5,sec_xbrl,1,2023.0,3071.000064,270471.69999999995,sec_shares_x_price,1,False,272463.19999999995,True,269570.048,40.0,yahoo_winsorised,3,144.852,4469.55008,0.908,11480.000512,0.38777522739056675,98.5853,141.962832,100.0,100.0,0.0,60.0,,1.0,,,,,,,False,False,,,5,False,,,,False,86.79795850726899,4.0,66.13226318359375,170.0,83.0,338.0,unmeasurable,,,mandatory,2026-09-12 16:53:36+00:00
PAYX,Paychex,0000723531,Industrials,Human Resource & Employment Services,N,True,,New York,1998-10-01,,,,,,,,False,,,2793.0,2021.0,report_pdf,,,2793.0,2021.0,self_reported,3.0,False,2953.0,report_pdf,3.0,,2021.0,,,,,,,110.12134121912001,,,,,,,,,,,,-5.572,nzt_interim,2.0,2040.0,2019.0,,,,,,6512.0,sec_xbrl,1,2025,2026-05-31,2510.5,sec_xbrl,1.0,2025.0,234.9,2025.0,209.5,sec_secondhand,2024.0,2417.2,sec_ebit_plus_secondhand_da,2.0,2024.0,4556.1,sec_xbrl,1,2025.0,1143.699968,41188.075188,sec_shares_x_price,1,False,45744.175188,True,44674.674688,27.783,yahoo,2,27.783,,,3968.0,0.05905133595051335,98.5853,141.962832,100.0,100.0,0.0,50.0,0.815718432672,1.0,0.815718432672,0.407859216336,0.016246134886914957,11.331552607463088,0.025364600160159286,5.0,False,False,,,5,False,0.0,0.0,6591640.0,True,63.502747293880205,5.0,80.86172485351562,96.5,12.0,394.5,reported,,voluntary,mandatory,2026-09-12 16:53:36+00:00
PCAR,Paccar,0000075362,Industrials,Construction Machinery & Heavy Transportation Equipment,C,True,,Washington,1980-12-31,,,,,,,,False,,,102430.0,2023.0,wba,,,102430.0,2023.0,self_reported,1.0,False,142304.0,wba,1.0,,2023.0,117838734.0,wba,1.0,2023.0,215753.0,2023.0,288.15226411279,,,,,,,,,,,,-3.5262,sbti_s12_absolute,2.0,2030.0,2018.0,,Targets set,Well-below 2°C,,,28444.8,sec_xbrl,1,2025,2025-12-31,3023.5,sec_xbrl,1.0,2025.0,743.0,2025.0,398.4,sec_secondhand,2024.0,5799.299999999999,sec_ebit_plus_secondhand_da,2.0,2024.0,14816.300032,yahoo,3,,8667.400192,64600.77068169,sec_shares_x_price,1,False,79417.07071369,True,70749.667328,21.625,yahoo,2,21.625,1943.650048,0.972,27815.800832,0.09261811324696152,98.5853,141.962832,100.0,100.0,0.0,50.0,34.743131726688,1.0,34.743131726688,17.371565863344,0.5745515417014717,375.660111794814,0.5309708525599557,5.0,False,False,,,5,True,2539200.0,1.0,4658719.0,False,35.28685624048977,4.0,27.855712890625,361.0,150.0,423.0,unmeasurable,,voluntary,vendor,2026-09-12 16:53:36+00:00
PCG,PG&E Corporation,0001004980,Utilities,Multi-Utilities,D,True,,California,2022-10-03,3254389.2656,2023.0,3254389.2656,0.0,3316151.2695999998,0.0,13.0,False,361947.5714763555,2026.0,3410000.0,2024.0,wba,728931.0,2026.0,3410000.0,2024.0,self_reported,1.0,False,240000.0,wba,1.0,,2024.0,36570000.0,wba,1.0,2024.0,3650000.0,2024.0,195.03700802971002,394.9429824850213,6031425.0,1.8887493519111676,ghgrp,2.0,0.8201271482680478,0.27241031393366544,14.0,2010.0,2023.0,1.0269234337950905,-2.7321,nzt_interim,2.0,2030.0,2015.0,4.6208493519111675,Commitment removed,,,,24935.0,sec_xbrl,1,2025,2025-12-31,4749.0,sec_xbrl,1.0,2025.0,11787.0,2025.0,,,,10453.000192,yahoo_ttm,3.0,,60883.0,sec_xbrl,1,2025.0,972.0,36985.524844800006,sec_shares_x_price,1,False,97868.5248448,True,95954.665472,9.856,yahoo_winsorised,3,9.18,-6150.125056,0.245,25837.000704,0.05302614028325987,98.5853,141.962832,100.0,100.0,0.0,80.0,518.1643368,1.1188127031881405,579.728842350898,115.94576847017959,2.441477542012626,1142.76149404209,1.1909389589561468,5.0,True,True,Article 12(1)(g),power_intensity_12g,5,True,550572646.0,19.0,20009670866.0,False,8.868300349432344,3.0,27.855712890625,361.0,28.0,477.0,measured,,voluntary,mandatory,2026-09-12 16:53:36+00:00
PEG,Public Service Enterprise Group,0000788784,Utilities,Electric Utilities,D,True,,New Jersey,1957-03-04,463035.34199999995,2023.0,463035.34199999995,0.0,551406.266,0.0,7.0,False,1286438.8598270225,2022.0,,,,563978.6599999999,2026.0,463035.34199999995,2023.0,ghgrp_fossil,1.0,False,,,,,,,,,,,,271.7789403329,113.2388198967523,26052571.0,-4.631547971093763,ghgrp,2.0,0.7291681159065935,0.7655071699410749,12.0,2010.0,2021.0,-4.842117452506766,-28.0314,netzero_inferred,2.0,2030.0,2023.0,23.39985202890624,Commitment removed,,,,12168.0,sec_xbrl,1,2025,2025-12-31,2980.0,sec_xbrl,1.0,2025.0,3272.0,2025.0,,,,4463.000064,yahoo_ttm,3.0,,22545.0,sec_xbrl,1,2025.0,192.0,36080.6259717,sec_shares_x_price,1,False,58625.6259717,True,60566.626304,13.571,yahoo,2,13.571,107.75,0.519,12542.999552,0.05172878693249592,98.5853,141.962832,100.0,100.0,0.0,80.0,65.73380846640853,0.7175185512967631,47.165227022036355,9.433045404407268,0.31654514779890164,128.01585918321103,0.21136369481876935,5.0,True,True,Article 12(1)(g),power_intensity_12g,5,True,364135274.0,33.0,420763797.0,False,24.196658390563005,4.0,17.434871673583984,413.0,13.0,500.0,measured,,mandatory,mandatory,2026-09-12 16:53:36+00:00
PEP,PepsiCo,0000077476,Consumer Staples,Soft Drinks & Non-alcoholic Beverages,C,True,,New York,1957-03-04,317942.602,2023.0,317942.602,0.0,317956.33100000006,0.0,10.0,False,,,3295259.0,2024.0,wba,,,3295259.0,2024.0,self_reported,1.0,False,1791933.0,wba,1.0,,2024.0,26000000.0,wba,1.0,2024.0,3500000.0,2024.0,110.12134121912001,,,0.23825308176130822,ghgrp,2.0,0.7105626907228303,0.007872751038893178,14.0,2010.0,2023.0,,-8.2996,sbti_s12_absolute,2.0,2030.0,2022.0,8.537853081761309,Targets set,1.5°C,Targets set,2050.0,93925.0,sec_xbrl,1,2025,2025-12-27,11498.0,sec_xbrl,1.0,2025.0,4415.0,2025.0,3160.0,sec_secondhand,2024.0,16047.0,sec_ebit_plus_secondhand_da,2.0,2024.0,50782.0,sec_xbrl,1,2025.0,10716.000256,186062.01718656,sec_shares_x_price,1,False,236844.01718656,True,228732.010496,12.114,yahoo,2,12.114,7831.875072,0.361,96904.003584,0.2667570804016311,98.5853,141.962832,100.0,100.0,0.0,70.0,722.192183247744,1.014380602672413,732.5777420881521,219.7733226264457,1.9114047888888999,2662.334030296763,1.1639534075372984,5.0,False,False,,,5,True,7170189.0,32.0,77918970.0,False,65.42701361530395,4.0,31.262523651123047,344.0,33.0,476.0,measured,,voluntary,mandatory,2026-09-12 16:53:36+00:00
PFE,Pfizer,0000078003,Health Care,Pharmaceuticals,C,True,,New York,1957-03-04,225796.41,2023.0,225796.41,0.0,225806.021,0.0,4.0,False,,,613218.0,2024.0,wba,30231.0,2026.0,613218.0,2024.0,self_reported,1.0,False,465128.0,wba,1.0,,2024.0,3555207.0,wba,1.0,2024.0,1078346.0,2024.0,392.69487277328005,,,-5.492137799484819,ghgrp,2.0,0.72023697108129,0.7952592248554912,14.0,2010.0,2023.0,,-5.4477,sbti_s12_absolute,2.0,2030.0,2019.0,-0.044437799484819074,Targets set,1.5°C,Commitment removed,,62579.0,sec_xbrl,1,2025,2025-12-31,7520.0,sec_xbrl,1.0,2025.0,2629.0,2025.0,7013.0,sec_secondhand,2024.0,15036.0,sec_ebit_plus_secondhand_da,2.0,2024.0,64795.0,sec_xbrl,1,2025.0,11704.000512,157994.95188707998,sec_shares_x_price,1,False,222789.95188707998,True,210072.94464,8.276,yahoo,2,8.276,12485.624832,0.299,63695.998976,0.22651733395610002,98.5853,141.962832,100.0,100.0,0.0,70.0,153.085052035872,0.7125373534202164,109.07881782583634,32.7236453477509,0.43515485834775136,270.8208888979865,0.12891754783658108,5.0,False,False,,,5,True,13970531.0,28.0,11290643733.0,False,40.30240073923945,5.0,32.464927673339844,338.0,24.0,473.0,measured,,voluntary,mandatory,2026-09-12 16:53:36+00:00
PFG,Principal Financial Group,0001126328,Financials,Life & Health Insurance,K,True,,Iowa,2002-07-22,,,,,,,,False,,,16438.0,2021.0,report_pdf,,,16438.0,2021.0,self_reported,3.0,False,27760.0,report_pdf,3.0,,2021.0,,,,,16946.0,2024.0,420.27691760824,,,,,,,,,,,,-6.7595,nzt_interim,2.0,2034.0,2019.0,,Commitment removed,,,,15625.5,sec_xbrl,1,2025,2025-12-31,1041.1,sec_xbrl,1.0,2025.0,,,256.2,sec_secondhand,2024.0,1918.3,sec_ebit_plus_secondhand_da,2.0,2024.0,3954.0,sec_xbrl,1,2025.0,6367.699968,25093.07858736,sec_shares_x_price,1,False,29047.07858736,True,23801.366528,11.063,yahoo,2,11.063,1056.374976,0.872,15693.200384,0.03597594223404107,98.5853,141.962832,100.0,100.0,0.0,50.0,6.274473248735999,1.0,6.274473248735999,3.1372366243679997,0.301338644161752,34.707248775383185,0.14582040377620115,5.0,False,False,,,5,False,0.0,0.0,18527055.0,True,78.89013209483367,4.0,55.31061935424805,224.0,96.5,418.0,reported,,voluntary,mandatory,2026-09-12 16:53:36+00:00
PG,Procter & Gamble,0000080424,Consumer Staples,Personal Care Products,C,True,,Ohio,1957-03-04,1660556.136144,2023.0,1676670.236144,16114.1,1662947.320188,0.0,10.0,False,,,1987000.0,2024.0,wba,288320.0,2026.0,1987000.0,2024.0,self_reported,1.0,False,2228000.0,wba,1.0,,2024.0,168127823.0,wba,1.0,2024.0,2152000.0,2024.0,415.51510490798,0.32295776744,847741.0,-1.5563225055723384,ghgrp,2.0,0.25288316002882455,0.7330197831291296,14.0,2010.0,2023.0,,-6.4134,sbti_s12_absolute,2.0,2030.0,2015.0,4.857077494427662,Targets set,1.5°C,Commitment removed,,84284.0,sec_xbrl,1,2025,2025-06-30,20451.0,sec_xbrl,1.0,2025.0,3773.0,2025.0,2896.0,sec_secondhand,2024.0,21441.0,sec_ebit_plus_secondhand_da,2.0,2024.0,30399.0,sec_xbrl,1,2025.0,9941.999616,337670.3906262,sec_shares_x_price,1,False,368069.3906262,True,363739.38176,14.695,yahoo,2,14.695,13280.874496,0.377,87031.996416,0.4841179779922861,98.5853,141.962832,100.0,100.0,0.0,70.0,598.37333688,0.9101793412158699,544.6270495625802,163.38811486877407,0.7989248196605254,2400.988347996635,0.6600847937826095,5.0,False,False,,,5,True,504409.0,15.0,89710044.0,False,37.49738937122254,4.0,50.90180587768555,246.0,43.0,448.0,measured,,voluntary,mandatory,2026-09-12 16:53:36+00:00
PGR,Progressive Corporation,0000080661,Financials,Property & Casualty Insurance,K,True,,Ohio,1997-08-04,,,,,,,,False,,,31662.0,2023.0,wba,,,31662.0,2023.0,self_reported,1.0,False,42849.0,wba,1.0,,2023.0,,,,,74511.0,2023.0,415.51510490798,,,,,,,,,,,,-7.8164,nzt_interim,2.0,2022.0,2008.0,,,,,,87671.0,sec_xbrl,1,2025,2025-12-31,14223.0,sec_xbrl,1.0,2025.0,348.0,2025.0,,,,15397.999616,yahoo_ttm,3.0,,6897.0,sec_xbrl,1,2025.0,2156.0,126518.12458740002,sec_shares_x_price,1,False,133415.1245874,True,132749.123584,8.621,yahoo,2,8.621,15114.500096,0.259,91019.001856,0.18138901234734392,98.5853,141.962832,100.0,100.0,0.0,50.0,10.577792575151998,1.0,10.577792575151998,5.288896287575999,0.03718551843897911,45.59557489519269,0.03434717583377571,5.0,False,False,,,5,False,0.0,0.0,107038134.0,True,48.12764485747719,4.0,55.31061935424805,224.0,96.5,418.0,unmeasurable,,voluntary,mandatory,2026-09-12 16:53:36+00:00
PH,Parker Hannifin,0000076334,Industrials,Industrial Machinery & Supplies & Components,C,True,,Ohio,1985-11-30,,,,,,,,False,,,,,,,,,,,,False,,,,,,,,,,,,415.51510490798,,,,,,,,,,,,-5.4796,sbti_s12_absolute,2.0,2030.0,2019.0,,Targets set,1.5°C,,,19850.0,sec_xbrl,1,2025,2025-06-30,4347.0,sec_xbrl,1.0,2025.0,435.0,2025.0,,,,5664.0,yahoo_ttm,3.0,,9285.0,sec_xbrl,1,2025.0,501.0,119774.08646787,sec_shares_x_price,1,False,129059.08646787,True,128015.089664,22.602,yahoo,2,22.602,2961.750016,1.123,21499.000832,0.1717200861146497,98.5853,141.962832,100.0,100.0,0.0,50.0,,1.0,,,,,,,False,False,,,5,True,2368216.0,46.0,39377815.0,False,15.408864960642262,4.0,25.851703643798828,371.0,151.0,428.0,unmeasurable,,,mandatory,2026-09-12 16:53:36+00:00
PHM,PulteGroup,0000822416,Consumer Discretionary,Homebuilding,F,True,,Georgia,1984-04-30,,,,,,,,False,,,32858.0,2024.0,wba,,,32858.0,2024.0,self_reported,2.0,False,72514.0,wba,2.0,,2024.0,5460630.0,wba,2.0,2024.0,105372.0,2024.0,383.74232016659,,,,,,,,,,,,,,,,,,,,,,17311.953,sec_xbrl,1,2025,2025-12-31,2911.321,sec_xbrl,1.0,2025.0,122.716,2025.0,,,,2753.77792,yahoo_ttm,3.0,,43.9,sec_xbrl,1,2025.0,1337.081984,22168.137380400003,sec_shares_x_price,1,False,22212.037380400005,True,23312.062464,8.465,yahoo,2,8.465,1078.512896,1.201,16407.07584,0.031782454554431884,98.5853,141.962832,100.0,100.0,0.0,40.0,14.958907533504,1.0,14.958907533504,8.9753445201024,0.3082911338221515,75.97629136266681,0.32590977945428184,5.0,False,False,,,5,True,3055251.0,46.0,10163031.0,False,35.68266653753197,5.0,23.04609489440918,385.0,189.0,450.0,unmeasurable,,voluntary,mandatory,2026-09-12 16:53:36+00:00
PKG,Packaging Corporation of America,0000075677,Materials,Paper & Plastic Packaging Products & Materials,C,True,,Illinois,2017-07-26,1498344.226,2023.0,7874691.826,6376347.600000001,1522509.0389999999,0.0,9.0,False,,,2000000.0,2024.0,wba,57483.0,2026.0,2000000.0,2024.0,self_reported,2.0,False,1240000.0,wba,2.0,,2024.0,2570000.0,wba,2.0,2024.0,3240000.0,2024.0,415.51510490798,,,3.8387150977591933,ghgrp,2.0,0.7743607798160017,0.6455553513936532,14.0,2010.0,2023.0,,-7.4125,nzt_interim,2.0,2030.0,2021.0,11.251215097759193,,,,,8989.3,sec_xbrl,1,2025,2025-12-31,1107.0,sec_xbrl,1.0,2025.0,828.9,2025.0,525.6,sec_secondhand,2024.0,1626.9,sec_ebit_plus_secondhand_da,2.0,2024.0,3967.3,sec_xbrl,1,2025.0,593.8,20884.641285600002,sec_shares_x_price,1,False,24851.9412856,True,24568.28928,12.284,yahoo,2,12.284,432.950016,0.797,9534.600192,0.02994230643536444,98.5853,141.962832,100.0,100.0,0.0,35.0,459.95957567999994,1.2535909065331396,576.6011414452894,374.79074193943813,33.856435586218446,4603.929473984058,18.73931644777531,5.0,False,False,,,5,True,2716125.0,16.0,58592595.0,False,61.70441861977683,4.0,3.406810760498047,483.0,299.0,498.0,measured,,voluntary,mandatory,2026-09-12 16:53:36+00:00
PLD,Prologis,0001045609,Real Estate,Industrial REITs,L,True,,California,2003-07-17,,,,,,,,False,,,4835.0,2024.0,wba,,,4835.0,2024.0,self_reported,1.0,False,1868.0,wba,1.0,,2024.0,3220798.0,wba,1.0,2024.0,6703.0,2024.0,195.03700802971002,,,,,,,,,,,,-18.8869,sbti_s12_absolute,2.0,2030.0,2019.0,,Targets set,1.5°C,Targets set,2040.0,8790.127,sec_xbrl,1,2025,2025-12-31,4357.864,sec_xbrl,1.0,2025.0,1800.527,2025.0,,,,6737.149952,yahoo_ttm,3.0,,35037.073,sec_xbrl,1,2025.0,1766.716032,126564.8835,sec_shares_x_price,1,False,161601.9565,True,166449.856512,24.706,yahoo,2,24.706,5406.941184,1.316,9657.474048,0.18145605059188483,98.5853,141.962832,100.0,100.0,0.0,60.0,0.951576862896,1.0,0.951576862896,0.3806307451584,0.008734341988607263,9.403863189883431,0.005649667345435934,5.0,False,False,,,5,True,327742.0,7.0,366042.0,False,96.78020191849298,5.0,30.661319732666016,347.0,106.0,472.0,unmeasurable,,voluntary,mandatory,2026-09-12 16:53:36+00:00
PLTR,Palantir Technologies,0001321655,Information Technology,Application Software,J,True,,Florida,2024-09-23,,,,,,,,False,,,22.0,2024.0,wba,,,22.0,2024.0,self_reported,2.0,False,1936.0,wba,2.0,,2024.0,21162.0,wba,2.0,2024.0,1958.0,2024.0,355.97248809045,,,,,,,,,,,,-5.301565543605246,wba,3.0,,,,Commitment removed,,,,4475.446,sec_xbrl,1,2025,2025-12-31,1414.015,sec_xbrl,1.0,2025.0,33.882,2025.0,31.587,sec_secondhand,2024.0,341.99,sec_ebit_plus_secondhand_da,2.0,2024.0,0.0,sec_xbrl,1,2021.0,9409.098752,401836.46531,sec_shares_x_price,1,False,401836.46531,True,392776.450048,40.0,yahoo_winsorised,3,147.514,2159.104512,1.621,6155.940864,0.5761128676656628,98.5853,141.962832,100.0,100.0,0.0,60.0,0.277963225056,1.0,0.277963225056,0.11118529002240002,0.007863091270064322,4.447411600896,0.001132300981984153,5.0,False,False,,,5,False,0.0,0.0,1669435.0,True,36.120996441281136,1.0,66.13226318359375,170.0,83.0,338.0,unmeasurable,,voluntary,mandatory,2026-09-12 16:53:36+00:00
PM,Philip Morris International,0001413329,Consumer Staples,Tobacco,C,True,,New York,2008-03-31,,,,,,,,False,,,,,,,,,,,,False,,,,,,,,,,,,392.69487277328005,,,,,,,,,,,,-10.3849,sbti_s12_absolute,2.0,2040.0,2019.0,,Targets set,1.5°C,Targets set,2040.0,40648.0,sec_xbrl,1,2025,2025-12-31,14892.0,sec_xbrl,1.0,2025.0,1569.0,2025.0,1787.0,sec_secondhand,2024.0,15189.0,sec_ebit_plus_secondhand_da,2.0,2024.0,48667.0,sec_xbrl,1,2025.0,6002.999808,297788.68365534005,sec_shares_x_price,1,False,346455.68365534005,True,342850.699264,19.031,yahoo,2,19.031,9714.374656,0.395,42545.000448,0.426939581918504,98.5853,141.962832,100.0,100.0,0.0,70.0,,1.0,,,,,,,False,True,Article 12(1)(b),sec_segment,1,True,0.0,0.0,1603975.0,True,35.72155141869488,4.0,77.25450897216797,114.5,4.5,439.5,unmeasurable,,,mandatory,2026-09-12 16:53:36+00:00
PNC,PNC Financial Services,0000713676,Financials,Diversified Banks,K,True,,Pennsylvania,1988-04-30,,,,,,,,False,,,28268.0,2024.0,wba,,,28268.0,2024.0,self_reported,1.0,False,126311.0,wba,1.0,,2024.0,30100000.0,wba,1.0,2024.0,34988.0,2024.0,271.7789403329,,,,,,,,,,,,-18.223456604205758,wba,3.0,,,,,,,,23099.0,sec_xbrl,1,2025,2025-12-31,8486.0,sec_xbrl,1.0,2025.0,,,1149.0,sec_secondhand,2023.0,7885.0,sec_ebit_plus_secondhand_da,2.0,2023.0,57101.0,sec_xbrl,1,2025.0,13459.00032,97438.00122808,sec_shares_x_price,1,False,154539.00122808001,True,177874.993152,11.851,sector_median,4,,,0.889,24319.000576,0.1396968447445742,98.5853,141.962832,100.0,100.0,0.0,50.0,21.944472607727995,1.0,21.944472607727995,10.972236303863998,0.12929809455413618,130.03197243709224,0.07310300910368871,5.0,False,False,,,5,False,0.0,0.0,727904117.0,True,32.671414974089075,4.0,55.31061935424805,224.0,96.5,418.0,unmeasurable,,voluntary,mandatory,2026-09-12 16:53:36+00:00
PNR,Pentair,0000077360,Industrials,Industrial Machinery & Supplies & Components,C,True,,United Kingdom,2012-10-01,,,,,,,,False,,,,,,,,,,,,False,,,,,,,,,,,,349.6670732320368,,,,,,,,,,,,,,,,,,,,,,4176.0,sec_xbrl,1,2025,2025-12-31,857.5,sec_xbrl,1.0,2025.0,68.8,2025.0,,,,1034.8,yahoo_ttm,3.0,,1638.6,sec_xbrl,1,2025.0,91.8,9143.641509779998,sec_shares_x_price,1,False,10782.241509779999,True,10705.215488,10.345,yahoo,2,10.345,558.312512,1.018,4011.800064,0.013109237179463745,98.5853,141.962832,100.0,100.0,0.0,50.0,,1.0,,,,,,,False,False,,,5,True,225919.0,3.0,7148513.0,False,40.903143342840096,5.0,33.26653289794922,334.0,146.0,415.0,unmeasurable,,,mandatory,2026-09-12 16:53:36+00:00
PNW,Pinnacle West Capital,0000764622,Utilities,Multi-Utilities,D,True,,Arizona,1999-10-04,10549462.589899998,2023.0,10549462.589899998,0.0,10550531.369989999,0.0,11.0,False,4111799.1762591125,2026.0,,,,3014050.504,2026.0,10549462.589899998,2023.0,ghgrp_fossil,1.0,False,,,,,,,,,,,,320.32194217793,684.0821325364135,18282216.0,-2.674096431895545,ghgrp,2.0,0.6336849666600354,0.5544165871828615,14.0,2010.0,2023.0,-4.697419623311882,,,,,,,,,,,5339.939,sec_xbrl,1,2025,2025-12-31,1067.63,sec_xbrl,1.0,2025.0,2624.618,2025.0,956.184,sec_secondhand,2024.0,1968.2469999999998,sec_ebit_plus_secondhand_da,2.0,2024.0,10562.681,sec_xbrl,1,2025.0,9.124,11647.0541874,sec_shares_x_price,1,False,22209.7351874,True,28183.558144,13.114,yahoo,2,13.114,-929.501376,0.437,5554.253824,0.01669837948276765,98.5853,141.962832,100.0,100.0,0.0,80.0,1497.6315853402584,0.8271782579020274,1238.8082857408065,247.76165714816125,23.20669680958396,3249.146371840987,11.528517283871405,5.0,True,True,Article 12(1)(g),power_intensity_12g,5,True,3800000.0,2.0,45886500.0,False,29.4786469308227,5.0,13.627254486083984,432.0,65.0,485.0,measured,,mandatory,mandatory,2026-09-12 16:53:36+00:00
PODD,Insulet Corporation,0001145197,Health Care,Health Care Equipment,C,True,,Massachusetts,2023-03-15,,,,,,,,False,,,1385.0,2021.0,report_pdf,,,1385.0,2021.0,self_reported,3.0,False,1401.0,report_pdf,3.0,,2021.0,,,,,,,246.38139635186002,,,,,,,,,,,,,,,,,,,,,,2708.1,sec_xbrl,1,2025,2025-12-31,473.8,sec_xbrl,1.0,2025.0,191.6,2025.0,80.8,sec_secondhand,2024.0,389.7,sec_ebit_plus_secondhand_da,2.0,2024.0,949.2,sec_xbrl,1,2025.0,534.9,9151.98010004,sec_shares_x_price,1,False,10101.180100040001,True,9565.479936,15.556,yahoo,2,15.556,236.9,1.079,3053.400064,0.01312119221481195,98.5853,141.962832,100.0,100.0,0.0,70.0,0.395508449952,1.0,0.395508449952,0.11865253498560002,0.025042746936597724,1.8457588342359939,0.01929603999574992,5.0,False,False,,,5,True,,,,False,20.83281653993302,2.0,83.26653289794922,84.5,30.5,283.0,reported,,voluntary,mandatory,2026-09-12 16:53:36+00:00
PPG,PPG Industries,0000079879,Materials,Specialty Chemicals,C,True,,Pennsylvania,1957-03-04,198602.998,2023.0,198602.998,0.0,198610.25599999996,0.0,3.0,False,1867727.2580315769,2012.0,257281.0,2024.0,wba,,,257281.0,2024.0,self_reported,1.0,False,400138.0,wba,1.0,,2024.0,17680000.0,wba,1.0,2024.0,630000.0,2024.0,271.7789403329,,,-0.6180437496946634,ghgrp,2.0,4.713789731854225,0.00238448395043267,7.0,2017.0,2023.0,,-6.1069,sbti_s12_absolute,2.0,2030.0,2019.0,5.4888562503053375,Targets set,1.5°C,,,15875.0,sec_xbrl,1,2025,2025-12-31,2045.0,sec_xbrl,1.0,2025.0,778.0,2025.0,,,,2697.999872,yahoo_ttm,3.0,,7308.0,sec_xbrl,1,2025.0,1607.000064,23515.95,sec_shares_x_price,1,False,30823.95,True,29460.649984,10.919,yahoo,2,10.919,1104.625024,1.063,16421.000192,0.0337148132634771,98.5853,141.962832,100.0,100.0,0.0,35.0,93.329063050608,0.9634856423819078,89.92121226621663,58.44878797304081,2.8581314412244896,638.2023158776326,2.1662872890592655,5.0,False,False,,,5,True,9228260.0,62.0,113928010.0,False,26.30550357570992,4.0,46.74348831176758,266.75,14.0,427.0,measured,,voluntary,mandatory,2026-09-12 16:53:36+00:00
PPL,PPL Corporation,0000922224,Utilities,Electric Utilities,D,True,,Pennsylvania,2001-10-01,26919146.4032,2023.0,26919146.4032,0.0,26950085.5062,0.0,14.0,False,13386926.865175037,2026.0,26663140.0,2024.0,wba,12252913.5184,2026.0,26919146.4032,2023.0,ghgrp_fossil_floor,1.0,True,18611.0,wba,2.0,,2024.0,8782711.0,wba,2.0,2024.0,26681751.0,2024.0,271.7789403329,869.9154684811612,30542809.0,-2.3228336983738163,ghgrp,2.0,0.42061417921915173,0.7645306742160368,9.0,2015.0,2023.0,-4.0985987811107965,-7.4867,sbti_s12_absolute,2.0,2030.0,2023.0,5.163866301626184,Targets set,1.5°C,,,9042.0,sec_xbrl,1,2025,2025-12-31,2129.0,sec_xbrl,1.0,2025.0,4030.0,2025.0,,,,3759.000064,yahoo_ttm,3.0,,19350.0,sec_xbrl,1,2025.0,332.0,25640.10033696,sec_shares_x_price,1,False,44990.10033696,True,45690.728448,12.155,yahoo,2,12.155,-1938.37504,0.583,9397.999616,0.0367602072175448,98.5853,141.962832,100.0,100.0,0.0,80.0,3824.160328687238,0.8483037035251985,3244.049369699524,648.8098739399047,30.474864910282044,7886.284017739541,17.260140701662948,5.0,True,True,Article 12(1)(g),power_intensity_12g,5,True,202996679.0,19.0,213704137.0,False,21.10200592364413,4.0,5.210423469543457,474.0,350.5,494.0,measured,,mandatory,mandatory,2026-09-12 16:53:36+00:00
PRU,Prudential Financial,0001137774,Financials,Life & Health Insurance,K,True,,New Jersey,2002-07-22,,,,,,,,False,,,13609.0,2024.0,wba,,,13609.0,2024.0,self_reported,1.0,False,19999.0,wba,1.0,,2024.0,255541.0,wba,1.0,2024.0,22916.0,2024.0,271.7789403329,,,,,,,,,,,,-5.9575,nzt_interim,2.0,2030.0,2017.0,,,,,,60774.0,sec_xbrl,1,2025,2025-12-31,4656.0,sec_xbrl,1.0,2025.0,,,383.0,sec_secondhand,2024.0,3592.0,sec_ebit_plus_secondhand_da,2.0,2024.0,18856.0,sec_xbrl,1,2025.0,39136.002048,41137.8,sec_shares_x_price,1,False,59993.8,True,61696.79872,11.851,yahoo,2,11.851,7527.750144,0.819,65223.999488,0.05897925642256717,98.5853,141.962832,100.0,100.0,0.0,50.0,4.771086857856,1.0,4.771086857856,2.385543428928,0.05123589838762887,28.27107517622573,0.04582259657349322,5.0,False,False,,,5,False,9000.0,1.0,930841582.0,False,43.64372864385088,5.0,36.87374496459961,316.0,145.0,439.0,unmeasurable,,voluntary,mandatory,2026-09-12 16:53:36+00:00
PSA,Public Storage,0001393311,Real Estate,Self-Storage REITs,L,True,,California,2005-08-19,,,,,,,,False,,,,,,,,,,,,False,,,,,,,,,,,,195.03700802971002,,,,,,,,,,,,-4.1716,nzt_interim,2.0,2025.0,2022.0,,,,,,4824.113,sec_xbrl,1,2025,2025-12-31,1931.571,sec_xbrl,1.0,2025.0,945.585,2025.0,1129.766,sec_secondhand,2024.0,3028.031,sec_ebit_plus_secondhand_da,2.0,2024.0,10253.881,sec_xbrl,1,2025.0,259.936,52071.666231,sec_shares_x_price,1,False,62325.547231000004,True,66437.476352,19.333,yahoo,2,19.333,2334.240256,0.935,4910.444032,0.07465513846118364,98.5853,141.962832,100.0,100.0,0.0,60.0,,1.0,,,,,,,False,False,,,5,True,31003.0,1.0,3061996.0,False,70.88472289494447,4.0,35.470943450927734,323.0,103.0,431.4750061035156,unmeasurable,,,mandatory,2026-09-12 16:53:36+00:00
PSKY,Paramount Skydance Corporation,0002041610,Communication Services,Movies & Entertainment,J,True,,California,1994-09-30,,,,,,,,False,,,,,,,,,,,,False,,,,,,,,,,,,195.03700802971002,,,,,,,,,,,,-6.124,sbti_s12_absolute,2.0,2030.0,2019.0,,Targets set,1.5°C,Commitment removed,,28891.0,sec_xbrl,1,2025,2025-12-31,-5269.0,sec_xbrl,1.0,2024.0,263.0,2024.0,,,,3310.000128,yahoo_ttm,3.0,,13658.0,sec_xbrl,1,2025.0,1627.000064,11359.6699562,sec_shares_x_price,1,True,25017.6699562,True,27506.624512,8.31,yahoo,2,8.31,17593.124864,1.52,29109.999616,0.016286356762453318,98.5853,141.962832,100.0,100.0,0.0,60.0,,1.0,,,,,,,False,False,,,5,False,10350.0,2.0,66857733.0,False,,,60.92184829711914,196.0,15.0,316.0,unmeasurable,,,mandatory,2026-09-12 16:53:36+00:00
PSX,Phillips 66,0001534701,Energy,Oil & Gas Refining & Marketing,C,True,,Texas,2012-05-01,31611725.860447336,2023.0,31718902.160447337,107176.3,31773129.672570746,0.0,127.0,False,1220649.869655829,2026.0,32700000.0,2024.0,wba,13958560.632568235,2026.0,32700000.0,2024.0,self_reported,2.0,False,7500000.0,wba,2.0,,2024.0,365000000.0,wba,2.0,2024.0,40200000.0,2024.0,334.12929392073005,348.16752417986,2310338.0,2.5175745417439055,ghgrp,2.0,0.9801310641888142,0.356341368059786,12.0,2012.0,2023.0,2.069365622169239,-3.1905,nzt_interim,2.0,2030.0,2019.0,5.708074541743906,,,,,132376.0,sec_xbrl,1,2025,2025-12-31,1035.0,sec_xbrl,1.0,2025.0,,,2363.0,sec_secondhand,2024.0,4159.0,sec_ebit_plus_secondhand_da,2.0,2024.0,19517.0,sec_xbrl,1,2025.0,4099.000064,103533.95707452,sec_shares_x_price,1,False,123050.95707452,True,121196.9536,12.211,yahoo,2,12.211,4545.375232,0.704,152167.006208,0.14843661553950813,98.5853,141.962832,100.0,100.0,0.0,60.0,5706.9058464,1.1608869685747807,6625.072627968989,2650.0290511875955,256.04145422102374,32359.50474405173,26.699932451150104,5.0,False,True,Article 12(1)(e),sec_segment,1,True,797700570.0,345.0,819996218.0,False,22.640031087941203,5.0,5.010020732879639,475.0,344.0,498.0,measured,,voluntary,mandatory,2026-09-12 16:53:36+00:00
PTC,PTC Inc.,0000857005,Information Technology,Application Software,J,True,,Massachusetts,2021-04-20,,,,,,,,False,,,,,,,,,,,,False,,,,,,8072627.0,report_pdf,3.0,2019.0,,,246.38139635186002,,,,,,,,,,,,-8.2996,sbti_s12_absolute,2.0,2030.0,2022.0,,Targets set,1.5°C,Targets set,2050.0,2739.226,sec_xbrl,1,2025,2025-09-30,982.385,sec_xbrl,1.0,2025.0,11.008,2025.0,108.119,sec_secondhand,2024.0,696.181,sec_ebit_plus_secondhand_da,2.0,2024.0,1197.434,sec_xbrl,1,2025.0,351.454016,14190.44881358,sec_shares_x_price,1,False,15387.88281358,True,15446.688768,12.106,yahoo,2,12.106,1031.425152,1.002,2953.971968,0.02034484389849357,98.5853,141.962832,100.0,100.0,0.0,60.0,0.0,1.0,0.0,0.0,0.0,0.0,0.0,5.0,False,False,,,5,False,0.0,0.0,28162000.0,True,63.47072575029911,4.0,66.13226318359375,170.0,83.0,338.0,reported,,,mandatory,2026-09-12 16:53:36+00:00
PWR,Quanta Services,0001050915,Industrials,Construction & Engineering,F,True,,Texas,2009-07-01,,,,,,,,False,,,,,,,,,,,,False,,,,,,,,,,,,334.12929392073005,,,,,,,,,,,,,,,,,,,,,,28479.697,sec_xbrl,1,2025,2025-12-31,1611.509,sec_xbrl,1.0,2025.0,609.154,2025.0,,,,3045.004032,yahoo_ttm,3.0,,5994.906,sec_xbrl,1,2025.0,506.431008,97810.40461794,sec_shares_x_price,1,False,103805.31061794,True,104011.112448,33.992300000000014,yahoo_winsorised,3,34.158,1955.491328,1.2,32905.140224,0.1402307594172885,98.5853,141.962832,100.0,100.0,0.0,50.0,,1.0,,,,,,,False,False,,,5,True,36057.0,4.0,5841018.0,False,19.064946826076447,5.0,67.73546600341797,162.0,33.0,396.5,unmeasurable,,,mandatory,2026-09-12 16:53:36+00:00
PYPL,PayPal,0001633917,Financials,Transaction & Payment Processing Services,K,True,,California,2015-07-20,,,,,,,,False,,,2100.0,2024.0,wba,,,2100.0,2024.0,self_reported,1.0,False,79000.0,wba,1.0,,2024.0,467000.0,wba,1.0,2024.0,10900.0,2024.0,195.03700802971002,,,,,,,,,,,,-4.6816,sbti_s12_absolute,2.0,2025.0,2019.0,,Targets set,1.5°C,,,33172.0,sec_xbrl,1,2025,2025-12-31,6065.0,sec_xbrl,1.0,2025.0,852.0,2025.0,1032.0,sec_secondhand,2024.0,6357.0,sec_ebit_plus_secondhand_da,2.0,2024.0,9987.0,sec_xbrl,1,2025.0,11256.000512,47386.70708396,sec_shares_x_price,1,False,57373.70708396,True,48920.358912,7.578,yahoo,2,7.578,4423.124992,1.286,34127.998976,0.06793831337908096,98.5853,141.962832,100.0,100.0,0.0,50.0,11.513185675199999,1.0,11.513185675199999,5.7565928375999995,0.09491496846826052,43.623460523332795,0.08917240489139605,5.0,False,False,,,5,False,0.0,0.0,78682300.0,True,60.02894120054226,5.0,55.31061935424805,224.0,96.5,418.0,reported,,voluntary,mandatory,2026-09-12 16:53:36+00:00
Q,Qnity Electronics,0002058873,Information Technology,Semiconductor Materials & Equipment,C,True,,Delaware,2025-11-03,,,,,,,,False,,,,,,,,,,,,False,,,,,,,,,,,,271.7789403329,,,,,,,,,,,,,,,,,,,,,,4754.0,sec_xbrl,1,2025,2025-12-31,962.0,sec_xbrl,1.0,2025.0,285.0,2025.0,394.0,sec_secondhand,2024.0,1295.0,sec_ebit_plus_secondhand_da,2.0,2024.0,4027.0,sec_xbrl,1,2025.0,961.0,26443.9598352,sec_shares_x_price,1,False,30470.9598352,True,30296.958976,19.854,yahoo,2,19.854,772.249984,,5209.999872,0.037912700434839186,98.5853,141.962832,100.0,100.0,0.0,60.0,,1.0,,,,,,,False,False,,,5,True,,,,False,,,66.13226318359375,170.0,83.0,338.0,unmeasurable,,,mandatory,2026-09-12 16:53:36+00:00
QCOM,Qualcomm,0000804328,Information Technology,Semiconductors,C,True,,California,1999-07-22,48566.816000000006,2023.0,48566.816000000006,0.0,48568.932,0.0,2.0,False,,,84465.0,2024.0,wba,,,84465.0,2024.0,self_reported,1.0,False,300408.0,wba,1.0,,2024.0,3935138.0,wba,1.0,2024.0,195622.0,2024.0,195.03700802971002,,,-0.03857384524199592,ghgrp,2.0,0.8932126875012889,0.0001761002420175295,11.0,2013.0,2023.0,,-6.6967,sbti_s12_absolute,2.0,2030.0,2020.0,6.658126154758004,Targets set,1.5°C,Targets set,2040.0,44284.0,sec_xbrl,1,2025,2025-09-28,12355.0,sec_xbrl,1.0,2025.0,1192.0,2025.0,1706.0,sec_secondhand,2024.0,11777.0,sec_ebit_plus_secondhand_da,2.0,2024.0,14811.0,sec_xbrl,1,2025.0,8304.0,191068.5,sec_shares_x_price,1,False,205879.5,True,198077.07136,16.508,yahoo,2,16.508,10241.000448,1.679,44068.999168,0.2739348739061222,98.5853,141.962832,100.0,100.0,0.0,60.0,54.637661040336,0.9976878000502049,54.51132784322161,21.804531137288645,0.17648345720185063,359.94920001436094,0.1817217901814403,5.0,False,False,,,5,True,0.0,0.0,27016540.0,True,69.15791563779592,5.0,73.94789123535156,131.0,12.0,431.0,measured,,voluntary,mandatory,2026-09-12 16:53:36+00:00
RCL,Royal Caribbean Group,0000884887,Consumer Discretionary,"Hotels, Resorts & Cruise Lines",H,True,,Florida,2014-12-05,,,,,,,,False,,,5696852.0,2024.0,wba,,,5696852.0,2024.0,self_reported,1.0,False,11227.0,wba,1.0,,2024.0,7335557.0,wba,1.0,2024.0,5707792.0,2024.0,355.97248809045,,,,,,,,,,,,-7.1585,netzero_inferred,2.0,2050.0,2019.0,,,,,,17935.0,sec_xbrl,1,2025,2025-12-31,4910.0,sec_xbrl,1.0,2025.0,5229.0,2025.0,,,,6926.000128,yahoo_ttm,3.0,,21345.0,sec_xbrl,1,2025.0,876.0,69574.98513176,sec_shares_x_price,1,False,90919.98513176,True,92441.985024,13.347,yahoo,2,13.347,-1516.249984,1.75,18681.99936,0.09974964360472292,98.5853,141.962832,100.0,100.0,0.0,40.0,810.3350601197279,1.0,810.3350601197279,486.2010360718367,9.902261427124984,6489.325228450804,7.019889530461761,5.0,False,False,,,5,True,4136185.0,5.0,23917851.0,False,48.54588291392979,5.0,20.84168243408203,396.0,191.02499389648438,462.0,unmeasurable,,voluntary,mandatory,2026-09-12 16:53:36+00:00
RDDT,Reddit,0001713445,Communication Services,Interactive Media & Services,J,True,,California,2026-08-18,,,,,,,,False,,,,,,,,,,,,False,,,,,,,,,,,,195.03700802971002,,,,,,,,,,,,,,,,,,,,,,2202.506,sec_xbrl,1,2025,2025-12-31,441.984,sec_xbrl,1.0,2025.0,6.706,2025.0,15.643,sec_secondhand,2024.0,-544.925,sec_ebit_plus_secondhand_da,2.0,2024.0,20.867,yahoo,3,,2786.356992,31886.575689060002,sec_shares_x_price,1,True,31907.44268906,True,27588.907008,33.47359999999998,yahoo_winsorised,3,34.421,678.068736,2.022,2778.83392,0.04571577780053056,98.5853,141.962832,100.0,100.0,0.0,60.0,,1.0,,,,,,,False,False,,,5,False,,,,False,,,81.663330078125,92.5,7.5,250.5,unmeasurable,,,vendor,2026-09-12 16:53:36+00:00
REG,Regency Centers,0000910606,Real Estate,Retail REITs,L,True,,Florida,2017-03-02,,,,,,,,False,,,,,,,,,,,,False,,,,,,,,,,,,355.97248809045,,,,,,,,,,,,-2.9422,sbti_s12_absolute,2.0,2030.0,2019.0,,Targets set,Well-below 2°C,,,1553.524,sec_xbrl,1,2025,2025-12-31,1123.441,sec_xbrl,1.0,2025.0,392.051,2021.0,394.714,sec_secondhand,2024.0,1442.0819999999999,sec_ebit_plus_secondhand_da,2.0,2024.0,4739.301,sec_xbrl,1,2025.0,193.275008,13662.682469800002,sec_shares_x_price,1,False,18401.9834698,True,19081.670656,17.813,yahoo,2,17.813,743.363968,0.807,1685.532032,0.019588185386832734,98.5853,141.962832,100.0,100.0,0.0,60.0,,1.0,,,,,,,False,False,,,5,True,0.0,0.0,65794.0,True,95.78327740078446,4.0,74.44889831542969,128.5,73.5,330.5,unmeasurable,,,mandatory,2026-09-12 16:53:36+00:00
REGN,Regeneron Pharmaceuticals,0000872589,Health Care,Biotechnology,C,True,,New York,2013-05-01,,,,,,,,False,,,80300.0,2024.0,wba,,,80300.0,2024.0,self_reported,1.0,False,57000.0,wba,1.0,,2024.0,1344820.0,wba,1.0,2024.0,120700.0,2024.0,110.12134121912001,,,,,,,,,,,,,,,,,,,,,,14342.9,sec_xbrl,1,2025,2025-12-31,3577.9,sec_xbrl,1.0,2025.0,898.4,2025.0,482.9,sec_secondhand,2024.0,4473.599999999999,sec_ebit_plus_secondhand_da,2.0,2024.0,1985.9,sec_xbrl,1,2025.0,7994.599936,84869.814,sec_shares_x_price,1,True,86855.71399999999,True,72747.671552,15.47,yahoo,2,15.47,3065.299968,0.193,15534.69952,0.12167783698791818,98.5853,141.962832,100.0,100.0,0.0,70.0,19.4914968336,1.0,19.4914968336,5.847449050080001,0.16343243383213618,90.46003680473761,0.12434767309366984,5.0,False,False,,,5,True,0.0,0.0,506035.0,True,64.67213607826768,4.0,83.26653289794922,84.5,30.5,283.0,reported,,voluntary,mandatory,2026-09-12 16:53:36+00:00
RF,Regions Financial Corporation,0001281761,Financials,Regional Banks,K,True,,Alabama,1998-08-28,,,,,,,,False,,,,,,,,,,,,False,,,,,,,,,,,,383.74232016659,,,,,,,,,,,,,,,,,,,,,,7073.0,sec_xbrl,1,2025,2025-12-31,53.0,sec_xbrl,1.0,2025.0,,,144.0,sec_secondhand,2024.0,239.0,sec_ebit_plus_secondhand_da,2.0,2024.0,4884.0,sec_xbrl,1,2025.0,5001.999872,25668.636015779997,sec_shares_x_price,1,False,30552.636015779997,True,31591.636992,11.851,sector_median,4,,,1.003,7238.000128,0.03680111881510997,98.5853,141.962832,100.0,100.0,0.0,50.0,,1.0,,,,,,,False,False,,,5,False,20750.0,1.0,397748226.0,False,66.94719365843443,5.0,27.855712890625,361.0,149.0,454.0,unmeasurable,,,mandatory,2026-09-12 16:53:36+00:00
RJF,Raymond James Financial,0000720005,Financials,Investment Banking & Brokerage,K,True,,Florida,2017-03-20,,,,,,,,False,,,,,,,,,,,,False,,,,,,,,,,39113.0,2023.0,355.97248809045,,,,,,,,,,,,,,,,,,,,,,15912.0,sec_xbrl,1,2025,2025-09-30,2608.0,sec_xbrl,1.0,2025.0,188.0,2025.0,179.0,sec_secondhand,2024.0,2713.0,sec_ebit_plus_secondhand_da,2.0,2024.0,700.0,sec_xbrl,1,2025.0,16019.999744,33367.062390060004,sec_shares_x_price,1,False,34067.062390060004,True,23515.062272,11.851,sector_median,4,,,0.917,15239.999488,0.047838351316092396,98.5853,141.962832,100.0,100.0,0.0,50.0,,1.0,,,,,,,False,False,,,5,False,0.0,0.0,360337686.0,True,29.200690025094154,5.0,55.31061935424805,224.0,96.5,418.0,unmeasurable,,,mandatory,2026-09-12 16:53:36+00:00
RL,Ralph Lauren Corporation,0001037038,Consumer Discretionary,"Apparel, Accessories & Luxury Goods",C,True,,New York,2007-02-02,,,,,,,,False,,,14679.0,2023.0,wba,,,14679.0,2023.0,self_reported,1.0,False,58601.0,wba,1.0,,2023.0,1205632.0,wba,1.0,2023.0,37041.0,2023.0,392.69487277328005,,,,,,,,,,,,-3.5039,sbti_combined,2.0,2030.0,2020.0,,Targets set,1.5°C,Commitment removed,,8114.5,sec_xbrl,1,2025,2026-03-28,1179.2,sec_xbrl,1.0,2025.0,408.1,2025.0,219.6,sec_secondhand,2024.0,1151.7,sec_ebit_plus_secondhand_da,2.0,2024.0,1238.9,sec_xbrl,1,2025.0,1941.6,21125.307,sec_shares_x_price,1,False,22364.207000000002,True,21266.040832,13.348,yahoo,2,13.348,880.087488,1.353,8355.2,0.030287348826589004,98.5853,141.962832,100.0,100.0,0.0,40.0,10.403036328959999,1.0,10.403036328959999,6.241821797375999,0.529326814567164,83.31583735137484,0.39177878952440276,5.0,False,False,,,5,True,0.0,0.0,7177626.0,True,73.35779738330453,4.0,80.76152038574219,97.0,30.5,287.0,unmeasurable,,voluntary,mandatory,2026-09-12 16:53:36+00:00
RMD,ResMed|,0000943819,Health Care,Health Care Equipment,C,True,,California,2017-07-26,,,,,,,,False,,,,,,,,,,,,False,,,,,,,,,,,,195.03700802971002,,,,,,,,,,,,,,,,,,Commitment removed,,Commitment removed,,5146.327,sec_xbrl,1,2025,2025-06-30,1685.363,sec_xbrl,1.0,2025.0,89.865,2025.0,176.87,sec_secondhand,2024.0,1496.763,sec_ebit_plus_secondhand_da,2.0,2024.0,668.292,sec_xbrl,1,2025.0,1469.234048,31485.950830620004,sec_shares_x_price,1,False,32154.242830620005,True,30842.636288,14.717,yahoo,2,14.717,939.248256,0.766,5653.443072,0.04514140201341537,98.5853,141.962832,100.0,100.0,0.0,70.0,,1.0,,,,,,,False,False,,,5,True,0.0,0.0,37500000.0,True,23.94950964836418,5.0,83.26653289794922,84.5,30.5,283.0,unmeasurable,,,mandatory,2026-09-12 16:53:36+00:00
ROK,Rockwell Automation,0001024478,Industrials,Electrical Components & Equipment,C,True,,Wisconsin,2000-03-12,,,,,,,,False,,,,,,,,,,,,False,,,,,,,,,,,,415.51510490798,,,,,,,,,,,,-8.4753,sbti_s12_absolute,2.0,2050.0,2024.0,,Targets set,1.5°C,Targets set,2050.0,8342.0,sec_xbrl,1,2025,2025-09-30,1703.0,sec_xbrl,1.0,2025.0,186.0,2025.0,317.0,sec_secondhand,2024.0,1912.0,sec_ebit_plus_secondhand_da,2.0,2024.0,2616.0,sec_xbrl,1,2025.0,479.0,47572.14231164,sec_shares_x_price,1,False,50188.14231164,True,50708.144128,24.239,yahoo,2,24.239,1303.874944,1.515,8972.99968,0.06820417183148035,98.5853,141.962832,100.0,100.0,0.0,50.0,,1.0,,,,,,,False,False,,,5,True,0.0,0.0,3935944.0,True,55.08405788603925,5.0,80.86172485351562,96.5,12.0,394.5,unmeasurable,,,mandatory,2026-09-12 16:53:36+00:00
ROL,"Rollins, Inc.",0000084839,Industrials,Environmental & Facilities Services,N,True,,Georgia,2018-10-01,,,,,,,,False,,,,,,,,,,,,False,,,,,,,,,,,,383.74232016659,,,,,,,,,,,,,,,,,,,,,,3761.05,sec_xbrl,1,2025,2025-12-31,726.068,sec_xbrl,1.0,2025.0,28.086,2025.0,,,,865.038016,yahoo_ttm,3.0,,609.83,sec_xbrl,1,2025.0,109.085,16710.179880919997,sec_shares_x_price,1,False,17320.00988092,True,17716.39808,20.48,yahoo,2,20.48,501.737504,0.736,3924.018944,0.02395738187418878,98.5853,141.962832,100.0,100.0,0.0,50.0,,1.0,,,,,,,False,False,,,5,False,61990.0,2.0,12473165.0,False,56.4339914783548,5.0,46.49298858642578,268.0,132.0,403.0,unmeasurable,,,mandatory,2026-09-12 16:53:36+00:00
ROP,Roper Technologies,0000882835,Information Technology,Electronic Equipment & Instruments,C,True,,Florida,2009-12-23,,,,,,,,False,,,,,,,,,,,,False,,,,,,,,,,,,355.97248809045,,,,,,,,,,,,,,,,,,Commitment removed,,,,7902.5,sec_xbrl,1,2025,2025-12-31,2235.4,sec_xbrl,1.0,2025.0,49.1,2018.0,812.8,sec_secondhand,2024.0,2809.6,sec_ebit_plus_secondhand_da,2.0,2024.0,9355.9,sec_xbrl,1,2025.0,364.9,38424.967566479994,sec_shares_x_price,1,False,47780.867566479996,True,49379.467264,15.25,yahoo,2,15.25,2265.687552,0.747,8280.300032,0.05508986905309107,98.5853,141.962832,100.0,100.0,0.0,60.0,,1.0,,,,,,,False,False,,,5,True,0.0,0.0,431848.0,True,58.032955651208525,5.0,66.13226318359375,170.0,83.0,338.0,unmeasurable,,,mandatory,2026-09-12 16:53:36+00:00
ROST,Ross Stores,0000745732,Consumer Discretionary,Apparel Retail,G,True,,California,2009-12-21,,,,,,,,False,,,28694.0,2023.0,wba,,,28694.0,2023.0,self_reported,1.0,False,238264.0,wba,1.0,,2023.0,102606.0,wba,1.0,2023.0,266958.0,2023.0,195.03700802971002,,,,,,,,,,,,-5.873,nzt_interim,2.0,2030.0,2021.0,,,,,,22750.559,sec_xbrl,1,2025,2026-01-31,2707.357,sec_xbrl,1.0,2025.0,819.275,2025.0,446.788,sec_secondhand,2024.0,3032.374,sec_ebit_plus_secondhand_da,2.0,2024.0,1517.606,sec_xbrl,1,2025.0,4288.123904,73710.61060140001,sec_shares_x_price,1,False,75228.21660140001,True,74161.635328,20.279,yahoo,2,20.279,2002.0416,0.861,24511.797248,0.105678889092853,98.5853,141.962832,100.0,100.0,0.0,40.0,37.898113705056,1.0,37.898113705056,22.7388682230336,0.8398917550597723,461.12150869489835,0.6217790460734355,5.0,False,False,,,5,True,3601945.0,6.0,17795046.0,False,61.02914940395418,5.0,24.849700927734375,376.0,188.52499389648438,445.0,reported,,voluntary,mandatory,2026-09-12 16:53:36+00:00
RSG,Republic Services,0001060391,Industrials,Environmental & Facilities Services,E,True,,Arizona,2008-12-05,10721712.294,2023.0,10756398.294,34686.0,12778971.465,0.0,207.0,False,,,13608508.0,2024.0,wba,,,13608508.0,2024.0,self_reported,1.0,False,185205.0,wba,1.0,,2024.0,2012336.0,wba,1.0,2024.0,13793714.0,2024.0,320.32194217793,,,-2.6472115156474407,ghgrp,2.0,0.5896950852876105,0.5797883222948823,14.0,2010.0,2023.0,,-3.2594,sbti_s12_absolute,2.0,2030.0,2017.0,0.6121884843525591,Targets set,Well-below 2°C,,,19027.0,sec_xbrl,1,2025,2025-12-31,3302.0,sec_xbrl,1.0,2025.0,1887.0,2025.0,1677.0,sec_secondhand,2024.0,4873.0,sec_ebit_plus_secondhand_da,2.0,2024.0,13581.0,sec_xbrl,1,2025.0,107.0,68205.87871972,sec_shares_x_price,1,False,81786.87871972,True,82394.882048,15.673,yahoo,2,15.673,1942.625024,0.4,16890.999808,0.09778675598930625,98.5853,141.962832,100.0,100.0,0.0,50.0,1958.1945612752158,0.8513151720496261,1667.0407398386526,833.5203699193263,25.242894304037744,13063.764757745601,15.855068219085705,5.0,False,False,,,5,True,161731896.0,170.0,177730774.0,False,45.37775586811952,5.0,6.813627243041992,466.0,112.0,499.0,measured,,voluntary,mandatory,2026-09-12 16:53:36+00:00
RTX,RTX Corporation,0000101829,Industrials,Aerospace & Defense,C,True,,Massachusetts,1957-03-04,172793.29,2023.0,172793.29,0.0,172800.64,0.0,4.0,False,28710.1517387685,2026.0,,,,31587.9,2026.0,172793.29,2023.0,ghgrp_fossil,1.0,False,,,,,,,,,,,,246.38139635186002,,,1.473310038656428,ghgrp,2.0,2.941073955874459,0.061593871987266624,4.0,2020.0,2023.0,-7.794312253565561,,,,,,,,,,,88603.0,sec_xbrl,1,2025,2025-12-31,9300.0,sec_xbrl,1.0,2025.0,2627.0,2025.0,4364.0,sec_secondhand,2024.0,10902.0,sec_ebit_plus_secondhand_da,2.0,2024.0,37700.0,sec_xbrl,1,2025.0,8304.999936,266424.82990592,sec_shares_x_price,1,False,304124.82990592,True,298742.841344,18.795,yahoo,2,18.795,9880.000512,0.287,93499.998208,0.38197323046833076,98.5853,141.962832,100.0,100.0,0.0,50.0,24.530224798997278,1.1078036466604442,27.174672485729644,13.587336242864822,0.1461003897082239,255.37398468464434,0.08548288003680839,5.0,False,True,Article 12(1)(a),gics_proxy,4,True,13865658.0,38.0,1682482795.0,False,64.57216723214262,3.0,40.28056335449219,299.0,37.0,419.0,measured,,mandatory,mandatory,2026-09-12 16:53:36+00:00
RVTY,Revvity,0000031791,Health Care,Health Care Equipment,C,True,,Massachusetts,1985-05-31,,,,,,,,False,,,,,,,,,,,,False,,,,,,,,,,,,246.38139635186002,,,,,,,,,,,,,,,,,,Commitment removed,,,,2856.051,sec_xbrl,1,2025,2025-12-28,356.635,sec_xbrl,1.0,2025.0,73.522,2025.0,427.849,sec_secondhand,2024.0,774.5899999999999,sec_ebit_plus_secondhand_da,2.0,2024.0,3239.45,sec_xbrl,1,2025.0,1022.942976,13871.305508309999,sec_shares_x_price,1,False,17110.755508309998,True,16189.878272,18.485,yahoo,2,18.485,604.992128,1.089,2911.811072,0.019887288199426895,98.5853,141.962832,100.0,100.0,0.0,70.0,,1.0,,,,,,,False,False,,,5,True,0.0,0.0,11200026.0,True,72.81602922447094,3.0,83.26653289794922,84.5,30.5,283.0,unmeasurable,,,mandatory,2026-09-12 16:53:36+00:00
SBAC,SBA Communications,0001034054,Real Estate,Telecom Tower REITs,L,True,,Florida,2017-09-01,,,,,,,,False,,,72700.0,2020.0,report_pdf,,,72700.0,2020.0,self_reported,3.0,False,17900.0,report_pdf,3.0,,2020.0,,,,,,,355.97248809045,,,,,,,,,,,,-7.5928,sbti_s12_absolute,2.0,2033.0,2023.0,,Targets set,1.5°C,,,2815.139,sec_xbrl,1,2025,2025-12-31,1342.786,sec_xbrl,1.0,2025.0,224.819,2025.0,269.517,sec_secondhand,2024.0,1705.28,sec_ebit_plus_secondhand_da,2.0,2024.0,12900.268,sec_xbrl,1,2025.0,327.051008,19676.1617617,sec_shares_x_price,1,False,32576.4297617,True,34643.378176,18.894,yahoo,2,18.894,752.056384,0.984,2870.621952,0.028209709560433838,98.5853,141.962832,100.0,100.0,0.0,60.0,12.8618325792,1.0,12.8618325792,5.14473303168,0.3831387154527974,97.20458590056192,0.2805863371831984,5.0,False,False,,,5,True,0.0,0.0,19625.0,True,79.606289322842,5.0,74.44889831542969,128.5,73.5,330.5,reported,,voluntary,mandatory,2026-09-12 16:53:36+00:00
SBUX,Starbucks,0000829224,Consumer Discretionary,Restaurants,I,True,,Washington,2000-06-07,,,,,,,,False,,,395666.0,2024.0,wba,,,395666.0,2024.0,self_reported,1.0,False,862698.0,wba,1.0,,2024.0,12540117.0,wba,1.0,2024.0,714723.0,2024.0,288.15226411279,,,,,,,,,,,,-6.1069,nzt_interim,2.0,2030.0,2019.0,,Targets set,1.5°C,,,37184.4,sec_xbrl,1,2025,2025-09-28,2936.6,sec_xbrl,1.0,2025.0,2305.5,2025.0,1592.4,sec_secondhand,2024.0,7001.200000000001,sec_ebit_plus_secondhand_da,2.0,2024.0,16074.8,sec_xbrl,1,2025.0,3610.299904,112563.6,sec_shares_x_price,1,False,128638.40000000001,True,131413.598208,23.291,yahoo,2,23.291,3065.537536,0.965,38338.301952,0.1613824129692711,98.5853,141.962832,100.0,100.0,0.0,40.0,178.640917126848,1.0,178.640917126848,107.1845502761088,3.649954037870626,2496.43536048085,1.8996781113393755,5.0,False,False,,,5,False,146000.0,3.0,91292991.0,False,38.60944409427729,5.0,52.00400924682617,240.5,133.0,303.0,reported,,voluntary,mandatory,2026-09-12 16:53:36+00:00
SCHW,Charles Schwab Corporation,0000316709,Financials,Investment Banking & Brokerage,K,True,,Texas,1997-06-02,,,,,,,,False,,,,,,,,,,,,False,,,,,,,,,,,,334.12929392073005,,,,,,,,,,,,,,,,,,,,,,23921.0,sec_xbrl,1,2025,2025-12-31,11459.0,sec_xbrl,1.0,2025.0,548.0,2025.0,,,,,,,,22199.0,sec_xbrl,1,2025.0,96355.999744,185471.2553265,sec_shares_x_price,1,False,207670.2553265,True,171103.256576,11.851,sector_median,4,,,0.753,26025.00096,0.26591010522966874,98.5853,141.962832,100.0,100.0,0.0,50.0,,1.0,,,,,,,False,False,,,5,False,0.0,0.0,1081443484.0,True,39.25111721469612,5.0,55.31061935424805,224.0,96.5,418.0,unmeasurable,,,mandatory,2026-09-12 16:53:36+00:00
SHW,Sherwin-Williams,0000089800,Materials,Specialty Chemicals,C,True,,Ohio,1964-06-30,,,,,,,,False,,,439037.0,2024.0,wba,,,439037.0,2024.0,self_reported,2.0,False,256937.0,wba,2.0,,2024.0,17058473.0,wba,2.0,2024.0,607306.0,2024.0,415.51510490798,,,,,,,,,,,,-3.1904940828449413,wba,3.0,,,,,,,,23574.3,sec_xbrl,1,2025,2025-12-31,3338.2,sec_xbrl,1.0,2025.0,797.6,2025.0,,,,4709.100032,yahoo_ttm,3.0,,10871.3,sec_xbrl,1,2025.0,293.5,78486.13779980999,sec_shares_x_price,1,False,89357.43779981,True,92763.01312,19.408199999999997,yahoo_winsorised,3,19.699,2506.037504,1.089,24410.300416,0.11252556157383076,98.5853,141.962832,100.0,100.0,0.0,35.0,98.802440038368,1.0,98.802440038368,64.2215860249392,1.9238387761350189,1246.4253858892248,1.3436663428308708,5.0,False,False,,,5,True,5693549.0,56.0,209099291.0,False,14.604755052612566,5.0,19.438880920410156,403.0,152.0,483.5,unmeasurable,,voluntary,mandatory,2026-09-12 16:53:36+00:00
SJM,J.M. Smucker Company (The),0000091419,Consumer Staples,Packaged Foods & Meats,C,True,,Ohio,2008-11-06,0.0,2023.0,0.0,0.0,,0.0,1.0,False,,,153968.0,2023.0,wba,,,153968.0,2023.0,self_reported,1.0,False,158964.0,wba,1.0,,2023.0,5539274.0,wba,1.0,2023.0,312932.0,2023.0,415.51510490798,,,-1.4653513130330365,ghgrp,2.0,0.4622512186637187,0.42891205956593403,13.0,2010.0,2022.0,,-2.9422,sbti_s12_absolute,2.0,2030.0,2019.0,1.4768486869669637,Targets set,Well-below 2°C,,,9050.9,sec_xbrl,1,2025,2026-04-30,360.2,sec_xbrl,1.0,2025.0,317.4,2025.0,,,,2263.899904,yahoo_ttm,3.0,,6963.7,sec_xbrl,1,2025.0,43.2,12940.56038862,sec_shares_x_price,1,False,19904.26038862,True,19837.560832,8.763,yahoo,2,8.763,1464.337536,0.263,9156.89984,0.018552879089599694,98.5853,141.962832,100.0,100.0,0.0,70.0,44.42471294342399,0.9018261152269846,40.063366293842,12.019009888152603,3.3367601022078297,105.32258364988125,0.5309250695780362,5.0,False,False,,,5,True,6300.0,1.0,1027954.0,False,11.624864437808537,4.0,89.17835998535156,55.0,8.0,259.0,measured,,voluntary,mandatory,2026-09-12 16:53:36+00:00
SLB,Schlumberger,0000087347,Energy,Oil & Gas Equipment & Services,B,True,,Texas,1957-03-04,,,,,,,,False,,,,,,886399.4061249964,2026.0,886399.4061249964,2026.0,climatetrace_equity,4.0,False,,,,,,,,,,,,334.12929392073005,,,,,,,,,,,,-5.7713,nzt_interim,2.0,2025.0,2019.0,,,,,,35708.0,sec_xbrl,1,2025,2025-12-31,4291.0,sec_xbrl,1.0,2025.0,1694.0,2025.0,2519.0,sec_secondhand,2024.0,8191.0,sec_ebit_plus_secondhand_da,2.0,2024.0,9742.0,sec_xbrl,1,2025.0,4124.0,83201.06952986,sec_shares_x_price,1,False,92943.06952986,True,93067.067392,12.606,yahoo,2,12.606,2955.124992,0.774,36366.000128,0.11928535834277604,98.5853,141.962832,100.0,100.0,0.0,60.0,125.83576997662263,1.0,125.83576997662263,50.33430799064905,1.1730204612129818,634.5142865301219,0.6817817562226791,5.0,False,False,,,5,True,1820876.0,19.0,246777457.0,False,52.42925626441587,4.0,36.67334747314453,317.0,24.0,465.0,reported,,modelled,mandatory,2026-09-12 16:53:36+00:00
SMCI,Supermicro,0001375365,Information Technology,"Technology Hardware, Storage & Peripherals",C,True,,California,2024-03-18,,,,,,,,False,,,,,,,,,,,,False,,,,,,,,,,,,195.03700802971002,,,,,,,,,,,,,,,,,,,,,,21972.042,sec_xbrl,1,2025,2025-06-30,1252.994,sec_xbrl,1.0,2025.0,127.214,2025.0,30.1,sec_secondhand,2024.0,1240.8739999999998,sec_ebit_plus_secondhand_da,2.0,2024.0,112.475,sec_xbrl,1,2025.0,7544.584192,26344.311898400003,sec_shares_x_price,1,False,26456.7868984,True,32286.035968,11.432,yahoo,2,11.432,-8248.783872,1.996,39063.072768,0.037769835205864695,98.5853,141.962832,100.0,100.0,0.0,60.0,,1.0,,,,,,,False,False,,,5,True,0.0,0.0,17705197.0,True,55.33807829181495,1.0,66.13226318359375,170.0,83.0,338.0,unmeasurable,,,mandatory,2026-09-12 16:53:36+00:00
SNA,Snap-on,0000091440,Industrials,Industrial Machinery & Supplies & Components,C,True,,Wisconsin,1982-09-30,,,,,,,,False,,,,,,,,,,,,False,,,,,,,,,,,,415.51510490798,,,,,,,,,,,,,,,,,,,,,,5156.1,sec_xbrl,1,2025,2026-01-03,1327.7,sec_xbrl,1.0,2025.0,76.0,2025.0,98.0,sec_secondhand,2024.0,1443.7,sec_ebit_plus_secondhand_da,2.0,2024.0,1186.4,sec_xbrl,1,2025.0,1644.199936,19420.43143456,sec_shares_x_price,1,False,20606.83143456,True,19111.231488,13.501,yahoo,2,13.501,1109.474944,0.712,5274.899968,0.027843069036647513,98.5853,141.962832,100.0,100.0,0.0,50.0,,1.0,,,,,,,False,False,,,5,True,10000.0,1.0,495400.0,False,16.874360095712614,5.0,65.9318618774414,171.0,46.0,397.5,unmeasurable,,,mandatory,2026-09-12 16:53:36+00:00
SNDK,Sandisk,0002023554,Information Technology,"Technology Hardware, Storage & Peripherals",C,True,,California,2025-11-28,,,,,,,,False,,,,,,,,,,,,False,,,,,,,,,,,,195.03700802971002,,,,,,,,,,,,,,,,,,Committed,,Committed,,7355.0,sec_xbrl,1,2025,2025-06-27,-1377.0,sec_xbrl,1.0,2025.0,204.0,2025.0,,,,12616.999936,yahoo_ttm,3.0,,1849.0,sec_xbrl,1,2025.0,4761.999872,239153.47528334998,sec_shares_x_price,1,False,241002.47528334998,True,234592.468992,18.593,yahoo,2,18.593,7720.875008,,20248.000512,0.34287429427642646,98.5853,141.962832,100.0,100.0,0.0,60.0,,1.0,,,,,,,False,False,,,5,True,0.0,0.0,19813.0,True,,,66.13226318359375,170.0,83.0,338.0,unmeasurable,,,mandatory,2026-09-12 16:53:36+00:00
SNPS,Synopsys,0000883241,Information Technology,Application Software,J,True,,California,2017-03-16,,,,,,,,False,,,2749.0,2021.0,report_pdf,,,2749.0,2021.0,self_reported,3.0,False,22244.0,report_pdf,3.0,,2021.0,22005.0,report_pdf,3.0,2021.0,,,195.03700802971002,,,,,,,,,,,,-5.9575,sbti_s12_absolute,2.0,2032.0,2019.0,,Targets set,1.5°C,,,7054.178,sec_xbrl,1,2025,2025-10-31,914.927,sec_xbrl,1.0,2025.0,169.454,2025.0,295.065,sec_secondhand,2024.0,1650.776,sec_ebit_plus_secondhand_da,2.0,2024.0,13484.515,sec_xbrl,1,2025.0,3607.668992,76152.57038748,sec_shares_x_price,1,False,89637.08538748,True,83385.532416,40.0,yahoo_winsorised,3,40.176,3425.5424,1.227,9416.465408,0.10917992639666627,98.5853,141.962832,100.0,100.0,0.0,60.0,3.548077060176,1.0,3.548077060176,1.4192308240704001,0.15511956954712233,56.769232962816005,0.06808043472049971,5.0,False,False,,,5,False,,,,False,82.08057479925215,5.0,66.13226318359375,170.0,83.0,338.0,reported,,voluntary,mandatory,2026-09-12 16:53:36+00:00
SO,Southern Company,0000092122,Utilities,Electric Utilities,D,True,,Georgia,1957-03-04,76718005.4067456,2023.0,76718005.4067456,0.0,76816775.71661921,0.0,75.0,False,37570446.69479835,2026.0,79253082.0,2023.0,wba,36465027.261,2026.0,79253082.0,2023.0,self_reported,1.0,False,265063.0,wba,1.0,,2023.0,35818986.0,wba,1.0,2023.0,79570598.0,2023.0,383.74232016659,583.7107035225645,135066473.29,-3.4179209860878967,ghgrp,2.0,0.3964947411981277,0.8392561638938982,14.0,2010.0,2023.0,-4.452905404071849,-2.9687,nzt_interim,2.0,2030.0,2007.0,-0.4492209860878966,,,,,29553.0,sec_xbrl,1,2025,2025-12-31,7285.0,sec_xbrl,1.0,2025.0,12737.0,2025.0,5266.0,sec_secondhand,2024.0,12334.0,sec_ebit_plus_secondhand_da,2.0,2024.0,72591.0,sec_xbrl,1,2025.0,2984.0,98266.83671266,sec_shares_x_price,1,False,170857.83671266,True,177152.147456,12.425,yahoo,2,12.425,-3913.374976,0.316,30179.00032,0.14088514602896876,98.5853,141.962832,100.0,100.0,0.0,80.0,11288.62105958664,0.7839274069921015,8849.459435758185,1769.8918871516364,24.29501560949398,21990.906697859085,12.413570489356362,5.0,True,True,Article 12(1)(g),power_intensity_12g,5,True,207328552.0,43.0,237454828.0,False,22.070351494092712,4.0,24.50944709777832,377.6978454589844,32.0,486.0,measured,,voluntary,mandatory,2026-09-12 16:53:36+00:00
SOLV,Solventum,0001964738,Health Care,Health Care Technology,J,True,,Minnesota,2024-04-01,,,,,,,,False,,,,,,,,,,,,False,,,,,,,,,,,,420.27691760824,,,,,,,,,,,,,,,,,,Committed,,Committed,,8325.0,sec_xbrl,1,2025,2025-12-31,2181.0,sec_xbrl,1.0,2025.0,379.0,2025.0,555.0,sec_secondhand,2024.0,1591.0,sec_ebit_plus_secondhand_da,2.0,2024.0,5035.0,sec_xbrl,1,2025.0,403.0,14886.06510105,sec_shares_x_price,1,False,19921.06510105,True,19778.064384,17.364,yahoo,2,17.364,489.0,0.687,8310.000128,0.021342148844076644,98.5853,141.962832,100.0,100.0,0.0,70.0,,1.0,,,,,,,False,False,,,5,False,0.0,0.0,34152200.0,True,,0.0,83.26653289794922,84.5,30.5,283.0,unmeasurable,,,mandatory,2026-09-12 16:53:36+00:00
SPG,Simon Property Group,0001063761,Real Estate,Retail REITs,L,True,,Indiana,2002-06-26,,,,,,,,False,,,15876.0,2024.0,wba,,,15876.0,2024.0,self_reported,1.0,False,150475.0,wba,1.0,,2024.0,779488.0,wba,1.0,2024.0,59503.0,2024.0,415.51510490798,,,,,,,,,,,,-6.8738,sbti_s12_absolute,2.0,2035.0,2019.0,,Targets set,1.5°C,,,6364.505,sec_xbrl,1,2025,2025-12-31,3175.396,sec_xbrl,1.0,2025.0,934.346,2025.0,,,,5125.174784,yahoo_ttm,3.0,,28430.175,sec_xbrl,1,2025.0,1019.091008,66849.67723256,sec_shares_x_price,1,True,95279.85223256,True,96145.514496,18.759,yahoo,2,18.759,2595.271168,1.312,6940.724224,0.09584237016235692,98.5853,141.962832,100.0,100.0,0.0,60.0,23.615659066032,1.0,23.615659066032,9.446263626412799,0.29748301082487977,177.2024593678777,0.18430652776344544,5.0,False,False,,,5,True,0.0,0.0,1952609.0,True,66.33485738213774,4.0,74.44889831542969,128.5,73.5,330.5,unmeasurable,,voluntary,mandatory,2026-09-12 16:53:36+00:00
SPGI,S&P Global,0000064040,Financials,Financial Exchanges & Data,K,True,,New York,1957-03-04,,,,,,,,False,,,,,,,,,,,,False,,,,,,,,,,,,392.69487277328005,,,,,,,,,,,,-4.724,sbti_s12_absolute,2.0,2025.0,2019.0,,Targets set,1.5°C,Targets set,2040.0,15336.0,sec_xbrl,1,2025,2025-12-31,6478.0,sec_xbrl,1.0,2025.0,195.0,2025.0,1173.0,sec_secondhand,2024.0,6753.0,sec_ebit_plus_secondhand_da,2.0,2024.0,12370.0,sec_xbrl,1,2025.0,4134.000128,121570.16,sec_shares_x_price,1,False,133940.16,True,137830.301696,16.926,yahoo,2,16.926,5448.249856,1.077,16122.000384,0.17429511641294668,98.5853,141.962832,100.0,100.0,0.0,50.0,,1.0,,,,,,,False,False,,,5,False,0.0,0.0,1483883808.0,True,76.35650923488916,4.0,55.31061935424805,224.0,96.5,418.0,unmeasurable,,,mandatory,2026-09-12 16:53:36+00:00
SRE,Sempra,0001032208,Utilities,Multi-Utilities,D,True,,California,2017-03-17,5351909.778330039,2023.0,5351909.778330039,0.0,5614514.80533004,0.0,18.0,False,70146.46428254234,2026.0,6700000.0,2024.0,wba,561907.99,2026.0,6700000.0,2024.0,self_reported,2.0,False,558000.0,wba,2.0,,2024.0,66000000.0,wba,2.0,2024.0,7258000.0,2024.0,195.03700802971002,400.54818826986036,2961873.0,3.89855842673803,ghgrp,2.0,1.449763630111557,0.34706507049166846,14.0,2010.0,2023.0,-7.404477634584294,-4.2397,nzt_interim,2.0,2035.0,2019.0,8.13825842673803,,,,,13702.0,sec_xbrl,1,2025,2025-12-31,1789.0,sec_xbrl,1.0,2025.0,10612.0,2025.0,2227.0,sec_secondhand,2023.0,5487.0,sec_ebit_plus_secondhand_da,2.0,2023.0,35021.0,sec_xbrl,1,2025.0,48.0,54478.52843364,sec_shares_x_price,1,False,89499.52843364,True,101733.056512,16.732999999999997,yahoo_winsorised,3,17.319,-27657.750528,0.564,13552.0,0.07810585636596439,98.5853,141.962832,100.0,100.0,0.0,80.0,1030.366234656,1.2579319014129935,1296.1305567125687,259.22611134251366,14.490000634014178,4337.63052109428,4.263737540002675,5.0,True,True,Article 12(1)(g),power_intensity_12g,5,True,133539835.0,29.0,2045900805.0,False,45.68118619351965,5.0,8.416831970214844,458.0,188.8489227294922,494.0,measured,,voluntary,mandatory,2026-09-12 16:53:36+00:00
STE,Steris,0001757898,Health Care,Health Care Equipment,C,True,,Ireland,2019-12-23,,,,,,,,False,,,,,,,,,,,,False,,,,,,,,,,,,349.6670732320368,,,,,,,,,,,,-10.8749,netzero_inferred,2.0,2045.0,2025.0,,Committed,,,,5935.9,sec_xbrl,1,2025,2026-03-31,1101.8,sec_xbrl,1.0,2025.0,369.0,2025.0,476.2,sec_secondhand,2024.0,1342.841,sec_ebit_plus_secondhand_da,2.0,2024.0,1931.7,sec_xbrl,1,2025.0,482.3,20549.123183599997,sec_shares_x_price,1,False,22480.823183599998,True,22125.824,13.487,yahoo,2,13.487,798.862528,0.914,6037.499904,0.029461274193186407,98.5853,141.962832,100.0,100.0,0.0,70.0,,1.0,,,,,,,False,False,,,5,True,1456655.0,13.0,1645417.0,False,53.2171581769437,1.0,19.038074493408203,405.0,80.0,488.0,unmeasurable,,,mandatory,2026-09-12 16:53:36+00:00
STLD,Steel Dynamics,0001022671,Materials,Steel,C,True,,Indiana,2022-12-22,2569896.58,2023.0,2569896.58,0.0,2569937.06,0.0,12.0,False,,,2750371.0,2023.0,wba,943432.0456178392,2026.0,2750371.0,2023.0,self_reported,1.0,False,3407925.0,wba,1.0,,2023.0,4041082.0,wba,1.0,2023.0,4084747.0,2023.0,415.51510490798,,,3.3491097662741165,ghgrp,2.0,0.7535454579761411,0.5975200495550428,14.0,2010.0,2023.0,,-2.011,nzt_interim,2.0,2030.0,2022.0,5.360109766274117,,,,,18176.581,sec_xbrl,1,2025,2025-12-31,1475.986,sec_xbrl,1.0,2025.0,948.025,2025.0,478.907,sec_secondhand,2024.0,2421.944,sec_ebit_plus_secondhand_da,2.0,2024.0,4211.163,sec_xbrl,1,2025.0,567.708032,34368.64222152,sec_shares_x_price,1,False,38579.80522152,True,38138.011648,14.26,yahoo,2,14.26,234.191248,1.515,20538.677248,0.049274316139377806,98.5853,141.962832,100.0,100.0,0.0,35.0,874.2491404542719,1.2593521276087238,1100.9875150911853,715.6418848092704,48.4856824393504,10205.053277380197,26.758220568940857,5.0,False,False,,,5,True,6238605.0,51.0,11622241.0,False,7.902249820685893,4.0,22.74549102783203,386.5,202.9499969482422,464.0,measured,,voluntary,mandatory,2026-09-12 16:53:36+00:00
STT,State Street Corporation,0000093751,Financials,Asset Management & Custody Banks,K,True,,Massachusetts,2003-03-14,,,,,,,,False,,,4813.0,2024.0,wba,,,4813.0,2024.0,self_reported,1.0,False,51651.0,wba,1.0,,2024.0,309669.0,wba,1.0,2024.0,56463.0,2024.0,246.38139635186002,,,,,,,,,,,,-5.479575934700309,wba,3.0,,,,,,,,13944.0,sec_xbrl,1,2025,2025-12-31,3731.0,sec_xbrl,1.0,2025.0,1055.0,2025.0,,,,,,,,25143.0,sec_xbrl,1,2025.0,,53127.321351,sec_shares_x_price,1,False,78270.32135099999,True,,11.851,sector_median,4,,,1.418,15022.999552,0.0761686310158724,98.5853,141.962832,100.0,100.0,0.0,50.0,8.015789346047999,1.0,8.015789346047999,4.0078946730239995,0.10742146001136423,47.49755977000742,,5.0,False,False,,,5,False,0.0,0.0,1237471675.0,True,29.222947006818913,5.0,55.31061935424805,224.0,96.5,418.0,unmeasurable,,voluntary,mandatory,2026-09-12 16:53:36+00:00
STX,Seagate Technology,0001137789,Information Technology,"Technology Hardware, Storage & Peripherals",C,True,,Ireland,2012-07-02,,,,,,,,False,,,279920.0,2023.0,wba,,,279920.0,2023.0,self_reported,1.0,False,651054.0,wba,1.0,,2023.0,5086400.0,wba,1.0,2023.0,536000.0,2023.0,349.6670732320368,,,,,,,,,,,,-9.7532,sbti_s12_absolute,2.0,2030.0,2022.0,,Targets set,1.5°C,,,9097.0,sec_xbrl,1,2025,2025-06-27,1890.0,sec_xbrl,1.0,2025.0,265.0,2025.0,251.0,sec_secondhand,2024.0,703.0,sec_ebit_plus_secondhand_da,2.0,2024.0,5046.0,sec_xbrl,1,2025.0,1704.0,188153.47950806,sec_shares_x_price,1,False,193199.47950806,True,190347.476992,40.0,yahoo_winsorised,3,42.281,1943.750016,2.087,12195.00032,0.2697556095538436,98.5853,141.962832,100.0,100.0,0.0,60.0,132.163705558368,1.0,132.163705558368,52.86548222334721,2.7971154615527625,2114.619288933888,1.1109258301452358,5.0,False,False,,,5,True,0.0,0.0,300000000.0,True,93.85630377352427,5.0,66.13226318359375,170.0,83.0,338.0,reported,,voluntary,mandatory,2026-09-12 16:53:36+00:00
STZ,Constellation Brands,0000016918,Consumer Staples,Distillers & Vintners,C,True,,New York,2005-07-01,,,,,,,,False,,,276470.0,2024.0,wba,,,276470.0,2024.0,self_reported,1.0,False,89773.0,wba,1.0,,2024.0,4884334.0,wba,1.0,2024.0,366243.0,2024.0,110.12134121912001,,,,,,,,,,,,-2.5996253574703254,wba,3.0,,,,,,,,9139.0,sec_xbrl,1,2025,2026-02-28,2721.4,sec_xbrl,1.0,2025.0,875.0,2025.0,447.0,sec_secondhand,2024.0,801.9,sec_ebit_plus_secondhand_da,2.0,2024.0,10568.5,sec_xbrl,1,2025.0,96.6,18827.991564982243,sec_shares_x_price,1,True,29396.491564982243,True,31640.045568,9.156,yahoo,2,9.156,2210.487552,0.4,9056.700416,0.02699368810274296,98.5853,141.962832,100.0,100.0,0.0,70.0,51.992893480175994,1.0,51.992893480175994,15.5978680440528,0.5731560242541632,142.81407981134745,0.45137128359823303,5.0,False,False,,,5,True,95000.0,1.0,473523.0,False,28.97575528048327,5.0,44.9899787902832,275.5,128.0,445.0,unmeasurable,,voluntary,mandatory,2026-09-12 16:53:36+00:00
SW,Smurfit Westrock,0002005951,Materials,Paper & Plastic Packaging Products & Materials,C,True,,Ireland,2024-07-08,81570.96400000062,2023.0,20400701.67288,14477099.832,83931.84715980176,5842030.876879999,35.0,False,,,8147000.0,2024.0,wba,360916.412624,2026.0,8147000.0,2024.0,self_reported,1.0,False,2300000.0,wba,1.0,,2024.0,10114319.0,wba,1.0,2024.0,10926000.0,2024.0,349.6670732320368,4.355759874967801,1160976.0,-0.4019843001662693,ghgrp,2.0,0.5235411291568468,0.03982220420098703,14.0,2010.0,2023.0,,-2.8812,sbti_s12_absolute,2.0,2030.0,2019.0,2.479215699833731,Targets set,Well-below 2°C,,,31179.0,sec_xbrl,1,2025,2025-12-31,1719.0,sec_xbrl,1.0,2025.0,2192.0,2025.0,1464.0,sec_secondhand,2024.0,2471.0,sec_ebit_plus_secondhand_da,2.0,2024.0,13427.0,sec_xbrl,1,2025.0,677.0,22669.88008376,sec_shares_x_price,1,False,36096.88008376,True,36150.362112,7.9,yahoo,2,7.9,1215.000064,0.931,31325.999104,0.032501802977527465,98.5853,141.962832,100.0,100.0,0.0,35.0,1483.0857059039997,0.9761220338229298,1447.6726355807277,940.9872131274731,54.74038470782275,7433.798983707037,20.563553307366206,5.0,False,False,,,5,True,6459586.0,94.0,121075786.0,False,,0.0,13.426852226257324,433.0,60.95000076293945,490.0,measured,,voluntary,mandatory,2026-09-12 16:53:36+00:00
SWK,Stanley Black & Decker,0000093556,Industrials,Industrial Machinery & Supplies & Components,C,True,,Connecticut,1982-09-30,,,,,,,,False,,,,,,,,,,,,False,,,,,,,,,,,,246.38139635186002,,,,,,,,,,,,-6.5824,sbti_s12_absolute,2.0,2030.0,2022.0,,Targets set,1.5°C,,,15130.4,sec_xbrl,1,2025,2026-01-03,417.9,sec_xbrl,1.0,2025.0,283.3,2025.0,426.3,sec_secondhand,2024.0,667.4,sec_ebit_plus_secondhand_da,2.0,2024.0,5863.7,sec_xbrl,1,2025.0,592.4,13476.72504284,sec_shares_x_price,1,False,19340.42504284,True,18095.824896,10.104,yahoo,2,10.104,1419.049984,1.173,15247.699968,0.019321578257420008,98.5853,141.962832,100.0,100.0,0.0,50.0,,1.0,,,,,,,False,False,,,5,True,428626.0,14.0,28063885.0,False,38.966949576796196,4.0,41.783565521240234,291.5,136.0,406.0,unmeasurable,,,mandatory,2026-09-12 16:53:36+00:00
SWKS,Skyworks Solutions,0000004127,Information Technology,Semiconductors,C,True,,California,2015-03-12,24116.71997,2023.0,24116.71997,0.0,24113.953969999995,0.0,2.0,False,,,28960.0,2024.0,wba,,,28960.0,2024.0,self_reported,1.0,False,141586.0,wba,1.0,,2024.0,,,,,69875.0,2024.0,195.03700802971002,,,-4.292654343684266,ghgrp,2.0,0.9043232871697545,0.6169619978045371,13.0,2011.0,2023.0,,-14.622990588362894,wba,3.0,,,,,,,,4086.9,sec_xbrl,1,2025,2025-10-03,500.0,sec_xbrl,1.0,2025.0,195.0,2025.0,,,,880.2,yahoo_ttm,3.0,,995.8,sec_xbrl,1,2025.0,799.2,13294.270289699998,sec_shares_x_price,1,False,14290.070289699997,True,13176.170496,14.97,yahoo,2,14.97,448.812512,1.518,4014.099968,0.019059992910829757,98.5853,141.962832,100.0,100.0,0.0,60.0,24.211193146272,0.7685491209159183,18.607491208892853,7.442996483557142,1.4885992967114285,111.42165735885042,0.8456300515591811,5.0,False,False,,,5,True,21000.0,1.0,62105.0,False,24.10325612113255,4.0,49.89979934692383,251.0,45.0,413.0,measured,,voluntary,mandatory,2026-09-12 16:53:36+00:00
SYF,Synchrony Financial,0001601712,Financials,Consumer Finance,K,True,,Connecticut,2015-11-18,,,,,,,,False,,,,,,,,,,,,False,,,,,,,,,,,,246.38139635186002,,,,,,,,,,,,,,,,,,,,,,22601.0,sec_xbrl,1,2025,2025-12-31,4621.0,sec_xbrl,1.0,2025.0,,,481.0,sec_secondhand,2024.0,5034.0,sec_ebit_plus_secondhand_da,2.0,2024.0,15182.0,sec_xbrl,1,2025.0,16193.000448,24724.9301316,sec_shares_x_price,1,False,39906.9301316,True,26679.93088,11.851,sector_median,4,,,1.308,9907.999744,0.03544812785957668,98.5853,141.962832,100.0,100.0,0.0,50.0,,1.0,,,,,,,False,False,,,5,False,0.0,0.0,262958300.0,True,60.885199829692354,5.0,55.31061935424805,224.0,96.5,418.0,unmeasurable,,,mandatory,2026-09-12 16:53:36+00:00
SYK,Stryker Corporation,0000310764,Health Care,Health Care Equipment,C,True,,Michigan,2000-12-12,,,,,,,,False,,,,,,,,,,,,False,,,,,,,,,,,,442.69617408786,,,,,,,,,,,,,,,,,,Commitment removed,,,,25116.0,sec_xbrl,1,2025,2025-12-31,4889.0,sec_xbrl,1.0,2025.0,761.0,2025.0,1426.0,sec_secondhand,2024.0,5115.0,sec_ebit_plus_secondhand_da,2.0,2024.0,15859.0,sec_xbrl,1,2025.0,3476.0,105697.38855576,sec_shares_x_price,1,False,121556.38855576,True,117667.38944,15.953,yahoo,2,15.953,4107.62496,0.768,25837.000704,0.15153832686302826,98.5853,141.962832,100.0,100.0,0.0,70.0,,1.0,,,,,,,False,False,,,5,True,95040.0,1.0,1806795594.0,False,28.185582644933913,5.0,46.49298858642578,268.0,63.0,344.0,unmeasurable,,,mandatory,2026-09-12 16:53:36+00:00
SYY,Sysco,0000096021,Consumer Staples,Food Distributors,G,True,,Texas,1986-12-31,,,,,,,,False,,,,,,,,,,,,False,,,,,,75000000.0,wba,3.0,2019.0,1620000.0,2019.0,334.12929392073005,,,,,,,,,,,,-2.8812,sbti_s12_absolute,2.0,2030.0,2019.0,,Targets set,Well-below 2°C,,,81370.0,sec_xbrl,1,2025,2025-06-28,3088.0,sec_xbrl,1.0,2025.0,906.0,2025.0,,,,4493.000192,yahoo_ttm,3.0,,13309.0,sec_xbrl,1,2025.0,1787.000064,39865.579491360004,sec_shares_x_price,1,False,53174.579491360004,True,53130.579968,11.825,yahoo,2,11.825,1914.0,0.627,84552.998912,0.057155274109338766,98.5853,141.962832,100.0,100.0,0.0,70.0,0.0,1.0,0.0,0.0,0.0,0.0,0.0,5.0,False,False,,,5,True,738135.0,23.0,50422047.0,False,79.37616655307757,5.0,45.991981506347656,270.5,95.0,444.0,unmeasurable,,,mandatory,2026-09-12 16:53:36+00:00
T,AT&T,0000732717,Communication Services,Integrated Telecommunication Services,J,True,,Texas,1983-11-30,0.0,2023.0,0.0,0.0,,0.0,1.0,False,,,545052.0,2024.0,wba,,,545052.0,2024.0,self_reported,1.0,False,4479117.0,wba,1.0,,2024.0,9129788.0,wba,1.0,2024.0,4150000.0,2024.0,334.12929392073005,,,,,,,,,,,,-6.4134,sbti_s12_absolute,2.0,2030.0,2015.0,,Targets set,1.5°C,,,125648.0,sec_xbrl,1,2025,2025-12-31,24162.0,sec_xbrl,1.0,2025.0,20842.0,2025.0,20580.0,sec_secondhand,2024.0,39629.0,sec_ebit_plus_secondhand_da,2.0,2024.0,136100.0,sec_xbrl,1,2025.0,17570.000896,178573.170039,sec_shares_x_price,1,False,314673.170039,True,344754.159616,7.672,yahoo,2,7.672,10142.000128,0.431,127238.995968,0.2560203216001067,98.5853,141.962832,100.0,100.0,0.0,60.0,713.2452596866079,1.0,713.2452596866079,285.2981038746432,1.1807718892254084,2188.8070529262623,0.6348892368301623,5.0,False,False,,,5,False,86897124.0,26.0,1192043906.0,False,31.946028017445204,4.0,34.66933822631836,327.0,13.0,485.0,measured,,voluntary,mandatory,2026-09-12 16:53:36+00:00
TAP,Molson Coors Beverage Company,0000024545,Consumer Staples,Brewers,C,True,,Illinois,1976-06-30,377025.74,2023.0,382623.04,5597.3,377041.47300000006,0.0,6.0,False,,,525506.0,2024.0,wba,,,525506.0,2024.0,self_reported,1.0,False,302360.0,wba,1.0,,2024.0,3742594.0,wba,1.0,2024.0,736120.0,2024.0,415.51510490798,,,-2.7349131453373476,ghgrp,2.0,0.8678715673173503,0.7112940626202482,4.0,2020.0,2023.0,,-7.2245,sbti_s12_absolute,2.0,2030.0,2016.0,4.489586854662653,Targets set,1.5°C,Targets set,2050.0,13040.3,sec_xbrl,1,2025,2025-12-31,-2336.9,sec_xbrl,1.0,2025.0,716.6,2025.0,,,,2263.399936,yahoo_ttm,3.0,,6269.5,sec_xbrl,1,2025.0,2128.099968,7750.963,sec_shares_x_price,1,True,14020.463,True,13333.451776,7.60025,yahoo_winsorised,3,5.891,935.137472,0.42,11083.49952,0.011112554251778909,98.5853,141.962832,100.0,100.0,0.0,70.0,117.52620187651199,0.8467240074331036,99.51225663127218,29.853676989381658,,226.89540853854794,1.7017004474936943,5.0,False,False,,,5,True,1607571.0,23.0,12685849.0,False,43.097059461169515,4.0,21.24248695373535,394.0,176.9499969482422,481.0,measured,,voluntary,mandatory,2026-09-12 16:53:36+00:00
TDG,TransDigm Group,0001260221,Industrials,Aerospace & Defense,C,True,,Ohio,2016-06-03,,,,,,,,False,,,,,,,,,,,,False,,,,,,,,,,,,415.51510490798,,,,,,,,,,,,,,,,,,,,,,8831.0,sec_xbrl,1,2025,2025-09-30,4165.0,sec_xbrl,1.0,2025.0,222.0,2025.0,312.0,sec_secondhand,2024.0,3843.0,sec_ebit_plus_secondhand_da,2.0,2024.0,29291.0,sec_xbrl,1,2025.0,2780.0,63032.926988,sec_shares_x_price,1,False,92323.92698799999,True,93827.923968,18.416,yahoo,2,18.416,1457.374976,0.893,10005.999616,0.09037029602677357,98.5853,141.962832,100.0,100.0,0.0,50.0,,1.0,,,,,,,False,True,Article 12(1)(a),gics_proxy,4,True,343433.0,12.0,21522372.0,False,10.172735108265218,5.0,38.076148986816406,310.0,140.0,409.0,unmeasurable,,,mandatory,2026-09-12 16:53:36+00:00
TDY,Teledyne Technologies,0001094285,Information Technology,Electronic Equipment & Instruments,C,True,,California,2020-06-22,,,,,,,,False,,,,,,,,,,,,False,,,,,,,,,,,,195.03700802971002,,,,,,,,,,,,,,,,,,,,,,6115.4,sec_xbrl,1,2025,2025-12-28,1149.8,sec_xbrl,1.0,2025.0,117.3,2025.0,,,,1592.4,yahoo_ttm,3.0,,2475.4,sec_xbrl,1,2025.0,340.1,27989.091800669998,sec_shares_x_price,1,False,30464.49180067,True,29675.99104,18.636,yahoo,2,18.636,912.675008,0.908,6374.4,0.04012795585438424,98.5853,141.962832,100.0,100.0,0.0,60.0,,1.0,,,,,,,False,False,,,5,True,12500.0,1.0,44966133.0,False,24.47740261227138,2.0,34.61923599243164,327.25,139.0,416.0,unmeasurable,,,mandatory,2026-09-12 16:53:36+00:00
TECH,Bio-Techne,0000842023,Health Care,Life Sciences Tools & Services,C,True,,Minnesota,2021-08-30,,,,,,,,False,,,,,,,,,,,,False,,,,,,,,,,,,420.27691760824,,,,,,,,,,,,-18.1811,sbti_s12_absolute,2.0,2031.0,2025.0,,Targets set,1.5°C,,,1219.635,sec_xbrl,1,2025,2025-06-30,102.255,sec_xbrl,1.0,2025.0,31.006,2025.0,111.711,sec_secondhand,2024.0,318.397,sec_ebit_plus_secondhand_da,2.0,2024.0,346.0,sec_xbrl,1,2025.0,265.479008,11309.731324560002,sec_shares_x_price,1,False,11655.731324560002,True,11333.339136,30.134099999999997,yahoo_winsorised,3,33.921,229.65312,1.275,1215.038976,0.016214759755299613,98.5853,141.962832,100.0,100.0,0.0,70.0,,1.0,,,,,,,False,False,,,5,True,,,,False,35.549210462396864,3.0,83.26653289794922,84.5,30.5,283.0,unmeasurable,,,mandatory,2026-09-12 16:53:36+00:00
TEL,TE Connectivity,0001385157,Information Technology,Electronic Manufacturing Services,C,True,,Ireland,2011-10-17,,,,,,,,False,,,32102.0,2024.0,wba,,,32102.0,2024.0,self_reported,1.0,False,443295.0,wba,1.0,,2024.0,3664200.0,wba,1.0,2024.0,101717.0,2024.0,349.6670732320368,,,,,,,,,,,,-11.3432,sbti_s12_absolute,2.0,2030.0,2020.0,,Targets set,1.5°C,,,17262.0,sec_xbrl,1,2025,2025-09-26,3211.0,sec_xbrl,1.0,2025.0,936.0,2025.0,826.0,sec_secondhand,2024.0,3622.0,sec_ebit_plus_secondhand_da,2.0,2024.0,4842.0,sec_xbrl,1,2025.0,1239.000064,61365.22380688001,sec_shares_x_price,1,False,66207.22380688,True,66091.225088,13.349,yahoo,2,13.349,2336.875008,1.158,19321.99936,0.08797931027751116,98.5853,141.962832,100.0,100.0,0.0,60.0,67.48870444430399,1.0,67.48870444430399,26.995481777721597,0.84071883456,360.3626862508056,0.5452504258636229,5.0,False,False,,,5,True,4523908.0,5.0,35602468.0,False,52.731477355434414,5.0,17.835670471191406,411.0,159.0,500.0,unmeasurable,,voluntary,mandatory,2026-09-12 16:53:36+00:00
TER,Teradyne,0000097210,Information Technology,Semiconductor Materials & Equipment,C,True,,Massachusetts,2020-09-21,,,,,,,,False,,,2442.0,2021.0,report_pdf,,,2442.0,2021.0,self_reported,3.0,False,29211.0,report_pdf,3.0,,2021.0,4330.0,report_pdf,3.0,2021.0,,,246.38139635186002,,,,,,,,,,,,-8.6789,sbti_s12_absolute,2.0,2030.0,2024.0,,Targets set,1.5°C,Targets set,2050.0,3190.024,sec_xbrl,1,2025,2025-12-31,650.051,sec_xbrl,1.0,2025.0,224.009,2025.0,119.741,sec_secondhand,2024.0,713.529,sec_ebit_plus_secondhand_da,2.0,2024.0,100.127,yahoo,3,,354.828992,59365.709590000006,sec_shares_x_price,1,False,59465.836590000006,True,59147.157504,39.303,yahoo,2,39.303,437.381248,1.778,4464.031232,0.0851126071062688,98.5853,141.962832,100.0,100.0,0.0,60.0,4.493549521296,1.0,4.493549521296,1.7974198085184,0.2765044294245221,70.64399073419868,0.11943767666167418,5.0,False,False,,,5,True,0.0,0.0,125000.0,True,71.21416143947559,5.0,66.13226318359375,170.0,83.0,338.0,reported,,voluntary,vendor,2026-09-12 16:53:36+00:00
TFC,Truist Financial,0000092230,Financials,Diversified Banks,K,True,,North Carolina,1997-12-04,,,,,,,,False,,,13382.0,2024.0,wba,,,13382.0,2024.0,self_reported,1.0,False,122508.0,wba,1.0,,2024.0,373392.0,wba,1.0,2024.0,135890.0,2024.0,270.48892363262,,,,,,,,,,,,-3.8405,nzt_interim,2.0,2030.0,2019.0,,,,,,24542.0,sec_xbrl,1,2025,2025-12-31,6349.0,sec_xbrl,1.0,2025.0,564.0,2022.0,,,,,,,,69802.0,sec_xbrl,1,2025.0,50461.999104,61569.959875199995,sec_shares_x_price,1,False,131371.9598752,True,89813.958656,11.851,sector_median,4,,,0.862,19028.000768,0.08827284034164665,98.5853,141.962832,100.0,100.0,0.0,50.0,19.29132924048,1.0,19.29132924048,9.64566462024,0.15192415530382736,114.31077141446424,0.12727506183341772,5.0,False,False,,,5,False,0.0,0.0,1748203907.0,True,43.78424572552178,3.0,55.31061935424805,224.0,96.5,418.0,unmeasurable,,voluntary,mandatory,2026-09-12 16:53:36+00:00
TGT,Target Corporation,0000027419,Consumer Staples,Consumer Staples Merchandise Retail,G,True,,Minnesota,1976-12-31,0.0,2023.0,0.0,0.0,,0.0,1.0,True,,,818148.0,2023.0,wba,,,818148.0,2023.0,self_reported,1.0,False,1474620.0,wba,1.0,,2023.0,49565000.0,wba,1.0,2023.0,1590537.0,2023.0,420.27691760824,,,,,,,,,,,,-2.7064,nzt_interim,2.0,2030.0,2017.0,,Targets set,2°C,Committed,,104780.0,sec_xbrl,1,2025,2026-01-31,5117.0,sec_xbrl,1.0,2025.0,3727.0,2025.0,2981.0,sec_secondhand,2024.0,8547.0,sec_ebit_plus_secondhand_da,2.0,2024.0,16456.0,sec_xbrl,1,2025.0,5410.999808,70793.06037088,sec_shares_x_price,1,False,87249.06037088,True,84578.05824,9.843,yahoo,2,9.843,3432.999936,0.986,107704.999936,0.1014959978548296,98.5853,141.962832,100.0,100.0,0.0,70.0,325.48783839897595,1.0,325.48783839897595,97.6463515196928,1.9082734320831112,961.1330380083363,1.1363857932053847,5.0,False,False,,,5,True,31421155.0,27.0,193673083.0,False,79.51549328950415,5.0,17.234468460083008,414.0,249.5,463.0,unmeasurable,,voluntary,mandatory,2026-09-12 16:53:36+00:00
TJX,TJX Companies,0000109198,Consumer Discretionary,Apparel Retail,G,True,,Massachusetts,1985-09-30,,,,,,,,False,,,131022.0,2023.0,wba,,,131022.0,2023.0,self_reported,1.0,False,584589.0,wba,1.0,,2023.0,138083.0,wba,1.0,2023.0,541624.0,2023.0,246.38139635186002,,,,,,,,,,,,-5.9575,nzt_interim,2.0,2030.0,2017.0,,,,,,60372.0,sec_xbrl,1,2025,2026-01-31,7299.0,sec_xbrl,1.0,2025.0,1957.0,2025.0,1104.0,sec_secondhand,2024.0,7587.0,sec_ebit_plus_secondhand_da,2.0,2024.0,2869.0,sec_xbrl,1,2025.0,6003.999744,138618.73116722,sec_shares_x_price,1,False,141487.73116722,True,146931.728384,16.504,yahoo,2,16.504,4398.125056,0.593,62363.000832,0.19873764981312492,98.5853,141.962832,100.0,100.0,0.0,40.0,101.590164170352,1.0,101.590164170352,60.954098502211195,0.8351020482560789,1005.9864416804936,0.6846624978448423,5.0,False,False,,,5,True,5580627.0,9.0,254290605.0,False,74.92873340949345,5.0,28.657318115234375,357.0,187.0,426.0,unmeasurable,,voluntary,mandatory,2026-09-12 16:53:36+00:00
TKO,TKO Group Holdings,0001973266,Communication Services,Movies & Entertainment,J,True,,New York,2025-03-24,,,,,,,,False,,,,,,,,,,,,False,,,,,,,,,,,,392.69487277328005,,,,,,,,,,,,,,,,,,,,,,4735.151,sec_xbrl,1,2025,2025-12-31,835.015,sec_xbrl,1.0,2025.0,,,457.925,sec_secondhand,2024.0,740.827,sec_ebit_plus_secondhand_da,2.0,2024.0,3762.124,sec_xbrl,1,2025.0,592.484992,36922.24711232,sec_shares_x_price,1,True,40684.371112320005,True,23244.240896,14.347,yahoo,2,14.347,856.14752,0.643,5301.862912,0.05293541900964347,98.5853,141.962832,100.0,100.0,0.0,60.0,,1.0,,,,,,,False,False,,,5,False,,,,False,,,81.663330078125,92.5,7.5,250.5,unmeasurable,,,mandatory,2026-09-12 16:53:36+00:00
TMO,Thermo Fisher Scientific,0000097745,Health Care,Life Sciences Tools & Services,C,True,,Massachusetts,2004-08-03,28392.342,2023.0,28392.342,0.0,28393.536000000004,0.0,1.0,False,,,,,,,,28392.342,2023.0,ghgrp_fossil,1.0,False,,,,,,,,,,,,246.38139635186002,,,3.7134100410179505,ghgrp,2.0,0.9685608453791966,0.7944410576016078,4.0,2020.0,2023.0,,-6.9428,sbti_s12_absolute,2.0,2050.0,2018.0,10.65621004101795,Targets set,1.5°C,Targets set,2050.0,44556.0,sec_xbrl,1,2025,2025-12-31,7746.0,sec_xbrl,1.0,2025.0,1525.0,2025.0,,,,11738.999808,yahoo_ttm,3.0,,35852.0,sec_xbrl,1,2025.0,4064.0,225479.28994852002,sec_shares_x_price,1,False,261331.28994852002,True,264092.286976,22.497,yahoo,2,22.497,6237.250048,0.854,46336.0,0.32326961723407993,98.5853,141.962832,100.0,100.0,0.0,70.0,4.030657277432543,1.2907567267970983,5.202597994259733,1.5607793982779201,0.020149488746164734,35.11285412305837,0.013295675737114326,5.0,False,False,,,5,True,328290.0,13.0,17352966.0,False,84.86486067363728,5.0,30.661319732666016,347.0,34.0,489.5249938964844,measured,,mandatory,mandatory,2026-09-12 16:53:36+00:00
TMUS,T-Mobile US,0001283699,Communication Services,Wireless Telecommunication Services,J,True,,Washington,2019-07-15,,,,,,,,False,,,70350.0,2021.0,report_pdf,,,70350.0,2021.0,self_reported,3.0,False,0.0,report_pdf,3.0,,2021.0,7263741.0,report_pdf,3.0,2021.0,,,288.15226411279,,,,,,,,,,,,-10.8749,sbti_combined,2.0,2040.0,2020.0,,Targets set,1.5°C,Targets set,2040.0,88309.0,sec_xbrl,1,2025,2025-12-31,18279.0,sec_xbrl,1.0,2025.0,9955.0,2025.0,12919.0,sec_secondhand,2024.0,30929.0,sec_ebit_plus_secondhand_da,2.0,2024.0,86282.0,sec_xbrl,1,2025.0,2824.999936,195580.21519829,sec_shares_x_price,1,False,281862.21519829,True,313182.224384,9.112,yahoo,2,9.112,11335.999488,0.331,92188.99968,0.2804033191702233,98.5853,141.962832,100.0,100.0,0.0,60.0,9.9870852312,1.0,9.9870852312,3.99483409248,0.021854773742983752,36.40092825067776,0.011622922827844065,5.0,False,False,,,5,False,309892.0,4.0,1888077562.0,False,27.825498616299086,5.0,51.30260467529297,244.0,20.0,367.0,reported,,voluntary,mandatory,2026-09-12 16:53:36+00:00
TPL,Texas Pacific Land Corporation,0001811074,Energy,Oil & Gas Exploration & Production,B,True,,Texas,2024-11-26,,,,,,,,False,,,,,,,,,,,,False,,,,,,,,,,,,334.12929392073005,,,,,,,,,,,,,,,,,,,,,,798.19,sec_xbrl,1,2025,2025-12-31,592.161,sec_xbrl,1.0,2025.0,35.951,2025.0,25.162,sec_secondhand,2024.0,564.3000000000001,sec_ebit_plus_secondhand_da,2.0,2024.0,18.016,yahoo,3,,248.612,25458.555495300003,sec_shares_x_price,1,False,25476.571495300002,True,25227.96032,17.334,yahoo_winsorised,3,34.019,-32.836124,0.618,897.540992,0.03649992641087893,98.5853,141.962832,100.0,100.0,0.0,60.0,,1.0,,,,,,,False,True,Article 12(1)(e),gics_proxy,4,True,,,,False,,0.0,79.25851440429688,104.5,1.0,462.0,unmeasurable,,,vendor,2026-09-12 16:53:36+00:00
TPR,"Tapestry, Inc.",0001116132,Consumer Discretionary,"Apparel, Accessories & Luxury Goods",C,True,,New York,2004-09-01,,,,,,,,False,,,4584.0,2023.0,wba,,,4584.0,2023.0,self_reported,1.0,False,37585.0,wba,1.0,,2023.0,797180.0,wba,1.0,2023.0,6607.0,2023.0,392.69487277328005,,,,,,,,,,,,-16.161,sbti_s12_absolute,2.0,2030.0,2022.0,,Targets set,1.5°C,Targets set,2050.0,7010.7,sec_xbrl,1,2025,2025-06-28,415.0,sec_xbrl,1.0,2025.0,122.7,2025.0,162.9,sec_secondhand,2024.0,1303.0,sec_ebit_plus_secondhand_da,2.0,2024.0,2413.3,sec_xbrl,1,2025.0,1152.0,23625.919926219998,sec_shares_x_price,1,False,26039.219926219997,True,26430.019584,13.062,yahoo,2,13.062,1399.924992,1.432,8004.199936,0.033872477126816895,98.5853,141.962832,100.0,100.0,0.0,40.0,5.986430662608,1.0,5.986430662608,3.5918583975648,0.8655080476059759,46.91685438899142,0.17751350595817786,5.0,False,False,,,5,True,25000.0,1.0,3092700.0,False,76.06081113542552,5.0,53.1062126159668,235.0,117.0,302.0,unmeasurable,,voluntary,mandatory,2026-09-12 16:53:36+00:00
TRGP,Targa Resources,0001389170,Energy,Oil & Gas Storage & Transportation,H,True,,Texas,2022-10-12,8471488.696985682,2023.0,8471488.696985682,0.0,8556594.17656293,0.0,87.0,False,,,9531000.0,2023.0,wba,,,9531000.0,2023.0,self_reported,1.0,False,3691000.0,wba,1.0,,2023.0,32700000.0,wba,1.0,2023.0,13222000.0,2023.0,334.12929392073005,,,9.10432895927238,ghgrp,2.0,1.750557113921744,0.7686742119091053,9.0,2015.0,2023.0,,,,,,,,,,,,17028.3,sec_xbrl,1,2025,2025-12-31,3331.2,sec_xbrl,1.0,2025.0,3333.3,2025.0,1423.0,sec_secondhand,2024.0,4118.4,sec_ebit_plus_secondhand_da,2.0,2024.0,16662.4,sec_xbrl,1,2025.0,132.3,62238.60384525,sec_shares_x_price,1,False,78901.00384525,True,81823.506432,14.883,yahoo,2,14.883,65.8375,0.722,16741.499904,0.08923147508062108,98.5853,141.962832,100.0,100.0,0.0,60.0,1877.032564704,1.8403222537376096,3454.344799814951,1381.7379199259803,41.47868395551094,20564.405462258364,25.132637745546337,5.0,False,True,Article 12(1)(e);Article 12(1)(f),gics_proxy,4,True,13607853.0,82.0,13818190.0,False,6.394087284308739,4.0,10.420841217041016,448.0,193.0,498.0,measured,,voluntary,mandatory,2026-09-12 16:53:36+00:00
TRMB,Trimble Inc.,0000864749,Information Technology,Application Software,J,True,,Colorado,2021-01-21,,,,,,,,False,,,3100.0,2020.0,report_pdf,,,3100.0,2020.0,self_reported,3.0,False,6600.0,report_pdf,3.0,,2020.0,1500.0,report_pdf,3.0,2020.0,,,472.88773582743,,,,,,,,,,,,-6.1069,sbti_s12_absolute,2.0,2030.0,2019.0,,Targets set,1.5°C,,,3587.3,sec_xbrl,1,2025,2026-01-02,592.0,sec_xbrl,1.0,2025.0,25.3,2025.0,232.0,sec_secondhand,2024.0,692.7,sec_ebit_plus_secondhand_da,2.0,2024.0,1392.2,sec_xbrl,1,2025.0,214.4,13445.150035679999,sec_shares_x_price,1,False,14837.35003568,True,14690.050048,16.691,yahoo,2,16.691,686.174976,1.362,3782.899968,0.01927630917536326,98.5853,141.962832,100.0,100.0,0.0,60.0,1.3770394704,1.0,1.3770394704,0.55081578816,0.09304320745945946,9.19366632017856,0.06258430904005155,5.0,False,False,,,5,False,0.0,0.0,33126.0,True,93.00035371373475,5.0,66.13226318359375,170.0,83.0,338.0,reported,,voluntary,mandatory,2026-09-12 16:53:36+00:00
TROW,T. Rowe Price,0001113169,Financials,Asset Management & Custody Banks,K,True,,Maryland,2019-07-29,,,,,,,,False,,,1845.0,2024.0,wba,,,1845.0,2024.0,self_reported,1.0,False,17219.0,wba,1.0,,2024.0,81682795.0,wba,1.0,2024.0,18904.0,2024.0,271.7789403329,,,,,,,,,,,,-14.2756,nzt_interim,2.0,2030.0,2021.0,,,,,,7314.8,sec_xbrl,1,2025,2025-12-31,2188.8,sec_xbrl,1.0,2025.0,274.2,2025.0,,,,2963.800064,yahoo_ttm,3.0,,450.6,yahoo,3,,3234.299904,22673.3416965,sec_shares_x_price,1,False,23123.9416965,True,21059.9424,7.106,yahoo,2,7.106,2023.912448,1.48,7592.0,0.03250676589108697,98.5853,141.962832,100.0,100.0,0.0,50.0,2.706379429248,1.0,2.706379429248,1.353189714624,0.06182336049999999,9.615766112118143,0.04565903329402336,5.0,False,False,,,5,False,0.0,0.0,7000000.0,True,69.39596800213805,4.0,55.31061935424805,224.0,96.5,418.0,reported,,voluntary,vendor,2026-09-12 16:53:36+00:00
TRV,Travelers Companies (The),0000086312,Financials,Property & Casualty Insurance,K,True,,New York,2002-08-21,,,,,,,,False,,,19069.0,2024.0,wba,,,19069.0,2024.0,self_reported,2.0,False,18938.0,wba,2.0,,2024.0,20210.0,wba,2.0,2024.0,38007.0,2024.0,392.69487277328005,,,,,,,,,,,,,,,,,,,,,,48828.0,sec_xbrl,1,2025,2025-12-31,7796.0,sec_xbrl,1.0,2025.0,,,715.0,sec_secondhand,2024.0,6895.0,sec_ebit_plus_secondhand_da,2.0,2024.0,9267.0,sec_xbrl,1,2025.0,5061.000192,78257.3482544,sec_shares_x_price,1,False,87524.3482544,True,82264.35072,7.166,yahoo,2,7.166,14775.124992,0.451,48979.001344,0.11219754604394003,98.5853,141.962832,100.0,100.0,0.0,50.0,5.395581355824,1.0,5.395581355824,2.697790677912,0.03460480602760389,19.33236799791739,0.023500298523862696,5.0,False,False,,,5,False,0.0,0.0,233632624.0,True,52.2311520171431,4.0,55.31061935424805,224.0,96.5,418.0,unmeasurable,,voluntary,mandatory,2026-09-12 16:53:36+00:00
TSCO,Tractor Supply,0000916365,Consumer Discretionary,Other Specialty Retail,G,True,,Tennessee,2014-01-24,,,,,,,,False,,,63622.0,2020.0,report_pdf,,,63622.0,2020.0,self_reported,3.0,False,185409.0,report_pdf,3.0,,2020.0,,,,,,,409.73270937522005,,,,,,,,,,,,,,,,,,Commitment removed,,,,15524.046,sec_xbrl,1,2025,2025-12-27,1467.389,sec_xbrl,1.0,2025.0,894.77,2025.0,447.162,sec_secondhand,2024.0,1914.694,sec_ebit_plus_secondhand_da,2.0,2024.0,1764.974,sec_xbrl,1,2025.0,231.588,17199.53492237,sec_shares_x_price,1,False,18964.508922369998,True,23512.92416,12.174,yahoo,2,12.174,103.175,0.469,15750.723584,0.024658970108643607,98.5853,141.962832,100.0,100.0,0.0,40.0,35.353146015792,1.0,35.353146015792,21.2118876094752,1.4455531293661872,258.233519757751,1.0982620366592082,5.0,False,False,,,5,True,1675031.0,17.0,4458181.0,False,63.0920691743694,5.0,27.454912185668945,363.0,187.0500030517578,432.0,reported,,voluntary,mandatory,2026-09-12 16:53:36+00:00
TSLA,"Tesla, Inc.",0001318605,Consumer Discretionary,Automobile Manufacturers,C,True,,Texas,2020-12-21,80515.196,2023.0,80515.196,0.0,80518.69199999998,0.0,2.0,False,,,302000.0,2024.0,wba,,,302000.0,2024.0,self_reported,1.0,False,754000.0,wba,1.0,,2024.0,94967000.0,wba,1.0,2024.0,1056000.0,2024.0,334.12929392073005,,,2.796671336175316,ghgrp,2.0,2.4311557874156176,0.11758564373790092,10.0,2013.0,2022.0,,-15.1657,netzero_inferred,2.0,2040.0,2026.0,17.962371336175316,Commitment removed,,,,94827.0,sec_xbrl,1,2025,2025-12-31,4355.0,sec_xbrl,1.0,2025.0,8527.0,2025.0,,,,10755.00032,yahoo_ttm,3.0,,6584.0,sec_xbrl,1,2025.0,43524.001792,1443322.59966336,sec_shares_x_price,1,False,1449906.59966336,True,1416539.537408,30.974799999999973,yahoo_winsorised,3,131.71,4835.999744,1.845,103619.002368,2.0692913501945065,98.5853,141.962832,100.0,100.0,0.0,40.0,149.91275059199998,1.1799790912755912,176.89391121417248,106.13634672850348,2.4371147354421008,3287.5521126460467,0.23208332883257507,5.0,False,False,,,5,True,3442670.0,10.0,99418624.0,False,25.644913260021518,5.0,31.790918350219727,341.3633117675781,27.0,497.0,measured,,voluntary,mandatory,2026-09-12 16:53:36+00:00
TSN,Tyson Foods,0000100493,Consumer Staples,Packaged Foods & Meats,C,True,,Arkansas,2005-08-10,1874907.486,2023.0,1893314.586,18407.1,2017752.423,0.0,37.0,False,,,,,,,,1874907.486,2023.0,ghgrp_fossil,1.0,False,,,,,,,,,,5800000.0,2022.0,336.44805811617,,,6.892190166770051,ghgrp,2.0,0.7492342112457601,0.8650868489039755,14.0,2010.0,2023.0,,-2.5155,sbti_s12_absolute,2.0,2030.0,2016.0,9.40769016677005,Targets set,2°C,,,54441.0,sec_xbrl,1,2025,2025-09-27,1098.0,sec_xbrl,1.0,2025.0,978.0,2025.0,1388.0,sec_secondhand,2024.0,2797.0,sec_ebit_plus_secondhand_da,2.0,2024.0,7921.0,sec_xbrl,1,2025.0,740.0,18913.86,sec_shares_x_price,1,True,26834.86,True,26010.443776,9.383,yahoo,2,9.383,1191.250048,0.371,55694.000128,0.02711679766250349,98.5853,141.962832,100.0,100.0,0.0,70.0,266.1671764505603,1.5944901086072678,424.4009300863437,127.32027902590313,11.595653827495731,1194.646178100049,4.592948080349004,5.0,False,False,,,5,True,71032228.0,90.0,485200207.0,False,19.746085832587198,5.0,2.8056085109710693,486.0,441.0,499.0,measured,,mandatory,mandatory,2026-09-12 16:53:36+00:00
TT,Trane Technologies,0001466258,Industrials,Building Products,C,True,,Ireland,2010-11-17,0.0,2023.0,0.0,0.0,,0.0,2.0,True,,,,,,,,,,,,False,,,,,,,,,,,,349.6670732320368,,,,,,,,,,,,-7.1585,sbti_s12_absolute,2.0,2050.0,2019.0,,Targets set,1.5°C,Targets set,2050.0,21321.9,sec_xbrl,1,2025,2025-12-31,3967.4,sec_xbrl,1.0,2025.0,383.0,2025.0,379.4,sec_secondhand,2024.0,3879.5,sec_ebit_plus_secondhand_da,2.0,2024.0,3922.1,sec_xbrl,1,2025.0,1318.300032,97364.65628603999,sec_shares_x_price,1,False,101286.75628603999,True,100685.357056,23.37,yahoo,2,23.37,3121.687552,1.197,22209.900544,0.13959169011443168,98.5853,141.962832,100.0,100.0,0.0,50.0,,1.0,,,,,,,False,False,,,5,True,1584090.0,6.0,2282719.0,False,83.72878311231565,4.0,29.659318923950195,352.0,149.5,421.0,unmeasurable,,,mandatory,2026-09-12 16:53:36+00:00
TTD,Trade Desk (The),0001671933,Communication Services,Advertising,M,True,,California,2025-07-18,,,,,,,,False,,,,,,,,,,,,False,,,,,,,,,,,,195.03700802971002,,,,,,,,,,,,,,,,,,,,,,2896.284,sec_xbrl,1,2025,2025-12-31,589.321,sec_xbrl,1.0,2025.0,197.011,2025.0,87.49,sec_secondhand,2024.0,514.6569999999999,sec_ebit_plus_secondhand_da,2.0,2024.0,434.110016,yahoo,3,,1485.332992,7077.52134,sec_shares_x_price,1,True,7511.631356,True,5686.858752,8.148,yahoo,2,8.148,582.992768,1.005,2990.138112,0.010147041065590556,98.5853,141.962832,100.0,100.0,0.0,60.0,,1.0,,,,,,,False,False,,,5,False,,,,False,38.43416370106761,1.0,81.663330078125,92.5,7.5,250.5,unmeasurable,,,vendor,2026-09-12 16:53:36+00:00
TTWO,Take-Two Interactive,0000946581,Communication Services,Interactive Home Entertainment,J,True,,New York,2018-03-19,,,,,,,,False,,,,,,,,,,,,False,,,,,,,,,,,,392.69487277328005,,,,,,,,,,,,-7.6746,sbti_s12_absolute,2.0,2033.0,2023.0,,Targets set,1.5°C,,,6656.4,sec_xbrl,1,2025,2026-03-31,-104.2,sec_xbrl,1.0,2025.0,162.8,2025.0,229.4,sec_secondhand,2024.0,-4161.700000000001,sec_ebit_plus_secondhand_da,2.0,2024.0,2530.0,sec_xbrl,1,2025.0,1826.599936,40288.67605321,sec_shares_x_price,1,False,42818.67605321,True,41406.775296,33.47359999999998,yahoo_winsorised,3,54.021,1256.137472,0.966,6686.49984,0.057761867573570144,98.5853,141.962832,100.0,100.0,0.0,60.0,,1.0,,,,,,,False,False,,,5,False,0.0,0.0,23503381.0,True,49.24222186179195,2.0,81.663330078125,92.5,7.5,250.5,unmeasurable,,,mandatory,2026-09-12 16:53:36+00:00
TXN,Texas Instruments,0000097476,Information Technology,Semiconductors,C,True,,Texas,2001-03-12,1057774.335383,2023.0,1057774.335383,0.0,1054183.413383,0.0,6.0,False,,,1010000.0,2024.0,wba,,,1057774.335383,2023.0,ghgrp_fossil_floor,1.0,True,1670000.0,wba,1.0,,2024.0,2448590.0,wba,1.0,2024.0,2010000.0,2024.0,334.12929392073005,,,1.7698277089601477,ghgrp,2.0,0.49283919047222435,0.5039963077351612,13.0,2011.0,2023.0,,-7.4867,sbti_s12_absolute,2.0,2030.0,2023.0,9.256527708960148,Targets set,1.5°C,,,17682.0,sec_xbrl,1,2025,2025-12-31,6023.0,sec_xbrl,1.0,2025.0,4550.0,2025.0,,,,9520.0,yahoo_ttm,3.0,,14048.0,sec_xbrl,1,2025.0,7000.999936,245389.65322819998,sec_shares_x_price,1,False,259437.65322819998,True,252440.65792,26.517,yahoo,2,26.517,3545.250048,1.314,19452.99968,0.35181510146849954,98.5853,141.962832,100.0,100.0,0.0,60.0,387.24256970788844,1.1306632459775479,437.84094084660796,175.1363763386432,2.907793065559409,4644.091291371802,1.8396764331217768,5.0,False,False,,,5,True,135498.0,7.0,495498.0,False,51.289671534358334,5.0,11.022043228149414,445.0,280.0,494.0,measured,,mandatory,mandatory,2026-09-12 16:53:36+00:00
TXT,Textron,0000217346,Industrials,Aerospace & Defense,C,True,,Rhode Island,1978-12-31,55579.572,2023.0,55579.572,0.0,55583.717000000004,0.0,2.0,False,,,,,,,,55579.572,2023.0,ghgrp_fossil,1.0,False,,,,,,,,,,,,246.38139635186002,,,2.588405821747064,ghgrp,2.0,3.0330477845773625,0.11273082535559664,6.0,2018.0,2023.0,,,,,,,,,,,,14799.0,sec_xbrl,1,2025,2026-01-03,1137.0,sec_xbrl,1.0,2025.0,383.0,2025.0,382.0,sec_secondhand,2024.0,1325.0,sec_ebit_plus_secondhand_da,2.0,2024.0,4211.000064,yahoo,3,,1436.0,13930.940277,sec_shares_x_price,1,False,18141.940341,True,16705.94048,9.944,yahoo,2,9.944,452.750016,0.898,15299.00032,0.01997278655651619,98.5853,141.962832,100.0,100.0,0.0,50.0,7.8902334424679035,1.1958810053636897,9.435780301732722,4.717890150866361,0.41494196577540554,46.9146996602151,0.2808264504257057,5.0,False,True,Article 12(1)(a),nbim_exclusion,2,True,2093248.0,21.0,21104914.0,False,18.651842598063798,5.0,26.65330696105957,367.0,78.0,459.5,measured,,mandatory,vendor,2026-09-12 16:53:36+00:00
TYL,Tyler Technologies,0000860731,Information Technology,Application Software,J,True,,Texas,2020-06-22,,,,,,,,False,,,,,,,,,,,,False,,,,,,,,,,,,334.12929392073005,,,,,,,,,,,,,,,,,,,,,,2332.34,sec_xbrl,1,2025,2025-12-31,357.676,sec_xbrl,1.0,2025.0,16.015,2025.0,143.437,sec_secondhand,2024.0,442.963,sec_ebit_plus_secondhand_da,2.0,2024.0,599.663,sec_xbrl,1,2025.0,970.035008,13787.40208758,sec_shares_x_price,1,False,14387.06508758,True,14272.397312,31.127,yahoo,2,31.127,594.435648,0.835,2429.657088,0.01976699588029546,98.5853,141.962832,100.0,100.0,0.0,60.0,,1.0,,,,,,,False,False,,,5,False,0.0,0.0,3758313.0,True,43.62078177325332,2.0,66.13226318359375,170.0,83.0,338.0,unmeasurable,,,mandatory,2026-09-12 16:53:36+00:00
UAL,United Airlines Holdings,0000100517,Industrials,Passenger Airlines,H,True,,Illinois,2015-09-03,27078.746,2023.0,27078.746,0.0,27079.701,0.0,1.0,False,,,38520027.0,2024.0,wba,,,38520027.0,2024.0,self_reported,1.0,False,160201.0,wba,1.0,,2024.0,13139063.0,wba,1.0,2024.0,38680228.0,2024.0,415.51510490798,,,-1.103907537986737,ghgrp,2.0,0.5651412208609435,0.23616972139587578,12.0,2012.0,2023.0,,-4.2397,nzt_interim,2.0,2035.0,2019.0,3.135792462013263,Targets set,Well-below 2°C,Commitment removed,,59070.0,sec_xbrl,1,2025,2025-12-31,4713.0,sec_xbrl,1.0,2025.0,5874.0,2025.0,2928.0,sec_secondhand,2024.0,8024.0,sec_ebit_plus_secondhand_da,2.0,2024.0,21266.0,sec_xbrl,1,2025.0,16636.99968,35645.78984104,sec_shares_x_price,1,False,56911.78984104,True,52676.788224,9.271899999999999,yahoo_winsorised,3,7.429,910.124992,1.272,62902.001664,0.05110536245058408,98.5853,141.962832,100.0,100.0,0.0,50.0,5491.154709285696,0.9355667825736815,5137.3419439807385,2568.6709719903693,54.50182414577486,23816.4603851975,45.212438320881745,5.0,False,False,,,5,True,2685316.0,13.0,210647642.0,False,12.080146313836435,5.0,65.13025665283203,175.0,15.0,382.0,measured,,voluntary,mandatory,2026-09-12 16:53:36+00:00
UBER,Uber,0001543151,Industrials,Passenger Ground Transportation,H,True,,California,2023-12-18,,,,,,,,False,,,1712.0,2023.0,wba,,,1712.0,2023.0,self_reported,1.0,False,141476.0,wba,1.0,,2023.0,31600284.0,wba,1.0,2023.0,143188.0,2023.0,195.03700802971002,,,,,,,,,,,,-11.4133,sbti_s12_absolute,2.0,2040.0,2021.0,,Targets set,1.5°C,Targets set,2040.0,52017.0,sec_xbrl,1,2025,2025-12-31,5565.0,sec_xbrl,1.0,2025.0,336.0,2025.0,711.0,sec_secondhand,2024.0,3510.0,sec_ebit_plus_secondhand_da,2.0,2024.0,10521.0,sec_xbrl,1,2025.0,5391.000064,146390.28387207,sec_shares_x_price,1,False,156911.28387207,True,156813.279232,20.981,yahoo,2,20.981,7244.749824,1.159,55226.998784,0.2098797235210248,98.5853,141.962832,100.0,100.0,0.0,50.0,20.327373988415996,1.0,20.327373988415996,10.163686994207998,0.18263588489142854,213.24431682547802,0.13598613450968663,5.0,False,False,,,5,True,0.0,0.0,936257633.0,True,24.555160142348754,1.0,80.86172485351562,96.5,12.0,394.5,unmeasurable,,voluntary,mandatory,2026-09-12 16:53:36+00:00
UDR,"UDR, Inc.",0000074208,Real Estate,Multi-Family Residential REITs,L,True,,Colorado,2016-03-07,,,,,,,,False,,,,,,,,,,,,False,,,,,,,,,,,,472.88773582743,,,,,,,,,,,,,,,,,,Commitment removed,,,,1712.317,sec_xbrl,1,2025,2025-12-31,553.606,sec_xbrl,1.0,2025.0,252.857,2025.0,695.473,sec_secondhand,2024.0,980.0419999999999,sec_ebit_plus_secondhand_da,2.0,2024.0,5821.369,sec_xbrl,1,2025.0,2.83,11411.037733359999,sec_shares_x_price,1,False,17232.40673336,True,18218.627072,17.505,yahoo,2,17.505,779.827776,0.685,1766.329984,0.016360002735280665,98.5853,141.962832,100.0,100.0,0.0,60.0,,1.0,,,,,,,False,False,,,5,True,,,,False,69.68196202585966,4.0,74.44889831542969,128.5,73.5,330.5,unmeasurable,,,mandatory,2026-09-12 16:53:36+00:00
UHS,Universal Health Services,0000352915,Health Care,Health Care Facilities,Q,True,,Pennsylvania,2014-09-20,,,,,,,,False,,,,,,,,,,,,False,,,,,,,,,,,,271.7789403329,,,,,,,,,,,,,,,,,,,,,,17364.829,sec_xbrl,1,2025,2025-12-31,1994.015,sec_xbrl,1.0,2025.0,1015.152,2025.0,,,,2699.612928,yahoo_ttm,3.0,,4752.551,sec_xbrl,1,2025.0,138.8,11269.89146,sec_shares_x_price,1,True,16022.442460000002,True,15568.671744,7.6888,yahoo_winsorised,3,5.767,498.316992,1.061,18114.486272,0.01615764134868272,98.5853,141.962832,100.0,100.0,0.0,70.0,,1.0,,,,,,,False,False,,,5,False,466848.0,11.0,197558980.0,False,23.47799832690022,5.0,36.272544860839844,319.0,76.0,438.95001220703125,unmeasurable,,,mandatory,2026-09-12 16:53:36+00:00
ULTA,Ulta Beauty,0001403568,Consumer Discretionary,Other Specialty Retail,G,True,,Illinois,2016-04-18,,,,,,,,False,,,8477.0,2024.0,wba,,,8477.0,2024.0,self_reported,2.0,False,86996.0,wba,2.0,,2024.0,2023047.0,wba,2.0,2024.0,95473.0,2024.0,415.51510490798,,,,,,,,,,,,-18.8869,sbti_s12_absolute,2.0,2030.0,2019.0,,Targets set,1.5°C,,,12392.82,sec_xbrl,1,2025,2026-01-31,1532.992,sec_xbrl,1.0,2025.0,434.829,2025.0,267.042,sec_secondhand,2024.0,1832.014,sec_ebit_plus_secondhand_da,2.0,2024.0,800.0,sec_xbrl,1,2020.0,213.451008,23378.929993379996,sec_shares_x_price,1,False,24178.929993379996,True,25689.509888,13.281,yahoo,2,13.281,914.08736,0.854,12955.516928,0.03351836770475828,98.5853,141.962832,100.0,100.0,0.0,40.0,13.553617459536,1.0,13.553617459536,8.1321704757216,0.5304770328691604,108.00335608805857,0.42041812614926044,5.0,False,False,,,5,True,777339.0,2.0,10688335.0,False,61.09845063683521,4.0,30.46092414855957,348.0,184.0,416.0,reported,,voluntary,mandatory,2026-09-12 16:53:36+00:00
UNH,UnitedHealth Group,0000731766,Health Care,Managed Health Care,K,True,,Minnesota,1994-07-01,,,,,,,,False,,,,,,,,,,,,False,,,,,,,,,,,,420.27691760824,,,,,,,,,,,,-12.2693,sbti_s12_absolute,2.0,2030.0,2023.0,,Targets set,1.5°C,Committed,,447567.0,sec_xbrl,1,2025,2025-12-31,18964.0,sec_xbrl,1.0,2025.0,3622.0,2025.0,,,,26680.999936,yahoo_ttm,3.0,,77681.0,sec_xbrl,1,2025.0,31467.999232,340269.23054923,sec_shares_x_price,1,False,417950.23054923,True,389631.246336,14.603,yahoo,2,14.603,24272.25088,0.622,450525.986816,0.4878439343200817,98.5853,141.962832,100.0,100.0,0.0,70.0,,1.0,,,,,,,False,False,,,5,False,5000.0,1.0,2705411016.0,False,68.32388335608243,4.0,61.32263946533203,194.0,50.0,324.95001220703125,unmeasurable,,,mandatory,2026-09-12 16:53:36+00:00
UNP,Union Pacific Corporation,0000100885,Industrials,Rail Transportation,H,True,,Nebraska,1957-03-04,,,,,,,,False,,,,,,,,,,,,False,,,,,,,,,,,,420.27691760824,,,,,,,,,,,,-5.6757,sbti_s12_absolute,2.0,2030.0,2018.0,,Targets set,1.5°C,Commitment removed,,24510.0,sec_xbrl,1,2025,2025-12-31,9846.0,sec_xbrl,1.0,2025.0,3791.0,2025.0,,,,12883.999744,yahoo_ttm,3.0,,31814.0,sec_xbrl,1,2025.0,2114.0,168955.07163119997,sec_shares_x_price,1,False,200769.07163119997,True,198010.077184,15.369,yahoo,2,15.369,4720.75008,0.966,25410.000896,0.2422308556517302,98.5853,141.962832,100.0,100.0,0.0,50.0,,1.0,,,,,,,False,False,,,5,True,41200460.0,58.0,197123529.0,False,32.848888593759455,5.0,13.026052474975586,435.0,159.0,479.0,unmeasurable,,,mandatory,2026-09-12 16:53:36+00:00
UPS,United Parcel Service,0001090727,Industrials,Air Freight & Logistics,H,True,,Georgia,2002-07-22,,,,,,,,False,,,14408000.0,2024.0,wba,,,14408000.0,2024.0,self_reported,1.0,False,729000.0,wba,1.0,,2024.0,9833000.0,wba,1.0,2024.0,15044000.0,2024.0,383.74232016659,,,,,,,,,,,,-4.5158,nzt_interim,2.0,2035.0,2020.0,,,,,,88661.0,sec_xbrl,1,2025,2025-12-31,7867.0,sec_xbrl,1.0,2025.0,3685.0,2025.0,3000.0,sec_secondhand,2024.0,11468.0,sec_ebit_plus_secondhand_da,2.0,2024.0,23519.0,sec_xbrl,1,2025.0,4653.000192,85238.0,sec_shares_x_price,1,True,108757.0,True,109368.377344,9.271899999999999,yahoo_winsorised,3,9.051,5593.999872,1.038,89929.998336,0.12220570518955266,98.5853,141.962832,100.0,100.0,0.0,50.0,2148.8913879839997,1.0,2148.8913879839997,1074.4456939919999,13.65762926137028,9962.153030124422,9.108805737137464,5.0,False,False,,,5,True,16684890.0,28.0,472202440.0,False,63.120430055121304,5.0,21.643287658691406,392.0,154.0,440.0,unmeasurable,,voluntary,mandatory,2026-09-12 16:53:36+00:00
URI,United Rentals,0001067701,Industrials,Trading Companies & Distributors,G,True,,Connecticut,2014-09-20,,,,,,,,False,,,,,,,,,,,,False,,,,,,,,,,,,246.38139635186002,,,,,,,,,,,,,,,,,,,,,,16099.0,sec_xbrl,1,2025,2025-12-31,3973.0,sec_xbrl,1.0,2025.0,4130.0,2024.0,,,,4690.999808,yahoo_ttm,3.0,,12652.0,sec_xbrl,1,2025.0,112.0,61964.962459840004,sec_shares_x_price,1,False,74616.96245984,True,76838.289408,16.38,yahoo,2,16.38,1706.249984,1.787,16832.0,0.08883915547583127,98.5853,141.962832,100.0,100.0,0.0,50.0,,1.0,,,,,,,False,False,,,5,True,351484.0,4.0,17004105.0,False,62.16254063759945,4.0,43.88777542114258,281.0,134.0,404.0,unmeasurable,,,mandatory,2026-09-12 16:53:36+00:00
USB,U.S. Bancorp,0000036104,Financials,Diversified Banks,K,True,,Minnesota,1999-11-01,,,,,,,,False,,,36798.0,2023.0,wba,,,36798.0,2023.0,self_reported,2.0,False,167102.0,wba,2.0,,2023.0,4055153.0,wba,2.0,2023.0,203900.0,2023.0,420.27691760824,,,,,,,,,,,,-7.6329,netzero_inferred,2.0,2050.0,2021.0,,,,,,28656.0,sec_xbrl,1,2025,2025-12-31,9517.0,sec_xbrl,1.0,2025.0,,,,,,,,,,60764.0,sec_xbrl,1,2025.0,70379.003904,97907.95286664,sec_shares_x_price,1,False,158671.95286664,True,134495.952896,11.851,sector_median,4,,,0.971,27320.999936,0.14037061432381362,98.5853,141.962832,100.0,100.0,0.0,50.0,28.946221444799995,1.0,28.946221444799995,14.473110722399998,0.15207639720920454,171.5208351711624,0.12752862184915867,5.0,False,False,,,5,False,0.0,0.0,1681932826.0,True,17.683677050249376,4.0,55.31061935424805,224.0,96.5,418.0,unmeasurable,,voluntary,mandatory,2026-09-12 16:53:36+00:00
V,Visa Inc.,0001403161,Financials,Transaction & Payment Processing Services,K,True,,California,2009-12-21,,,,,,,,False,,,10319.0,2023.0,wba,,,10319.0,2023.0,self_reported,1.0,False,67187.0,wba,1.0,,2023.0,409500.0,wba,1.0,2023.0,10600.0,2023.0,195.03700802971002,,,,,,,,,,,,-14.1041,sbti_s12_absolute,2.0,2030.0,2019.0,,Targets set,1.5°C,Targets set,2040.0,40000.0,sec_xbrl,1,2025,2025-09-30,23994.0,sec_xbrl,1.0,2025.0,1482.0,2025.0,,,,31093.999616,yahoo_ttm,3.0,,25171.0,sec_xbrl,1,2025.0,13792.0,635386.350594438,sec_shares_x_price,1,True,660557.350594438,True,691456.835584,22.238,yahoo,2,22.238,20404.000768,0.761,44487.999488,0.9109532959737399,98.5853,141.962832,100.0,100.0,0.0,50.0,11.002971256992,1.0,11.002971256992,5.501485628496,0.022928588932633158,122.34203740649404,0.017693373050996702,5.0,False,False,,,5,False,7525.0,1.0,6432177525.0,False,75.42108477122828,4.0,35.871742248535156,321.0,147.0,442.0,unmeasurable,,voluntary,mandatory,2026-09-12 16:53:36+00:00
VEEV,Veeva Systems,0001393052,Health Care,Health Care Technology,J,True,,California,2026-05-07,,,,,,,,False,,,,,,,,,,,,False,,,,,,,,,,,,195.03700802971002,,,,,,,,,,,,-7.7448,sbti_s12_absolute,2.0,2035.0,2024.0,,Targets set,1.5°C,,,3195.311,sec_xbrl,1,2025,2026-01-31,916.369,sec_xbrl,1.0,2025.0,3.113,2019.0,,,,1075.341056,yahoo_ttm,3.0,,151.695008,yahoo,3,,7242.947072,42484.88224,sec_shares_x_price,1,False,42636.577248,True,35393.630208,30.134099999999997,yahoo_winsorised,3,32.914,1257.709824,0.974,3458.09792,0.0609105679865119,98.5853,141.962832,100.0,100.0,0.0,70.0,,1.0,,,,,,,False,False,,,5,False,0.0,0.0,50001.0,True,84.34163701067615,1.0,83.26653289794922,84.5,30.5,283.0,unmeasurable,,,vendor,2026-09-12 16:53:36+00:00
VICI,Vici Properties,0001705696,Real Estate,Hotel & Resort REITs,L,True,,New York,2022-06-08,,,,,,,,False,,,,,,,,,,,,False,,,,,,,,,,,,392.69487277328005,,,,,,,,,,,,,,,,,,,,,,4006.116,sec_xbrl,1,2025,2025-12-31,2820.979,sec_xbrl,1.0,2025.0,1.335,2025.0,,,,3639.224064,yahoo_ttm,3.0,,16773.241,sec_xbrl,1,2025.0,300.947008,27339.75586446,sec_shares_x_price,1,False,44112.99686446,True,45314.445312,13.1348,yahoo_winsorised,3,12.452,267.028992,0.682,4097.604096,0.039197003040035455,98.5853,141.962832,100.0,100.0,0.0,60.0,,1.0,,,,,,,False,False,,,5,True,17500.0,2.0,11381063.0,False,,0.0,37.07415008544922,315.0,101.0,413.0,unmeasurable,,,mandatory,2026-09-12 16:53:36+00:00
VLO,Valero Energy,0001035002,Energy,Oil & Gas Refining & Marketing,C,True,,Texas,2002-12-20,23517862.268,2023.0,23517862.268,0.0,23531770.621,0.0,29.0,False,,,26700000.0,2024.0,wba,14722644.338760857,2026.0,26700000.0,2024.0,self_reported,1.0,False,5500000.0,wba,1.0,,2024.0,,,,,32200000.0,2024.0,334.12929392073005,,,0.1007304303728418,ghgrp,2.0,0.17791579941199168,0.022503894987994544,14.0,2010.0,2023.0,,-6.8555,nzt_interim,2.0,2025.0,2011.0,6.956230430372842,,,,,122687.0,sec_xbrl,1,2025,2025-12-31,3181.0,sec_xbrl,1.0,2025.0,2057.0,2024.0,2774.0,sec_secondhand,2024.0,6529.0,sec_ebit_plus_secondhand_da,2.0,2024.0,8261.0,sec_xbrl,1,2025.0,7873.999872,112412.63932362001,sec_shares_x_price,1,False,120673.63932362001,True,119154.638848,8.906,yahoo,2,8.906,8416.374784,0.568,132429.996032,0.16116598067483778,98.5853,141.962832,100.0,100.0,0.0,60.0,4571.2031904,1.0060590662086917,4598.900413184016,1839.5601652736063,57.829618524791144,16383.12283192674,13.749462874731988,5.0,False,True,Article 12(1)(e),sec_segment,1,True,1195697050.0,274.0,1198154601.0,False,25.266597319042,5.0,7.014030456542969,465.0,269.0,493.0,measured,,voluntary,mandatory,2026-09-12 16:53:36+00:00
VLTO,Veralto,0001967680,Industrials,Environmental & Facilities Services,C,True,,Massachusetts,2023-10-02,,,,,,,,False,,,,,,,,,,,,False,,,,,,,,,,,,246.38139635186002,,,,,,,,,,,,,,,,,,Committed,,,,5503.0,sec_xbrl,1,2025,2025-12-31,1277.0,sec_xbrl,1.0,2025.0,63.0,2025.0,78.0,sec_secondhand,2024.0,1286.0,sec_ebit_plus_secondhand_da,2.0,2024.0,2673.0,sec_xbrl,1,2025.0,2119.000064,23110.8909306,sec_shares_x_price,1,False,25783.8909306,True,24415.952896,17.565,yahoo,2,17.565,807.124992,0.759,5696.0,0.03313408014891023,98.5853,141.962832,100.0,100.0,0.0,50.0,,1.0,,,,,,,False,False,,,5,True,30720.0,3.0,47664.0,False,,0.0,56.162322998046875,219.75,63.0,399.0,unmeasurable,,,mandatory,2026-09-12 16:53:36+00:00
VMC,Vulcan Materials Company,0001396009,Materials,Construction Materials,C,True,,Alabama,1999-06-30,636280.328,2013.0,636280.328,0.0,636311.728,0.0,1.0,False,,,,,,,,,,,,False,,,,,,,,,,,,383.74232016659,,,8.025047981097932,ghgrp,2.0,3.270860680156341,0.6283751791175101,4.0,2010.0,2013.0,,,,,,,,,,,,7941.1,sec_xbrl,1,2025,2025-12-31,1619.6,sec_xbrl,1.0,2025.0,677.7,2025.0,632.2,sec_secondhand,2024.0,1996.7,sec_ebit_plus_secondhand_da,2.0,2024.0,4440.1,sec_xbrl,1,2025.0,194.2,32794.2496349,sec_shares_x_price,1,False,37234.3496349,True,37521.53088,16.033,yahoo,2,16.033,843.6,1.054,8115.800064,0.04701710977258012,98.5853,141.962832,100.0,100.0,0.0,35.0,,1.0,,,,,,,False,False,,,5,True,3068431.0,36.0,4904378.0,False,27.583958114588608,5.0,28.85771369934082,356.0,45.0,475.0,measured,,,mandatory,2026-09-12 16:53:36+00:00
VMRK,Vivmark Residential,0000906107,Real Estate,Multi-Family Residential REITs,L,True,,Illinois,2001-12-03,,,,,,,,False,,,62911.0,2023.0,wba,,,62911.0,2023.0,self_reported,1.0,False,46120.0,wba,1.0,,2023.0,153488.0,wba,1.0,2023.0,109031.0,2023.0,415.51510490798,,,,,,,,,,,,-2.9286,sbti_combined,2.0,2030.0,2018.0,,Targets set,Well-below 2°C,,,3093.959,sec_xbrl,1,2025,2025-12-31,869.752,sec_xbrl,1.0,2025.0,661.594,2025.0,,,,1832.704,yahoo_ttm,3.0,,8241.242,sec_xbrl,1,2025.0,90.121,50713.485312,yahoo_override_upc,3,False,58954.727311999995,True,,18.826,sector_median,4,,1387.12,0.537,3089.94688,0.07270791472316315,98.5853,141.962832,100.0,100.0,0.0,60.0,15.478349535791999,1.0,15.478349535791999,6.1913398143168,0.7118511730144685,116.55816334432808,,5.0,False,False,,,5,True,,,,False,,,74.44889831542969,128.5,73.5,330.5,unmeasurable,,voluntary,vendor,2026-09-12 16:53:36+00:00
VRSK,Verisk Analytics,0001442145,Industrials,Research & Consulting Services,M,True,,New Jersey,2015-10-08,,,,,,,,False,,,13874.0,2021.0,report_pdf,,,13874.0,2021.0,self_reported,3.0,False,9539.0,report_pdf,3.0,,2021.0,9998.0,report_pdf,3.0,2020.0,,,271.7789403329,,,,,,,,,,,,-7.8945,sbti_s12_absolute,2.0,2050.0,2022.0,,Targets set,1.5°C,Targets set,2050.0,3072.7,sec_xbrl,1,2025,2025-12-31,1343.9,sec_xbrl,1.0,2025.0,244.1,2025.0,233.6,sec_secondhand,2024.0,1487.5,sec_ebit_plus_secondhand_da,2.0,2024.0,4737.2,sec_xbrl,1,2025.0,552.2,23086.048208,sec_shares_x_price,1,False,27823.248208,True,26998.388736,17.811,yahoo,2,17.811,1055.550016,0.662,3136.0,0.03309846314201,98.5853,141.962832,100.0,100.0,0.0,50.0,3.3237757856159997,1.0,3.3237757856159997,1.6618878928079999,0.12366157398675495,29.599885258803287,0.10963574733381928,5.0,False,False,,,5,False,0.0,0.0,4000000.0,True,72.19792259270528,5.0,80.86172485351562,96.5,12.0,394.5,reported,,voluntary,mandatory,2026-09-12 16:53:36+00:00
VRSN,Verisign,0001014473,Information Technology,Internet Services & Infrastructure,J,True,,Virginia,2006-02-01,,,,,,,,False,,,,,,,,,,,,False,,,,,,,,,,,,270.48892363262,,,,,,,,,,,,,,,,,,,,,,1656.6,sec_xbrl,1,2025,2025-12-31,1121.0,sec_xbrl,1.0,2025.0,22.8,2025.0,,,,1186.0,yahoo_ttm,3.0,,2340.300032,yahoo,3,,1034.099968,26431.713,sec_shares_x_price,1,False,28772.013032,True,27737.913344,23.388,yahoo,2,23.388,832.837504,0.699,1707.900032,0.03789514214942709,98.5853,141.962832,100.0,100.0,0.0,60.0,,1.0,,,,,,,False,False,,,5,False,,,,False,56.12380422101218,5.0,66.13226318359375,170.0,83.0,338.0,unmeasurable,,,vendor,2026-09-12 16:53:36+00:00
VRT,Vertiv,0001674101,Industrials,Electrical Components & Equipment,C,True,,Ohio,2026-03-23,,,,,,,,False,,,,,,,,,,,,False,,,,,,,,,,,,415.51510490798,,,,,,,,,,,,,,,,,,,,,,10229.9,sec_xbrl,1,2025,2025-12-31,1829.7,sec_xbrl,1.0,2025.0,220.0,2025.0,277.0,sec_secondhand,2024.0,1644.4,sec_ebit_plus_secondhand_da,2.0,2024.0,2913.0,sec_xbrl,1,2025.0,3110.599936,98965.05975138,sec_shares_x_price,1,False,101878.05975138,True,99192.659968,33.992300000000014,yahoo_winsorised,3,37.029,2696.5376,2.075,11479.600128,0.14188618827334767,98.5853,141.962832,100.0,100.0,0.0,50.0,,1.0,,,,,,,False,False,,,5,True,0.0,0.0,5000.0,True,,,80.86172485351562,96.5,12.0,394.5,unmeasurable,,,mandatory,2026-09-12 16:53:36+00:00
VRTX,Vertex Pharmaceuticals,0000875320,Health Care,Biotechnology,C,True,,Massachusetts,2013-09-23,,,,,,,,False,,,8976.0,2024.0,wba,,,8976.0,2024.0,self_reported,1.0,False,16117.0,wba,1.0,,2024.0,551647.0,wba,1.0,2024.0,12906.0,2024.0,246.38139635186002,,,,,,,,,,,,-5.301565543605246,wba,3.0,,,,,,,,12001.3,sec_xbrl,1,2025,2025-12-31,4173.3,sec_xbrl,1.0,2025.0,437.6,2025.0,207.2,sec_secondhand,2024.0,-25.700000000000017,sec_ebit_plus_secondhand_da,2.0,2024.0,1977.6,yahoo,3,,7852.400128,130643.89866656001,sec_shares_x_price,1,False,132621.49866656002,True,124769.099776,24.462,yahoo,2,24.462,2627.887616,0.32,12587.200512,0.18730413389872388,98.5853,141.962832,100.0,100.0,0.0,70.0,3.562273343376,1.0,3.562273343376,1.0686820030128001,0.02560760077187837,26.142099157699118,0.02095238260485365,5.0,False,False,,,5,True,0.0,0.0,9000.0,True,43.86570656423699,5.0,83.26653289794922,84.5,30.5,283.0,reported,,voluntary,vendor,2026-09-12 16:53:36+00:00
VST,Vistra Corp.,0001692819,Utilities,Electric Utilities,D,True,,Texas,2024-05-08,86320993.138,2023.0,86320993.138,0.0,86328454.38399999,0.0,62.0,False,39292406.11590802,2026.0,86194601.0,2024.0,wba,38723196.11675621,2026.0,86320993.138,2023.0,ghgrp_fossil_floor,1.0,True,214558.0,wba,1.0,,2024.0,1866457.0,wba,1.0,2024.0,86409159.0,2024.0,334.12929392073005,732.9381636957148,64279859.0,0.5542363767334413,ghgrp,2.0,0.9808109790921988,0.022561593015535286,14.0,2010.0,2023.0,-2.2020038475898396,-8.3094,sbti_s12_absolute,2.0,2028.0,2018.0,8.863636376733442,Targets set,1.5°C,,,17738.0,sec_xbrl,1,2025,2025-12-31,1906.0,sec_xbrl,1.0,2025.0,2752.0,2025.0,1843.0,sec_secondhand,2024.0,5924.0,sec_ebit_plus_secondhand_da,2.0,2024.0,17043.0,sec_xbrl,1,2025.0,435.0,49801.550234099996,sec_shares_x_price,1,False,66844.5502341,True,72362.549248,10.888,yahoo,2,10.888,37.125,1.414,19211.999232,0.07140047356684955,98.5853,141.962832,100.0,100.0,0.0,80.0,12284.831908231303,1.0394476119475007,12769.439190187486,2553.8878380374967,133.9920166861226,27806.730780552265,38.42696404358752,5.0,True,True,Article 12(1)(g),power_intensity_12g,5,True,525792739.0,15.0,931881493.0,False,,0.0,1.202404499053955,494.0,402.0,500.0,measured,,mandatory,mandatory,2026-09-12 16:53:36+00:00
VTR,Ventas,0000740260,Real Estate,Health Care REITs,L,True,,Illinois,2009-03-04,,,,,,,,False,,,,,,,,,,,,False,,,,,,,,,,,,415.51510490798,,,,,,,,,,,,-6.5824,sbti_s12_absolute,2.0,2030.0,2022.0,,Targets set,1.5°C,,,5833.98,sec_xbrl,1,2025,2025-12-31,204.321,sec_xbrl,1.0,2025.0,2928.069,2025.0,,,,2380.859904,yahoo_ttm,3.0,,13011.016,sec_xbrl,1,2025.0,198.956,46160.04284641,sec_shares_x_price,1,False,59171.05884641,True,59442.31936,24.967,yahoo,2,24.967,1486.853504,0.724,6418.988032,0.06617964508347801,98.5853,141.962832,100.0,100.0,0.0,60.0,,1.0,,,,,,,False,False,,,5,True,0.0,0.0,53590.0,True,82.13455931149093,5.0,74.44889831542969,128.5,73.5,330.5,unmeasurable,,,mandatory,2026-09-12 16:53:36+00:00
VTRS,Viatris,0001792044,Health Care,Pharmaceuticals,C,True,,Pennsylvania,2004-04-23,26031.806,2023.0,26031.806,0.0,26031.583000000002,0.0,1.0,False,,,355000.0,2021.0,report_pdf,,,355000.0,2021.0,self_reported,3.0,False,415800.0,report_pdf,3.0,,2021.0,,,,,,,271.7789403329,,,,,,,,,,,,-5.3016,sbti_s12_absolute,2.0,2030.0,2020.0,,Targets set,1.5°C,,,14299.9,sec_xbrl,1,2025,2025-12-31,-2663.1,sec_xbrl,1.0,2025.0,378.8,2025.0,2893.2,sec_secondhand,2024.0,2903.2999999999997,sec_ebit_plus_secondhand_da,2.0,2024.0,14413.9,sec_xbrl,1,2025.0,1510.499968,18963.235164640002,sec_shares_x_price,1,False,33377.13516464,True,31076.435968,7.6888,yahoo_winsorised,3,7.24,2677.3376,0.883,14737.30048,0.02718758682712117,98.5853,141.962832,100.0,100.0,0.0,70.0,109.4249509056,1.0,109.4249509056,32.827485271680004,,252.4039687568932,0.8122037192965061,5.0,False,False,,,5,True,0.0,0.0,2301752253.0,True,29.75871313672922,1.0,85.57113647460938,73.0,14.9694242477417,264.0,measured,,voluntary,mandatory,2026-09-12 16:53:36+00:00
VZ,Verizon,0000732712,Communication Services,Integrated Telecommunication Services,J,True,,New York,1983-11-30,,,,,,,,False,,,265859.0,2024.0,wba,,,265859.0,2024.0,self_reported,1.0,False,3596917.0,wba,1.0,,2024.0,13743238.0,wba,1.0,2024.0,3862776.0,2024.0,392.69487277328005,,,,,,,,,,,,-6.6336,sbti_s12_absolute,2.0,2030.0,2019.0,,Targets set,1.5°C,Committed,,138191.0,sec_xbrl,1,2025,2025-12-31,29259.0,sec_xbrl,1.0,2025.0,16658.0,2018.0,,,,51081.998336,yahoo_ttm,3.0,,158150.0,sec_xbrl,1,2025.0,1796.0,210273.17297322,sec_shares_x_price,1,False,368423.17297322,True,403399.180288,7.897,yahoo,2,7.897,17466.624,0.24,138894.999552,0.3014686100757542,98.5853,141.962832,100.0,100.0,0.0,60.0,548.370620341632,1.0,548.370620341632,219.34824813665284,0.7496778705241219,1732.1931155351476,0.4293992650898492,5.0,False,False,,,5,False,14680863.0,44.0,3089112207.0,False,62.598705431786904,3.0,27.304607391357422,363.75,24.524999618530273,471.0,unmeasurable,,voluntary,mandatory,2026-09-12 16:53:36+00:00
WAB,Wabtec,0000943452,Industrials,Construction Machinery & Heavy Transportation Equipment,C,True,,Pennsylvania,2019-02-27,35202.768,2023.0,35202.768,0.0,35204.28599999999,0.0,1.0,False,,,,,,,,35202.768,2023.0,ghgrp_fossil,1.0,False,,,,,,,,,,,,271.7789403329,,,-12.859163071997926,ghgrp,2.0,1.2771074660066277,0.9452738704329927,5.0,2019.0,2023.0,,,,,,,,,,,,11167.0,sec_xbrl,1,2025,2025-12-31,1793.0,sec_xbrl,1.0,2025.0,260.0,2025.0,,,,2651.000064,yahoo_ttm,3.0,,5541.0,sec_xbrl,1,2025.0,660.0,47838.93122022,sec_shares_x_price,1,False,53379.93122022,True,54144.929792,20.424,yahoo,2,20.424,1101.374976,0.921,11980.000256,0.0685866670414779,98.5853,141.962832,100.0,100.0,0.0,50.0,4.997484639518976,0.3815505527439313,1.9067930265377713,0.9533965132688856,0.05317325785102541,19.472170387003718,0.0359630540879947,5.0,False,False,,,5,True,205751.0,6.0,40264367.0,False,50.28323775662416,4.0,82.1643295288086,90.0,9.0,297.0,measured,,mandatory,mandatory,2026-09-12 16:53:36+00:00
WAT,Waters Corporation,0001000697,Health Care,Life Sciences Tools & Services,C,True,,Massachusetts,2002-01-02,,,,,,,,False,,,,,,,,,,,,False,,,,,,,,,,,,246.38139635186002,,,,,,,,,,,,-8.6789,sbti_s12_absolute,2.0,2030.0,2024.0,,Targets set,1.5°C,Targets set,2050.0,3165.286,sec_xbrl,1,2025,2025-12-31,802.588,sec_xbrl,1.0,2025.0,112.745,2025.0,,,,1452.048,yahoo_ttm,3.0,,947.445,sec_xbrl,1,2025.0,539.0,40118.633645739996,sec_shares_x_price,1,False,41066.078645739995,True,45056.63488,30.134099999999997,yahoo_winsorised,3,31.03,-142.067632,1.194,4644.285952,0.0575180778047229,98.5853,141.962832,100.0,100.0,0.0,70.0,,1.0,,,,,,,False,False,,,5,True,6713300.0,3.0,7532900.0,False,68.04211142630132,5.0,10.821640014648438,446.0,82.0,499.0,unmeasurable,,,mandatory,2026-09-12 16:53:36+00:00
WBD,Warner Bros. Discovery,0001437107,Communication Services,Broadcasting,J,True,,New York,2022-04-11,,,,,,,,False,,,130342.0,2024.0,wba,,,130342.0,2024.0,self_reported,2.0,False,147622.0,wba,2.0,,2024.0,1086530.0,wba,2.0,2024.0,269964.0,2024.0,392.69487277328005,,,,,,,,,,,,,,,,,,,,,,37296.0,sec_xbrl,1,2025,2025-12-31,738.0,sec_xbrl,1.0,2025.0,1231.0,2025.0,7037.0,sec_secondhand,2024.0,-2995.0,sec_ebit_plus_secondhand_da,2.0,2024.0,32567.0,sec_xbrl,1,2025.0,3411.000064,70400.12092456,sec_shares_x_price,1,False,102967.12092456,True,100169.121792,12.854,yahoo,2,12.854,16167.374848,1.571,36115.001344,0.10093264064168138,98.5853,141.962832,100.0,100.0,0.0,60.0,39.460556634048,1.0,39.460556634048,15.7842226536192,2.1387835574009757,202.89039798962116,0.2025478454437493,5.0,False,False,,,5,False,29400.0,2.0,81294247.0,False,53.380782918149464,1.0,58.517032623291016,208.0,17.0,330.0,unmeasurable,,voluntary,mandatory,2026-09-12 16:53:36+00:00
WDAY,"Workday, Inc.",0001327811,Information Technology,Application Software,J,True,,California,2024-12-23,,,,,,,,False,,,,,,,,,,,,False,,,,,,,,,,,,195.03700802971002,,,,,,,,,,,,,,,,,,Targets set,1.5°C,,,9552.0,sec_xbrl,1,2025,2026-01-31,721.0,sec_xbrl,1.0,2025.0,162.0,2025.0,,,,1586.0,yahoo_ttm,3.0,,2987.0,sec_xbrl,1,2025.0,3403.000064,49789.3269,sec_shares_x_price,1,False,52776.3269,True,45122.699264,28.451,yahoo,2,28.451,3046.374912,1.082,10154.999808,0.07138294897496028,98.5853,141.962832,100.0,100.0,0.0,60.0,,1.0,,,,,,,False,False,,,5,False,,,,False,69.57295373665481,1.0,66.13226318359375,170.0,83.0,338.0,unmeasurable,,,mandatory,2026-09-12 16:53:36+00:00
WDC,Western Digital,0000106040,Information Technology,"Technology Hardware, Storage & Peripherals",C,True,,California,2009-07-01,,,,,,,,False,,,46152.0,2021.0,report_pdf,,,46152.0,2021.0,self_reported,3.0,False,863293.0,wba,1.0,,2024.0,4644718.0,wba,1.0,2024.0,665411.3,2024.0,195.03700802971002,,,,,,,,,,,,-5.3016,sbti_s12_absolute,2.0,2030.0,2020.0,,Targets set,1.5°C,,,9520.0,sec_xbrl,1,2025,2025-06-27,2334.0,sec_xbrl,1.0,2025.0,412.0,2025.0,451.0,sec_secondhand,2024.0,134.0,sec_ebit_plus_secondhand_da,2.0,2024.0,4711.0,sec_xbrl,1,2025.0,1579.000064,161226.69933792,sec_shares_x_price,1,False,165937.69933792,True,160838.69696,32.155,yahoo,2,32.155,2268.75008,2.182,12919.000064,0.23115068969209154,98.5853,141.962832,100.0,100.0,0.0,60.0,129.10738774824,1.0,129.10738774824,51.642955099296,2.2126373221634963,1660.579221217863,1.0324500587261305,5.0,False,False,,,5,True,195359.0,4.0,10020359.0,False,89.72820177092281,5.0,28.256511688232422,359.0,156.0,472.0,reported,,voluntary,mandatory,2026-09-12 16:53:36+00:00
WEC,WEC Energy Group,0000783325,Utilities,Electric Utilities,D,True,,Wisconsin,2008-10-31,19608676.887555998,2023.0,20019232.887555998,410556.0,19665183.141801998,0.0,31.0,False,7978048.084933638,2026.0,18540000.0,2024.0,wba,7922502.1868,2026.0,19608676.887555998,2023.0,ghgrp_fossil_floor,1.0,True,2759000.0,wba,1.0,,2024.0,25739000.0,wba,1.0,2023.0,18540000.0,2024.0,415.51510490798,824.052556319906,24058563.93,-2.072076882788887,ghgrp,2.0,0.8935331334711984,0.2713381437284851,14.0,2010.0,2023.0,-4.1277031385264955,-6.2349,nzt_interim,2.0,2030.0,2005.0,4.162823117211113,,,,,9800.1,sec_xbrl,1,2025,2025-12-31,2244.9,sec_xbrl,1.0,2025.0,4398.1,2025.0,1354.5,sec_secondhand,2024.0,3507.3,sec_ebit_plus_secondhand_da,2.0,2024.0,21942.2,sec_xbrl,1,2025.0,50.0,34321.71551139,sec_shares_x_price,1,False,56263.915511390005,True,57733.013504,14.56,yahoo,2,14.56,-2353.637376,0.457,10137.40032,0.049207037323548454,98.5853,141.962832,100.0,100.0,0.0,80.0,3175.3787562183948,0.863665969615754,2742.466572386627,548.4933144773253,24.432861796842854,7986.062658789856,13.832748672016828,5.0,True,True,Article 12(1)(g),power_intensity_12g,5,True,931170000.0,9.0,1022636174.0,False,37.765739334414235,5.0,8.216434478759766,459.0,276.9784240722656,494.0,measured,,mandatory,mandatory,2026-09-12 16:53:36+00:00
WELL,Welltower,0000766704,Real Estate,Health Care REITs,L,True,,Ohio,2009-01-30,,,,,,,,False,,,154980.0,2024.0,wba,,,154980.0,2024.0,self_reported,1.0,False,321851.0,wba,1.0,,2024.0,638421.0,wba,1.0,2024.0,448925.0,2024.0,415.51510490798,,,,,,,,,,,,-2.9422,sbti_s12_absolute,2.0,2030.0,2019.0,,Targets set,Well-below 2°C,,,10838.034,sec_xbrl,1,2025,2025-12-31,-480.025,sec_xbrl,1.0,2025.0,1050.263,2025.0,,,,3340.614912,yahoo_ttm,3.0,,19197.302,sec_xbrl,1,2025.0,1965.164032,166327.562709,sec_shares_x_price,1,False,185524.864709,True,188826.796032,30.7518,yahoo_winsorised,3,56.525,2756.164352,0.76,12763.214848,0.23846379658500771,98.5853,141.962832,100.0,100.0,0.0,60.0,67.692279145392,1.0,67.692279145392,27.076911658156803,,832.6637719293063,0.44096695459906915,5.0,False,False,,,5,True,0.0,0.0,50620.0,True,76.99302849314718,4.0,74.44889831542969,128.5,73.5,330.5,unmeasurable,,voluntary,mandatory,2026-09-12 16:53:36+00:00
WFC,Wells Fargo,0000072971,Financials,Diversified Banks,K,True,,California,1976-06-30,,,,,,,,False,,,79285.0,2024.0,wba,,,79285.0,2024.0,self_reported,2.0,False,540874.0,wba,2.0,,2024.0,2405365.0,wba,2.0,2024.0,620158.0,2024.0,195.03700802971002,,,,,,,,,,,,-10.3675,nzt_interim,2.0,2030.0,2019.0,,,,,,83699.0,sec_xbrl,1,2025,2025-12-31,25199.0,sec_xbrl,1.0,2025.0,,,7558.0,sec_secondhand,2024.0,30922.0,sec_ebit_plus_secondhand_da,2.0,2024.0,193035.0,sec_xbrl,1,2025.0,496412.000256,273036.90004744,sec_shares_x_price,1,False,466071.90004744,True,272575.905792,11.851,sector_median,4,,,0.916,83026.00192,0.3914529542348109,98.5853,141.962832,100.0,100.0,0.0,50.0,88.039527930288,1.0,88.039527930288,44.019763965144,0.17468853512101273,521.6782227509216,0.19138823779567996,5.0,False,False,,,5,False,0.0,0.0,27440169231.0,True,12.331786543485679,5.0,55.31061935424805,224.0,96.5,418.0,unmeasurable,,voluntary,mandatory,2026-09-12 16:53:36+00:00
WM,Waste Management,0000823768,Industrials,Environmental & Facilities Services,E,True,,Texas,1998-08-31,11650459.606,2023.0,12926358.406,1275898.8,13853514.89,0.0,247.0,False,558209.0058424588,2014.0,13525800.0,2024.0,wba,116555.0,2026.0,13525800.0,2024.0,self_reported,1.0,False,307900.0,wba,1.0,,2024.0,2182200.0,wba,1.0,2024.0,13332200.0,2024.0,334.12929392073005,,,-5.788351935848479,ghgrp,2.0,0.9417594414019737,0.7269966842078598,14.0,2010.0,2023.0,1.1996667390407056,-5.3016,sbti_s12_absolute,2.0,2031.0,2021.0,-0.48675193584847953,Targets set,1.5°C,,,25204.0,sec_xbrl,1,2025,2025-12-31,4308.0,sec_xbrl,1.0,2025.0,3227.0,2025.0,2267.0,sec_secondhand,2024.0,6330.0,sec_ebit_plus_secondhand_da,2.0,2024.0,22196.0,sec_xbrl,1,2025.0,557.0,85323.20317664,sec_shares_x_price,1,False,107519.20317664,True,108123.201536,13.908,yahoo,2,13.908,2348.37504,0.431,25667.00032,0.12232786096849729,98.5853,141.962832,100.0,100.0,0.0,50.0,1963.8712290383999,0.6992421611112558,1373.2215623370287,686.6107811685143,15.938040417096433,9549.382744491697,8.83194597351263,5.0,False,False,,,5,True,53833119.0,231.0,1011464412.0,False,78.85445361469344,4.0,10.621243476867676,447.0,46.0,496.0,measured,,voluntary,mandatory,2026-09-12 16:53:36+00:00
WMB,Williams Companies,0000107263,Energy,Oil & Gas Storage & Transportation,H,True,,Oklahoma,1975-03-31,10090912.8062326,2023.0,10090912.8062326,0.0,10259757.738342699,0.0,174.0,False,54718.66196258,2016.0,,,,,,10090912.8062326,2023.0,ghgrp_fossil,1.0,False,,,,,,,,,,,,397.15051062379,,,0.9641035307519807,ghgrp,2.0,0.8643322371472888,0.086957899797798,13.0,2011.0,2023.0,0.755825417664191,-3.5039,nzt_interim,2.0,2028.0,2018.0,4.4680035307519805,,,,,11950.0,sec_xbrl,1,2025,2025-12-31,4196.0,sec_xbrl,1.0,2025.0,4893.0,2025.0,2219.0,sec_secondhand,2024.0,5558.0,sec_ebit_plus_secondhand_da,2.0,2024.0,28661.0,sec_xbrl,1,2025.0,203.0,89107.75033519999,sec_shares_x_price,1,False,117768.75033519999,True,121910.747136,17.334,yahoo,2,17.334,-1516.749952,0.618,12323.00032,0.1277537655455045,98.5853,141.962832,100.0,100.0,0.0,60.0,1432.5345594378468,1.0694708566422644,1532.0539624516427,612.8215849806571,14.604899546726815,10622.64935405471,8.71346423806623,5.0,False,True,Article 12(1)(e);Article 12(1)(f),gics_proxy,4,True,25241811.0,89.0,162063732.0,False,37.66391960513938,5.0,11.022043228149414,445.0,302.0,482.0,measured,,mandatory,mandatory,2026-09-12 16:53:36+00:00
WMT,Walmart,0000104169,Consumer Staples,Consumer Staples Merchandise Retail,G,True,,Arkansas,1982-08-31,0.0,2023.0,0.0,0.0,,0.0,1.0,True,,,8114452.0,2023.0,wba,,,8114452.0,2023.0,self_reported,1.0,False,9783886.0,wba,1.0,,2023.0,625300000.0,wba,1.0,2023.0,15470000.0,2023.0,336.44805811617,,,,,,,,,,,,-5.2929,sbti_s12_absolute,2.0,2031.0,2025.0,,Targets set,1.5°C,Commitment removed,,713163.0,sec_xbrl,1,2025,2026-01-31,29825.0,sec_xbrl,1.0,2025.0,26642.0,2025.0,12973.0,sec_secondhand,2024.0,42321.0,sec_ebit_plus_secondhand_da,2.0,2024.0,38166.0,sec_xbrl,1,2025.0,11528.999936,850100.9097231501,sec_shares_x_price,1,False,888266.9097231501,True,920224.923648,20.88,yahoo,2,20.88,7127.625216,0.595,735839.977472,1.2187895205776509,98.5853,141.962832,100.0,100.0,0.0,70.0,2540.898750573216,1.0,2540.898750573216,762.269625171965,2.555807628405583,15916.189773590628,1.7295977716507505,5.0,False,False,,,5,True,146374291.0,119.0,5818405315.0,False,26.51181132174754,5.0,20.440881729125977,398.0,248.5,457.5,unmeasurable,,voluntary,mandatory,2026-09-12 16:53:36+00:00
WRB,W. R. Berkley Corporation,0000011544,Financials,Property & Casualty Insurance,K,True,,Connecticut,2019-12-05,,,,,,,,False,,,,,,,,,,,,False,,,,,,,,,,,,246.38139635186002,,,,,,,,,,,,,,,,,,,,,,14707.856,sec_xbrl,1,2025,2025-12-31,2280.543,sec_xbrl,1.0,2025.0,60.457,2019.0,-170.638,sec_secondhand,2024.0,2093.855,sec_ebit_plus_secondhand_da,2.0,2024.0,3103.180032,yahoo,3,,3898.912,25948.804277100004,sec_shares_x_price,1,False,29051.984309100004,True,26377.693184,10.222,yahoo,2,10.222,3045.504768,0.283,14896.1024,0.03720279600071196,98.5853,141.962832,100.0,100.0,0.0,50.0,,1.0,,,,,,,False,False,,,5,False,0.0,0.0,6674592.0,True,41.21402161885115,4.0,55.31061935424805,224.0,96.5,418.0,unmeasurable,,,vendor,2026-09-12 16:53:36+00:00
WSM,"Williams-Sonoma, Inc.",0000719955,Consumer Discretionary,Homefurnishing Retail,G,True,,California,2025-03-24,,,,,,,,False,,,20381.0,2024.0,wba,,,20381.0,2024.0,self_reported,1.0,False,55959.0,wba,1.0,,2024.0,1866282.0,wba,1.0,2024.0,63621.0,2024.0,195.03700802971002,,,,,,,,,,,,-6.1069,sbti_s12_absolute,2.0,2030.0,2019.0,,Targets set,1.5°C,,,7806.816,sec_xbrl,1,2025,2026-02-01,1415.722,sec_xbrl,1.0,2025.0,259.438,2025.0,229.802,sec_secondhand,2024.0,1659.9859999999999,sec_ebit_plus_secondhand_da,2.0,2024.0,0.0,sec_xbrl,1,2021.0,1028.936,26645.182307789997,sec_shares_x_price,1,False,26645.182307789997,True,27144.192,16.355,yahoo,2,16.355,1069.320128,1.463,8005.15584,0.03820119305741182,98.5853,141.962832,100.0,100.0,0.0,40.0,10.83744259488,1.0,10.83744259488,6.5024655569280005,0.4593038433342139,106.34782418355745,0.39178850556154865,5.0,False,False,,,5,True,77606.0,3.0,9398830.0,False,90.5693950177936,1.0,44.48897933959961,278.0,162.0,323.0,unmeasurable,,voluntary,mandatory,2026-09-12 16:53:36+00:00
WST,West Pharmaceutical Services,0000105770,Health Care,Health Care Supplies,C,True,,Pennsylvania,2020-05-22,,,,,,,,False,,,,,,,,,,,,False,,,,,,,,,,,,271.7789403329,,,,,,,,,,,,-8.6789,sbti_s12_absolute,2.0,2030.0,2024.0,,Targets set,1.5°C,,,3074.1,sec_xbrl,1,2025,2025-12-31,584.9,sec_xbrl,1.0,2025.0,285.9,2025.0,155.4,sec_secondhand,2024.0,725.3,sec_ebit_plus_secondhand_da,2.0,2024.0,202.8,sec_xbrl,1,2025.0,435.8,24366.20007726,sec_shares_x_price,1,False,24569.00007726,True,24246.900736,26.581,yahoo,2,26.581,277.937504,1.135,3326.799872,0.03493381664552537,98.5853,141.962832,100.0,100.0,0.0,70.0,,1.0,,,,,,,False,False,,,5,True,0.0,0.0,120624.0,True,68.94159121483021,2.0,83.26653289794922,84.5,30.5,283.0,unmeasurable,,,mandatory,2026-09-12 16:53:36+00:00
WTW,Willis Towers Watson,0001140536,Financials,Insurance Brokers,K,True,,United Kingdom,2016-01-05,,,,,,,,False,,,10492.0,2024.0,wba,,,10492.0,2024.0,self_reported,2.0,False,21413.0,wba,2.0,,2024.0,321433.0,wba,2.0,2024.0,27786.0,2024.0,349.6670732320368,,,,,,,,,,,,-7.1585,sbti_s12_absolute,2.0,2050.0,2019.0,,Targets set,1.5°C,Targets set,2050.0,9708.0,sec_xbrl,1,2025,2025-12-31,2234.0,sec_xbrl,1.0,2025.0,229.0,2025.0,,,,2816.0,yahoo_ttm,3.0,,6306.0,sec_xbrl,1,2025.0,1660.999936,29311.31203657,sec_shares_x_price,1,False,35617.31203657,True,34833.313792,12.37,yahoo,2,12.37,1415.62496,0.417,10101.999616,0.0420236227675457,98.5853,141.962832,100.0,100.0,0.0,50.0,4.52932415496,1.0,4.52932415496,2.26466207748,0.10137251913518354,28.0138698984276,0.08042263812655519,5.0,False,False,,,5,False,0.0,0.0,91673649.0,True,61.76500899183868,4.0,55.31061935424805,224.0,96.5,418.0,unmeasurable,,voluntary,mandatory,2026-09-12 16:53:36+00:00
WY,Weyerhaeuser,0000106535,Real Estate,Timber REITs,L,True,,Washington,1979-10-01,41144.524,2023.0,223261.524,182117.0,41038.557,0.0,2.0,False,,,400000.0,2024.0,wba,,,400000.0,2024.0,self_reported,1.0,False,400000.0,wba,1.0,,2024.0,9000000.0,wba,1.0,2024.0,800000.0,2024.0,288.15226411279,,,-1.4070099236117017,ghgrp,2.0,0.7846605437887816,0.3017557134125546,7.0,2016.0,2022.0,,-5.3016,sbti_s12_absolute,2.0,2030.0,2020.0,3.894590076388298,Targets set,1.5°C,Commitment removed,,6905.0,sec_xbrl,1,2025,2025-12-31,731.0,sec_xbrl,1.0,2025.0,51.0,2025.0,502.0,sec_secondhand,2024.0,1187.0,sec_ebit_plus_secondhand_da,2.0,2024.0,5572.0,sec_xbrl,1,2025.0,527.0,15899.43616,sec_shares_x_price,1,False,21471.436159999997,True,20821.436416,30.264,yahoo,2,30.264,13.625,0.89,6851.999744,0.0227950187480827,98.5853,141.962832,100.0,100.0,0.0,60.0,113.5702656,0.918493796036749,104.3135843678458,41.725433747138325,5.707993672659141,1262.7785269233943,6.064800245736294,5.0,False,False,,,5,True,95786586.0,62.0,217071952.0,False,77.16438615822602,5.0,14.42885971069336,428.0,112.0,498.0,measured,,voluntary,mandatory,2026-09-12 16:53:36+00:00
WYNN,Wynn Resorts,0001174922,Consumer Discretionary,Casinos & Gaming,R,True,,Nevada,2008-11-14,,,,,,,,False,,,341552.0,2021.0,report_pdf,,,341552.0,2021.0,self_reported,3.0,False,67632.0,report_pdf,3.0,,2021.0,,,,,,,320.32194217793,,,,,,,,,,,,-7.6329,netzero_inferred,2.0,2050.0,2021.0,,,,,,7137.924,sec_xbrl,1,2025,2025-12-31,1118.384,sec_xbrl,1.0,2025.0,660.433,2025.0,,,,1808.924032,yahoo_ttm,3.0,,10546.812,sec_xbrl,1,2025.0,2100.722944,9030.8102407,sec_shares_x_price,1,False,19577.622240700002,True,18402.67264,10.173,yahoo,2,10.173,476.188864,0.991,7413.425152,0.012947471009382873,98.5853,141.962832,100.0,100.0,0.0,40.0,58.088919449088,1.0,58.088919449088,34.8533516694528,3.1164029232761554,354.56314653334334,1.9266937660058452,5.0,False,False,,,5,False,0.0,0.0,191554654.0,True,19.98532066128148,5.0,80.76152038574219,97.0,30.5,287.0,reported,,voluntary,mandatory,2026-09-12 16:53:36+00:00
XEL,Xcel Energy,0000072903,Utilities,Multi-Utilities,D,True,,Minnesota,1957-03-04,36005568.0614756,2023.0,36581949.2614756,576381.2,36041145.6303684,0.0,44.0,False,11759107.452323359,2026.0,32660000.0,2024.0,wba,14211458.791,2026.0,36005568.0614756,2023.0,ghgrp_fossil_floor,1.0,True,760000.0,wba,2.0,,2024.0,20270000.0,wba,2.0,2024.0,33420000.0,2024.0,420.27691760824,803.1786212569377,54018131.0,-3.073958501918106,ghgrp,2.0,0.40984911316796324,0.793814589092341,14.0,2010.0,2023.0,-3.8532254086779294,-6.2349,nzt_interim,2.0,2030.0,2005.0,3.1609414980818937,,,,,14669.0,sec_xbrl,1,2025,2025-12-31,2583.0,sec_xbrl,1.0,2025.0,10908.0,2025.0,2769.0,sec_secondhand,2024.0,5155.0,sec_ebit_plus_secondhand_da,2.0,2024.0,33883.0,sec_xbrl,1,2025.0,2018.0,47159.890103,sec_shares_x_price,1,False,81042.890103,True,86792.88832,14.175,yahoo,2,14.175,-7907.999744,0.399,14616.000512,0.06761312591448557,98.5853,141.962832,100.0,100.0,0.0,80.0,5219.344162095826,0.8036803209674257,4194.684191432632,838.9368382865263,32.479165245316544,11891.92968271151,13.701502407509128,5.0,True,True,Article 12(1)(g),power_intensity_12g,5,True,4891652.0,34.0,84098844.0,False,21.07348239652341,5.0,16.833669662475586,416.0,58.0,487.0,measured,,mandatory,mandatory,2026-09-12 16:53:36+00:00
XOM,ExxonMobil,0002115436,Energy,Integrated Oil & Gas,B,True,,Texas,1957-03-04,42258339.44384429,2023.0,42279427.41918428,21087.97534,42707959.17962158,0.0,197.0,False,1042487.8694534459,2026.0,91000000.0,2024.0,wba,103307540.85469644,2026.0,91000000.0,2024.0,self_reported,2.0,False,9000000.0,wba,2.0,,2024.0,630000000.0,wba,2.0,2024.0,98000000.0,2024.0,334.12929392073005,287.84806837611154,7568617.98,-0.462469701516921,ghgrp,2.0,0.232974877756992,0.23307140128622428,13.0,2011.0,2023.0,-1.2491579265468733,-1.5812,nzt_interim,2.0,2030.0,2016.0,1.118730298483079,,,,,332238.0,sec_xbrl,1,2025,2025-12-31,41268.0,sec_xbrl,1.0,2025.0,28358.0,2025.0,,,,67937.001472,yahoo_ttm,3.0,,40441.0,sec_xbrl,1,2025.0,10588.000256,682536.2662404,sec_shares_x_price,1,False,722977.2662404,True,721047.257088,10.613,yahoo,2,10.613,20671.000576,0.175,361060.007936,0.9785521215109735,98.5853,141.962832,100.0,100.0,0.0,60.0,14196.2832,0.9725706638511415,13806.888576042807,5522.7554304171235,13.382658307689066,58613.00338301693,8.128871278108686,5.0,False,True,Article 12(1)(e),gics_proxy,4,True,2222378814.0,511.0,3368373752.0,False,19.88681510961529,4.0,41.08937454223633,294.9640197753906,17.0,457.0,measured,,voluntary,mandatory,2026-09-12 16:53:36+00:00
XYL,Xylem Inc.,0001524472,Industrials,Industrial Machinery & Supplies & Components,C,True,,New York,2011-11-01,,,,,,,,False,,,73943.0,2024.0,wba,,,73943.0,2024.0,self_reported,1.0,False,52005.0,wba,1.0,43268.0,2024.0,69050457.0,wba,1.0,2024.0,125947.0,2024.0,110.12134121912001,,,,,,,,,,,,-7.4867,sbti_s12_absolute,2.0,2030.0,2023.0,,Targets set,1.5°C,Commitment removed,,9035.0,sec_xbrl,1,2025,2025-12-31,1223.0,sec_xbrl,1.0,2025.0,331.0,2025.0,562.0,sec_secondhand,2024.0,1571.0,sec_ebit_plus_secondhand_da,2.0,2024.0,1942.0,sec_xbrl,1,2025.0,1276.0,24973.749411519995,sec_shares_x_price,1,False,26915.749411519995,True,26997.74976,13.649,yahoo,2,13.649,1183.750016,1.0,9125.999616,0.03580486001621315,98.5853,141.962832,100.0,100.0,0.0,50.0,17.879934764736,1.0,17.879934764736,8.939967382368,0.730986703382502,122.02161480194081,0.4519695748225974,5.0,False,False,,,5,True,184721.0,12.0,17696884.0,False,58.30042136894225,5.0,44.48897933959961,278.0,133.0,403.5,reported,,voluntary,mandatory,2026-09-12 16:53:36+00:00
XYZ,"Block, Inc.",0001512673,Financials,Transaction & Payment Processing Services,K,True,,none,2025-07-23,,,,,,,,False,,,983.0,2023.0,wba,,,983.0,2023.0,self_reported,1.0,False,,,,,,281518.0,wba,1.0,2023.0,3411.0,2023.0,,,,,,,,,,,,,-5.4796,sbti_s12_absolute,2.0,2030.0,2019.0,,Targets set,1.5°C,Commitment removed,,24193.683,sec_xbrl,1,2025,2025-12-31,1708.406,sec_xbrl,1.0,2025.0,155.038,2025.0,376.127,sec_secondhand,2024.0,1268.454,sec_ebit_plus_secondhand_da,2.0,2024.0,7289.018,sec_xbrl,1,2025.0,6738.176,49334.99797999999,sec_shares_x_price,1,True,56624.01598,True,47986.348032,29.54139999999998,yahoo_winsorised,3,31.001,-27.105876,2.522,25041.963008,0.07073157768449582,98.5853,141.962832,100.0,100.0,0.0,50.0,0.13954946385599998,1.0,0.13954946385599998,0.06977473192799999,0.004084200823925928,2.0612432657778177,0.004295478506518697,5.0,False,False,,,5,False,0.0,0.0,447500000.0,True,67.79359430604983,1.0,55.31061935424805,224.0,96.5,418.0,unmeasurable,,voluntary,mandatory,2026-09-12 16:53:36+00:00
YUM,Yum! Brands,0001041061,Consumer Discretionary,Restaurants,I,True,,Kentucky,1997-10-06,,,,,,,,False,,,41192.0,2024.0,wba,,,41192.0,2024.0,self_reported,1.0,False,121117.0,wba,1.0,,2024.0,33959598.0,wba,1.0,2024.0,140709.0,2024.0,409.73270937522005,,,,,,,,,,,,-5.4477,sbti_s12_absolute,2.0,2030.0,2019.0,,Targets set,1.5°C,Commitment removed,,8214.0,sec_xbrl,1,2025,2025-12-31,2574.0,sec_xbrl,1.0,2025.0,371.0,2025.0,175.0,sec_secondhand,2024.0,2578.0,sec_ebit_plus_secondhand_da,2.0,2024.0,11976.0,sec_xbrl,1,2025.0,683.0,38443.575843950006,sec_shares_x_price,1,False,50419.575843950006,True,51174.576128,16.68,yahoo,2,16.68,833.249984,0.551,8721.999872,0.055116547737135584,98.5853,141.962832,100.0,100.0,0.0,40.0,23.041845299088,1.0,23.041845299088,13.825107179452798,0.5371059510276922,230.60278775327268,0.4506198296132034,5.0,False,False,,,5,False,6374.0,1.0,55789860.0,False,55.826606834453735,4.0,61.52304458618164,193.0,60.0,293.0,unmeasurable,,voluntary,mandatory,2026-09-12 16:53:36+00:00
ZBH,Zimmer Biomet,0001136869,Health Care,Health Care Equipment,C,True,,Indiana,2001-08-07,,,,,,,,False,,,,,,,,,,,,False,,,,,,,,,,,,415.51510490798,,,,,,,,,,,,-6.7397,sbti_s12_absolute,2.0,2050.0,2017.0,,Targets set,1.5°C,Targets set,2050.0,8231.5,sec_xbrl,1,2025,2025-12-31,1098.1,sec_xbrl,1.0,2025.0,224.5,2025.0,996.3,sec_secondhand,2024.0,2282.0,sec_ebit_plus_secondhand_da,2.0,2024.0,7519.1,sec_xbrl,1,2025.0,464.5,17832.06654461,sec_shares_x_price,1,False,25351.16654461,True,24977.967104,9.776,yahoo,2,9.776,1090.899968,0.471,8508.8,0.025565830581091704,98.5853,141.962832,100.0,100.0,0.0,70.0,,1.0,,,,,,,False,False,,,5,True,58200.0,2.0,1303423144.0,False,32.46609863474353,5.0,43.0861701965332,285.0,69.0,377.0,unmeasurable,,,mandatory,2026-09-12 16:53:36+00:00
ZBRA,Zebra Technologies,0000877212,Information Technology,Electronic Equipment & Instruments,C,True,,Illinois,2019-12-23,,,,,,,,False,,,,,,,,,,,,False,,,,,,,,,,,,415.51510490798,,,,,,,,,,,,-6.6967,sbti_s12_absolute,2.0,2030.0,2020.0,,Targets set,1.5°C,,,5396.0,sec_xbrl,1,2025,2025-12-31,700.0,sec_xbrl,1.0,2025.0,86.0,2025.0,,,,1184.0,yahoo_ttm,3.0,,2502.0,sec_xbrl,1,2025.0,157.0,16576.2359442,sec_shares_x_price,1,False,19078.2359442,True,19381.235712,16.369,yahoo,2,16.369,576.750016,1.607,5847.000064,0.023765346476329472,98.5853,141.962832,100.0,100.0,0.0,60.0,,1.0,,,,,,,False,False,,,5,True,0.0,0.0,176027673.0,True,61.44275996298169,2.0,66.13226318359375,170.0,82.0,340.0,unmeasurable,,,mandatory,2026-09-12 16:53:36+00:00
ZTS,Zoetis,0001555280,Health Care,Pharmaceuticals,C,True,,New Jersey,2013-06-21,,,,,,,,False,,,,,,,,,,,,False,,,,,,,,,,,,271.7789403329,,,,,,,,,,,,-4.6816,nzt_interim,2.0,2025.0,2019.0,,,,,,9467.0,sec_xbrl,1,2025,2025-12-31,3360.0,sec_xbrl,1.0,2025.0,621.0,2025.0,497.0,sec_secondhand,2024.0,3630.0,sec_ebit_plus_secondhand_da,2.0,2024.0,9042.0,sec_xbrl,1,2025.0,1676.0,30152.92623794,sec_shares_x_price,1,False,39194.92623794,True,37731.926016,9.28,yahoo,2,9.28,2016.999936,0.729,9525.000192,0.04323024489589177,98.5853,141.962832,100.0,100.0,0.0,70.0,,1.0,,,,,,,False,False,,,5,True,138756.0,5.0,238545.0,False,68.57961606391584,5.0,39.879756927490234,301.0,73.0,414.0,unmeasurable,,,mandatory,2026-09-12 16:53:36+00:00
