source,parent_name_display,parent_name_clean,tonnes_2023_ghgrp_or_2025_camd,tonnes_largest_year,share_of_source_total_pct,years_present,match_method,unmatched_note
ghgrp_parent,US GOVERNMENT (%),GOVERNMENT,41586945.2286,58775297.13309199,1.5422327818219674,13.0,unmatched,federal (Tennessee Valley Authority)
ghgrp_parent,KOCH INDUSTRIES INC,KOCH,35463984.74726344,46718740.64400001,1.3151656018641682,14.0,unmatched,private (Koch Industries)
ghgrp_parent,CLEVELAND-CLIFFS INC,CLEVELANDCLIFFS,27412158.107672,28753976.928,1.0165673054789501,7.0,unmatched,"US-listed (CLF), removed from the S&P 500"
ghgrp_parent,BASIN ELECTRIC POWER COOPERATIVE,BASINELECTRICPOWERCOOPERATIVE,21273742.168091405,23704546.6671426,0.7889269669438376,14.0,unmatched,generation and transmission cooperative
ghgrp_parent,US STEEL CORP,STEEL,19834784.64084,22166581.565999996,0.7355638873048358,13.0,unmatched,"acquired by Nippon Steel in 2025, no longer US-listed"
ghgrp_parent,LIGHTSTONE GENERATION LLC,LIGHTSTONEGENERATION,19136181.374,19946212.522000004,0.7096565057050058,7.0,unmatched,private equity (Blackstone / ArcLight)
ghgrp_parent,ENERGY TRANSFER LP,ENERGYTRANSFER,18774409.974999998,18774409.974999998,0.6962403793702516,14.0,unmatched,"US-listed partnership (ET), not an S&P 500 constituent"
ghgrp_parent,HILCORP ENERGY CO,HILCORPENERGY,16045033.741999997,16045033.741999997,0.5950227141313167,13.0,unmatched,private (Hilcorp)
ghgrp_parent,SALT RIVER PROJECT AGRICULTURAL IMPROVEMENT & POWER DISTRICT,SALTRIVERPROJECTAGRICULTURALIMPROVEMENTPOWERDISTRICT,15899099.6356696,16101237.2126844,0.5896108147592549,4.0,unmatched,public power district (Arizona)
ghgrp_parent,ASSOCIATED ELECTRIC COOPERATIVE INC,ASSOCIATEDELECTRICCOOPERATIVE,15571682.052000001,18623427.283999998,0.5774686839029368,14.0,unmatched,generation and transmission cooperative
ghgrp_parent,SOUTH CAROLINA PUBLIC SERVICE AUTHORITY,SOUTHCAROLINAPUBLICSERVICEAUTHORITY,14096572.936,23236610.362,0.5227649391831853,6.0,unmatched,state-owned (Santee Cooper)
ghgrp_parent,ENTERPRISE PRODUCTS PARTNERS LP,ENTERPRISEPRODUCTS,11823735.977456534,11823735.977456534,0.4384778234565015,13.0,unmatched,"US-listed partnership (EPD), not an S&P 500 constituent"
ghgrp_parent,PRAIRIE STATE ENERGY CAMPUS MANAGEMENT CO,PRAIRIESTATEENERGYCAMPUSMANAGEMENT,11456294.641999999,12737154.584,0.42485143012988136,14.0,unmatched,municipal joint venture
ghgrp_parent,BP AMERICA INC,BP,11178924.0407334,27013115.3981292,0.41456526865214843,14.0,unmatched,foreign-listed parent (BP plc)
ghgrp_parent,HOLCIM PARTICIPATIONS (US) INC,HOLCIMPARTICIPATIONS,11043419.462,12740963.752,0.4095401435254799,5.0,unmatched,foreign-listed parent (Holcim)
ghgrp_parent,"LS Power Development, LLC",LSPOWERDEVELOPMENT,10829542.342,13032143.481,0.4016086086668236,14.0,unmatched,private equity (LS Power)
ghgrp_parent,PBF ENERGY INC,PBFENERGY,10756376.618,12390897.206,0.39889529136404334,14.0,unmatched,US-listed (PBF) but not an S&P 500 constituent
ghgrp_parent,CPS ENERGY,CPSENERGY,10609733.430165553,17671492.48778989,0.39345709602976253,14.0,unmatched,municipal (City of San Antonio)
ghgrp_parent,TALEN ENERGY CORP,TALENENERGY,10479098.461041521,34383047.0775508,0.3886125581410592,9.0,unmatched,US-listed (TLN) but not an S&P 500 constituent
ghgrp_parent,COVANTA HOLDING CORP,COVANTA,10337208.318,10860070.772,0.38335062729201114,11.0,unmatched,private equity (EQT Infrastructure)
ghgrp_parent,ARCLIGHT ENERGY PARTNERS FUND VII LP,ARCLIGHTENERGYFUNDVII,10185496.837000001,10185496.837000001,0.37772447663124925,2.0,unmatched,private equity (ArcLight)
ghgrp_parent,OGLETHORPE POWER CORP,OGLETHORPEPOWER,10016297.398,11421976.87712,0.3714497930723272,14.0,unmatched,generation and transmission cooperative
ghgrp_parent,CHENIERE ENERGY INC,CHENIEREENERGY,9730827.856,9785247.083999999,0.3608632860936581,14.0,unmatched,"US-listed (LNG), not an S&P 500 constituent"
ghgrp_parent,BUCKEYE POWER CO,BUCKEYEPOWER,9421839.569999998,9421839.569999998,0.34940459728521767,14.0,unmatched,generation and transmission cooperative
ghgrp_parent,CLECO CORPORATE HOLDINGS LLC,CLECOCORPORATE,8612058.1581472,9947197.6534528,0.3193742251911742,8.0,unmatched,private (Macquarie-led consortium)
ghgrp_parent,LOWER COLORADO RIVER AUTHORITY,LOWERCOLORADORIVERAUTHORITY,8428181.7420778,12346331.022,0.3125552526720977,14.0,unmatched,state river authority (Texas)
ghgrp_parent,NEBRASKA PUBLIC POWER DISTRICT,NEBRASKAPUBLICPOWERDISTRICT,8317520.1452,10939260.347999997,0.3084514181284549,14.0,unmatched,public power district
ghgrp_parent,TRI-STATE GENERATION & TRANSMISSION ASSOC INC,TRISTATEGENERATIONTRANSMISSIONASSOC,8262405.5084358,11073130.719092598,0.3064075171131549,6.0,unmatched,generation and transmission cooperative
ghgrp_parent,EAST KENTUCKY POWER COOPERATIVE,EASTKENTUCKYPOWERCOOPERATIVE,8189400.222,11924720.792,0.3037001495638269,14.0,unmatched,generation and transmission cooperative
ghgrp_parent,PUERTO RICO ELECTRIC POWER AUTHORITY,PUERTORICOELECTRICPOWERAUTHORITY,8138545.9416,8884093.532799998,0.3018142419094481,8.0,unmatched,territorial public utility
ghgrp_parent,SHELL PETROLEUM INC,SHELLPETROLEUM,8135723.777,16959503.705396,0.30170958323019453,14.0,unmatched,foreign-listed parent (Shell plc)
ghgrp_parent,PUGET HOLDINGS LLC,PUGET,7851064.1465056,7851064.1465056,0.2911531114480864,13.0,unmatched,private (Macquarie-led consortium)
ghgrp_parent,PDV HOLDING INC,PDV,7818236.100000001,8386276.562,0.2899356984064261,14.0,unmatched,state-owned (PDVSA / Citgo)
ghgrp_parent,OGE ENERGY CORP,OGEENERGY,7814163.931399999,21374734.48888,0.28978468390239104,14.0,unmatched,"US-listed (OGE), not an S&P 500 constituent"
ghgrp_parent,OMAHA PUBLIC POWER DISTRICT,OMAHAPUBLICPOWERDISTRICT,7767449.699999999,13026915.696000002,0.28805230806553467,14.0,unmatched,public power district
ghgrp_parent,REMC ASSETS LP,REMCASSETS,7716347.05,8785254.229999999,0.28615718973850324,2.0,unmatched,"private; Coal Creek Station, now operated by Rainbow Energy Center"
ghgrp_parent,TECO ENERGY INC,TECOENERGY,7664303.866799999,8252897.6496,0.2842271921693091,13.0,unmatched,foreign-listed parent (Emera)
ghgrp_parent,UNS ENERGY CORP,UNSENERGY,7317023.7173364805,9295629.003772002,0.2713484671743715,11.0,unmatched,foreign-listed parent (Fortis)
ghgrp_parent,DOMTAR CORP,DOMTAR,7192504.634,9034953.814,0.2667307341038532,14.0,unmatched,private (Paper Excellence)
ghgrp_parent,GRAPHIC PACKAGING INTERNATIONAL INC,GRAPHICPACKAGING,7101637.646,7467846.852,0.2633609735477773,14.0,unmatched,"US-listed (GPK), not an S&P 500 constituent"
ghgrp_parent,SEMINOLE ELECTRIC COOPERATIVE INC,SEMINOLEELECTRICCOOPERATIVE,6972461.42,9797919.278,0.25857053247849104,14.0,unmatched,generation and transmission cooperative
ghgrp_parent,ARKANSAS ELECTRIC COOPERATIVE CORP,ARKANSASELECTRICCOOPERATIVE,6779310.196795,10691893.484811,0.25140760799249384,14.0,unmatched,generation and transmission cooperative
ghgrp_parent,CONSOL ENERGY INC,CONSOLENERGY,6531799.876,13471329.566,0.2422288013147962,14.0,unmatched,"US-listed (CEIX/CNR), not an S&P 500 constituent"
ghgrp_parent,FORMOSA PLASTICS CORP USA,FORMOSAPLASTICS,6434339.168,6434339.168,0.23861451567801875,14.0,unmatched,foreign-listed parent (Formosa Plastics)
ghgrp_parent,AMERICAN AIR LIQUIDE HOLDINGS INC,AIRLIQUIDE,6312997.4739999985,6384931.618,0.23411461463311312,14.0,unmatched,foreign-listed parent (Air Liquide)
ghgrp_parent,AMERICAN CONSOLIDATED NATURAL RESOURCES INC,CONSOLIDATEDNATURALRESOURCES,6291582.67,6652447.434,0.23332045645285857,4.0,unmatched,private (successor to Murray Energy)
ghgrp_parent,PORTLAND GENERAL ELECTRIC CO,PORTLANDGENERALELECTRIC,6253145.022396,7656851.306655999,0.23189501392840403,14.0,unmatched,"US-listed (POR), not an S&P 500 constituent"
ghgrp_parent,ARAMCO SERVICES CO,ARAMCO,6146683.2020000005,6319317.476,0.22794692616854043,5.0,unmatched,state-owned (Saudi Aramco)
ghgrp_parent,EASTMAN CHEMICAL CO,EASTMANCHEMICAL,6133680.483999999,7275850.624,0.22746472633774842,14.0,unmatched,"US-listed (EMN), removed from the S&P 500"
ghgrp_parent,HALLADOR ENERGY CO,HALLADORENERGY,5964330.004000001,6515510.118,0.22118444149264593,4.0,unmatched,"US-listed (HNRG), not an S&P 500 constituent"
ghgrp_parent,RC LONESTAR INC,RCLONESTAR,5830513.306,6246743.9860000005,0.21622191064849913,14.0,unmatched,private
ghgrp_parent,INVENERGY LLC,INVENERGY,5822257.584419999,6438202.74856,0.21591575100180507,14.0,unmatched,private
ghgrp_parent,CEMEX INC,CEMEX,5607597.73,9064995.965,0.20795518879633726,14.0,unmatched,foreign-listed parent (Cemex SAB)
ghgrp_parent,EAGLE MATERIALS INC,EAGLEMATERIALS,5560853.666,5672389.812,0.2062217066311984,14.0,unmatched,"US-listed (EXP), not an S&P 500 constituent"
ghgrp_parent,LS POWER EQUITY PARTNERS LP,LSPOWEREQUITY,5544936.94791232,9056244.725069,0.20563144244423048,5.0,unmatched,private equity (LS Power)
ghgrp_parent,LHOIST NORTH AMERICA,LHOISTNORTH,5453861.4059999995,6220340.894,0.20225394776201022,13.0,unmatched,"private (Lhoist group, Belgium)"
ghgrp_parent,ALCOA INC,ALCOA,5420539.546,10977714.3917414,0.20101822187349416,14.0,unmatched,"US-listed (AA), not an S&P 500 constituent"
ghgrp_parent,TRANSCANADA PIPELINE USA LTD,TRANSCANADAPIPELINE,5363408.6285999995,6686307.354900001,0.19889954801597673,14.0,unmatched,foreign-listed parent (TC Energy)
ghgrp_parent,WHEELABRATOR TECHNOLOGIES HOLDINGS INC,WHEELABRATORTECHNOLOGIES,5242454.289999999,5791963.072,0.19441401186834384,5.0,unmatched,private equity (Macquarie)
ghgrp_parent,JACKSONVILLE ELECTRIC AUTHORITY,JACKSONVILLEELECTRICAUTHORITY,5105996.903999999,5674764.05872,0.18935355232138473,3.0,unmatched,"municipal (Jacksonville, Florida)"
ghgrp_parent,MINNKOTA POWER COOPERATIVE INC,MINNKOTAPOWERCOOPERATIVE,4993025.17,5981633.746,0.18516404740256107,14.0,unmatched,generation and transmission cooperative
ghgrp_parent,IDACORP,IDACORP,4954743.3046357995,5613650.10916,0.1837443819909895,14.0,unmatched,"US-listed (IDA), not an S&P 500 constituent"
ghgrp_parent,ALLETE INC,ALLETE,4951406.956200001,10199590.406,0.1836206550401162,14.0,unmatched,taken private in 2025
ghgrp_parent,ARCLIGHT CAPITAL HOLDINGS LLC,ARCLIGHTCAPITAL,4920419.1996942,16918280.0311492,0.18247148830868973,12.0,unmatched,private equity (ArcLight)
ghgrp_parent,EDGEWATER GENERATION HOLDINGS LLC,EDGEWATERGENERATION,4851172.209,4851172.209,0.179903495432462,6.0,unmatched,private equity
ghgrp_parent,HF SINCLAIR CORP,HFSINCLAIR,4778889.638,4856054.813999999,0.17722292945345597,2.0,unmatched,"US-listed (DINO), not an S&P 500 constituent"
ghgrp_parent,Enbridge (US) Inc,ENBRIDGE,4750225.2804882,4750225.2804882,0.1761599249076409,14.0,unmatched,foreign-listed parent (Enbridge)
ghgrp_parent,Nutrien US Topco LLC,NUTRIENTOPCO,4674817.366,4674817.366,0.1733634569994246,1.0,unmatched,"foreign-listed parent (Nutrien, TSX/NYSE), not an S&P 500 constituent"
ghgrp_parent,MIDLAND COGENERATION VENTURE,MIDLANDCOGENERATIONVENTURE,4609329.62,4609329.62,0.170934873987769,14.0,unmatched,private partnership
ghgrp_parent,"Omnis Pleasants, LLC",OMNISPLEASANTS,4583459.554,4583459.554,0.1699754944605211,1.0,unmatched,private
ghgrp_parent,HAWAIIAN ELECTRIC INDUSTRIES INC,HAWAIIANELECTRIC,4540393.1608,4540393.1608,0.16837839702951773,14.0,unmatched,"US-listed (HE), not an S&P 500 constituent"
ghgrp_parent,TRANSALTA USA INC,TRANSALTA,4536949.43,8000386.606000001,0.16825068785293995,14.0,unmatched,foreign-listed parent (TransAlta)
ghgrp_parent,WASTE CONNECTIONS US INC,WASTECONNECTIONS,4514721.87,8040144.94,0.16742638898935477,14.0,unmatched,"US-listed (WCN), not an S&P 500 constituent"
ghgrp_parent,Intermountain Power Agency,INTERMOUNTAINPOWERAGENCY,4427131.038,12013256.526,0.1641781231752896,14.0,unmatched,municipal joint action agency (Utah/California)
ghgrp_parent,COOPERATIVE ENERGY A MISSISSIPPI ELECTRIC COOPERATIVE,COOPERATIVEENERGYAMISSISSIPPIELECTRICCOOPERATIVE,4326836.956,4326836.956,0.16045876316380298,5.0,unmatched,generation and transmission cooperative
ghgrp_parent,ARGO INFRASTRUCTURE PARTNERS LP,ARGOINFRASTRUCTURE,4318034.28,4318034.28,0.16013231996341082,4.0,unmatched,private equity
ghgrp_parent,BLACK HILLS CORP,BLACKHILLS,4303752.67707,4347834.389700001,0.15960269327180032,14.0,unmatched,"US-listed (BKH), not an S&P 500 constituent"
ghgrp_parent,HEIDELBERG MATERIALS US CEMENT LLC,HEIDELBERGMATERIALSCEMENT,4245461.068,4245461.068,0.15744097569627905,2.0,unmatched,foreign-listed parent (Heidelberg Materials)
ghgrp_parent,CARMEUSE LIME INC,CARMEUSELIME,4125700.142,6921411.265999999,0.15299969670732522,14.0,unmatched,"private (Carmeuse group, Belgium)"
ghgrp_parent,WESTERN MIDSTREAM PARTNERS LP,WESTERNMIDSTREAM,4060035.968,4060035.968,0.1505645709442428,5.0,unmatched,"separately listed (WES); Occidental holds a minority of the units plus the general partner, so it is left unattributed rather than consolidated by hand"
ghgrp_parent,BASF CORP,BASF,4054837.488,4278116.001999999,0.1503717876987417,14.0,unmatched,foreign-listed parent (BASF SE)
ghgrp_parent,WESTLAKE CHEMICAL CORP,WESTLAKECHEMICAL,4018254.2711244,6361414.620398401,0.14901511588695274,14.0,unmatched,"US-listed (WLK), not an S&P 500 constituent"
ghgrp_parent,AUSTIN ENERGY,AUSTINENERGY,4004065.16038,5366253.905796,0.1484889192256056,11.0,unmatched,"municipal (Austin, Texas)"
ghgrp_parent,ORLANDO UTILITIES COMMISSION,ORLANDOUTILITIESCOMMISSION,3999767.286,5708118.703230999,0.1483295345262834,14.0,unmatched,"municipal (Orlando, Florida)"
ghgrp_parent,POET LLC,POET,3808922.39,3808922.39,0.1412521391264359,14.0,unmatched,private
ghgrp_parent,DESERET GENERATION & TRANSMISSION COOPERATIVE,DESERETGENERATIONTRANSMISSIONCOOPERATIVE,3779476.353052,4331322.056744,0.14016014635739943,14.0,unmatched,generation and transmission cooperative
ghgrp_parent,GRAYMONT INC,GRAYMONT,3712852.9400000004,4461604.742,0.1376894476542161,14.0,unmatched,private
ghgrp_parent,NATIONAL GRID USA,NATIONALGRID,3657801.0402999995,4960394.69095,0.13564787321415533,14.0,unmatched,foreign-listed parent (National Grid plc)
ghgrp_parent,TAIHEIYO CEMENT USA INC,TAIHEIYOCEMENT,3577820.76,3710281.292,0.13268184121781768,13.0,unmatched,foreign-listed parent (Taiheiyo Cement)
ghgrp_parent,INEOS USA LLC,INEOS,3516128.57,3881682.124,0.13039401465884845,14.0,unmatched,private (INEOS)
ghgrp_parent,LONGVIEW INTERMEDIATE HOLDINGS C LLC,LONGVIEWINTERMEDIATEC,3499944.848,4805184.438,0.1297938487543057,9.0,unmatched,private (Longview Power)
ghgrp_parent,Ascend Performance Materials LLC,ASCENDPERFORMANCEMATERIALS,3486016.966,12865963.824000001,0.12927733964108098,14.0,unmatched,private (SK Capital)
ghgrp_parent,CVR ENERGY INC,CVRENERGY,3449342.276,4771949.004000001,0.1279172755904457,14.0,unmatched,"US-listed (CVI), not an S&P 500 constituent"
ghgrp_parent,HBM HOLDINGS CO,HBM,3447944.7780000004,3487793.432,0.12786545001835128,4.0,unmatched,private (Mississippi Lime)
ghgrp_parent,ARGOS USA LLC,ARGOS,3396304.3079999997,3576745.906,0.12595038688339605,13.0,unmatched,"merged into Summit Materials in 2024, which Quikrete took private in 2025"
ghgrp_parent,BIG RIVERS ELECTRIC CORP,BIGRIVERSELECTRIC,3335034.8319999995,10795649.262,0.12367823647915642,14.0,unmatched,generation and transmission cooperative
ghgrp_parent,DEER PARK REFINING LP,DEERPARKREFINING,3230829.374,3230829.374,0.11981382488342687,13.0,unmatched,state-owned (Pemex bought Shell's half of the Deer Park refinery in 2022)
ghgrp_parent,POWERSOUTH ENERGY COOPERATIVE,POWERSOUTHENERGYCOOPERATIVE,3228496.6561744004,5598982.1575984005,0.11972731711322149,14.0,unmatched,
ghgrp_parent,GENERATION HOLDINGS LP,GENERATION,3176090.2060000002,3814512.3600000003,0.11778384795496515,7.0,unmatched,"private; Seward and Colver, Pennsylvania waste-coal plants"
ghgrp_parent,ASTORIA PROJECT PARTNERS LLC,ASTORIAPROJECT,3136189.7660000003,3136189.7660000003,0.11630415844570056,5.0,unmatched,private project company (Astoria Energy)
ghgrp_parent,SUNCOKE ENERGY,SUNCOKEENERGY,3105494.3825000003,3539831.2005999996,0.11516583423304015,14.0,unmatched,"US-listed (SXC), not an S&P 500 constituent"
ghgrp_parent,CARLYLE GROUP MANAGEMENT LLC,CARLYLEMANAGEMENT,3064920.792,5885495.180000001,0.1136611812463551,3.0,unmatched,"private equity; the plants are the Cogentrix fleet, and Carlyle is not an index constituent"
ghgrp_parent,RAYONIER ADVANCED MATERIALS INC,RAYONIERADVANCEDMATERIALS,2999318.5539999995,3224904.8499999996,0.11122835235141362,10.0,unmatched,"US-listed (RYAM), not an S&P 500 constituent"
ghgrp_parent,SOUTH FIELD ENERGY LLC,SOUTHFIELDENERGY,2971407.288,3016090.924,0.11019327585876108,3.0,unmatched,
ghgrp_parent,Guernsey Power Station LLC,GUERNSEYPOWERSTATION,2936098.016,2936098.016,0.10888384770813993,1.0,unmatched,
ghgrp_parent,AVISTA CORP,AVISTA,2911803.4851596,2911803.4851596,0.10798289617935869,14.0,unmatched,"US-listed (AVA), not an S&P 500 constituent"
ghgrp_parent,HUMMEL STATION LLC,HUMMELSTATION,2909103.3200000003,2916793.8856,0.10788276179337342,3.0,unmatched,
ghgrp_parent,SAPPI NORTH AMERICA INC,SAPPINORTH,2899927.698,3345530.7699999996,0.10754248806169583,4.0,unmatched,"foreign-listed parent (Sappi, Johannesburg)"
ghgrp_parent,EIF CHANNELVIEW COGENERATION LLC,EIFCHANNELVIEWCOGENERATION,2890021.1920000003,3091120.544,0.10717510983224107,3.0,unmatched,
ghgrp_parent,EL PASO ELECTRIC CO,ELPASOELECTRIC,2866144.7982591996,2935277.2363559995,0.10628966472593815,14.0,unmatched,"held by IIF, a JPMorgan-managed infrastructure fund; see the fund-owner rule"
ghgrp_parent,DIVERSIFIED GAS & OIL CORP,DIVERSIFIEDGASOIL,2841633.3940000003,3154479.788,0.10538067054593209,6.0,unmatched,"US-listed (DEC), not an S&P 500 constituent"
ghgrp_parent,VENTURE GLOBAL LNG INC,VENTUREGLOBALLNG,2837471.5760000004,2837471.5760000004,0.10522633143503335,3.0,unmatched,"US-listed (VG) since 2025, not an S&P 500 constituent"
ghgrp_parent,ARCH RESOURCES INC,ARCHRESOURCES,2825572.56,2825572.56,0.1047850618864827,4.0,unmatched,"merged with CONSOL into Core Natural Resources (CNR), not an S&P 500 constituent"
ghgrp_parent,WESTLAKE CORP,WESTLAKE,2812811.5039999997,3167903.994,0.1043118239800752,2.0,unmatched,"US-listed (WLK), not an S&P 500 constituent"
ghgrp_parent,TENASKA INC,TENASKA,2792383.0100000002,3009839.1040000003,0.10355424265360677,3.0,unmatched,private (Tenaska)
ghgrp_parent,PNM RESOURCES INC,PNMRESOURCES,2778905.83751872,5876884.00522096,0.10305444789607779,13.0,unmatched,"US-listed (TXNM), not an S&P 500 constituent"
ghgrp_parent,GRAND RIVER DAM AUTHORITY,GRANDRIVERDAMAUTHORITY,2721426.6663200003,6932430.053920001,0.10092285920622954,14.0,unmatched,
ghgrp_parent,DELEK US HOLDINGS INC,DELEK,2699376.5519999997,2699376.5519999997,0.10010514083426698,14.0,unmatched,"US-listed (DK), not an S&P 500 constituent"
ghgrp_parent,OSAKA GAS USA CORP,OSAKAGAS,2684129.3102700002,2684129.3102700002,0.09953970387083746,7.0,unmatched,foreign-listed parent (Osaka Gas)
ghgrp_parent,MUNICIPAL ELECTRIC AUTHORITY OF GEORGIA,MUNICIPALELECTRICAUTHORITYOFGEORGIA,2681872.366531,4181935.01074,0.09945600614786501,13.0,unmatched,
ghgrp_parent,MAJOR OAK POWER LLC,MAJOROAKPOWER,2678549.642,2896932.94,0.0993327844332499,10.0,unmatched,
ghgrp_parent,CLEARWATER PAPER CORP,CLEARWATERPAPER,2664518.9740000004,2826919.94,0.09881246354837812,14.0,unmatched,"US-listed (CLW), not an S&P 500 constituent"
ghgrp_parent,DAIRYLAND POWER COOPERATIVE,DAIRYLANDPOWERCOOPERATIVE,2647918.9823999996,5714007.74464,0.09819686047672273,14.0,unmatched,
ghgrp_parent,BILLERUD AMERICAS CORP,BILLERUD,2647885.056,2945677.9159999997,0.09819560233174572,2.0,unmatched,"foreign-listed parent (Billerud, Stockholm)"
ghgrp_parent,INDECK NILES LLC,INDECKNILES,2628296.86,2628296.86,0.09746918307104037,2.0,unmatched,
ghgrp_parent,CARGILL INC,CARGILL,2602719.356,3519519.672,0.09652065307132175,14.0,unmatched,private (Cargill)
ghgrp_parent,CITY OF LOS ANGELES CALIFORNIA,CITYOFLOSANGELESCALIFORNIA,2593172.3048,2953048.4716,0.09616660505819076,2.0,unmatched,
ghgrp_parent,MOXIE FREEDOM LLC,MOXIEFREEDOM,2530181.2720000003,2599618.8680000002,0.09383061150995166,4.0,unmatched,
ghgrp_parent,CHS INC,CHS,2527965.588,2567512.198,0.09374844388546817,14.0,unmatched,agricultural cooperative
ghgrp_parent,SYLVAMO NORTH AMERICA LLC,SYLVAMONORTH,2505801.708,2695315.744,0.09292650656546371,3.0,unmatched,"US-listed (SLVM) since the 2021 International Paper spin, not an S&P 500 constituent"
ghgrp_parent,CONTINENTAL RESOURCES INC,CONTINENTALRESOURCES,2485238.872,3817410.222,0.09216394322756746,13.0,unmatched,private since the Hamm family took it private in 2022
ghgrp_parent,GFL ENVIRONMENTAL HOLDINGS (US) INC,GFLENVIRONMENTAL,2448474.15,2710970.88,0.09080054038152294,7.0,unmatched,"foreign-listed parent (GFL Environmental, Toronto)"
ghgrp_parent,NORTHWESTERN CORP,NORTHWESTERN,2423470.67926,2423470.67926,0.08987329814185886,13.0,unmatched,"US-listed (NWE), not an S&P 500 constituent"
ghgrp_parent,HICKORY RUN ENERGY LLC,HICKORYRUNENERGY,2419495.284,2419495.284,0.08972587243273379,4.0,unmatched,
ghgrp_parent,TENASKA PENNSYLVANIA PARTNERS LLC,TENASKAPENNSYLVANIA,2416499.0919999997,2669501.3079999997,0.08961476002720285,6.0,unmatched,
ghgrp_parent,OTTER TAIL CORP,OTTERTAIL,2378537.4936339995,4060025.286994,0.08820697157030648,14.0,unmatched,"US-listed (OTTR), not an S&P 500 constituent"
ghgrp_parent,OREGON CLEAN ENERGY CENTER,OREGONCLEANENERGYCENTER,2368018.976,2368018.976,0.08781689717022358,3.0,unmatched,
ghgrp_parent,CALIFORNIA RESOURCES CORP,CALIFORNIARESOURCES,2351246.3600000003,3713055.4859999996,0.08719489240190216,10.0,unmatched,"US-listed (CRC), not an S&P 500 constituent"
ghgrp_parent,Florida Municipal Power Agency,FLORIDAMUNICIPALPOWERAGENCY,2341525.872,2341525.872,0.08683441256462385,14.0,unmatched,
ghgrp_parent,TOTAL HOLDINGS USA INC,TOTAL,2338666.9378400003,2919360.51524,0.0867283903031092,14.0,unmatched,foreign-listed parent (TotalEnergies)
ghgrp_parent,THE CHEMOURS CO,CHEMOURS,2325848.0968749993,8033954.814587999,0.08625300946778902,9.0,unmatched,"US-listed (CC) since the 2015 DuPont spin, not an S&P 500 constituent"
ghgrp_parent,GCC OF AMERICA INC,GCCOF,2313362.264,2481786.342,0.08578997808468729,13.0,unmatched,foreign-listed parent (Grupo Cementos de Chihuahua)
ghgrp_parent,ALLIANCE HOLDINGS GP LP,ALLIANCEGP,2276424.0439999998,2502138.5379999997,0.08442014114492151,4.0,unmatched,"US-listed partnership (ARLP), not an S&P 500 constituent"
ghgrp_parent,CLEAN ENERGY FUTURES - LORDSTOWN LLC,CLEANENERGYFUTURESLORDSTOWN,2268186.5439999998,2361307.7,0.08411465723716093,6.0,unmatched,
ghgrp_parent,HAMILTON LIBERTY LLC,HAMILTONLIBERTY,2267853.344,2267853.344,0.08410230066804823,2.0,unmatched,
ghgrp_parent,MIDDLE RIVER POWER LLC,MIDDLERIVERPOWER,2233806.0640000002,2233806.0640000002,0.08283967291168781,6.0,unmatched,
ghgrp_parent,J POWER USA DEVELOPMENT CO LTD,JPOWERDEVELOPMENT,2215675.116,4370538.44604,0.08216729502441082,14.0,unmatched,foreign-listed parent (J-POWER)
ghgrp_parent,EAGLECLAW MIDSTREAM SERVICES LLC,EAGLECLAWMIDSTREAM,2212411.29984148,2212411.29984148,0.0820462578997593,8.0,unmatched,"US-listed (KNTK) after the Kinetik combination, not an S&P 500 constituent"
ghgrp_parent,"Sandy Creek Energy Associates, LP",SANDYCREEKENERGYASSOCIATES,2209326.3435221994,2209326.3435221994,0.08193185371017696,1.0,unmatched,
ghgrp_parent,KIOWA POWER PARTNERS LLC,KIOWAPOWER,2201472.5919999997,2228791.0919999997,0.08164060093863434,6.0,unmatched,
ghgrp_parent,CARROLL COUNTY ENERGY LLC,CARROLLCOUNTYENERGY,2192382.476,2192382.476,0.08130349815773273,7.0,unmatched,
ghgrp_parent,CENTENNIAL RESOURCE DEVELOPMENT INC,CENTENNIALRESOURCEDEVELOPMENT,2187406.64,2187406.64,0.08111897156281246,5.0,unmatched,
ghgrp_parent,ODYSSEY ENERGY ALTURA COGEN LLC,ODYSSEYENERGYALTURACOGEN,2163677.836,2163677.836,0.08023899975432626,2.0,unmatched,
ghgrp_parent,HARVEST PIPELINE CO,HARVESTPIPELINE,2143503.914,3127894.743,0.07949085911366859,7.0,unmatched,
ghgrp_parent,INDORAMA VENTURES USA HOLDINGS LP,INDORAMAVENTURES,2129991.55,2288645.0439999998,0.07898975929481535,9.0,unmatched,
ghgrp_parent,GENESIS ENERGY LP,GENESISENERGY,2091866.9679999999,2460150.828,0.07757592666463639,13.0,unmatched,
ghgrp_parent,PLATTE RIVER POWER AUTHORITY,PLATTERIVERPOWERAUTHORITY,2088075.89688,3275498.300264,0.07743533653166694,14.0,unmatched,
ghgrp_parent,OLD DOMINION ELECTRIC COOPERATIVE,OLDDOMINIONELECTRICCOOPERATIVE,2081715.861,3851058.211,0.07719947751933068,14.0,unmatched,generation and transmission cooperative
ghgrp_parent,CITY UTILITIES OF SPRINGFIELD MISSOURI,CITYUTILITIESOFSPRINGFIELDMISSOURI,2079461.1299999997,2883969.026,0.07711586185476874,3.0,unmatched,
ghgrp_parent,CPV POWER HOLDINGS LP,CPVPOWER,2063518.9796969998,2063518.9796969998,0.07652465452576514,6.0,unmatched,
ghgrp_parent,US SUGAR CORP,SUGAR,2035614.12,2035614.12,0.07548981560791984,13.0,unmatched,
ghgrp_parent,COLORADO SPRINGS UTILITIES,COLORADOSPRINGSUTILITIES,2022431.794,4184808.556,0.07500095509686018,14.0,unmatched,
ghgrp_parent,GOLDEN SPREAD ELECTRIC COOPERATIVE,GOLDENSPREADELECTRICCOOPERATIVE,2020429.4320000003,2871751.4999999995,0.07492669842086487,12.0,unmatched,
ghgrp_parent,VICINITY ENERGY INC,VICINITYENERGY,2020076.2500000002,2020076.2500000002,0.07491360082845083,5.0,unmatched,
ghgrp_parent,LIBERTY UTILITIES CO,LIBERTYUTILITIES,2008022.7001248002,2436174.5765119996,0.07446660046204558,5.0,unmatched,
ghgrp_parent,Antero Midstream LLC,ANTEROMIDSTREAM,1997300.132,1997300.132,0.07406895894313897,8.0,unmatched,
ghgrp_parent,CRICKET VALLEY ENERGY CENTER LLC,CRICKETVALLEYENERGYCENTER,1968351.6,2046463.918,0.07299541591682121,5.0,unmatched,
ghgrp_parent,PLATINUM EQUITY LLC,PLATINUMEQUITY,1953010.864,2259658.1,0.07242651176128816,3.0,unmatched,
ghgrp_parent,TITAN AMERICA LLC,TITAN,1949485.122,2330717.41,0.07229576123698883,14.0,blocked,"cement producer, not Titan International; neither is an S&P 500 member"
ghgrp_parent,WESTERN MINNESOTA MUNICIPAL POWER AGENCY,WESTERNMINNESOTAMUNICIPALPOWERAGENCY,1939956.7304954,2250992.3803034,0.07194240521009984,14.0,unmatched,
ghgrp_parent,CAERUS OIL & GAS LLC,CAERUSOILGAS,1924985.0840000003,2129275.628,0.07138718856948985,13.0,unmatched,
ghgrp_parent,PLUM POINT ENERGY ASSOCIATES LLC,PLUMPOINTENERGYASSOCIATES,1919433.442494,2949067.4818889997,0.07118130849158529,14.0,unmatched,
ghgrp_parent,SABIC US HOLDINGS LP,SABIC,1907812.48,1907812.48,0.07075035042972107,10.0,unmatched,
ghgrp_parent,HOLLYFRONTIER PUGET SOUND REFINING LLC,HOLLYFRONTIERPUGETSOUNDREFINING,1900998.896,1907857.794,0.0704976717934631,3.0,unmatched,
ghgrp_parent,LINCOLN ELECTRIC SYSTEM,LINCOLNELECTRICSYSTEM,1877746.5014112,2518515.0422292,0.06963536740939295,14.0,unmatched,
ghgrp_parent,CIVITAS RESOURCES INC,CIVITASRESOURCES,1842781.966,1842781.966,0.06833872365698662,4.0,unmatched,
ghgrp_parent,OVINTIV INC,OVINTIV,1831809.738,2535695.3099999996,0.06793182361616354,5.0,unmatched,
ghgrp_parent,AMERICAN CRYSTAL SUGAR CO,CRYSTALSUGAR,1817092.37,2265567.426,0.0673860367768809,14.0,unmatched,
ghgrp_parent,LOUISIANA GENERATING LLC,LOUISIANAGENERATING,1811262.555,10778807.612639999,0.06716984076259,14.0,unmatched,"sold out of NRG in 2019, now Cleco-owned and private"
ghgrp_parent,SACRAMENTO MUNICIPAL UTILITY DISTRICT FINANCING AUTHORITY,SACRAMENTOMUNICIPALUTILITYDISTRICTFINANCINGAUTHORITY,1809631.058,2271179.992,0.06710933744494997,13.0,unmatched,
ghgrp_parent,SAN MIGUEL ELECTRIC COOPERATIVE INC,SANMIGUELELECTRICCOOPERATIVE,1802760.0320000001,3491898.168,0.06685452859847901,14.0,unmatched,
ghgrp_parent,TEXGEN POWER LLC,TEXGENPOWER,1801738.9160000002,1801738.9160000002,0.06681666098015344,4.0,unmatched,
ghgrp_parent,NEW YORK POWER AUTHORITY,NEWYORKPOWERAUTHORITY,1787544.866,2167349.88,0.06629028114877872,14.0,unmatched,
ghgrp_parent,SUNFLOWER ELECTRIC POWER CORP,SUNFLOWERELECTRICPOWER,1779962.21,2780169.324,0.06600908183028593,14.0,unmatched,
ghgrp_parent,NATIONAL CEMENT,NATIONALCEMENT,1730789.186,1788903.088,0.06418552279806435,14.0,unmatched,
ghgrp_parent,DT Midstream INC,DTMIDSTREAM,1724878.5196,1724878.5196,0.06396632844670275,2.0,unmatched,
ghgrp_parent,CELANESE CORP,CELANESE,1710685.8420000002,2106164.53,0.0634399995101523,14.0,unmatched,
ghgrp_parent,HANSON LEHIGH INC,HANSONLEHIGH,1700836.912,6691635.99,0.06307475646023902,4.0,unmatched,
ghgrp_parent,RUMPKE CONSOLIDATED COS INC,RUMPKECONSOLIDATED,1691498.57,2423466.46,0.06272844833202479,14.0,unmatched,
ghgrp_parent,ND PAPER LLC,NDPAPER,1671316.924,2118656.128,0.06198002125037126,8.0,unmatched,
ghgrp_parent,MGE ENERGY INC,MGEENERGY,1670635.1588480002,1829191.32876,0.06195473830253418,14.0,unmatched,
ghgrp_parent,TENASKA FRONTIER PARTNERS LTD,TENASKAFRONTIER,1662556.4400000002,1706460.976,0.061655142720939506,6.0,unmatched,
ghgrp_parent,ARES CAPITAL CORP,ARESCAPITAL,1655659.924,1907962.328,0.0613993885895145,3.0,unmatched,
ghgrp_parent,IRON SENERGY HOLDING LLC,IRONSENERGY,1649109.808,1929641.986,0.061156480543145424,3.0,unmatched,
ghgrp_parent,PAR PACIFIC HOLDINGS INC,PARPACIFIC,1644604.302,1644604.302,0.06098939592046636,8.0,unmatched,
ghgrp_parent,SCOUT ENERGY MANAGEMENT LLC,SCOUTENERGYMANAGEMENT,1624027.746,1893804.13,0.06022632378266549,8.0,unmatched,
ghgrp_parent,LSB INDUSTRIES INC,LSB,1623982.862,2054449.8180000002,0.06022465928012031,14.0,unmatched,
ghgrp_parent,LEA POWER PARTNERS LLC,LEAPOWER,1600256.52,1835872.996,0.05934477877377442,14.0,unmatched,
ghgrp_parent,"Reorganized Heritage TopCo, LLC",REORGANIZEDHERITAGETOPCO,1589531.806,1589531.806,0.05894705767607067,1.0,unmatched,
ghgrp_parent,CPV VALLEY LLC,CPVVALLEY,1589336.04,1774117.32,0.058939797783787,6.0,unmatched,
ghgrp_parent,NIPPON PAPER INDUSTRIES CO LTD,NIPPONPAPER,1574261.274,1721329.8739999998,0.05838075700366482,8.0,unmatched,
ghgrp_parent,MDU RESOURCES GROUP INC,MDURESOURCES,1562303.0360619999,2601728.2743800003,0.05793729123671716,14.0,unmatched,
ghgrp_parent,INTERNATIONAL GRAND INVESTMENT CORP,GRANDINVESTMENT,1545275.13,1892567.0180000002,0.057305819153585145,14.0,unmatched,
ghgrp_parent,SOUTHWEST GENERATION OPERATING CO,SOUTHWESTGENERATIONOPERATING,1539551.1339999998,1620644.686,0.05709354738835467,14.0,unmatched,
ghgrp_parent,TATA CHEMICALS (SODA ASH) PARTNERS,TATASODAASH,1537520.986,1607574.604,0.057018260281298846,4.0,unmatched,
ghgrp_parent,SOUTHERN CALIFORNIA PUBLIC POWER AUTHORITY,SOUTHERNCALIFORNIAPUBLICPOWERAUTHORITY,1534577.512,3442839.601218,0.05690910289860852,13.0,unmatched,
ghgrp_parent,TEMPLE GENERATION I LLC,TEMPLEGENERATIONI,1532276.6220000002,1532276.6220000002,0.05682377544871142,6.0,unmatched,
ghgrp_parent,PANDA TEMPLE POWER II LLC,PANDATEMPLEPOWERII,1532276.6220000002,1532276.6220000002,0.05682377544871142,7.0,unmatched,
ghgrp_parent,SUMMIT MATERIALS INC,SUMMITMATERIALS,1521749.792,2330345.6959999995,0.05643339278834948,14.0,unmatched,
ghgrp_parent,ONWARD ENERGY LLC,ONWARDENERGY,1504545.174,1504545.174,0.0557953674240802,4.0,unmatched,
ghgrp_parent,GIP Pilot Acquisition Partners LP,GIPPILOTACQUISITION,1499591.6256000001,1499591.6256000001,0.055611667354579356,4.0,unmatched,
ghgrp_parent,BKV CORP,BKV,1490323.3679999998,1838329.262,0.05526795827418119,2.0,unmatched,
ghgrp_parent,OLIN CORP,OLIN,1486064.024,2590782.8380000005,0.05511000245632182,14.0,unmatched,
ghgrp_parent,SIKESTON BOARD OF MUNICIPAL UTILITIES,SIKESTONBOARDOFMUNICIPALUTILITIES,1466563.046,1819174.976,0.054386817635126886,5.0,unmatched,
ghgrp_parent,SASOL USA CORP,SASOL,1462668.168,1908669.1970000002,0.05424237787164393,10.0,unmatched,
ghgrp_parent,ARIZONA ELECTRIC POWER COOPERATIVE INC,ARIZONAELECTRICPOWERCOOPERATIVE,1458091.254,2281313.366,0.0540726451160501,6.0,unmatched,
ghgrp_parent,SOLID WASTE AUTHORITY OF PALM BEACH COUNTY FLORIDA,SOLIDWASTEAUTHORITYOFPALMBEACHCOUNTYFLORIDA,1457057.52,1465851.712,0.05403430956498424,2.0,unmatched,
ghgrp_parent,ARES MANAGEMENT CORP,ARESMANAGEMENT,1454174.0512,1485114.0960000001,0.05392737744760279,5.0,fund_holding,"named by EPA as the parent but held through managed funds, not consolidated by the listed manager; a carbon price lands on the portfolio company"
ghgrp_parent,AVANGRID INC,AVANGRID,1447703.578,1633097.43,0.05368742291792799,8.0,unmatched,
ghgrp_parent,ADVANSIX INC,ADVANSIX,1447651.4139999999,1684291.554,0.05368548843992319,8.0,unmatched,
ghgrp_parent,DYNO NOBEL INC,DYNONOBEL,1434652.484,2499922.63,0.05320342908537311,14.0,unmatched,
ghgrp_parent,ECOELECTRICA LP,ECOELECTRICA,1431255.9619999998,1666648.92,0.05307747062548177,14.0,unmatched,
ghgrp_parent,KARNAVATI HOLDINGS INC,KARNAVATI,1429567.708,1643227.144,0.05301486250053945,5.0,unmatched,
ghgrp_parent,VOTORANTIM CIMENTOS NORTH AMERICA INC,VOTORANTIMCIMENTOSNORTH,1429411.796,1445344.642,0.05300908057555897,14.0,unmatched,
ghgrp_parent,GIANT CEMENT HOLDING INC,GIANTCEMENT,1421610.19,1581148.146,0.052719761596780386,14.0,unmatched,
ghgrp_parent,EAST TEXAS ELECTRIC COOPERATIVE INC,EASTTEXASELECTRICCOOPERATIVE,1411685.8332322,1716859.62907512,0.05235172137979249,14.0,unmatched,
ghgrp_parent,JERA POWER LINDEN LLC,JERAPOWERLINDEN,1406043.302,1406043.302,0.05214247069809613,2.0,unmatched,
ghgrp_parent,OSAKA GAS ENERGY AMERICA CORP,OSAKAGASENERGY,1398185.9211999997,2279691.899704722,0.051851083336451574,14.0,unmatched,
ghgrp_parent,ARLINGTON VALLEY LLC,ARLINGTONVALLEY,1386239.264,1386239.264,0.051408047035858905,4.0,unmatched,
ghgrp_parent,M6 Midstream LLC,M6MIDSTREAM,1385051.9840000002,1385051.9840000002,0.05136401730183693,6.0,unmatched,
ghgrp_parent,HATFIELD METALLURGICAL INTERMEDIATE HOLDINGS LLC,HATFIELDMETALLURGICALINTERMEDIATE,1383464.5,1383464.5,0.05130514618610674,4.0,unmatched,
ghgrp_parent,WESTERN FARMERS ELECTRIC COOPERATIVE,WESTERNFARMERSELECTRICCOOPERATIVE,1375173.4023999998,3942793.9639999997,0.05099767463594315,14.0,unmatched,
ghgrp_parent,RHODE ISLAND STATE ENERGY CENTER LP,RHODEISLANDSTATEENERGYCENTER,1361847.604,1361847.604,0.05050349351676115,9.0,unmatched,
ghgrp_parent,COTERRA ENERGY INC,COTERRAENERGY,1359407.44308,1548701.9214599999,0.050413001268699686,3.0,unmatched,
ghgrp_parent,CITY OF GAINESVILLE FLORIDA,CITYOFGAINESVILLEFLORIDA,1355322.27,1645438.0240000002,0.050261504499490975,8.0,unmatched,
ghgrp_parent,ALPHA METALLURGICAL RESOURCES INC,ALPHAMETALLURGICALRESOURCES,1351314.8560000001,1366335.806,0.050112891390084666,5.0,unmatched,
ghgrp_parent,IOWA FERTLIZER CO LLC,IOWAFERTLIZER,1350064.716,1593662.9619999998,0.05006653052180571,3.0,unmatched,
ghgrp_parent,NEW-INDY JV CORP,NEWINDYJV,1338229.776,1737027.66,0.049627637202314105,4.0,unmatched,
ghgrp_parent,REYNOLDS CONSUMER PRODUCTS INC,REYNOLDSCONSUMERPRODUCTS,1331289.948,3622734.2939999998,0.04937027686524262,5.0,unmatched,
ghgrp_parent,HOLLYFRONTIER CORP,HOLLYFRONTIER,1321637.802,5145029.548,0.0490123314596759,14.0,unmatched,
ghgrp_parent,NEWARK ENERGY CENTER LLC,NEWARKENERGYCENTER,1306853.088,1583414.2,0.048464047124884675,3.0,unmatched,
ghgrp_parent,GREEN PLAINS INC,GREENPLAINS,1301351.6519999998,1371668.084,0.048260028895133554,6.0,unmatched,
ghgrp_parent,WABASH VALLEY POWER ASSOC,WABASHVALLEYPOWERASSOC,1301177.694024,1595977.802055,0.04825357774341343,9.0,unmatched,
ghgrp_parent,"J-Power USA Investment Co, Ltd",JPOWERINVESTMENT,1299717.25404,1299717.25404,0.04819941799672303,1.0,unmatched,
ghgrp_parent,CITY OF TALLAHASSEE FLORIDA,CITYOFTALLAHASSEEFLORIDA,1298557.79,1298557.79,0.048156419804814436,2.0,unmatched,
ghgrp_parent,SOLVAY HOLDING INC,SOLVAY,1295461.502,1358898.5900000003,0.0480415953850521,14.0,unmatched,
ghgrp_parent,HUNT CRUDE OIL SUPPLY CO LLC,HUNTCRUDEOILSUPPLY,1287362.62,1573159.318,0.04774125206221727,5.0,unmatched,
ghgrp_parent,CORONADO GROUP LLC,CORONADO,1280556.438,2063185.8,0.04748884792573292,5.0,unmatched,
ghgrp_parent,CPPIB Vedder US Holdings LLC,CPPIBVEDDER,1278180.28702,1278180.28702,0.04740072945692569,4.0,unmatched,
ghgrp_parent,AMERICAN MUNICIPAL POWER,MUNICIPALPOWER,1277562.116,1510774.7519999999,0.047377804868293946,14.0,unmatched,municipal joint action agency
ghgrp_parent,"Gulf Energy USA, LLC",GULFENERGY,1248747.9499599999,1248747.9499599999,0.04630924474194958,1.0,unmatched,
ghgrp_parent,FLYWHEEL ENERGY LLC,FLYWHEELENERGY,1243868.568,2703193.6119999997,0.0461282951008452,6.0,unmatched,
ghgrp_parent,Lotus Infrastructure Partners,LOTUSINFRASTRUCTURE,1242267.3699999999,1242267.3699999999,0.04606891540771761,1.0,unmatched,
ghgrp_parent,JERA ENERGY AMERICA LLC,JERAENERGY,1242267.3699999999,2404122.6750000003,0.04606891540771761,6.0,unmatched,
ghgrp_parent,Rayburn Energy Station LLC,RAYBURNENERGYSTATION,1242048.148,1242048.148,0.04606078566043664,1.0,unmatched,
ghgrp_parent,OHIO POWER PARTNERS LLC,OHIOPOWER,1231069.488,1294693.452,0.045653647091844836,3.0,blocked,"Middletown Energy Center, a merchant gas plant built by NTE Energy, not AEP's Ohio Power Company; the name collides only after PARTNERS is stripped"
ghgrp_parent,BAYPORT POLYMERS LLC,BAYPORTPOLYMERS,1229145.508,1229145.508,0.045582297176354314,7.0,unmatched,
ghgrp_parent,"Red Oak Power Holdings, LLC",REDOAKPOWER,1228375.468,2110239.228,0.04555374059628367,10.0,unmatched,
ghgrp_parent,NATIONAL FUEL GAS CO,NATIONALFUELGAS,1223100.918,1580047.104,0.045358136329736946,14.0,unmatched,
ghgrp_parent,MITSUBISHI CEMENT CORP,MITSUBISHICEMENT,1221242.544,1221242.544,0.0452892193826534,8.0,unmatched,
ghgrp_parent,EMPIRE ACQUISITION LLC,EMPIREACQUISITION,1219364.358,1384887.216,0.0452195677166405,5.0,unmatched,
ghgrp_parent,FANJUL CORP,FANJUL,1219178.148,1359840.372,0.04521266220423212,5.0,unmatched,
ghgrp_parent,WALLEYE POWER LLC,WALLEYEPOWER,1219132.642,1516073.826,0.04521097463510233,6.0,unmatched,
ghgrp_parent,LIMA REFINING CO,LIMAREFINING,1205035.274,1440657.592,0.04468818021133552,14.0,unmatched,
ghgrp_parent,BERRY CORP (BRY),BERRYBRY,1181758.476,1437291.746,0.043824970837958416,5.0,unmatched,
ghgrp_parent,HIG CAPITAL,HIGCAPITAL,1180589.508,1180589.508,0.04378162019605406,2.0,unmatched,
ghgrp_parent,FORESIGHT ENERGY LP,FORESIGHTENERGY,1174400.75,1964506.4,0.04355211294530752,13.0,unmatched,
ghgrp_parent,WARRIOR MET COAL INC,WARRIORMETCOAL,1163558.75,3873959.8,0.043150042350109906,8.0,unmatched,
ghgrp_parent,COUNTY OF ORANGE CALIFORNIA,COUNTYOFORANGECALIFORNIA,1162215.586,1162215.586,0.043100231729474595,2.0,unmatched,
ghgrp_parent,HOMER CITY GENERATION LP,HOMERCITYGENERATION,1154482.31,4452104.964,0.04281344673739312,3.0,unmatched,
ghgrp_parent,BASTROP ENERGY PARTNERS LP,BASTROPENERGY,1153439.5480000002,1322603.2480000001,0.04277477638708972,9.0,unmatched,
ghgrp_parent,MEWBOURNE HOLDINGS INC,MEWBOURNE,1142155.8120000002,1142155.8120000002,0.04235632421502066,3.0,unmatched,
ghgrp_parent,BARRICK GOLD OF NORTH AMERICA INC,BARRICKGOLDOFNORTH,1133391.67654,1295205.57949,0.04203131027287024,3.0,unmatched,
ghgrp_parent,SCHUYLKILL ENERGY RESOURCES INC,SCHUYLKILLENERGYRESOURCES,1133244.7440000002,1238168.824,0.04202586134704368,14.0,unmatched,
ghgrp_parent,HOLCIM PARTICIPATIONS (US) INC - RAVENA PLANT,HOLCIMPARTICIPATIONSRAVENAPLANT,1120894.712,1120894.712,0.04156786607707969,1.0,unmatched,
ghgrp_parent,SOUTHERN MINNESOTA MUNICIPAL POWER AGENCY,SOUTHERNMINNESOTAMUNICIPALPOWERAGENCY,1118922.9905888003,2117290.5941476,0.04149474569326075,14.0,unmatched,
ghgrp_parent,MISSOURI JOINT MUNICIPAL ELECTRIC UTILITY COMMISSION,MISSOURIJOINTMUNICIPALELECTRICUTILITYCOMMISSION,1118199.5960364002,1691328.7417613997,0.04146791893821129,14.0,unmatched,
ghgrp_parent,CK TECHNOLOGIES INC,CKTECHNOLOGIES,1116000.1260000002,1126040.0080000001,0.04138635260112822,5.0,unmatched,
ghgrp_parent,COLORADO BEND 1 POWER LLC,COLORADOBEND1POWER,1112844.024,1112844.024,0.041269310006621256,6.0,unmatched,
ghgrp_parent,STARWOOD CAPITAL GROUP LLC,STARWOODCAPITAL,1098872.3760000002,2776292.012,0.040751177851368406,8.0,unmatched,
ghgrp_parent,IKAV Impact USA Inc,IKAVIMPACT,1084660.7214119998,1084660.7214119998,0.040224145161925476,4.0,unmatched,
ghgrp_parent,Hull Street Energy,HULLSTREETENERGY,1082257.115,1082257.115,0.04013500852102033,1.0,unmatched,
ghgrp_parent,ENERGY TRANSITION & ENVIRONMENTAL MANAGEMENT LLC,ENERGYTRANSITIONENVIRONMENTALMANAGEMENT,1076241.044,1076241.044,0.03991190528843215,1.0,unmatched,
ghgrp_parent,COUNTY OF PINELLAS FLORIDA,COUNTYOFPINELLASFLORIDA,1072435.01,1122355.548,0.03977076026392354,2.0,unmatched,
ghgrp_parent,TENASKA ALABAMA PARTNERS LP,TENASKAALABAMA,1069085.188,1207373.0240000002,0.03964653365210413,6.0,unmatched,
ghgrp_parent,PETRO-HUNT LLC,PETROHUNT,1066308.2288843228,1912334.0238526,0.0395435513974943,13.0,unmatched,
ghgrp_parent,AHLSTROM-MUNKSJO NORTH AMERICA SPECIALTY SOLUTIONS LLC,AHLSTROMMUNKSJONORTHSPECIALTYSOLUTIONS,1056945.61,1353551.4880000001,0.03919634297216428,6.0,unmatched,
ghgrp_parent,PIXELLE SPECIALTY SOLUTIONS LLC,PIXELLESPECIALTYSOLUTIONS,1051271.362,2425195.734,0.038985916088687164,6.0,unmatched,
ghgrp_parent,DOGWOOD POWER MANAGEMENT LLC,DOGWOODPOWERMANAGEMENT,1048315.716,1048315.716,0.038876307312961884,14.0,unmatched,
ghgrp_parent,SOUTHERN ILLINOIS POWER COOPERATIVE,SOUTHERNILLINOISPOWERCOOPERATIVE,1047163.912,2368882.2479999997,0.03883359319012191,13.0,unmatched,
ghgrp_parent,US LIME & MINERALS INC,LIMEMINERALS,1033604.286,1218733.736,0.03833074068168462,13.0,unmatched,
ghgrp_parent,MERIT ENERGY CO LLC,MERITENERGY,1020103.4499999998,1617533.586,0.03783006837342181,14.0,unmatched,
ghgrp_parent,CALUMET SPECIALTY PRODUCTS PARTNERS,CALUMETSPECIALTYPRODUCTS,1019800.5419999999,1340916.6700000002,0.03781883516922977,14.0,unmatched,
ghgrp_parent,USG CORP,USG,1015169.828,1033326.6980000001,0.03764710726532183,14.0,unmatched,
ghgrp_parent,KLEEN ENERGY SYSTEMS LLC,KLEENENERGYSYSTEMS,1014344.376,1014344.376,0.03761649575665673,3.0,unmatched,
ghgrp_parent,Bridgeport Energy LLC,BRIDGEPORTENERGY,1012876.096,1260051.6800000002,0.03756204526657033,7.0,unmatched,
ghgrp_parent,WTG SOUTH PERMIAN MIDSTREAM LLC,WTGSOUTHPERMIANMIDSTREAM,1003995.27,1562003.016,0.03723270390928694,7.0,unmatched,
ghgrp_parent,METHANEX USA LLC,METHANEX,1003451.84,1029986.2,0.037212551057087324,3.0,unmatched,
ghgrp_parent,NORTHERN STAR GENERATION LLC,NORTHERNSTARGENERATION,1002483.392,2485220.3019999997,0.03717663660737529,14.0,unmatched,
ghgrp_parent,WPPI ENERGY,WPPIENERGY,990009.78404,1417366.0372000001,0.036714058579636964,14.0,unmatched,
ghgrp_parent,SENTINEL PEAK RESOURCES LLC,SENTINELPEAKRESOURCES,989861.032,1117456.982,0.03670854217848776,8.0,unmatched,
ghgrp_parent,TALLGRASS DEVELOPMENT LP,TALLGRASSDEVELOPMENT,987881.2885,1010746.044,0.03663512429918656,8.0,unmatched,
ghgrp_parent,"WattBridge Texas, LLC",WATTBRIDGETEXAS,987617.74,987617.74,0.03662535072399209,3.0,unmatched,
ghgrp_parent,CENTURY ALUMINUM CO,CENTURYALUMINUM,985924.627,2021667.3848585999,0.036562562405264294,14.0,unmatched,
ghgrp_parent,RESOLUTE FP US INC,RESOLUTEFP,978304.894,2193557.7919999994,0.03627998810323912,9.0,unmatched,
ghgrp_parent,ROCKLAND POWER PARTNERS II LP,ROCKLANDPOWERII,969911.132,983355.5800000001,0.03596870929090864,6.0,unmatched,
ghgrp_parent,ATLANTIC POWER CORP,ATLANTICPOWER,956124.7270000001,1886615.4576160002,0.035457446787312864,14.0,unmatched,
ghgrp_parent,BROOKLYN NAVY YARD COGENERATION PARTNERS LP,BROOKLYNNAVYYARDCOGENERATION,955560.872,979415.92,0.03543653648336017,3.0,unmatched,
ghgrp_parent,GREAT POINT POWER LLC,GREATPOINTPOWER,948824.6,1163130.524,0.03518672492714794,14.0,unmatched,
ghgrp_parent,GRIT OIL & GAS MANAGEMENT LLC,GRITOILGASMANAGEMENT,943388.542,943388.542,0.034985131210528424,3.0,unmatched,
ghgrp_parent,CXA LA PALOMA LLC,CXALAPALOMA,943038.304,1183629.612,0.03497214279500354,7.0,unmatched,
ghgrp_parent,MONARCH CEMENT CO,MONARCHCEMENT,939681.096,939681.096,0.03484764227676316,14.0,unmatched,
ghgrp_parent,WEST FRASER INC,WESTFRASER,934786.6159999999,934786.6159999999,0.03466613273177304,8.0,unmatched,
ghgrp_parent,WTG NORTH PERMIAN MIDSTREAM LLC,WTGNORTHPERMIANMIDSTREAM,931952.996,1448763.756,0.03456104923426669,5.0,unmatched,
ghgrp_parent,HOOD COS INC,HOOD,928123.3259999999,1042392.108,0.03441902767954335,12.0,unmatched,
ghgrp_parent,INTERMOUNTAIN RURAL ELECTRIC ASSOC,INTERMOUNTAINRURALELECTRICASSOC,927759.5594797998,1056760.6812721998,0.034405537565054344,3.0,unmatched,
ghgrp_parent,KEYCON OPERATING LLC,KEYCONOPERATING,924494.4912066001,2884121.3247776004,0.034284454006304456,3.0,unmatched,
ghgrp_parent,REPSOL OIL & GAS USA LLC,REPSOLOILGAS,923587.7119999999,923587.7119999999,0.034250826515499204,8.0,unmatched,
ghgrp_parent,KALAELOA PARTNERS LP,KALAELOA,917221.682,992376.22,0.034014745213973116,13.0,unmatched,
ghgrp_parent,OXBOW CARBON & MINERALS HOLDINGS INC,OXBOWCARBONMINERALS,913486.442,2353433.822,0.033876225552471,14.0,unmatched,
ghgrp_parent,O-I GLASS INC,OIGLASS,910737.876,1056702.4559999998,0.03377429624352801,5.0,unmatched,
ghgrp_parent,UNIFIED GOVERNMENT OF WYANDOTTE COUNTY KANSAS,UNIFIEDGOVERNMENTOFWYANDOTTECOUNTYKANSAS,910387.804,1482563.5219999999,0.03376131398403696,2.0,unmatched,
ghgrp_parent,COUNTY OF LYCOMING PENNSYLVANIA,COUNTYOFLYCOMINGPENNSYLVANIA,902961.844,902961.844,0.033485925664804926,2.0,unmatched,
ghgrp_parent,CAITHNESS LONG ISLAND LLC,CAITHNESSLONGISLAND,898317.24,3315457.252,0.03331368265662034,14.0,unmatched,
ghgrp_parent,SAINT-GOBAIN CORP,SAINTGOBAIN,894067.3219999999,894067.3219999999,0.03315607639764588,14.0,unmatched,
ghgrp_parent,INGREDION INC,INGREDION,889567.23,1277196.344,0.03298919255067263,12.0,unmatched,
ghgrp_parent,NORTHERN MUNICIPAL POWER AGENCY,NORTHERNMUNICIPALPOWERAGENCY,880647.0444,1062586.5096,0.032658391560683224,14.0,unmatched,
ghgrp_parent,Highpeak Energy Holdings LLC,HIGHPEAKENERGY,879771.7479999999,879771.7479999999,0.032625931595314996,2.0,unmatched,
ghgrp_parent,NEW HARQUAHALA GENERATING CO LLC,NEWHARQUAHALAGENERATING,879564.34,1024545.4040000001,0.03261823996480321,3.0,unmatched,
ghgrp_parent,GRAYSON MILL OPERATING LLC,GRAYSONMILLOPERATING,879169.586,879169.586,0.032603600693844284,3.0,unmatched,
ghgrp_parent,OASIS PETROLEUM INC,OASISPETROLEUM,878778.586,2507899.49,0.032589100638252856,12.0,unmatched,
ghgrp_parent,GOLDEN VALLEY ELECTRIC ASSOC,GOLDENVALLEYELECTRICASSOC,876837.214,909760.912,0.03251710574842257,13.0,unmatched,
ghgrp_parent,RI-CORP DEVELOPMENT INC DBA GILBERTON POWER CO,RIDEVELOPMENTDBAGILBERTONPOWER,875724.292,875724.292,0.03247583354671177,3.0,unmatched,
ghgrp_parent,OKLAHOMA MUNICIPAL POWER AUTHORITY,OKLAHOMAMUNICIPALPOWERAUTHORITY,866182.7847346,1520635.85670046,0.03212199112785162,14.0,unmatched,
ghgrp_parent,"Riesel Holdco, LLC",RIESELHOLDCO,864774.6765,864774.6765,0.03206977208007553,1.0,unmatched,
ghgrp_parent,ROCKLAND CAPITAL LLC,ROCKLANDCAPITAL,863049.694,1784664.6527840002,0.032005801895563415,12.0,unmatched,
ghgrp_parent,SPANGLER COMPANIES INC,SPANGLER,860849.108,880899.6819999999,0.03192419417348229,4.0,unmatched,
ghgrp_parent,COMMERCIAL METALS CO,COMMERCIALMETALS,860624.3439999998,860624.3439999998,0.03191585890367422,14.0,unmatched,
ghgrp_parent,JR SIMPLOT CO,JRSIMPLOT,858397.758,858397.758,0.031833286983523085,14.0,unmatched,
ghgrp_parent,TOYOTA TSUSHO POWER USA INC,TOYOTATSUSHOPOWER,851747.3159999999,935033.5092500001,0.03158665839347815,6.0,unmatched,
ghgrp_parent,ARDAGH GLASS INC,ARDAGHGLASS,850498.3860000002,1071193.1700000002,0.03154034239749401,7.0,unmatched,
ghgrp_parent,ALTAGAS SERVICES (US) INC,ALTAGAS,848366.1759999999,1302686.50788,0.03146127036799885,11.0,unmatched,
ghgrp_parent,GREEN BAY PACKAGING INC,GREENBAYPACKAGING,845554.056,1041783.856,0.03135698418812733,14.0,unmatched,
ghgrp_parent,Capital Power Investments LLC,CAPITALPOWERINVESTMENTS,840519.336,1103112.5119999999,0.0311702739070857,4.0,unmatched,
ghgrp_parent,GERDAU USA INC,GERDAU,839505.78,1171894.216,0.031132686647891265,14.0,unmatched,
ghgrp_parent,GUAM POWER AUTHORITY,GUAMPOWERAUTHORITY,836165.1359999999,968448.0640000001,0.031008800397990567,14.0,unmatched,
ghgrp_parent,YELLOWSTONE ENERGY LP,YELLOWSTONEENERGY,830004.704,906818.506,0.030780343603956775,13.0,unmatched,
ghgrp_parent,AETHON UNITED BR LP,AETHONUNITEDBR,827336.8019999999,858762.2080000001,0.030681405682441466,4.0,unmatched,
ghgrp_parent,PUBLIC POWER GENERATION AGENCY (PPGA-WEC2),PUBLICPOWERGENERATIONAGENCYPPGAWEC2,823260.4305,1431244.4565,0.030530235315788492,14.0,unmatched,
ghgrp_parent,CITY OF LAKELAND FLORIDA,CITYOFLAKELANDFLORIDA,821580.6540000001,1026218.49,0.0304679415750438,2.0,unmatched,
ghgrp_parent,TURLOCK IRRIGATION DISTRICT EMPLOYEES ASSOC,TURLOCKIRRIGATIONDISTRICTEMPLOYEESASSOC,813427.428,824439.6440000001,0.030165582929904462,3.0,unmatched,
ghgrp_parent,SUNCOR ENERGY (USA) INC,SUNCORENERGY,811957.5119999999,979810.8414412801,0.03011107176950873,13.0,unmatched,
ghgrp_parent,CITY WATER & LIGHT PLANT OF THE CITY OF JONESBORO ARKANSAS,CITYWATERLIGHTPLANTOFCITYOFJONESBOROARKANSAS,806686.651,860453.3755000001,0.02991560430783433,2.0,unmatched,
ghgrp_parent,MATHESON TRI-GAS INC,MATHESONTRIGAS,804886.3999999999,826651.7000000001,0.02984884282553631,12.0,unmatched,
ghgrp_parent,BAYER GROUP,BAYER,803501.912,904906.8200000001,0.029797499723322338,14.0,unmatched,
ghgrp_parent,GRAMERCY HOLDINGS I LLC,GRAMERCYI,802950.076,847353.644,0.02977703513846977,6.0,unmatched,
ghgrp_parent,CHUGACH ELECTRIC ASSOC INC,CHUGACHELECTRICASSOC,802119.4636,863663.1332,0.029746232258738497,9.0,unmatched,
ghgrp_parent,NORTHEAST TEXAS ELECTRIC COOPERATIVE,NORTHEASTTEXASELECTRICCOOPERATIVE,801678.1314968001,1130770.6735784002,0.02972986566019456,14.0,unmatched,
ghgrp_parent,CARDINAL GLASS INDUSTRIES,CARDINALGLASS,799367.644,845613.5360000001,0.0296441822915324,14.0,unmatched,
ghgrp_parent,SK CAPITAL PARTNERS LP,SKCAPITAL,795818.4040000001,803695.4239999999,0.029512560354685035,5.0,unmatched,
ghgrp_parent,EGCO LINDEN II LLC,EGCOLINDENII,787384.24912,787384.24912,0.02919978359093384,3.0,unmatched,
ghgrp_parent,ALAMO CEMENT CO,ALAMOCEMENT,787291.8400000001,827666.328,0.02919635664112015,9.0,unmatched,
ghgrp_parent,THE GOODYEAR TIRE & RUBBER CO,GOODYEARTIRERUBBER,785113.774,789905.042,0.029115584062905816,14.0,unmatched,
ghgrp_parent,Laredo Petroleum,LAREDOPETROLEUM,780909.056,780909.056,0.028959654025191548,13.0,unmatched,
ghgrp_parent,CITY OF SPRINGFIELD ILLINOIS,CITYOFSPRINGFIELDILLINOIS,779447.5140000001,1254929.5920000002,0.02890545341074345,2.0,unmatched,
ghgrp_parent,LEWIS ENERGY GROUP LP,LEWISENERGY,776731.004,785491.538,0.028804712883851703,9.0,unmatched,
ghgrp_parent,TOKAI CARBON CB LTD,TOKAICARBONCB,772452.468,974366.384,0.02864604533947849,6.0,unmatched,
ghgrp_parent,VENADO OPERATING CO LLC,VENADOOPERATING,771085.39,771085.39,0.02859534787912601,6.0,unmatched,
ghgrp_parent,PHOENIX CEMENT CO,PHOENIXCEMENT,768127.186,835673.6460000001,0.02848564424114446,3.0,unmatched,
ghgrp_parent,MATADOR RESOURCES CO,MATADORRESOURCES,761980.82,866548.112,0.028257709078266545,5.0,unmatched,
ghgrp_parent,CENTRAL IOWA POWER COOPERATIVE,CENTRALIOWAPOWERCOOPERATIVE,761531.6475376,1597978.8795988,0.02824105172359918,14.0,unmatched,
ghgrp_parent,STRONGHOLD DIGITIAL MINING,STRONGHOLDDIGITIALMINING,760638.7200000001,760638.7200000001,0.028207937915583032,3.0,unmatched,
ghgrp_parent,CALLON PETROLEUM CO,CALLONPETROLEUM,759200.9480000001,895575.388,0.028154618800678172,8.0,unmatched,
ghgrp_parent,AGRIUM US INC,AGRIUM,749427.388,1352528.272,0.02779217081263172,14.0,unmatched,
ghgrp_parent,TATE & LYLE INGREDIENTS AMERICAS LLC,TATELYLEINGREDIENTS,743633.4680000001,1757199.496,0.027577305947945562,14.0,unmatched,
ghgrp_parent,SAMSUNG ELECTRONICS AMERICA INC,SAMSUNGELECTRONICS,739024.497615,809568.7704125,0.027406384396022932,13.0,unmatched,
ghgrp_parent,WWM OPERATING LLC,WWMOPERATING,736368.1600000001,785726.7919999999,0.027307875334419095,3.0,unmatched,
ghgrp_parent,CABOT CORP,CABOT,732286.5560000001,2546381.026,0.027156510922904522,14.0,unmatched,
ghgrp_parent,AMERICAN BITUMINOUS POWER PARTNERS,BITUMINOUSPOWER,731995.132,972368.576,0.027145703597583098,14.0,unmatched,
ghgrp_parent,FIREWATER LLC,FIREWATER,730559.2320000001,730559.2320000001,0.027092453904939282,6.0,unmatched,
ghgrp_parent,EVERGREEN PACKAGING GROUP HOLDINGS INC,EVERGREENPACKAGING,730074.0179999999,1919559.6739999999,0.027074459966387517,3.0,unmatched,
ghgrp_parent,OCI USA INC,OCI,723475.8640000001,1866658.6600000001,0.02682977045283047,9.0,unmatched,
ghgrp_parent,RIVERSIDE ENERGY MICHIGAN LLC,RIVERSIDEENERGYMICHIGAN,721698.118,721698.118,0.026763843558131134,3.0,unmatched,
ghgrp_parent,GLOBE SPECIALTY METALS INC,GLOBESPECIALTYMETALS,721054.0579,1219460.8383799999,0.026739958884846687,14.0,unmatched,
ghgrp_parent,RAYBURN COUNTY ELECTRIC COOP,RAYBURNCOUNTYELECTRICCOOP,714866.2,715137.3119999999,0.026510485013895635,11.0,unmatched,
ghgrp_parent,KENT CORP,KENT,711160.184,936006.7999999999,0.026373049111024224,12.0,unmatched,
ghgrp_parent,NEW ATHENS GENERATING CO LLC,NEWATHENSGENERATING,705858.184,1664181.7319999998,0.02617642687382281,3.0,unmatched,
ghgrp_parent,ALBANY GREEN ENERGY LLC,ALBANYGREENENERGY,705665.362,705665.362,0.026169276158428303,7.0,unmatched,
ghgrp_parent,CLARK PUBLIC UTILITIES,CLARKPUBLICUTILITIES,700249.804,737162.568,0.02596844267490246,14.0,unmatched,
ghgrp_parent,APEX ENVIRONMENTAL LLC,APEXENVIRONMENTAL,699294.7479999999,699294.7479999999,0.025933024861365558,9.0,unmatched,
ghgrp_parent,GRAYS HARBOR ENERGY LLC,GRAYSHARBORENERGY,698906.0360000001,698906.0360000001,0.025918609655204296,3.0,unmatched,
ghgrp_parent,POLARIS RATHDRUM LLC,POLARISRATHDRUM,695632.172,696295.7200000001,0.0257971999109619,8.0,unmatched,
ghgrp_parent,CROCKETT COGENERATION A CALIFORNIA LP,CROCKETTCOGENERATIONACALIFORNIA,695257.832,735568.38,0.025783317683826107,8.0,unmatched,
ghgrp_parent,UTAH MUNICIPAL POWER AGENCY,UTAHMUNICIPALPOWERAGENCY,690488.571143,690488.571143,0.025606451833297912,14.0,unmatched,
ghgrp_parent,COUNTY OF BREVARD FLORIDA,COUNTYOFBREVARDFLORIDA,687047.478,687047.478,0.025478840473019692,2.0,unmatched,
ghgrp_parent,MUSCATINE POWER & WATER,MUSCATINEPOWERWATER,679632.4171999999,1793961.836,0.02520385634561861,14.0,unmatched,
ghgrp_parent,LAFAYETTE PUBLIC POWER AUTHORITY,LAFAYETTEPUBLICPOWERAUTHORITY,679185.8009326,1301949.5739198,0.02518729378626993,14.0,unmatched,
ghgrp_parent,ORION ENGINEERED CARBONS LLC,ORIONENGINEEREDCARBONS,678389.5800000001,877574.216,0.025157766298326813,14.0,unmatched,
ghgrp_parent,LANCASTER COUNTY SOILD WASTE MANAGEMENT AUTHORITY,LANCASTERCOUNTYSOILDWASTEMANAGEMENTAUTHORITY,675069.404,682505.0560000001,0.025034639094814463,5.0,unmatched,
ghgrp_parent,FTAI INFRASTRUCTURE INC,FTAIINFRASTRUCTURE,672377.733324,672377.733324,0.02493481972285586,2.0,unmatched,
ghgrp_parent,GENON ENERGY INC,GENONENERGY,669971.624,37418793.432074405,0.024845590262607634,7.0,unmatched,private; emerged from Chapter 11 in 2018 and is creditor-owned
ghgrp_parent,LABOR IMPACT FUND LP,LABORIMPACTFUND,669693.590676,669693.590676,0.024835279524361417,3.0,unmatched,
ghgrp_parent,BCE-MACH LLC,BCEMACH,667731.0000000001,667731.0000000001,0.02476249774966777,6.0,unmatched,
ghgrp_parent,BIRCH RESOURCES,BIRCHRESOURCES,663635.646,663635.646,0.024610623425712318,6.0,unmatched,
ghgrp_parent,HEOROT POWER HOLDINGS LLC,HEOROTPOWER,663071.666,1947039.5939999998,0.024589708486191977,9.0,unmatched,
ghgrp_parent,CITY & COUNTY OF HONOLULU HAWAII,CITYCOUNTYOFHONOLULUHAWAII,661667.208,688540.6000000001,0.024537624805691143,2.0,unmatched,
ghgrp_parent,THE WILLIAM HERBERT HUNT TRUST ESTATE,WILLIAMHERBERTHUNTTRUSTESTATE,655592.234,655592.234,0.024312337182375333,3.0,unmatched,
ghgrp_parent,NC HOLDINGS USA INC,NC,652478.7626536,652478.7626536,0.024196875526096253,9.0,unmatched,
ghgrp_parent,PRATT INDUSTRIES USA,PRATT,651681.44,651681.44,0.02416730718133537,14.0,unmatched,
ghgrp_parent,WOLVERINE POWER SUPPLY COOPERATIVE INC,WOLVERINEPOWERSUPPLYCOOPERATIVE,651266.5617136001,839703.3614879999,0.024151921610449243,14.0,unmatched,
ghgrp_parent,LANSING BOARD OF WATER & LIGHT,LANSINGBOARDOFWATERLIGHT,650523.584,2963606.168,0.024124368622852332,14.0,unmatched,
ghgrp_parent,UGI CORP,UGI,649715.618,1078710.270083,0.024094405574473857,14.0,unmatched,
ghgrp_parent,G HOLDINGS LLC,G,646028.72,705640.4,0.023957678653860233,3.0,unmatched,
ghgrp_parent,MURPHY OIL CORP,MURPHYOIL,641424.0985999999,1499271.422,0.023786918382050815,14.0,unmatched,
ghgrp_parent,MARUBENI AMERICA CORP,MARUBENI,636930.88454,697354.48969,0.02362028960032655,10.0,unmatched,
ghgrp_parent,EP ENERGY CORP,EPENERGY,634199.006,1043530.798,0.0235189791381807,5.0,unmatched,
ghgrp_parent,COGENT MIDSTREAM WESTEX LLC,COGENTMIDSTREAMWESTEX,631373.642,631373.642,0.023414201810646115,6.0,unmatched,
ghgrp_parent,SSAB ENTERPRISES LLC,SSAB,631272.8,744401.868,0.02341046213134701,14.0,unmatched,
ghgrp_parent,DAIKIN HOLDINGS AMERICA INC,DAIKIN,625970.8067,718447.7012,0.023213840142612015,14.0,unmatched,
ghgrp_parent,RED APPLE GROUP INC,REDAPPLE,625205.838,640585.826,0.023185471629374926,4.0,unmatched,
ghgrp_parent,GENTEX POWER CORP,GENTEXPOWER,623874.138,1408050.432,0.023136086145919416,14.0,unmatched,
ghgrp_parent,WHITING PETROLEUM CORP,WHITINGPETROLEUM,621433.042,3039202.341183,0.023045559220845214,14.0,unmatched,
ghgrp_parent,SILVERBOW RESOURCES INC,SILVERBOWRESOURCES,620666.788,620666.788,0.023017143042847372,6.0,unmatched,
ghgrp_parent,ARCELORMITTAL USA,ARCELORMITTAL,618519.2919999999,26376685.05252,0.022937504139056143,14.0,unmatched,foreign-listed parent (ArcelorMittal)
ghgrp_parent,CPV FAIRVIEW LLC CPV FAIRVIEW,CPVFAIRVIEWCPVFAIRVIEW,617107.519,688208.787,0.022885149185136764,3.0,unmatched,
ghgrp_parent,SURGE OPERATING LLC,SURGEOPERATING,609924.784,609924.784,0.022618780753427048,7.0,unmatched,
ghgrp_parent,GREIF INC,GREIF,608607.922,706383.008,0.02256994553039319,14.0,unmatched,
ghgrp_parent,OLYMPUS HOLDINGS LLC,OLYMPUS,606653.82,606653.82,0.022497478554354,5.0,unmatched,
ghgrp_parent,CITY OF FREMONT NEBRASKA,CITYOFFREMONTNEBRASKA,603710.716,603710.716,0.02238833489294389,11.0,unmatched,
ghgrp_parent,AEIF HILL TOP LLC,AEIFHILLTOP,603416.9193396,621544.3851075999,0.02237743957860022,3.0,unmatched,
ghgrp_parent,HT POWER ASSOCIATES I LLC,HTPOWERASSOCIATESI,603416.9193396,621544.3851075999,0.02237743957860022,3.0,unmatched,
ghgrp_parent,IMPERIAL IRRIGATION DISTRICT,IMPERIALIRRIGATIONDISTRICT,599724.8529399999,655706.82176,0.02224052099025892,14.0,unmatched,
ghgrp_parent,RAIN CII CARBON LLC,RAINCIICARBON,599610.904,1303150.3360000001,0.022236295246103977,14.0,unmatched,
ghgrp_parent,PERENNIAL POWER HOLDINGS INC,PERENNIALPOWER,599534.254,599534.254,0.02223345271602448,14.0,unmatched,
ghgrp_parent,ALTO INGREDIENTS INC,ALTOINGREDIENTS,599488.662,599488.662,0.022231761957624163,4.0,unmatched,
ghgrp_parent,SOUTHERN MINNESOTA BEET SUGAR COOPERATIVE,SOUTHERNMINNESOTABEETSUGARCOOPERATIVE,589833.206,650093.302,0.02187369380222623,14.0,unmatched,
ghgrp_parent,Penn Virginia Corp,PENNVIRGINIA,588685.096,2915182.846,0.021831116669681284,13.0,unmatched,
ghgrp_parent,LUCID ENERGY GROUP II LLC,LUCIDENERGYII,572876.074,1685832.9239999999,0.021244846342709123,5.0,unmatched,
ghgrp_parent,Durango Midstream LLC,DURANGOMIDSTREAM,571831.3026233809,571831.3026233809,0.021206101475595793,8.0,unmatched,
ghgrp_parent,THE MORNING STAR CO,MORNINGSTAR,569960.2440000001,569960.2440000001,0.021136714125074455,14.0,blocked,California tomato processor; collides with Morningstar Inc (MORN) once THE and CO are stripped
ghgrp_parent,WATTAGE FINANCE - NC LLC,WATTAGEFINANCENC,569307.98944,569307.98944,0.021112525564000895,4.0,unmatched,
ghgrp_parent,SUGAR CANE GROWERS COOPERATIVE OF FLORIDA,SUGARCANEGROWERSCOOPERATIVEOFFLORIDA,567840.522,806904.79,0.021058105207329255,6.0,unmatched,
ghgrp_parent,NHIP II BISON HOLDINGS LLC,NHIPIIBISON,566941.64,657892.78,0.021024770580807168,6.0,unmatched,
ghgrp_parent,AM/NS CALVERT LLC,AMNSCALVERT,564329.076,564329.076,0.020927884843630278,10.0,unmatched,
ghgrp_parent,STATE OF CALIFORNIA,STATEOFCALIFORNIA,564000.178,578131.076,0.02091568781221363,5.0,unmatched,
ghgrp_parent,HOOSIER ENERGY REC INC,HOOSIERENERGYREC,561205.422,7885754.238,0.02081204556831471,14.0,unmatched,
ghgrp_parent,NAVITAS MIDSTREAM PARTNERS LLC,NAVITASMIDSTREAM,560234.638,1397855.9540000001,0.020776044489114534,9.0,unmatched,
ghgrp_parent,CNX RESOURCES CORP,CNXRESOURCES,559768.8400000001,580013.2220000001,0.020758770584013826,6.0,unmatched,
ghgrp_parent,WTG GAS PROCESSING LP,WTGGASPROCESSING,559183.4199999999,749422.7579999999,0.020737060551931127,13.0,unmatched,
ghgrp_parent,CROWN PAPER GROUP INC,CROWNPAPER,553996.3859999999,602487.892,0.020544701776088085,7.0,unmatched,
ghgrp_parent,NORTHEAST MARYLAND WASTE DISPOSAL AUTHORITY,NORTHEASTMARYLANDWASTEDISPOSALAUTHORITY,552231.264,677915.898,0.02047924303663629,14.0,unmatched,
ghgrp_parent,STATE OF FLORIDA,STATEOFFLORIDA,547993.482,559240.5719999999,0.020322086835653282,5.0,unmatched,
ghgrp_parent,Indiana Municipal Power Agency,INDIANAMUNICIPALPOWERAGENCY,546444.6783088001,939444.2727168001,0.020264650161426666,14.0,unmatched,municipal joint action agency
ghgrp_parent,AMALGAMATED SUGAR CO OREGON COOPERATIVE CORP,AMALGAMATEDSUGAROREGONCOOPERATIVE,544918.136,638678.344,0.020208039040351813,3.0,unmatched,
ghgrp_parent,CITY OF EL PASO TEXAS,CITYOFELPASOTEXAS,544399.0,544399.0,0.020188787119995,2.0,unmatched,
ghgrp_parent,TALOS ENERGY INC,TALOSENERGY,544345.0335510001,544345.0335510001,0.020186785798996097,9.0,unmatched,
ghgrp_parent,JBA USA HOLDINGS LLC,JBA,544081.7760000001,581924.298,0.020177023013511795,4.0,unmatched,
ghgrp_parent,CLEARWAY ENERGY INC,CLEARWAYENERGY,539119.2520000001,953199.3399999999,0.01999299008800336,7.0,unmatched,
ghgrp_parent,FRONTERA HOLDINGS LLC,FRONTERA,535941.864,1277490.5159999998,0.019875158111953384,3.0,unmatched,
ghgrp_parent,TALL OAK MIDSTREAM LLC,TALLOAKMIDSTREAM,531693.534,531693.534,0.019717610743230283,9.0,unmatched,
ghgrp_parent,Skanon Investments Inc,SKANONINVESTMENTS,527013.166,527013.166,0.01954404144351585,1.0,unmatched,
ghgrp_parent,MAGNOLIA OIL & GAS CORP,MAGNOLIAOILGAS,524601.1460000001,524601.1460000001,0.019454592788560262,5.0,unmatched,
ghgrp_parent,PRODUCERS MIDSTREAM II LLC,PRODUCERSMIDSTREAMII,524237.556,524237.556,0.01944110922024188,3.0,unmatched,
ghgrp_parent,ARCLIGHT ENERGY PARTNERS FUND VI LP,ARCLIGHTENERGYFUNDVI,523966.944,4328714.466,0.019431073698390963,2.0,unmatched,
ghgrp_parent,SHELL USA,SHELL,523941.148,833247.85,0.01943011706556734,2.0,unmatched,
ghgrp_parent,TERRA ENERGY PARTNERS LLC,TERRAENERGY,522105.63999999996,1379889.48,0.019362048093601834,7.0,unmatched,
ghgrp_parent,GLACIAL LAKES CORN PROCESSORS,GLACIALLAKESCORNPROCESSORS,521315.836,521315.836,0.01933275857465981,13.0,unmatched,
ghgrp_parent,FLIQ COMMON FACILITIES LLC,FLIQCOMMONFACILITIES,520972.23,736043.428,0.01932001610381186,5.0,unmatched,
ghgrp_parent,COMSTOCK RESOURCES,COMSTOCKRESOURCES,518483.328,596219.914,0.01922771631516322,13.0,unmatched,
ghgrp_parent,"BOWLINE GENERATING STATION, LLC",BOWLINEGENERATINGSTATION,516749.83999999997,516749.83999999997,0.019163430708086307,1.0,unmatched,
ghgrp_parent,POWDER RIVER MIDSTREAM LLC,POWDERRIVERMIDSTREAM,512909.576,975887.044,0.019021016279733977,9.0,unmatched,
ghgrp_parent,BIG RIVER RESOURCES LLC,BIGRIVERRESOURCES,511349.23422,521980.19518,0.018963151720778403,13.0,unmatched,
ghgrp_parent,CASELLA WASTE SYSTEMS INC,CASELLAWASTESYSTEMS,510148.21200000006,778166.656,0.01891861236283329,14.0,unmatched,
ghgrp_parent,CITY OF BATON ROUGE LOUISIANA,CITYOFBATONROUGELOUISIANA,508923.0,508923.0,0.018873175937996242,2.0,unmatched,
ghgrp_parent,Marquis Energy - Illinois LLC,MARQUISENERGYILLINOIS,505123.648,526800.568,0.018732278712391623,2.0,unmatched,
ghgrp_parent,THE NAVAJO NATION TRIBAL GOVERNMENT,NAVAJONATIONTRIBALGOVERNMENT,502973.37762000004,686916.97676,0.01865253692199111,4.0,unmatched,
ghgrp_parent,CAPTUREPOINT LLC,CAPTUREPOINT,501411.33400000003,501411.33400000003,0.01859460925108002,3.0,unmatched,
ghgrp_parent,VIRGIN ISLANDS WATER & POWER AUTHORITY,VIRGINISLANDSWATERPOWERAUTHORITY,500727.69999999995,1009645.068,0.018569256997872367,13.0,unmatched,
ghgrp_parent,RLC INDUSTRIES CO,RLC,498678.306,750188.03,0.018493256161737488,4.0,unmatched,
ghgrp_parent,ENERVEST OPERATING LLC,ENERVESTOPERATING,495876.56600000005,2401783.664,0.01838935491940314,12.0,unmatched,
ghgrp_parent,ENERPLUS RESOURCES CORP,ENERPLUSRESOURCES,495413.178,853605.1739999999,0.01837217038804662,13.0,unmatched,
ghgrp_parent,CHENEY LIME & CEMENT CO,CHENEYLIMECEMENT,494756.588,516124.024,0.01834782104916995,14.0,unmatched,
ghgrp_parent,DARLING INGREDIENTS INC,DARLINGINGREDIENTS,494077.66599999997,494077.66599999997,0.01832264353832022,10.0,unmatched,
ghgrp_parent,ROSEBUD MINING CO,ROSEBUDMINING,493086.998,502935.0,0.01828590507010373,13.0,unmatched,
ghgrp_parent,NOVELIS INC,NOVELIS,492716.17759999994,501689.9524,0.01827215336571898,14.0,unmatched,
ghgrp_parent,ZACHRY CONSTRUCTION & MATERIALS INC,ZACHRYCONSTRUCTIONMATERIALS,492032.354,508071.576,0.018246794081282332,8.0,unmatched,
ghgrp_parent,PHOENIX PAPER WICKLIFFE LLC,PHOENIXPAPERWICKLIFFE,488093.49,576593.168,0.018100723117172163,6.0,unmatched,
ghgrp_parent,TG Natural Resources LLC,TGNATURALRESOURCES,488060.44,488060.44,0.018099497473087006,2.0,unmatched,
ghgrp_parent,OWENS CORNING,OWENSCORNING,486330.2739999999,528417.03,0.018035335060855803,14.0,unmatched,
ghgrp_parent,SOUTHERN UTE INDIAN TRIBE,SOUTHERNUTEINDIANTRIBE,485371.03218,733574.72172,0.01799976201810485,14.0,unmatched,
ghgrp_parent,SM ENERGY CO,SMENERGY,484492.73600000003,814830.8300000001,0.017967190807271757,13.0,unmatched,
ghgrp_parent,DRAKE CEMENT LLC,DRAKECEMENT,483450.39,515353.25,0.01792853588413748,13.0,unmatched,
ghgrp_parent,CITY OF DALLAS TEXAS,CITYOFDALLASTEXAS,482797.55,716472.75,0.017904325612290144,13.0,unmatched,
ghgrp_parent,PILKINGTON HOLDINGS INC,PILKINGTON,482443.52999999997,572871.896,0.01789119694303061,6.0,unmatched,
ghgrp_parent,SONOCO PRODUCTS CO,SONOCOPRODUCTS,482062.86,625337.6179999999,0.017877079970749308,14.0,unmatched,
ghgrp_parent,"CrownQuest Operating, LLC",CROWNQUESTOPERATING,481236.49199999997,541471.736,0.017846434492644506,8.0,unmatched,
ghgrp_parent,SOUTH TEXAS ELECTRIC COOPERATIVE INC,SOUTHTEXASELECTRICCOOPERATIVE,479212.46400000004,594811.1279999999,0.01777137434298055,14.0,unmatched,
ghgrp_parent,GREAT RIVER ENERGY,GREATRIVERENERGY,477969.19999999995,11494962.9,0.017725268468006577,14.0,unmatched,generation and transmission cooperative
ghgrp_parent,COLSTRIP ENERGY LP,COLSTRIPENERGY,474565.302,523594.314,0.017599036472539697,13.0,unmatched,
ghgrp_parent,PETE LIEN & SONS INC,PETELIENSONS,474550.16599999997,486566.46400000004,0.01759847516092478,14.0,unmatched,
ghgrp_parent,LOTTE CHEMICAL USA CORP,LOTTECHEMICAL,474217.72887560003,480199.0696416,0.01758614688270367,5.0,unmatched,
ghgrp_parent,W&T OFFSHORE INC,WTOFFSHORE,473299.28992179997,473299.28992179997,0.01755208699552353,13.0,unmatched,
ghgrp_parent,MICHIGAN SUGAR CO,MICHIGANSUGAR,471695.26800000004,490616.892,0.017492602578551744,14.0,unmatched,
ghgrp_parent,PANCENTAL CGC HOLDINGS LLC,PANCENTALCGC,468905.42358,468905.42358,0.017389142478343465,4.0,unmatched,
ghgrp_parent,GEOSOUTHERN ENERGY CORP,GEOSOUTHERNENERGY,468799.962,502977.936,0.017385231484039733,13.0,unmatched,
ghgrp_parent,HILLSBOROUGH COUNTY PUBLIC UTILITIES DEPARTMENT,HILLSBOROUGHCOUNTYPUBLICUTILITIESDEPARTMENT,467847.628,534478.382,0.017349914614623856,13.0,unmatched,
ghgrp_parent,CROWHEART ENERGY LLC,CROWHEARTENERGY,464393.234,508938.856,0.017221809998166828,6.0,unmatched,
ghgrp_parent,FOURPOINT ENERGY LLC,FOURPOINTENERGY,463472.05400000006,1220016.4,0.017187648460546087,10.0,unmatched,
ghgrp_parent,ASCENT RESOURCES OPERATING LLC,ASCENTRESOURCESOPERATING,463057.20657,463057.20657,0.01717226403395539,3.0,unmatched,
ghgrp_parent,AG PROCESSING INC A COOPERATIVE,PROCESSINGACOOPERATIVE,461464.902,493518.164,0.01711321414959865,5.0,unmatched,
ghgrp_parent,RIO TINTO AMERICA INC,RIOTINTO,455353.23600000003,1210847.7359999998,0.016886565820298797,14.0,unmatched,
ghgrp_parent,Q POWER LLC,QPOWER,452134.08,561567.356,0.016767184897133882,7.0,unmatched,
ghgrp_parent,SAMCHULLY POWER & UTILITIES LLC,SAMCHULLYPOWERUTILITIES,450121.0313952,450121.0313952,0.016692531913303072,9.0,unmatched,
ghgrp_parent,UNIT CORP,UNIT,447516.676,790964.5760000001,0.016595950588468706,12.0,unmatched,
ghgrp_parent,ANHEUSER-BUSCH COS LLC,ANHEUSERBUSCH,446007.548,592697.2899999999,0.016539985269045227,12.0,unmatched,
ghgrp_parent,Grand Island Utilities Department,GRANDISLANDUTILITIESDEPARTMENT,444107.69800000003,671794.284,0.01646953020353276,14.0,unmatched,
ghgrp_parent,CITY OF SANTA CLARA CALIFORNIA,CITYOFSANTACLARACALIFORNIA,444074.224,444074.224,0.016468288835602148,2.0,unmatched,
ghgrp_parent,HUSKY MARKETING & SUPPLY CO,HUSKYMARKETINGSUPPLY,443718.935,660769.614,0.01645511310605989,3.0,unmatched,
ghgrp_parent,EVONIK CORP,EVONIK,440853.08400000003,521528.926,0.01634883433670759,13.0,unmatched,
ghgrp_parent,SALT CREEK MIDSTREAM LLC,SALTCREEKMIDSTREAM,439352.94,458667.608,0.01629320218480184,5.0,unmatched,
ghgrp_parent,NORTHERN CALIFORNIA POWER AGENCY,NORTHERNCALIFORNIAPOWERAGENCY,430624.808,667367.38,0.01596952341444551,14.0,unmatched,
ghgrp_parent,LAMB WESTON HOLDINGS INC,LAMBWESTON,430610.174,468587.322,0.01596898071927025,8.0,unmatched,
ghgrp_parent,LSB Chemical Corporation,LSBCHEMICAL,427703.444,439301.064,0.01586118597096009,6.0,unmatched,
ghgrp_parent,COUNTY OF POLK FLORIDA,COUNTYOFPOLKFLORIDA,426064.848,426064.848,0.015800419390162412,2.0,unmatched,
ghgrp_parent,FCA NORTH AMERICA HOLDINGS LLC,FCANORTH,421448.66000000003,520520.38800000004,0.01562923017629928,4.0,unmatched,
ghgrp_parent,ANCHOR GLASS CONTAINER CORP,ANCHORGLASSCONTAINER,419411.524,673387.5819999999,0.015553683922469868,12.0,unmatched,
ghgrp_parent,PRIMARY PRODUCTS INGREDIENTS AMERICAS LLC,PRIMARYPRODUCTSINGREDIENTS,417895.884,417895.884,0.015497477108514388,2.0,unmatched,
ghgrp_parent,CITY OF HOLLAND MICHIGAN,CITYOFHOLLANDMICHIGAN,416483.808,416483.808,0.01544511091797904,3.0,unmatched,
ghgrp_parent,E&B NATURAL RESOURCES MANAGEMENT CORP,EBNATURALRESOURCESMANAGEMENT,416269.16599999997,514751.19,0.015437151017896542,3.0,unmatched,
ghgrp_parent,"Double Eagle Energy Holdings IV, LLC",DOUBLEEAGLEENERGYIV,415394.84599999996,415394.84599999996,0.015404727261874297,1.0,unmatched,
ghgrp_parent,CITY OF GARLAND TEXAS,CITYOFGARLANDTEXAS,414210.92000000004,414210.92000000004,0.015360821909403362,2.0,unmatched,
ghgrp_parent,TOYOTA TSUSHO AMERICA INC,TOYOTATSUSHO,412624.72880000004,423571.52800000005,0.015301998736567977,11.0,unmatched,
ghgrp_parent,VEOLIA ENVIRONMENTAL SERVICES NORTH AMERICA CORP,VEOLIAENVIRONMENTALNORTH,411047.22000000003,495953.47599999997,0.015243497546552714,5.0,unmatched,
ghgrp_parent,MINN-DAK FARMERS COOPERATIVE,MINNDAKFARMERSCOOPERATIVE,409458.986,483911.94800000003,0.01518459861741666,14.0,unmatched,
ghgrp_parent,VERTEX ENERGY,VERTEXENERGY,407719.716,418141.94200000004,0.015120098587522791,2.0,unmatched,
ghgrp_parent,COUNTY OF LOS ANGELES CALIFORNIA,COUNTYOFLOSANGELESCALIFORNIA,406914.00599999994,406914.00599999994,0.015090219201869157,2.0,unmatched,
ghgrp_parent,CEMEX SOUTHEAST LLC,CEMEXSOUTHEAST,405368.55600000004,488193.12799999997,0.015032906897741862,4.0,unmatched,
ghgrp_parent,VITRO FLAT GLASS LLC,VITROFLATGLASS,404225.69200000004,419226.11600000004,0.014990524310699811,8.0,unmatched,
ghgrp_parent,NORTH TEXAS MUNICIPAL WATER DISTRICT,NORTHTEXASMUNICIPALWATERDISTRICT,403565.75,820754.5,0.014966050664441195,14.0,unmatched,
ghgrp_parent,VERSUM MATERIALS INC,VERSUMMATERIALS,403543.80999999994,851481.8539999999,0.014965237029608261,8.0,unmatched,
ghgrp_parent,WESTERN SUGAR COOPERATIVE,WESTERNSUGARCOOPERATIVE,402449.44800000003,734717.6159999999,0.014924653116981292,14.0,unmatched,
ghgrp_parent,SUNNYSIDE COGENERATION ASSOCIATES,SUNNYSIDECOGENERATIONASSOCIATES,401048.15,551329.592,0.014872686623630504,14.0,unmatched,
ghgrp_parent,NATURAL RESOURCE PARTNERS LP,NATURALRESOURCE,399392.85932,418495.24079999997,0.014811300928285302,12.0,unmatched,
ghgrp_parent,CSRC USA CORP,CSRC,397255.896,607938.564,0.014732052624099004,4.0,unmatched,
ghgrp_parent,BAYONNE ENERGY CENTER,BAYONNEENERGYCENTER,396459.13200000004,687743.7779999999,0.014702504996750541,12.0,unmatched,
ghgrp_parent,Howard Energy Partners,HOWARDENERGY,395871.26199999993,395871.26199999993,0.014680704107542015,9.0,unmatched,
ghgrp_parent,EBENSBURG POWER CO,EBENSBURGPOWER,395414.79099999997,645945.9759999999,0.014663776089956657,13.0,unmatched,
ghgrp_parent,HENNEPIN COUNTY MINNESOTA,HENNEPINCOUNTYMINNESOTA,394431.12000000005,415016.944,0.014627297102274625,2.0,unmatched,
ghgrp_parent,SAMSON RESOURCES,SAMSONRESOURCES,394320.244,1819605.804,0.01462318531668957,14.0,unmatched,
ghgrp_parent,MINNESOTA MUNICIPAL POWER AGENCY,MINNESOTAMUNICIPALPOWERAGENCY,392042.696,392042.696,0.014538723494152112,13.0,unmatched,
ghgrp_parent,BRAZOS VALLEY SOLID WASTE MANAGEMENT AGENCY INC,BRAZOSVALLEYSOLIDWASTEMANAGEMENTAGENCY,389212.5,389212.5,0.014433766974114673,14.0,unmatched,
ghgrp_parent,REX AMERICAN RESOURCES,REXRESOURCES,388583.68799999997,388583.68799999997,0.0144104477696222,14.0,unmatched,
ghgrp_parent,PARIS GENERATION LP,PARISGENERATION,388315.912,388315.912,0.01440051741953,11.0,unmatched,
ghgrp_parent,MUNICIPAL ENERGY AGENCY OF NEBRASKA,MUNICIPALENERGYAGENCYOFNEBRASKA,385703.42109639995,597330.9666315999,0.014303634393099559,14.0,unmatched,
ghgrp_parent,TRINSEO,TRINSEO,385660.741,385660.741,0.014302051621308137,10.0,unmatched,
ghgrp_parent,NOVO POWER,NOVOPOWER,383280.97400000005,466672.476,0.014213799054058401,11.0,unmatched,
ghgrp_parent,CONTANGO RESOURCES LLC,CONTANGORESOURCES,383041.69200000004,913817.692,0.014204925390881858,5.0,unmatched,
ghgrp_parent,INEOS USA OIL & GAS,INEOSOILGAS,382967.14999999997,382967.14999999997,0.014202161035015114,1.0,unmatched,
ghgrp_parent,PRESIDIO PETROLEUM LLC,PRESIDIOPETROLEUM,382951.75,382951.75,0.014201589933081335,1.0,unmatched,
ghgrp_parent,ALLEGHENY TECHNOLOGIES INC,ALLEGHENYTECHNOLOGIES,382224.13,539205.164,0.014174606479246461,14.0,unmatched,
ghgrp_parent,LIME ROCK RESOURCES A LP,LIMEROCKRESOURCESA,381130.932,552389.951231,0.01413406573302539,6.0,unmatched,
ghgrp_parent,ENI PETROLEUM US LLC,ENIPETROLEUM,380154.092,387061.698,0.014097840069843983,13.0,unmatched,
ghgrp_parent,ERGON INC,ERGON,378630.355,680608.121,0.014041332982358774,14.0,unmatched,
ghgrp_parent,INEOS PIGMENTS USA INC,INEOSPIGMENTS,378293.18799999997,455521.31200000003,0.014028829298871318,4.0,unmatched,
ghgrp_parent,"PROTERIAL AMERICA, LTD",PROTERIAL,377966.1,377966.1,0.01401669939047416,1.0,unmatched,
ghgrp_parent,OQ CORP,OQ,377709.752,378063.25,0.014007192842518272,2.0,unmatched,
ghgrp_parent,YORK COUNTY SOLID WASTE & REFUSE AUTHORITY,YORKCOUNTYSOLIDWASTEREFUSEAUTHORITY,376074.356,376980.71400000004,0.013946544932252291,14.0,unmatched,
ghgrp_parent,VOLUSIA COUNTY BOARD OF COUNTY COMMISSIONERS,VOLUSIACOUNTYBOARDOFCOUNTYCOMMISSIONERS,375205.3,420466.05,0.013914316389254684,14.0,unmatched,
ghgrp_parent,MAGNITUDE 7 METALS LLC,MAGNITUDE7METALS,375032.287,528938.634,0.013907900281535912,7.0,unmatched,
ghgrp_parent,FORMENTERA OPERATIONS LLC,FORMENTERAOPERATIONS,374140.468,549586.1579999999,0.013874827583128002,3.0,unmatched,
ghgrp_parent,AEIF BIRDSBORO LLC,AEIFBIRDSBORO,371343.7525776,435486.88295640005,0.013771112674948452,4.0,unmatched,
ghgrp_parent,TOKYO GAS AMERICA LTD,TOKYOGAS,371343.7525776,435486.88295640005,0.013771112674948452,5.0,unmatched,
ghgrp_parent,SOJITZ BIRDSBORO LLC,SOJITZBIRDSBORO,371343.7525776,417077.7587196,0.013771112674948452,3.0,unmatched,
ghgrp_parent,ATLAS HOLDINGS LLC,ATLAS,370130.62799999997,510053.298,0.013726124506624847,14.0,unmatched,
ghgrp_parent,EVRAZ INC NORTH AMERICA,EVRAZNORTH,368037.20399999997,456840.848,0.01364849083814293,13.0,unmatched,
ghgrp_parent,UNIVERSITY OF TEXAS SYSTEM,UNIVERSITYOFTEXASSYSTEM,364435.52799999993,364435.52799999993,0.01351492433629558,14.0,unmatched,
ghgrp_parent,KRAKEN OPERATING LLC,KRAKENOPERATING,364424.132,364424.132,0.013514501720864582,3.0,unmatched,
ghgrp_parent,SEEIT DISTRICT ENERGY LLC,SEEITDISTRICTENERGY,364202.82200000004,379098.976,0.01350629454106167,2.0,unmatched,
ghgrp_parent,COWLITZ COUNTY WASHINGTON,COWLITZCOUNTYWASHINGTON,362134.422,362134.422,0.013429588876137603,6.0,unmatched,
ghgrp_parent,DEKALB COUNTY GEORGIA,DEKALBCOUNTYGEORGIA,360581.82,360581.82,0.013372011343371968,2.0,unmatched,
ghgrp_parent,CLEAN HARBORS INC,CLEANHARBORS,357382.49199999997,368121.0612,0.013253365732489067,13.0,unmatched,
ghgrp_parent,SOUTHWEST GAS CORP,SOUTHWESTGAS,355811.50200000004,413464.44999999995,0.013195106289180684,14.0,unmatched,
ghgrp_parent,PANWEST NCA2 HOLDINGS LLC,PANWESTNCA2,355806.612,370494.604,0.01319492494577444,4.0,unmatched,
ghgrp_parent,Captial Power (US Holdings) Inc,CAPTIALPOWER,355413.463236,355413.463236,0.013180345204256021,1.0,unmatched,
ghgrp_parent,BIRLA CARBON USA INC,BIRLACARBON,354878.256,448056.72400000005,0.013160497289486367,5.0,unmatched,
ghgrp_parent,National Salvage & Services Corp,NATIONALSALVAGE,354783.33999999997,354783.33999999997,0.013156977373178141,3.0,unmatched,
ghgrp_parent,LOUISIANA ENERGY & POWER AUTHORITY,LOUISIANAENERGYPOWERAUTHORITY,353954.60092019994,612504.2928108,0.013126243964666915,14.0,unmatched,
ghgrp_parent,PUGET SOUND ENERGY,PUGETSOUNDENERGY,353287.360764,6991982.0021,0.013101499669634349,14.0,unmatched,
ghgrp_parent,RAUSCH CREEK ELECTRIC POWER HOLDINGS LLC,RAUSCHCREEKELECTRICPOWER,352869.382,401777.18,0.013085999118959062,5.0,unmatched,
ghgrp_parent,GREENIDGE GENERATION HOLDINGS LLC,GREENIDGEGENERATION,352625.092,352625.092,0.01307693973640042,11.0,unmatched,
ghgrp_parent,ROQUETTE AMERICA INC,ROQUETTE,351512.464,635421.17,0.013035678437544716,14.0,unmatched,
ghgrp_parent,BLUE RACER MIDSTREAM LLC,BLUERACERMIDSTREAM,349070.798,423146.206,0.012945130374282058,10.0,unmatched,
ghgrp_parent,SMITHFIELD FOODS INC,SMITHFIELDFOODS,347411.51399999997,417121.144,0.01288359658849697,10.0,unmatched,
ghgrp_parent,SUMMIT MIDSTREAM PARTNERS LLC,SUMMITMIDSTREAM,346804.054,444792.788,0.012861069213127229,13.0,unmatched,
ghgrp_parent,ENCINO ENERGY LLC,ENCINOENERGY,346323.118,410170.596,0.012843233922242528,10.0,unmatched,
ghgrp_parent,CORN BELT POWER COOPERATIVE,CORNBELTPOWERCOOPERATIVE,344732.9528926,953545.3357116,0.012784263378874623,14.0,unmatched,
ghgrp_parent,UAMPS,UAMPS,344441.724,344441.724,0.012773463289021604,13.0,unmatched,
ghgrp_parent,THE ANDERSONS INC,ANDERSONS,344433.72427999997,377801.48016,0.01277316662307604,14.0,unmatched,
ghgrp_parent,"Essential Power, LLC",ESSENTIALPOWER,342951.424,1478977.0702,0.012718196197338981,13.0,unmatched,
ghgrp_parent,OPTIM ENERGY LLC,OPTIMENERGY,339428.79199999996,4337823.294,0.012587561005962651,14.0,unmatched,
ghgrp_parent,NAUTILUS POWER LLC,NAUTILUSPOWER,339294.7968,680455.5992,0.01258259185545374,7.0,unmatched,
ghgrp_parent,"CLEARFORK MIDSTREAM, LLC",CLEARFORKMIDSTREAM,338697.93799999997,338697.93799999997,0.012560457620721685,1.0,unmatched,
ghgrp_parent,MATANUSKA ELECTRIC ASSOC INC,MATANUSKAELECTRICASSOC,337965.97199999995,363118.43,0.012533312997470954,10.0,unmatched,
ghgrp_parent,ROSE CAPITAL INVESTMENT INC,ROSECAPITALINVESTMENT,337450.39248,337450.39248,0.012514192967543072,6.0,unmatched,
ghgrp_parent,GLOBALFOUNDRIES US INC,GLOBALFOUNDRIES,337337.0701822,637730.7046072,0.012509990462126582,12.0,unmatched,
ghgrp_parent,CONCORD INFRASTRUCTURE INVESTMENT LLC,CONCORDINFRASTRUCTUREINVESTMENT,336945.201,336945.201,0.012495458173312086,2.0,unmatched,
ghgrp_parent,UNIVERSITY OF ILLINOIS,UNIVERSITYOFILLINOIS,335851.458,392263.466,0.012454897216016086,13.0,unmatched,
ghgrp_parent,CRIMSON RESOURCE MANAGEMENT CORP,CRIMSONRESOURCEMANAGEMENT,335405.728,368656.05799999996,0.01243836752348727,11.0,unmatched,
ghgrp_parent,THE ANSCHUTZ CORP,ANSCHUTZ,334610.302,514619.706,0.012408869515254873,5.0,unmatched,
ghgrp_parent,RILEY EXPLORATION - PERMIAN LLC,RILEYEXPLORATIONPERMIAN,334564.478,334564.478,0.012407170153241007,3.0,unmatched,
ghgrp_parent,PASCO COUNTY FLORIDA,PASCOCOUNTYFLORIDA,332548.244,332548.244,0.012332399040490808,2.0,unmatched,
ghgrp_parent,CSTN HOLDINGS INC,CSTN,332073.068,395926.962,0.012314777356563155,6.0,unmatched,
ghgrp_parent,EAGLERIDGE OPERATING LLC,EAGLERIDGEOPERATING,330832.56799999997,380272.27999999997,0.012268773983260935,10.0,unmatched,
ghgrp_parent,TEXAS PETROLEUM INVESTMENT CO,TEXASPETROLEUMINVESTMENT,330317.998,419019.544515012,0.01224969139091904,13.0,unmatched,
ghgrp_parent,CITIZEN ENERGY III LLC,CITIZENENERGYIII,330118.25600000005,333576.156,0.01224228405049975,5.0,unmatched,
ghgrp_parent,W I TAYLOR COUNTY LANDFILL LLC,WITAYLORCOUNTYLANDFILL,329829.0,419754.75,0.012231557124463548,3.0,unmatched,
ghgrp_parent,CITY OF HASTINGS NEBRASKA,CITYOFHASTINGSNEBRASKA,329141.9935,436974.86,0.012206079803640855,10.0,unmatched,
ghgrp_parent,CITY OF PHOENIX ARIZONA,CITYOFPHOENIXARIZONA,327734.5,327734.5,0.012153883553015346,2.0,unmatched,
ghgrp_parent,ONE GAS INC,ONEGAS,327470.95,394465.4,0.012144109922194064,10.0,unmatched,
ghgrp_parent,BOYD COUNTY SANITARY LANDFILL INC,BOYDCOUNTYSANITARYLANDFILL,327377.25,522660.0,0.012140635100687884,6.0,unmatched,
ghgrp_parent,BEFESA ZINC US INC,BEFESAZINC,327264.112,408514.598,0.012136439429870742,3.0,unmatched,
ghgrp_parent,EIF PANOCHE LLC,EIFPANOCHE,325467.47599999997,434853.288,0.012069812008188996,13.0,unmatched,
ghgrp_parent,LANXESS CORP,LANXESS,324593.10599999997,361946.92000000004,0.012037386397939694,14.0,unmatched,
ghgrp_parent,KRATON CORP,KRATON,324517.93600000005,347828.59599999996,0.012034598752981109,5.0,unmatched,
ghgrp_parent,FJ MANAGEMENT,FJMANAGEMENT,323629.154,323629.154,0.012001638680324686,14.0,unmatched,
ghgrp_parent,PUREWEST ENERGY LLC,PUREWESTENERGY,323605.536,323605.536,0.012000762817631698,3.0,unmatched,
ghgrp_parent,TRONOX LTD,TRONOX,322670.8,2732570.438,0.01196609856197106,14.0,unmatched,
ghgrp_parent,ARCOSA INC,ARCOSA,321574.048,402497.90800000005,0.011925426017290726,8.0,unmatched,
ghgrp_parent,NUTRIEN US CORP A INC,NUTRIENA,321374.222,321374.222,0.011918015561769977,2.0,unmatched,
ghgrp_parent,RANGE RESOURCES CORP,RANGERESOURCES,320520.10199999996,453197.63399999996,0.011886340913479053,9.0,unmatched,
ghgrp_parent,TIMKENSTEEL CORP,TIMKENSTEEL,320347.334,433421.888,0.011879933891472865,7.0,unmatched,
ghgrp_parent,CREE INC,CREE,319655.94559300004,341993.658972,0.011854294069639698,13.0,unmatched,
ghgrp_parent,GREER INDUSTRIES,GREER,318256.88999999996,372464.664,0.011802410734923585,14.0,unmatched,
ghgrp_parent,AMERICAN ENVIRONMENTAL LANDFILL INC,ENVIRONMENTALLANDFILL,318016.73600000003,318016.73600000003,0.011793504734027158,14.0,unmatched,
ghgrp_parent,IRON HORSE MIDSTREAM LLC,IRONHORSEMIDSTREAM,317251.858,317251.858,0.011765139584357948,5.0,unmatched,
ghgrp_parent,BHP MINERALS INTERNATIONAL LLC,BHPMINERALS,316718.03585199994,1625517.478686,0.01174534303494123,5.0,unmatched,
ghgrp_parent,INDECK ENERGY,INDECKENERGY,315894.226,878360.174,0.011714792424581217,14.0,unmatched,
ghgrp_parent,SEMINOLE COUNTY BOARD OF COUNTY COMMISSIONERS,SEMINOLECOUNTYBOARDOFCOUNTYCOMMISSIONERS,315253.25,315253.25,0.01169102212373014,14.0,unmatched,
ghgrp_parent,BLACKBEARD OPERATING LLC,BLACKBEARDOPERATING,315030.45,1178120.892,0.011682759687960906,8.0,unmatched,
ghgrp_parent,ARKEMA DELAWARE INC,ARKEMADELAWARE,312692.88,3035446.6679999996,0.011596071977094268,10.0,unmatched,
ghgrp_parent,CORDIA LLC,CORDIA,312535.37,312535.37,0.011590230791017014,7.0,unmatched,
ghgrp_parent,PUBLIC UTILITIES BOARD OF THE CITY OF BROWNSVILLE TEXAS,PUBLICUTILITIESBOARDOFCITYOFBROWNSVILLETEXAS,312090.89525999996,797306.1828644,0.011573747649229327,5.0,unmatched,
ghgrp_parent,WR GRACE & CO,WRGRACE,310973.42799999996,311219.228,0.011532306888636996,10.0,unmatched,
ghgrp_parent,KAISER ALUMINUM CORP,KAISERALUMINUM,310638.132,327650.814,0.011519872590326042,4.0,unmatched,
ghgrp_parent,RIVER BIRCH LLC,RIVERBIRCH,308375.792,907800.274,0.011435974749490463,14.0,unmatched,
ghgrp_parent,URBAN OIL & GAS GROUP LLC,URBANOILGAS,307430.018,366945.826,0.011400901154664557,10.0,unmatched,
ghgrp_parent,COUNTY OF KING WASHINGTON,COUNTYOFKINGWASHINGTON,305928.57999999996,305928.57999999996,0.011345221015362554,2.0,unmatched,
ghgrp_parent,BAYSWATER EXPLORATION & PRODUCTION LLC,BAYSWATEREXPLORATIONPRODUCTION,305044.93200000003,356237.43000000005,0.011312451334740422,11.0,unmatched,
ghgrp_parent,MICHIGAN STATE UNIVERSITY,MICHIGANSTATEUNIVERSITY,299906.5,565623.356,0.011121894941766573,13.0,unmatched,
ghgrp_parent,KMC THERMO LLC,KMCTHERMO,298668.68,577213.1939999999,0.01107599095503465,10.0,unmatched,
ghgrp_parent,ALLIANCE PIPELINE LP,ALLIANCEPIPELINE,297982.405,297982.405,0.011050540761553814,3.0,unmatched,
ghgrp_parent,STAKEHOLDER GAS SERVICES LLC,STAKEHOLDERGAS,296515.762,296515.762,0.010996150978861282,5.0,unmatched,
ghgrp_parent,HOLY CROSS ELECTRIC ASSOC INC,HOLYCROSSELECTRICASSOC,292939.90612060006,390421.82326440007,0.010863542004338941,13.0,unmatched,
ghgrp_parent,Jonah Energy Parent LLC,JONAHENERGYPARENT,292654.722,360710.62,0.010852966082081923,4.0,unmatched,
ghgrp_parent,MOHAWK INDUSTRIES INC,MOHAWK,292597.1,401537.54,0.010850829196651516,14.0,unmatched,
ghgrp_parent,ADA CARBON SOLUTIONS LLC,ADACARBONSOLUTIONS,292347.77400000003,321029.94,0.010841583056343619,13.0,unmatched,
ghgrp_parent,AUX SABLE LIQUID PRODUCTS LP,AUXSABLELIQUIDPRODUCTS,290345.67,307438.91,0.010767335948159932,10.0,unmatched,
ghgrp_parent,APPLETON PROPERTY VENTURES LLC,APPLETONPROPERTYVENTURES,287870.94399999996,300652.5,0.0106755618699667,7.0,unmatched,
ghgrp_parent,CITY OF TAMPA FLORIDA,CITYOFTAMPAFLORIDA,287826.668,287826.668,0.010673919914822543,2.0,unmatched,
ghgrp_parent,COUNTY OF AUGUSTA-RICHMOND,COUNTYOFAUGUSTARICHMOND,287480.75,287480.75,0.010661091704515444,5.0,unmatched,
ghgrp_parent,KENT COUNTY OF (INC),KENTCOUNTYOF,286203.274,369909.2,0.010613717093219495,5.0,unmatched,
ghgrp_parent,MERITAGE MIDSTREAM SERVICES II LLC,MERITAGEMIDSTREAMII,285500.612,533047.622,0.010587659195362758,5.0,unmatched,
ghgrp_parent,SEMICONDUCTOR COMPONENT INDUSTRIES,SEMICONDUCTORCOMPONENT,285458.51055540005,421288.8997,0.010586097882607825,13.0,unmatched,
ghgrp_parent,AXIUM KINGS MOUNTAIN LLC,AXIUMKINGSMOUNTAIN,284653.99472,284653.99472,0.010556262782000447,2.0,unmatched,
ghgrp_parent,CEI KINGS MOUNTAIN HOLDINGS LLC,CEIKINGSMOUNTAIN,284653.99472,491163.64024000004,0.010556262782000447,4.0,unmatched,
ghgrp_parent,ALTA MESA RESOURCES INC,ALTAMESARESOURCES,283686.968,462908.63,0.010520401039805059,4.0,unmatched,
ghgrp_parent,GUARDIAN ENERGY LLC,GUARDIANENERGY,283310.532,285139.47599999997,0.010506441083471004,14.0,unmatched,
ghgrp_parent,MAVERICK NATURAL RESOURCES LLC,MAVERICKNATURALRESOURCES,282602.10400000005,764900.152,0.010480169356149972,6.0,unmatched,
ghgrp_parent,IACX ENERGY LLC,IACXENERGY,281841.268,366067.518,0.010451954102196107,7.0,unmatched,
ghgrp_parent,HPJV1LLC,HPJV1LLC,281208.6604,281208.6604,0.010428494139619228,3.0,unmatched,
ghgrp_parent,CITY OF DENTON TEXAS,CITYOFDENTONTEXAS,281144.944,287303.436,0.01042613124616121,2.0,unmatched,
ghgrp_parent,MCWANE INC,MCWANE,280785.49,305344.996,0.01041280105950504,14.0,unmatched,
ghgrp_parent,Solid Waste Authority of Central Ohio,SOLIDWASTEAUTHORITYOFCENTRALOHIO,279731.1,279731.1,0.010373699490157096,14.0,unmatched,
ghgrp_parent,Salem Harbor Power Development LP,SALEMHARBORPOWERDEVELOPMENT,278894.216,278894.216,0.010342664031017515,1.0,unmatched,
ghgrp_parent,STATE OF INDIANA,STATEOFINDIANA,278307.956,491664.148,0.01032092284792025,14.0,unmatched,
ghgrp_parent,SEM OPERATING CO LLC,SEMOPERATING,277961.768,277961.768,0.010308084624787037,4.0,unmatched,
ghgrp_parent,MITSUBISHI CORP (AMERICAS),MITSUBISHI,277406.596,2035709.4632799998,0.010287496325905185,13.0,unmatched,
ghgrp_parent,LWB HOLDING CO,LWB,275645.33,414547.44399999996,0.010222180584444077,14.0,unmatched,
ghgrp_parent,SPIRE INC,SPIRE,275547.75,399254.1,0.010218561874918217,8.0,unmatched,
ghgrp_parent,SAVANNAH RIVER NUCLEAR SOLUTIONS LLC,SAVANNAHRIVERNUCLEARSOLUTIONS,275521.194,525441.438,0.010217577057843317,13.0,unmatched,
ghgrp_parent,NORTH AMERICAN STAINLESS,NORTHSTAINLESS,275108.42,352251.384,0.01020226952345279,14.0,unmatched,
ghgrp_parent,MICHELIN NORTH AMERICA INC,MICHELINNORTH,274562.974,413350.298,0.010182041908818204,14.0,unmatched,
ghgrp_parent,CHARTER MANUFACTURING CO INC,CHARTERMANUFACTURING,274185.772,308359.3,0.010168053545725628,14.0,unmatched,
ghgrp_parent,THE REGENTS OF THE UNIVERSITY OF MICHIGAN,REGENTSOFUNIVERSITYOFMICHIGAN,272741.22,300313.20999999996,0.01011448299763174,13.0,unmatched,
ghgrp_parent,CHAMP LANDFILL CO LLC,CHAMPLANDFILL,272457.0,376856.75,0.010103942829344797,5.0,unmatched,
ghgrp_parent,JM HUBER CORP,JMHUBER,271484.34199999995,271484.34199999995,0.010067872253714494,14.0,unmatched,
ghgrp_parent,LOGOS RESOURCES LLC,LOGOSRESOURCES,271298.444,490720.658,0.010060978311682948,6.0,unmatched,
ghgrp_parent,JEFFERSON COUNTY ALABAMA,JEFFERSONCOUNTYALABAMA,270318.75,290585.75,0.010024646809221082,5.0,unmatched,
ghgrp_parent,BIOURJA GROUP,BIOURJA,269842.684,560401.34,0.010006992120051803,3.0,unmatched,
ghgrp_parent,"JACKRABBIT POWER HOLDINGS, LLC",JACKRABBITPOWER,268129.456,268129.456,0.009943457845778677,1.0,unmatched,
ghgrp_parent,QUIKRETE,QUIKRETE,267706.5,267706.5,0.009927772716590115,2.0,unmatched,
ghgrp_parent,BKK CORP,BKK,266287.0,377528.75,0.009875131210421233,12.0,unmatched,
ghgrp_parent,CITY OF BEAUMONT,CITYOFBEAUMONT,266204.598,266204.598,0.009872075370061016,14.0,unmatched,
ghgrp_parent,SLAWSON COS INC,SLAWSON,265781.156,786838.698,0.009856372217785452,13.0,unmatched,
ghgrp_parent,ULLICO INFRASTRUCTURE MASTER FUND LP,ULLICOINFRASTRUCTUREMASTERFUND,265533.58988199994,272203.46085626405,0.009847191341894006,6.0,unmatched,
ghgrp_parent,AURORA ENERGY LLC,AURORAENERGY,265496.136,390199.62,0.009845802381865583,14.0,unmatched,
ghgrp_parent,KRONOSPAN INC,KRONOSPAN,263807.308,263807.308,0.009783172970396629,6.0,unmatched,
ghgrp_parent,VAQUERO PERMIAN GATHERING LLC,VAQUEROPERMIANGATHERING,263440.63,263440.63,0.009769574885015161,7.0,unmatched,
ghgrp_parent,THREE RIVERS SOLID WASTE MANAGEMENT AUTHORITY,THREERIVERSSOLIDWASTEMANAGEMENTAUTHORITY,263405.75,316263.0,0.00976828137621969,14.0,unmatched,
ghgrp_parent,LONGWOOD ENERGY PARTNERS LLC,LONGWOODENERGY,263147.69399999996,271862.09599999996,0.00975871148786751,6.0,unmatched,
ghgrp_parent,BOISE CASCADE CO,BOISECASCADE,263127.256,284627.994,0.009757953554015394,7.0,unmatched,
ghgrp_parent,THE SOLID WASTE DISPOSAL AUTHORITY OF THE CITY OF HUNTSVILLE,SOLIDWASTEDISPOSALAUTHORITYOFCITYOFHUNTSVILLE,262944.586,262944.586,0.009751179320882694,5.0,unmatched,
ghgrp_parent,MIP IV BOOMERANG HOLDINGS LLC,MIPIVBOOMERANG,262871.572,455992.868,0.009748471630194835,5.0,unmatched,
ghgrp_parent,NESTLE HOLDINGS INC,NESTLE,262806.484,283085.064,0.009746057871580168,14.0,unmatched,
ghgrp_parent,GULFPORT ENERGY OPERATING CORP,GULFPORTENERGYOPERATING,261371.79,288903.854,0.009692852902892984,3.0,unmatched,
ghgrp_parent,BALDWIN COUNTY SOLID WASTE,BALDWINCOUNTYSOLIDWASTE,259617.75,265100.25,0.00962780513432626,13.0,unmatched,
ghgrp_parent,KAAPA ETHANOL LLC,KAAPAETHANOL,259616.37199999997,259616.37199999997,0.009627754031828547,14.0,unmatched,
ghgrp_parent,CRESCENT POINT ENERGY US CORP,CRESCENTPOINTENERGY,259046.964,570604.81,0.009606637797418821,9.0,unmatched,
ghgrp_parent,LOUIS DREYFUS CO NORTH AMERICA LLC,LOUISDREYFUSNORTH,256226.72458080002,476615.9779478001,0.009502050512611819,4.0,unmatched,
ghgrp_parent,CITY OF AMES IOWA,CITYOFAMESIOWA,254951.72800000003,448697.72599999997,0.009454767849439234,3.0,unmatched,
ghgrp_parent,QUARTERNORTH ENERGY LLC,QUARTERNORTHENERGY,254942.36599999998,254942.36599999998,0.009454420663964942,2.0,unmatched,
ghgrp_parent,UC REGENTS,UCREGENTS,254864.186,288930.988,0.00945152139453748,13.0,unmatched,
ghgrp_parent,CITY OF RIVERVIEW MICHIGAN,CITYOFRIVERVIEWMICHIGAN,254558.2,254558.2,0.009440174044127765,2.0,unmatched,
ghgrp_parent,NELSON INDUSTRIAL STEAM CO,NELSONINDUSTRIALSTEAM,252850.69799999997,1881809.4940000002,0.00937685211593729,14.0,unmatched,
ghgrp_parent,WISE METALS GROUP,WISEMETALS,251918.352,526205.068,0.009342276492330014,14.0,unmatched,
ghgrp_parent,IMERYS USA INC,IMERYS,251775.96600000001,447725.202,0.009336996172853182,14.0,unmatched,
ghgrp_parent,THARALDSON ETHANOL PLANT I LLC,THARALDSONETHANOLPLANTI,251712.752,263234.108,0.009334651910668637,13.0,unmatched,
ghgrp_parent,INEOS STYROLUTION AMERICA LLC,INEOSSTYROLUTION,251492.904,349962.73199999996,0.009326498948464894,4.0,unmatched,
ghgrp_parent,MT CARMEL COGEN INC,MTCARMELCOGEN,250388.4,522944.79199999996,0.00928553892442153,14.0,unmatched,
ghgrp_parent,PR WASTE HOLDINGS LLC,PRWASTE,249572.0,249572.0,0.009255263105022955,10.0,unmatched,
ghgrp_parent,SISECAM CHEMICALS USA INC,SISECAM,249416.765208,261346.00751999998,0.009249506293990413,3.0,unmatched,
ghgrp_parent,DELAWARE SOLID WASTE AUTHORITY,DELAWARESOLIDWASTEAUTHORITY,249232.5,295154.3,0.009242672903300986,14.0,unmatched,
ghgrp_parent,EXCO RESOURCES INC,EXCORESOURCES,249112.58800000002,955969.54,0.009238226021802062,13.0,unmatched,
ghgrp_parent,STATE OF MINNESOTA,STATEOFMINNESOTA,248851.162,286564.304,0.009228531158546195,13.0,unmatched,
ghgrp_parent,RHEA COUNTY TENNESSEE,RHEACOUNTYTENNESSEE,248100.5,248100.5,0.009200693202714038,2.0,unmatched,
ghgrp_parent,PHILADELPHIA GAS WORKS,PHILADELPHIAGASWORKS,247436.992,316510.2,0.009176087312981666,14.0,unmatched,
ghgrp_parent,BRIDGESTONE AMERICAS INC,BRIDGESTONE,247188.156,279240.786,0.009166859344098931,14.0,unmatched,
ghgrp_parent,NEPTUNE OPERATING LLC,NEPTUNEOPERATING,246661.004,246661.004,0.00914731015406023,2.0,unmatched,
ghgrp_parent,Horry County Solid Waste Authority,HORRYCOUNTYSOLIDWASTEAUTHORITY,246312.218,246312.218,0.0091343755852891,14.0,unmatched,
ghgrp_parent,Century Mining LLC,CENTURYMINING,245850.0,245850.0,0.009117234442845727,1.0,unmatched,
ghgrp_parent,"Oaktree Capital Group, LLC",OAKTREECAPITAL,245690.18956799997,245690.18956799997,0.009111307946303297,4.0,unmatched,
ghgrp_parent,SAN BERNARDINO COUNTY SOLID WASTE MANAGEMENT DIV,SANBERNARDINOCOUNTYSOLIDWASTEMANAGEMENTDIV,244609.7,244609.7,0.00907123848645174,2.0,unmatched,
ghgrp_parent,MILLENNIUM POWER CO LLC,MILLENNIUMPOWER,243807.696,444269.852,0.009041496536107628,3.0,unmatched,
ghgrp_parent,STONE CANYON INDUSTRIES HOLDINGS LLC,STONECANYON,243596.50799999997,245028.256,0.00903366472603028,3.0,unmatched,
ghgrp_parent,MANITOWOC PUBLIC UTILITIES (INC),MANITOWOCPUBLICUTILITIES,241266.146,384228.52599999995,0.008947244320536287,14.0,unmatched,
ghgrp_parent,SOLID WASTE DISPOSAL AUTHORITY,SOLIDWASTEDISPOSALAUTHORITY,240966.25,240966.25,0.008936122814982201,14.0,unmatched,
ghgrp_parent,SABIC Innovative Plastics Holding US LP,SABICINNOVATIVEPLASTICS,240950.17734639999,1526166.828,0.008935526767998308,14.0,unmatched,
ghgrp_parent,AxInfra US LP,AXINFRA,239500.6488708,239500.6488708,0.008881771669590232,2.0,unmatched,
ghgrp_parent,UNIVERSITY OF MISSOURI SYSTEM,UNIVERSITYOFMISSOURISYSTEM,238548.49,256641.196,0.00884646129476038,5.0,unmatched,
ghgrp_parent,Verdun Oil Co,VERDUNOIL,235853.658,235853.658,0.008746524686551786,8.0,unmatched,
ghgrp_parent,COUNTY OF SACRAMENTO,COUNTYOFSACRAMENTO,235149.27,485263.248,0.008720402780777016,14.0,unmatched,
ghgrp_parent,ESSENTIAL UTILITIES INC,ESSENTIALUTILITIES,234391.95,275238.65,0.008692317916069853,4.0,unmatched,
ghgrp_parent,HILL TOP MM RH LP,HILLTOPMMRH,234333.86932080006,241373.57778480003,0.00869016402073178,3.0,unmatched,
ghgrp_parent,FR&S Inc,FRS,233448.25,233448.25,0.008657321234582306,6.0,unmatched,
ghgrp_parent,AUSTIN WHITE LIME CO,AUSTINWHITELIME,232312.51200000002,373300.04000000004,0.008615202911980523,14.0,unmatched,
ghgrp_parent,CITY OF SPOKANE WASHINGTON,CITYOFSPOKANEWASHINGTON,232128.834,232128.834,0.008608391297630335,3.0,unmatched,
ghgrp_parent,TWIN RIVERS PAPER CO LLC,TWINRIVERSPAPER,232079.02,268216.688,0.008606543968297263,6.0,unmatched,
ghgrp_parent,PHOENIX GLOBAL HOLDINGS,PHOENIXGLOBAL,230280.0,323304.0,0.008539828137069407,13.0,unmatched,
ghgrp_parent,HOMELAND ENERGY SOLUTIONS LLC,HOMELANDENERGYSOLUTIONS,229717.93600000002,361009.448,0.008518984251529919,14.0,unmatched,
ghgrp_parent,CARPENTER TECHNOLOGY CORP,CARPENTERTECHNOLOGY,229493.48400000003,256816.46000000002,0.008510660552098698,14.0,unmatched,
ghgrp_parent,WHITE ROCK OIL & GAS LLC,WHITEROCKOILGAS,227981.93000000002,250842.236,0.008454605265578376,9.0,unmatched,
ghgrp_parent,VONCO II LLC,VONCOII,227195.75,227195.75,0.008425450141013492,13.0,unmatched,
ghgrp_parent,NATURAL RESOURCES OF CENTRAL FLORIDA INC,NATURALRESOURCESOFCENTRALFLORIDA,226905.2304,243611.57280000002,0.008414676354951089,14.0,unmatched,
ghgrp_parent,INGEVITY CORP,INGEVITY,226489.89800000002,256864.532,0.008399273943470472,8.0,unmatched,
ghgrp_parent,BEDROCK ENERGY PARTNERS LLC,BEDROCKENERGY,226213.956,276739.44800000003,0.008389040761015204,5.0,unmatched,
ghgrp_parent,Peabody Energy Corporation,PEABODYENERGY,226130.154,968423.0760000001,0.00838593300229737,13.0,unmatched,
ghgrp_parent,SABINE OIL & GAS LLC,SABINEOILGAS,225980.074,755026.36,0.008380367354360894,10.0,unmatched,
ghgrp_parent,MCCAIN  USA INC,MCCAIN,225715.83399999997,239141.874,0.008370568135206216,4.0,unmatched,
ghgrp_parent,FIRST QUALITY TISSUE LLC,FIRSTQUALITYTISSUE,225326.55200000003,286133.038,0.008356131790856494,10.0,unmatched,
ghgrp_parent,COUNTY OF GREENVILLE SOUTH CAROLINA,COUNTYOFGREENVILLESOUTHCAROLINA,224446.876,224446.876,0.008323509410031823,2.0,unmatched,
ghgrp_parent,LEPRINO FOODS INC,LEPRINOFOODS,221265.40999999997,221265.40999999997,0.008205526203223026,14.0,unmatched,
ghgrp_parent,BLUESCOPE STEEL INVESTMENTS INC,BLUESCOPESTEELINVESTMENTS,221245.25400000002,221245.25400000002,0.008204778727211518,4.0,unmatched,
ghgrp_parent,AMERICAN HONDA MOTOR CO INC,HONDAMOTOR,221108.468,251533.10599999997,0.00819970608116515,14.0,unmatched,
ghgrp_parent,ANTERO RESOURCES CORP,ANTERORESOURCES,221062.642,669679.218,0.008198006644982202,13.0,unmatched,
ghgrp_parent,GRANITE SHORE POWER LLC,GRANITESHOREPOWER,220842.128,1332343.43,0.008189828984474049,7.0,unmatched,
ghgrp_parent,COLT MIDSTREAM LLC,COLTMIDSTREAM,220567.608,220567.608,0.008179648536236301,5.0,unmatched,
ghgrp_parent,CITY OF GREENSBORO NORTH CAROLINA,CITYOFGREENSBORONORTHCAROLINA,220459.75,337242.0,0.008175648671796454,14.0,unmatched,
ghgrp_parent,COUNTY OF CRAWFORD OHIO,COUNTYOFCRAWFORDOHIO,219994.85,219994.85,0.008158408068613704,2.0,unmatched,
ghgrp_parent,SANDERS LEAD CO INC,SANDERSLEAD,219877.02000000002,232078.12000000002,0.008154038397129464,14.0,unmatched,
ghgrp_parent,WHITE ENERGY HOLDING CO LLC,WHITEENERGY,219815.372,467232.44,0.008151752209336368,13.0,unmatched,
ghgrp_parent,COTTON DRAW MIDSTREAM LLC,COTTONDRAWMIDSTREAM,219519.08800000002,219519.08800000002,0.008140764653144934,4.0,unmatched,
ghgrp_parent,CITY OF ALBUQUERQUE NEW MEXICO,CITYOFALBUQUERQUENEWMEXICO,219056.5,219056.5,0.008123609789421334,2.0,unmatched,
ghgrp_parent,GREEN POWER SOLUTIONS OF GEORGIA LLC,GREENPOWERSOLUTIONSOFGEORGIA,218512.89512000003,254220.60248,0.00810345045187716,5.0,unmatched,
ghgrp_parent,UTAH ASSOCIATED MUNICIPAL POWER SYSTEMS,UTAHASSOCIATEDMUNICIPALPOWERSYSTEMS,218486.19450600003,689820.7482036001,0.008102460271858427,9.0,unmatched,
ghgrp_parent,ESSITY NORTH AMERICA INC,ESSITYNORTH,218117.77800000002,222133.54599999997,0.008088797714779654,5.0,unmatched,
ghgrp_parent,ENEERVEST OPERATING LLC,ENEERVESTOPERATING,217248.81,995842.466,0.00805657243522167,11.0,unmatched,
ghgrp_parent,KUDU MIDSTREAM LLC,KUDUMIDSTREAM,216052.846,216052.846,0.00801222065904431,5.0,unmatched,
ghgrp_parent,ALYESKA PIPELINE SERVICE CO,ALYESKAPIPELINESERVICE,215969.83800000002,351341.32999999996,0.008009142345452153,14.0,unmatched,
ghgrp_parent,MICHIGAN PUBLIC POWER AGENCY,MICHIGANPUBLICPOWERAGENCY,215850.75702999998,282901.114735,0.008004726282319463,14.0,unmatched,
ghgrp_parent,FDL OPERATING LLC,FDLOPERATING,215828.704,284512.968,0.008003908455820847,10.0,unmatched,
ghgrp_parent,PERC HOLDINGS 1 LLC,PERC1,215640.288,446282.25,0.007996921134914672,5.0,unmatched,
ghgrp_parent,HEARTHSTONE UTILITIES INC,HEARTHSTONEUTILITIES,215064.29200000002,215064.29200000002,0.007975560587547817,8.0,unmatched,
ghgrp_parent,SAN MATEO MIDSTREAM LLC,SANMATEOMIDSTREAM,214797.602,214797.602,0.00796567051126731,4.0,unmatched,
ghgrp_parent,COUNTY OF RIVERSIDE CALIFORNIA,COUNTYOFRIVERSIDECALIFORNIA,213720.25,213720.25,0.007925717406685375,2.0,unmatched,
ghgrp_parent,3CM HOLDINGS LLC,3CM,213280.152,305369.614,0.00790939657429234,5.0,unmatched,
ghgrp_parent,ALINDA CAPITAL PARTNERS LLC,ALINDACAPITAL,213160.518,547841.7420000001,0.007904960002295857,6.0,unmatched,
ghgrp_parent,HOMER ELECTRIC ASSOC INC,HOMERELECTRICASSOC,212524.0,232348.224,0.007881355024329247,9.0,unmatched,
ghgrp_parent,First Quality Tisssue,FIRSTQUALITYTISSSUE,212149.62,212149.62,0.007867471313811807,1.0,unmatched,
ghgrp_parent,STEEL DUST RECYCLING LLC,STEELDUSTRECYCLING,209664.228,233237.252,0.007775301691902621,14.0,unmatched,
ghgrp_parent,CITY OF BIRMINGHAM ALABAMA,CITYOFBIRMINGHAMALABAMA,209326.75,216436.5,0.007762786475122866,2.0,unmatched,
ghgrp_parent,GRIZZLY ENERGY LLC,GRIZZLYENERGY,209186.735678,643231.4855382,0.007757594108236432,6.0,unmatched,
ghgrp_parent,VICTOR RHINO HOLDINGS II LLC,VICTORRHINOII,209131.9295494,214472.18321400203,0.007755561648104843,6.0,unmatched,
ghgrp_parent,COUNTY OF SARASOTA FLORIDA,COUNTYOFSARASOTAFLORIDA,208953.5,208953.5,0.007748944670136931,2.0,unmatched,
ghgrp_parent,SOUTHWEST ENERGY,SOUTHWESTENERGY,207964.30800000002,329628.54582,0.0077122609387031815,14.0,unmatched,
ghgrp_parent,BOWFIN KEYCON POWER LLC,BOWFINKEYCONPOWER,207127.03074600006,828113.4855304001,0.007681210895919454,5.0,unmatched,
ghgrp_parent,CAMPBELL SOUP CO,CAMPBELLSOUP,206162.124,237964.084,0.007645427771987114,14.0,unmatched,
ghgrp_parent,MAGNESIUM REFINING TECHNOLOGIES INC,MAGNESIUMREFININGTECHNOLOGIES,206100.194,318081.712,0.007643131126353411,11.0,unmatched,
ghgrp_parent,PERDUE FARMS INC,PERDUEFARMS,205944.94399999996,510782.24,0.007637373751339166,14.0,unmatched,
ghgrp_parent,"Fundare Resources Operating CO, LLC",FUNDARERESOURCESOPERATING,205388.54599999997,220666.532,0.007616739986809859,3.0,unmatched,
ghgrp_parent,GRANGER ASSOCIATES INC,GRANGERASSOCIATES,204756.548,254746.27399999998,0.007593302630969267,13.0,unmatched,
ghgrp_parent,GEORGIAN AMERICAN ALLOYS INC,GEORGIANALLOYS,204520.136,304994.332,0.007584535400425838,9.0,unmatched,
ghgrp_parent,CITY OF LUBBOCK TEXAS,CITYOFLUBBOCKTEXAS,203245.5,542630.356,0.007537266109226769,14.0,unmatched,
ghgrp_parent,CITY OF DECATUR & MORGAN COUNTY ALABAMA,CITYOFDECATURMORGANCOUNTYALABAMA,203107.75,203107.75,0.00753215771368273,2.0,unmatched,
ghgrp_parent,MUNICIPAL ENERGY AGENCY OF MISSISSIPPI,MUNICIPALENERGYAGENCYOFMISSISSIPPI,202578.72744000002,311247.22764,0.007512539154784726,14.0,unmatched,
ghgrp_parent,UTAH GAS CORP,UTAHGAS,201938.62799999997,214074.726,0.007488801360759041,6.0,unmatched,
ghgrp_parent,AMALGAMATED SUGAR CO,AMALGAMATEDSUGAR,201358.202,281952.164,0.007467276528874872,3.0,unmatched,
ghgrp_parent,CONSOLIDATED WY MUNICIPALITIES ELECTRIC POWER SYSTEM,CONSOLIDATEDWYMUNICIPALITIESELECTRICPOWERSYSTEM,201185.01626,222938.93606,0.007460854015172462,9.0,unmatched,
ghgrp_parent,SUMMIT PETROLEUM LLC,SUMMITPETROLEUM,200445.174,200445.174,0.007433417304433617,13.0,unmatched,
ghgrp_parent,VTX Energy Operating LLC,VTXENERGYOPERATING,200413.12,200413.12,0.007432228596551449,1.0,unmatched,
ghgrp_parent,CCI GNS Holdings LLC,CCIGNS,200136.49599999998,200136.49599999998,0.007421970122439113,1.0,unmatched,
ghgrp_parent,MIDDLE FORK ENERGY PARTNERS LLC,MIDDLEFORKENERGY,199890.122,265732.728,0.007412833455696702,6.0,unmatched,
ghgrp_parent,HEARTLAND CORN PRODUCTS,HEARTLANDCORNPRODUCTS,199565.24800000002,201347.79200000002,0.00740078565247366,14.0,unmatched,
ghgrp_parent,E & J GALLO WINERY,EJGALLOWINERY,199475.082,203402.532,0.007397441887735919,14.0,unmatched,
ghgrp_parent,ASHLAND GLOBAL HOLDINGS INC,ASHLANDGLOBAL,199332.7,232287.07600000003,0.007392161716597252,5.0,unmatched,
ghgrp_parent,ZARVONA ENERGY LLC,ZARVONAENERGY,198940.562,232060.494,0.007377619458797989,4.0,unmatched,
ghgrp_parent,"Faulconer Energy, LLC",FAULCONERENERGY,198320.68600000002,198320.68600000002,0.007354631641765273,1.0,unmatched,
ghgrp_parent,COUNTY OF ESCAMBIA FLORIDA,COUNTYOFESCAMBIAFLORIDA,197843.5,197843.5,0.007336935417909899,2.0,unmatched,
ghgrp_parent,FUYAO GLASS AMERICA INC,FUYAOGLASS,196678.496,207810.54400000002,0.007293731779126685,5.0,unmatched,
ghgrp_parent,COUNTRYMARK COOPERATIVE LLP,COUNTRYMARKCOOPERATIVE,196503.088,219961.138,0.007287226853931847,14.0,unmatched,
ghgrp_parent,SANTA ROSA BOARD OF COUNTY COMMISSIONERS,SANTAROSABOARDOFCOUNTYCOMMISSIONERS,196274.75,196274.75,0.007278759043973701,13.0,unmatched,
ghgrp_parent,HARDEE POWER PARTNERS LTD,HARDEEPOWER,195413.1606,256946.26302000004,0.007246807396411078,4.0,unmatched,
ghgrp_parent,GREENWOOD SUSTAINABLE INFRASTRUCTURE LLC,GREENWOODSUSTAINABLEINFRASTRUCTURE,195359.81399999998,198323.084,0.007244829062227922,4.0,unmatched,
ghgrp_parent,DAVIESS COUNTY KENTUCKY,DAVIESSCOUNTYKENTUCKY,195321.75,195321.75,0.007243417476253416,2.0,unmatched,
ghgrp_parent,CITY OF FARMINGTON NEW MEXICO,CITYOFFARMINGTONNEWMEXICO,195224.27599999998,314894.438402,0.007239802697688917,3.0,unmatched,
ghgrp_parent,CRESCENT PASS ENERGY LLC,CRESCENTPASSENERGY,195005.93800000002,307982.19200000004,0.007231705733142316,4.0,unmatched,
ghgrp_parent,XCL RESOURCES LLC,XCLRESOURCES,194874.82799999998,194874.82799999998,0.007226843578951542,5.0,unmatched,
ghgrp_parent,THE YALE CORP,YALE,194364.63400000002,214957.988,0.00720792326856174,14.0,unmatched,
ghgrp_parent,LITTLE SIOUX CORN PROCESSORS LLC,LITTLESIOUXCORNPROCESSORS,193903.81999999998,193903.81999999998,0.007190834192814146,7.0,unmatched,
ghgrp_parent,AL-CORN CLEAN FUEL,ALCORNCLEANFUEL,193607.41999999998,203160.136,0.007179842334815939,14.0,unmatched,
ghgrp_parent,CHIEF INDUSTRIES INC,CHIEF,192650.224,246879.54599999997,0.007144345160360969,14.0,unmatched,
ghgrp_parent,APR OPERATING LLC,APROPERATING,192608.218,309942.16599999997,0.007142787387125232,5.0,unmatched,
ghgrp_parent,EPIC MIDSTREAM LLC,EPICMIDSTREAM,192439.428,192439.428,0.007136527887423756,9.0,unmatched,
ghgrp_parent,ARAUCO NORTH AMERICA INC,ARAUCONORTH,191826.592,245330.03999999998,0.007113801145560767,5.0,unmatched,
ghgrp_parent,CONWAY CORP,CONWAY,190908.29856000002,238083.67932,0.007079746654693136,4.0,unmatched,
ghgrp_parent,WIN WASTE INNOVATIONS,WINWASTEINNOVATIONS,190297.35,190297.35,0.007057089907676503,2.0,unmatched,
ghgrp_parent,VERDAD RESOURCES LLC,VERDADRESOURCES,190248.292,190248.292,0.007055270614256543,6.0,unmatched,
ghgrp_parent,COUNTY OF LANE OREGON,COUNTYOFLANEOREGON,189630.75,189630.75,0.007032369352542881,2.0,unmatched,
ghgrp_parent,SPRINGFIELD MISSOURI,SPRINGFIELDMISSOURI,189232.2,189232.2,0.007017589308665736,13.0,unmatched,
ghgrp_parent,COUNTY OF MIAMI-DADE FLORIDA,COUNTYOFMIAMIDADEFLORIDA,188557.0,812319.486,0.006992549826478184,2.0,unmatched,
ghgrp_parent,MEGLOBAL AMERICAS INC,MEGLOBAL,188016.656,231505.928,0.006972511417172571,5.0,unmatched,
ghgrp_parent,"Alpek Polyester USA, LLC",ALPEKPOLYESTER,187871.84,187871.84,0.006967140982260735,1.0,unmatched,
ghgrp_parent,GOPHER RESOURCE LLC,GOPHERRESOURCE,187776.462,273927.86199999996,0.006963603932894496,14.0,unmatched,
ghgrp_parent,BLACKROCK INC,BLACKROCK,187749.8994,246869.93898,0.006962618871061623,3.0,fund_holding,"named by EPA as the parent but held through managed funds, not consolidated by the listed manager; a carbon price lands on the portfolio company"
ghgrp_parent,CITY OF WICHITA KANSAS,CITYOFWICHITAKANSAS,187249.05,190646.7,0.006944045100875093,2.0,unmatched,
ghgrp_parent,Guardian Energy Hankinson,GUARDIANENERGYHANKINSON,186974.09600000002,186974.09600000002,0.006933848557946486,1.0,unmatched,
ghgrp_parent,Carmeuse Lime & Stone,CARMEUSELIMESTONE,186933.78399999999,5307036.596,0.006932353605923463,6.0,unmatched,
ghgrp_parent,PINON MIDSTREAM LLC,PINONMIDSTREAM,185916.21399999998,185916.21399999998,0.006894617489380829,3.0,unmatched,
ghgrp_parent,ARLANXEO USA HOLDINGS CORP,ARLANXEO,185625.052,210148.208,0.006883819880209189,4.0,unmatched,
ghgrp_parent,KNAUF INSULATION,KNAUFINSULATION,185394.816,210724.55600000004,0.00687528168379193,5.0,unmatched,
ghgrp_parent,HUSKY SUPERIOR REFINING HOLDING CORP,HUSKYSUPERIORREFINING,185344.182,185344.182,0.00687340394513511,2.0,unmatched,
ghgrp_parent,SNYDER ASSOCIATED COS INC,SNYDERASSOCIATED,184560.81,214892.0,0.0068443529539617895,14.0,unmatched,
ghgrp_parent,YAMATO KOGYO (USA) CORP,YAMATOKOGYO,183954.24963999997,233094.81006,0.006821858941328651,14.0,unmatched,
ghgrp_parent,STATE OF WISCONSIN,STATEOFWISCONSIN,183305.25800000003,353907.4,0.006797791384146116,13.0,unmatched,
ghgrp_parent,"Harrison Street Social Infrastructure Fund A, LP",HARRISONSTREETSOCIALINFRASTRUCTUREFUNDA,183298.189344,183298.189344,0.0067975292462817746,2.0,unmatched,
ghgrp_parent,CRUSOE ENERGY SYSTEMS INC,CRUSOEENERGYSYSTEMS,183091.06399999998,183091.06399999998,0.006789848097938056,3.0,unmatched,
ghgrp_parent,Recology,RECOLOGY,182820.0,344982.25,0.006779795813874541,14.0,unmatched,
ghgrp_parent,"CHAPARRAL ENERGY, INC",CHAPARRALENERGY,182531.268,747117.278,0.006769088320137905,13.0,unmatched,
ghgrp_parent,SHELBY COUNTY COMMISSION (LOCAL GOVERNMENT) ALABAMA,SHELBYCOUNTYCOMMISSIONLOCALGOVERNMENTALABAMA,182404.25,182404.25,0.006764377915889537,13.0,unmatched,
ghgrp_parent,ARENA ENERGY LP,ARENAENERGY,181706.202,321663.9859376,0.006738491126105687,13.0,unmatched,
ghgrp_parent,MGP INGREDIENTS INC,MGPINGREDIENTS,181429.818,308753.85,0.006728241552283228,14.0,unmatched,
ghgrp_parent,TIMBER CREEK OPERATING LLC,TIMBERCREEKOPERATING,181176.432,378610.684,0.006718844848738241,7.0,unmatched,
ghgrp_parent,PATRIOT RENEWABLE FUELS LLC,PATRIOTRENEWABLEFUELS,180982.068,198579.746,0.006711636948981279,13.0,unmatched,
ghgrp_parent,CALIFORNIA DAIRIES INC,CALIFORNIADAIRIES,180458.472,196060.75999999998,0.0066922196315709215,14.0,unmatched,
ghgrp_parent,AIP LLC,AIP,179883.072,180759.82,0.006670881186590595,3.0,unmatched,
ghgrp_parent,COUNTY OF GORDON GA,COUNTYOFGORDONGA,178533.75,224525.0,0.006620842199350857,4.0,unmatched,
ghgrp_parent,COUNTY OF MONMOUTH NEW JERSEY,COUNTYOFMONMOUTHNEWJERSEY,178056.75,216489.25,0.006603152873220138,2.0,unmatched,
ghgrp_parent,ELITE OCTANE LLC,ELITEOCTANE,177745.97999999998,195219.764,0.006591628110365539,6.0,unmatched,
ghgrp_parent,TRANSWORLD OIL USA INC,TRANSWORLDOIL,177038.456,386859.16,0.006565389907469708,14.0,unmatched,
ghgrp_parent,COUNTY OF SPARTANBURG SOUTH CAROLINA,COUNTYOFSPARTANBURGSOUTHCAROLINA,176474.748,176474.748,0.00654448505494456,5.0,unmatched,
ghgrp_parent,CASEY CO,CASEY,175974.338,175974.338,0.006525927579705411,5.0,unmatched,"private; Kern Energy, a Bakersfield refinery, not Casey's General Stores (CASY)"
ghgrp_parent,MUNICIPALITY OF ANCHORAGE - SOLID WASTE SERVICE,MUNICIPALITYOFANCHORAGESOLIDWASTESERVICE,175759.3,231349.35,0.00651795299414462,5.0,unmatched,
ghgrp_parent,SPECTRA ENERGY CORP,SPECTRAENERGY,175717.0962,5999920.543059399,0.0065163878855866424,14.0,unmatched,
ghgrp_parent,JONES ENERGY HOLDINGS LLC,JONESENERGY,175696.992,317037.068,0.006515642330554363,13.0,unmatched,
ghgrp_parent,CANTIUM LLC,CANTIUM,175452.062,175452.062,0.006506559213889379,7.0,unmatched,
ghgrp_parent,GREYLOCK ENERGY,GREYLOCKENERGY,175287.902,175287.902,0.006500471415613448,5.0,unmatched,
ghgrp_parent,LAREDO ENERGY IV GP LLC,LAREDOENERGYIVGP,175231.188,175231.188,0.00649836820294641,5.0,unmatched,
ghgrp_parent,VALLOUREC STAR LP,VALLOURECSTAR,174920.70799999998,268273.972,0.006486854194608744,11.0,unmatched,
ghgrp_parent,JELD-WEN HOLDING INC,JELDWEN,174287.528,179152.176,0.006463373004840509,12.0,unmatched,
ghgrp_parent,ROSEHILL RESOURCES,ROSEHILLRESOURCES,174064.73200000002,267488.852,0.006455110717409441,6.0,unmatched,
ghgrp_parent,TOYOTA MOTOR NORTH AMERICA INC,TOYOTAMOTORNORTH,173969.794,197510.9,0.0064515899852413084,14.0,unmatched,
ghgrp_parent,COUNTY OF BLACK HAWK IOWA,COUNTYOFBLACKHAWKIOWA,173455.75,173455.75,0.00643252689936806,2.0,unmatched,
ghgrp_parent,NEENAH ENTERPRISES INC,NEENAH,173028.698,211792.202,0.006416689871898929,14.0,unmatched,
ghgrp_parent,UNIVERSITY OF CINCINNATI,UNIVERSITYOFCINCINNATI,172057.794,228655.118,0.006380684342553812,14.0,unmatched,
ghgrp_parent,BLACKHAWK SUB LLC,BLACKHAWKSUB,171694.75,215057.5,0.0063672210223949,2.0,unmatched,
ghgrp_parent,ARMSTRONG WORLD INDUSTRIES INC,ARMSTRONGWORLD,171579.852,234302.80800000002,0.006362960082785326,14.0,unmatched,
ghgrp_parent,CITY OF WACO,CITYOFWACO,171013.3,171986.95,0.006341949761825134,14.0,unmatched,
ghgrp_parent,CITY OF CORPUS CHRISTI,CITYOFCORPUSCHRISTI,170578.3,277057.5,0.006325817986422905,13.0,unmatched,
ghgrp_parent,FRANKLIN MOUNTAIN ENERGY LLC,FRANKLINMOUNTAINENERGY,170567.902,220833.88,0.00632543238136398,3.0,unmatched,
ghgrp_parent,GENON HOLDINGS INC,GENON,169889.62,9550236.86,0.006300278604620591,7.0,unmatched,private; emerged from Chapter 11 in 2018 and is creditor-owned
ghgrp_parent,GOLDEN GRAIN ENERGY LLC,GOLDENGRAINENERGY,169762.46,210790.982,0.006295562934367379,13.0,unmatched,
ghgrp_parent,COUNTY OF CHARLOTTE FLORIDA,COUNTYOFCHARLOTTEFLORIDA,169585.432,169585.432,0.006288997932215871,2.0,unmatched,
ghgrp_parent,CITY OF REDDING CALIFORNIA,CITYOFREDDINGCALIFORNIA,169403.772,194043.48,0.0062822611544697355,2.0,unmatched,
ghgrp_parent,AMERICAN CAST IRON PIPE CO,CASTIRONPIPE,169389.73400000003,175269.83200000002,0.006281740561681009,13.0,unmatched,
ghgrp_parent,THE UNIVERSITY OF IOWA,UNIVERSITYOFIOWA,169207.312,281378.566,0.006274975525514513,14.0,unmatched,
ghgrp_parent,STATE OF NORTH CAROLINA,STATEOFNORTHCAROLINA,169133.498,269731.17600000004,0.006272238167193731,14.0,unmatched,
ghgrp_parent,CITY OF LONG BEACH CALIFORNIA,CITYOFLONGBEACHCALIFORNIA,168616.9854,213591.11622000003,0.006253083534422188,2.0,unmatched,
ghgrp_parent,HUSKER AG LLC,HUSKER,168375.416,168375.416,0.0062441250440662096,14.0,unmatched,
ghgrp_parent,FOSTER FARMS,FOSTERFARMS,167191.766,313755.186,0.006200229926928627,5.0,unmatched,
ghgrp_parent,CARDINAL ETHANOL LLC,CARDINALETHANOL,166670.37199999997,186523.748,0.006180894269677892,14.0,unmatched,
ghgrp_parent,WTG JAMESON LP,WTGJAMESON,166532.16,247926.22,0.00617576874107584,8.0,unmatched,
ghgrp_parent,CINER ENTERPRISES INC,CINER,166277.84347199998,418762.38672,0.0061663375293269426,5.0,unmatched,
ghgrp_parent,HG ENERGY II APPALACHIA LLC,HGENERGYIIAPPALACHIA,166214.986,172815.094,0.0061640064888196875,6.0,unmatched,
ghgrp_parent,THE PENNSYLVANIA STATE UNIVERSITY,PENNSYLVANIASTATEUNIVERSITY,165476.86,214928.24800000002,0.006136633424795445,14.0,unmatched,
ghgrp_parent,MONTGOMERY COUNTY GOVERNMENT,MONTGOMERYCOUNTYGOVERNMENT,165175.25,251292.0,0.0061254483563378224,14.0,unmatched,
ghgrp_parent,ORANGE COUNTY UTILITIES - SOLID WASTE DIV,ORANGECOUNTYUTILITIESSOLIDWASTEDIV,165145.5,167443.25,0.006124345091238475,9.0,unmatched,
ghgrp_parent,COFFEE COUNTY COMMISSION,COFFEECOUNTYCOMMISSION,165042.25,209650.75,0.0061205161123642675,14.0,unmatched,
ghgrp_parent,PENNSYLANIA GRAIN PROCESSING LLC,PENNSYLANIAGRAINPROCESSING,164959.12800000003,174807.936,0.00611743357113442,12.0,unmatched,
ghgrp_parent,FUTUREFUEL CORP,FUTUREFUEL,164909.444,191184.34,0.0061155910627916955,14.0,unmatched,
ghgrp_parent,CITY OF LINCOLN NEBRASKA,CITYOFLINCOLNNEBRASKA,164732.198,355096.098,0.006109017976210217,11.0,unmatched,
ghgrp_parent,NEW RIVER SOLID WASTE ASSOC,NEWRIVERSOLIDWASTEASSOC,164066.0,172101.5,0.006084312329062139,13.0,unmatched,
ghgrp_parent,ACE ETHANOL LLC,ACEETHANOL,164003.132,164003.132,0.006081980898128836,14.0,unmatched,
ghgrp_parent,REGENCY ENERGY PARTNERS LP,REGENCYENERGY,163962.720394,1737291.1112,0.006080482252263007,14.0,unmatched,
ghgrp_parent,RIVERBAY CORP-CO-OP CITY,RIVERBAYOPCITY,163840.136,204159.04200000002,0.006075936266258809,14.0,unmatched,
ghgrp_parent,MASSACHUSETTS INSTITUTE OF TECHNOLOGY,MASSACHUSETTSINSTITUTEOFTECHNOLOGY,163803.582,168493.854,0.006074580677941445,13.0,unmatched,
ghgrp_parent,KAMIN HOLDCO LLC,KAMINHOLDCO,163260.83599999998,163260.83599999998,0.006054453191567978,14.0,unmatched,
ghgrp_parent,WESTERN MICHIGAN COGENERATION LP,WESTERNMICHIGANCOGENERATION,163221.36952,295463.21376,0.006052989595266194,13.0,unmatched,
ghgrp_parent,BTA OIL PRODUCERS LLC,BTAOILPRODUCERS,162897.876,162897.876,0.006040992986510524,7.0,unmatched,
ghgrp_parent,LEHIGH WHITE CEMENT CO LLC,LEHIGHWHITECEMENT,162811.278,219699.57799999998,0.006037781539415622,11.0,unmatched,
ghgrp_parent,ELLWOOD GROUP INC,ELLWOOD,162534.186,212981.148,0.006027505709738025,14.0,unmatched,
ghgrp_parent,PACIFIC COAST BUILDING PRODUCTS,PACIFICCOASTBUILDINGPRODUCTS,162367.08800000002,170715.056,0.006021308957080185,14.0,unmatched,
ghgrp_parent,EMERY OLEOCHEMICALS LLC,EMERYOLEOCHEMICALS,162084.04,338414.52,0.006010812251875471,14.0,unmatched,
ghgrp_parent,JOHN HANCOCK MANULIFE,JOHNHANCOCKMANULIFE,161757.31820160002,193125.55376400004,0.005998695923896618,5.0,unmatched,
ghgrp_parent,MUNICIPAL ELECTRIC UTILITY OF THE CITY OF CEDAR FALLS IOWA,MUNICIPALELECTRICUTILITYOFCITYOFCEDARFALLSIOWA,161580.0707384,228621.32029980002,0.005992122783053039,5.0,unmatched,
ghgrp_parent,CITY OF FORT WORTH TEXAS,CITYOFFORTWORTHTEXAS,160769.75,170125.0,0.0059620724102814595,2.0,unmatched,
ghgrp_parent,CONESTOGA ENERGY PARTNERS LLC,CONESTOGAENERGY,160693.44400000002,245068.878,0.005959242637284121,14.0,unmatched,
ghgrp_parent,HYDRO EXTRUSION USA LLC,HYDROEXTRUSION,160365.09600000002,181888.21,0.005947066002365107,5.0,unmatched,
ghgrp_parent,Cathexis,CATHEXIS,160137.816,160137.816,0.005938637427851501,1.0,unmatched,
ghgrp_parent,DRUMMOND CO INC,DRUMMOND,159778.754,1268090.3,0.005925321778335466,14.0,unmatched,
ghgrp_parent,LARAMIE ENERGY LLC,LARAMIEENERGY,159676.91999999998,338366.45999999996,0.005921545311171533,9.0,unmatched,
ghgrp_parent,GRANITE FALLS ENERGY LLC,GRANITEFALLSENERGY,159352.1,170403.506,0.005909499510513714,14.0,unmatched,
ghgrp_parent,DALTON-WHITFIELD REGIONAL SOLID WASTE MANAGEMENT,DALTONWHITFIELDREGIONALSOLIDWASTEMANAGEMENT,159268.0,180901.75,0.005906380700602616,4.0,unmatched,
ghgrp_parent,GBK CORP,GBK,158989.06199999998,158989.06199999998,0.005896036412862048,5.0,unmatched,
ghgrp_parent,ST CLAIR COUNTY MICHIGAN,STCLAIRCOUNTYMICHIGAN,158701.0,158701.0,0.0058853537657679875,2.0,unmatched,
ghgrp_parent,DESOTO PARISH POLICE JURY,DESOTOPARISHPOLICEJURY,158303.0,158303.0,0.005870594118388477,14.0,unmatched,
ghgrp_parent,OUTOKUMPU STAINLESS,OUTOKUMPUSTAINLESS,158259.14800000002,212239.13199999998,0.005868967887089768,12.0,unmatched,
ghgrp_parent,STATE OF OHIO,STATEOFOHIO,157933.508,224669.32,0.005856891677108201,14.0,unmatched,
ghgrp_parent,MINERALS TECHNOLOGIES INC,MINERALSTECHNOLOGIES,157394.528,237685.84,0.005836903851116721,14.0,unmatched,
ghgrp_parent,REAL ALLOY INC,REALALLOY,156962.222,156962.222,0.005820871981468364,9.0,unmatched,
ghgrp_parent,CITY OF MIDLAND MICHIGAN,CITYOFMIDLANDMICHIGAN,156291.63999999998,197224.996,0.005796003755691864,13.0,unmatched,
ghgrp_parent,MSIP-SSCC HOLDINGS LLC,MSIPSSCC,156091.424,171403.406,0.005788578837200065,3.0,unmatched,
ghgrp_parent,MODESTO IRRIGATION DISTRICT,MODESTOIRRIGATIONDISTRICT,155562.41999999998,263406.92,0.005768960966591144,14.0,unmatched,
ghgrp_parent,ASPEN MIDSTREAM LLC,ASPENMIDSTREAM,155102.194,155102.194,0.005751893696553751,4.0,unmatched,
ghgrp_parent,LAMBDA ENERGY RESOURCES LLC,LAMBDAENERGYRESOURCES,154909.73200000002,290468.282,0.005744756331594066,6.0,unmatched,
ghgrp_parent,ROSEVILLE ELECTRIC,ROSEVILLEELECTRIC,153906.228,271698.344,0.005707541846207311,14.0,unmatched,
ghgrp_parent,SOUTHEAST BERRIEN COUNTY LANDFILL,SOUTHEASTBERRIENCOUNTYLANDFILL,153061.0,157353.95,0.005676196953656334,5.0,unmatched,
ghgrp_parent,ZAVANNA LLC,ZAVANNA,152932.184,222764.01200000002,0.00567141987140297,8.0,unmatched,
ghgrp_parent,Invenergy Nelson Expansion LLC,INVENERGYNELSONEXPANSION,152471.926,152471.926,0.00565435141466026,1.0,unmatched,
ghgrp_parent,DOYON LTD,DOYON,152421.169,195889.174,0.005652469114604878,9.0,unmatched,
ghgrp_parent,FAIRBANKS SEWER & WATER INC,FAIRBANKSSEWERWATER,152421.169,235540.3,0.005652469114604878,13.0,unmatched,
ghgrp_parent,MEMORIAL RESOURCE DEVELOPMENT LLC,MEMORIALRESOURCEDEVELOPMENT,152408.38999999998,415002.472,0.0056519952112534634,12.0,unmatched,
ghgrp_parent,CITY OF WICHITA FALLS TEXAS,CITYOFWICHITAFALLSTEXAS,151475.5,151475.5,0.0056173994136557975,2.0,unmatched,
ghgrp_parent,COMPASS MINERALS INTERNATIONAL INC,COMPASSMINERALS,151413.08000000002,160826.94400000002,0.005615084596596932,14.0,unmatched,
ghgrp_parent,ABSOLUTE ENERGY LLC,ABSOLUTEENERGY,151260.97999999998,180956.66,0.005609444037887323,13.0,unmatched,
ghgrp_parent,VAL VERDE GAS GATHERING CO LP,VALVERDEGASGATHERING,150656.394,1656408.346,0.00558702324348886,14.0,unmatched,
ghgrp_parent,HAYNESVILLE GATHERING LP,HAYNESVILLEGATHERING,150649.05000000002,237717.90000000002,0.005586750894618622,5.0,unmatched,
ghgrp_parent,WYOMING MUNICIPAL POWER AGENCY,WYOMINGMUNICIPALPOWERAGENCY,150419.58541340003,409552.5236446,0.005578241305713343,14.0,unmatched,
ghgrp_parent,TRP ENERGY LLC,TRPENERGY,150195.41799999998,150195.41799999998,0.0055699281600456,3.0,unmatched,
ghgrp_parent,ARROWHEAD ENVIRONMENTAL PARTNERS LLC,ARROWHEADENVIRONMENTAL,150094.25,150094.25,0.005566176391186077,2.0,unmatched,
ghgrp_parent,COVIA HOLDINGS CORP,COVIA,150080.726,436881.246,0.005565674859851504,6.0,unmatched,
ghgrp_parent,HILLSBOROUGH COUNTY FLORIDA,HILLSBOROUGHCOUNTYFLORIDA,149425.75,149425.75,0.005541385375424262,2.0,unmatched,
ghgrp_parent,CITIZENS ENERGY GROUP,CITIZENSENERGY,149323.204,459938.086,0.005537582504067028,14.0,unmatched,
ghgrp_parent,CORNELL UNIVERSITY,CORNELLUNIVERSITY,148239.89,173134.796,0.00549740830145073,14.0,unmatched,
ghgrp_parent,CITY OF VERNON CALIFORNIA,CITYOFVERNONCALIFORNIA,147402.804,214090.15600000002,0.005466365351233834,2.0,unmatched,
ghgrp_parent,BCE-MACH II LLC,BCEMACHII,147255.112,171882.434,0.005460888261181635,5.0,unmatched,
ghgrp_parent,TECK AMERICAN INC,TECK,147242.294,156285.356,0.005460412911533116,13.0,unmatched,
ghgrp_parent,Avant Natural Resources,AVANTNATURALRESOURCES,147219.678,147219.678,0.005459574207550366,2.0,unmatched,
ghgrp_parent,TEXOMA AREA SOLID WASTE AUTHORITY,TEXOMAAREASOLIDWASTEAUTHORITY,146970.0,146970.0,0.00545031501348398,14.0,unmatched,
ghgrp_parent,CITY OF EDINBURG SOLD WASTE DEPARTMENT,CITYOFEDINBURGSOLDWASTEDEPARTMENT,146888.75,429321.0,0.005447301894515173,13.0,unmatched,
ghgrp_parent,IOWA STATE UNIVERSITY OF SCIENCE &  TECHNOLOGY,IOWASTATEUNIVERSITYOFSCIENCETECHNOLOGY,146726.408,230995.29,0.00544128151593506,5.0,unmatched,
ghgrp_parent,CITY OF MONTGOMERY ALABAMA,CITYOFMONTGOMERYALABAMA,146547.0,146547.0,0.005434628252575606,2.0,unmatched,
ghgrp_parent,CITY OF IRVING TEXAS,CITYOFIRVINGTEXAS,146358.0,146358.0,0.005427619274297396,3.0,unmatched,
ghgrp_parent,DJR ENERGY LLC,DJRENERGY,146319.90399999998,154416.88799999998,0.005426206501617572,8.0,unmatched,
ghgrp_parent,STATE OF MARYLAND,STATEOFMARYLAND,145891.5,223627.388,0.0054103193358487995,14.0,unmatched,
ghgrp_parent,IREDELL COUNTY NORTH CAROLINA,IREDELLCOUNTYNORTHCAROLINA,145890.144,145890.144,0.005410269049210994,2.0,unmatched,
ghgrp_parent,HEXCEL CORP,HEXCEL,145671.49800000002,146968.59600000002,0.005402160662625718,14.0,unmatched,
ghgrp_parent,KAUAI ISLAND UTILITY COOPERATIVE,KAUAIISLANDUTILITYCOOPERATIVE,145473.794,275821.518,0.005394828900501297,14.0,unmatched,
ghgrp_parent,SOUTHWEST IOWA RENEWABLE ENERGY,SOUTHWESTIOWARENEWABLEENERGY,145412.952,166421.924,0.005392572602848373,14.0,unmatched,
ghgrp_parent,CANADIAN PENSION PLAN INVESTMENT BOARD,CANADIANPENSIONPLANINVESTMENTBOARD,145140.01389999996,171546.5647,0.005382450818646277,5.0,unmatched,
ghgrp_parent,WILDFIRE ENERGY LLC,WILDFIREENERGY,145106.13999999998,145106.13999999998,0.005381194620607663,3.0,unmatched,
ghgrp_parent,ENDURING RESOURCES LLC,ENDURINGRESOURCES,143685.73,241003.084,0.005328519367506332,7.0,unmatched,
ghgrp_parent,TEXAS MEDICAL CENTER CENTRAL HEATING & COOLING SERVICES CORP,TEXASMEDICALCENTERCENTRALHEATINGCOOLING,143672.554,151821.324,0.005328030741592079,14.0,unmatched,
ghgrp_parent,EVER-GREEN ENERGY INC,EVERGREENENERGY,143611.064,178562.867,0.005325750413156486,14.0,unmatched,
ghgrp_parent,DTE ST PAUL LLC,DTESTPAUL,143611.064,178562.867,0.005325750413156486,12.0,unmatched,
ghgrp_parent,CLEVELAND COUNTY HEALTH DEPARTMENT,CLEVELANDCOUNTYHEALTHDEPARTMENT,143437.0,151973.5,0.005319295329584961,13.0,unmatched,
ghgrp_parent,SOLID WASTE DIV CITY OF BILLINGS MONTANA,SOLIDWASTEDIVCITYOFBILLINGSMONTANA,143248.5,143248.5,0.005312304893577328,9.0,unmatched,
ghgrp_parent,CITY OF JANESVILLE WISCONSIN,CITYOFJANESVILLEWISCONSIN,143192.5,143957.5,0.005310228159272673,2.0,unmatched,
ghgrp_parent,SPARTAN LIGHT METAL PRODUCTS INC,SPARTANLIGHTMETALPRODUCTS,143026.028,242870.298,0.005304054621537593,13.0,unmatched,
ghgrp_parent,CITY OF SAVANNAH SANITATION BUREAU,CITYOFSAVANNAHSANITATIONBUREAU,142461.25,150027.5,0.00528311008855341,13.0,unmatched,
ghgrp_parent,THE INTERNATIONAL GROUP INC,THEINTERNATIONALGROUPINC,142023.00600000002,250845.756,0.005266858010899676,14.0,blocked,"wax and petrolatum refiner, not International Paper"
ghgrp_parent,RALEIGH COUNTY SOLID WASTE AUTHORITY,RALEIGHCOUNTYSOLIDWASTEAUTHORITY,141992.0,141992.0,0.005265708167616638,14.0,unmatched,
ghgrp_parent,THIELE KAOLIN CO,THIELEKAOLIN,141905.666,167730.668,0.005262506510840601,14.0,unmatched,
ghgrp_parent,"Tropicana Manufacturing Co, Inc",TROPICANAMANUFACTURING,141611.02,141611.02,0.005251579699127577,1.0,unmatched,
ghgrp_parent,CAPE MAY COUNTY MUNICIPAL UTILITIES AUTHORITY,CAPEMAYCOUNTYMUNICIPALUTILITIESAUTHORITY,139859.636,152143.684,0.00518663042710216,14.0,unmatched,
ghgrp_parent,CR&R INC,CRR,139654.75,139654.75,0.005179032323803169,13.0,unmatched,
ghgrp_parent,WALTON COUNTY POWER LLC,WALTONCOUNTYPOWER,139396.836,420049.844,0.005169467701455836,14.0,unmatched,
ghgrp_parent,COUNTY OF OLMSTED MINNESOTA,COUNTYOFOLMSTEDMINNESOTA,139149.88,139149.88,0.005160309451510473,7.0,unmatched,
ghgrp_parent,COASTAL REGIONAL SOLID WASTE MANAGEMENT AUTHORITY,COASTALREGIONALSOLIDWASTEMANAGEMENTAUTHORITY,138924.75,139443.25,0.005151960608760349,14.0,unmatched,
ghgrp_parent,LOUIS DREYFUS CORP INC,LOUISDREYFUS,138896.66999999998,282031.62286400003,0.005150919274844729,11.0,unmatched,
ghgrp_parent,ITAFOS CONDA HOLDINGS,ITAFOSCONDA,138624.812,138624.812,0.005140837545655537,6.0,unmatched,
ghgrp_parent,JAMES HARDIE INDUSTRIES PUBLIC LTD CO,JAMESHARDIEPUBLIC,138602.128,148259.99199999997,0.005139996319923987,4.0,unmatched,
ghgrp_parent,CLARKSDALE PUBLIC UTILITIES COMMISSION,CLARKSDALEPUBLICUTILITIESCOMMISSION,138305.53600000002,139361.384,0.005128997341693878,13.0,unmatched,
ghgrp_parent,TRI-ARROWS ALUMINUM INC,TRIARROWSALUMINUM,138107.8104,142423.4136,0.005121664778543368,13.0,unmatched,
ghgrp_parent,MARIETTA ERAMET INC,MARIETTAERAMET,138045.842,195515.33800000002,0.005119366708863288,5.0,unmatched,
ghgrp_parent,Crawley Petroleum Corp,CRAWLEYPETROLEUM,137094.488,137094.488,0.0050840861822977436,1.0,unmatched,
ghgrp_parent,RIVERVIEW INVESTMENT HOLDING LLC,RIVERVIEWINVESTMENT,136726.096,363758.99,0.005070424534012736,7.0,unmatched,
ghgrp_parent,"Marquis Energy - Wisconsin, LLC",MARQUISENERGYWISCONSIN,136084.388,136084.388,0.005046627087277534,7.0,unmatched,
ghgrp_parent,DETROIT THERMAL LLC,DETROITTHERMAL,135764.53999999998,174706.63999999998,0.005034765670958333,4.0,unmatched,
ghgrp_parent,BASIC AMERICAN INC,BASIC,135679.44,179157.924,0.005031609776506082,6.0,unmatched,
ghgrp_parent,COUNTY OF CANYON IDAHO,COUNTYOFCANYONIDAHO,135518.5,135518.5,0.005025641390452668,5.0,unmatched,
ghgrp_parent,ECOMAINE,ECOMAINE,135142.04,142337.36599999998,0.005011680544089628,14.0,unmatched,
ghgrp_parent,CITY OF PORT ARTHUR,CITYOFPORTARTHUR,134980.75,142260.0,0.00500569917844681,14.0,unmatched,
ghgrp_parent,OPC POWER VENTURES LP,OPCPOWERVENTURES,134778.0804,516575.42716,0.004998183269324835,3.0,unmatched,
ghgrp_parent,COUNTY OF ALAMANCE NORTH CAROLINA,COUNTYOFALAMANCENORTHCAROLINA,134681.75,134681.75,0.0049946109006416,2.0,unmatched,
ghgrp_parent,MRP Elgin LLC,MRPELGIN,134561.052,134561.052,0.0049901348706933284,1.0,unmatched,
ghgrp_parent,NEW YORK STATE,NEWYORKSTATE,134223.706,134223.706,0.004977624549073007,13.0,unmatched,
ghgrp_parent,CITY OF MIDLAND TEXAS TEXAS,CITYOFMIDLANDTEXASTEXAS,134071.25,134071.25,0.004971970788266749,2.0,unmatched,
ghgrp_parent,"EcoSouth Services of Mobile, LLC",ECOSOUTHOFMOBILE,133882.5,133882.5,0.004964971081123828,2.0,unmatched,
ghgrp_parent,COUNTY OF LINN IOWA,COUNTYOFLINNIOWA,133714.398,133714.398,0.004958737095586666,2.0,unmatched,
ghgrp_parent,ECOVYST INC,ECOVYST,133513.048,133513.048,0.004951270123225198,6.0,unmatched,
ghgrp_parent,TENASKA GEORGIA PARTNERS LP,TENASKAGEORGIA,132931.25199999998,433887.758,0.0049296944855196445,6.0,unmatched,
ghgrp_parent,OUTRIGGER ENERGY II LLC,OUTRIGGERENERGYII,132866.57,132866.57,0.004927295783228688,5.0,unmatched,
ghgrp_parent,BLUESCOPE STEEL INVESTMENTS INC 3,BLUESCOPESTEELINVESTMENTS3,132747.1524,132747.1524,0.0049228672363269095,4.0,unmatched,
ghgrp_parent,600 LAND INC,600LAND,132726.832,546292.896,0.004922113663616833,14.0,unmatched,
ghgrp_parent,REENERGY BLACK RIVER LLC,REENERGYBLACKRIVER,132274.048,584680.152,0.004905322376734712,13.0,unmatched,
ghgrp_parent,STATE OF UTAH,STATEOFUTAH,131885.412,141985.592,0.004890909988998573,14.0,unmatched,
ghgrp_parent,AJINOMOTO HEALTH & NUTRITION NORTH AMERICA INC,AJINOMOTOHEALTHNUTRITIONNORTH,131736.604,131736.604,0.0048853915125984465,4.0,unmatched,
ghgrp_parent,CITY OF GLASGOW KENTUCKY,CITYOFGLASGOWKENTUCKY,131732.0,131732.0,0.0048852207753709714,3.0,unmatched,
ghgrp_parent,TATE & LYLE SOLUTIONS USA LLC,TATELYLESOLUTIONS,131594.16,147239.70799999998,0.004880109042218229,3.0,unmatched,
ghgrp_parent,SEABOARD CORP,SEABOARD,131200.402,131200.402,0.004865506707462296,14.0,unmatched,
ghgrp_parent,COUNTY OF YAKIMA,COUNTYOFYAKIMA,130876.25,169687.6,0.004853485679277967,5.0,unmatched,
ghgrp_parent,Mississippi Silicon Holdings LLC,MISSISSIPPISILICON,130483.794,143448.742,0.004838931628594617,8.0,unmatched,
ghgrp_parent,CITY OF SAN ANTONIO TEXAS,CITYOFSANANTONIOTEXAS,130293.75,130293.75,0.004831883934055442,2.0,unmatched,
ghgrp_parent,ARD OPERATING LLC,ARDOPERATING,130287.352,264913.00399999996,0.004831646667161135,7.0,unmatched,
ghgrp_parent,COLUMBUS GEORGIA CONSOLIDATED GOVERNMENT,COLUMBUSGEORGIACONSOLIDATEDGOVERNMENT,129760.5,134771.25,0.004812108602484779,5.0,unmatched,
ghgrp_parent,EQUINOR US HOLDINGS INC,EQUINOR,129327.27015599998,1157901.229524,0.004796042472505582,7.0,unmatched,
ghgrp_parent,Adams-Columbia Electric Cooperative,ADAMSCOLUMBIAELECTRICCOOPERATIVE,129055.33674,129055.33674,0.004785957946548634,4.0,unmatched,
ghgrp_parent,TASCOSA ENERGY PARTNERS LLC,TASCOSAENERGY,128944.00200000001,128944.00200000001,0.004781829148801173,2.0,unmatched,
ghgrp_parent,CITY OF JACKSONVILLE TEXAS,CITYOFJACKSONVILLETEXAS,128466.5,128466.5,0.004764121206230793,2.0,unmatched,
ghgrp_parent,89 ENERGY LLC,89ENERGY,128290.866,128290.866,0.004757607899929656,3.0,unmatched,
ghgrp_parent,NAN YA PLASTICS CORP AMERICA,NANYAPLASTICS,128241.432,178541.528,0.004755774662722222,13.0,unmatched,
ghgrp_parent,North Silo Resources LLC,NORTHSILORESOURCES,127920.478,127920.478,0.004743872230900505,2.0,unmatched,
ghgrp_parent,ROBESON COUNTY NORTH CAROLINA,ROBESONCOUNTYNORTHCAROLINA,127840.25,127840.25,0.004740897012332757,2.0,unmatched,
ghgrp_parent,MUNICIPALITY OF ARECIBO,MUNICIPALITYOFARECIBO,127780.848,939594.55,0.004738694116419096,14.0,unmatched,
ghgrp_parent,CITY OF NEW YORK NEW YORK,CITYOFNEWYORKNEWYORK,126487.528,146120.476,0.004690731937653095,2.0,unmatched,
ghgrp_parent,MOUNTAINEER GAS HOLDINGS LP,MOUNTAINEERGAS,126411.65000000001,157885.85,0.004687918036839369,13.0,unmatched,
ghgrp_parent,KEYSTONE CONSOLIDATED INDUSTRIES INC,KEYSTONECONSOLIDATED,126064.376,166598.084,0.004675039539894465,14.0,unmatched,
ghgrp_parent,DAVIS MINING & MANUFACTURING INC,DAVISMININGMANUFACTURING,125931.664,140753.36000000002,0.0046701179762687626,5.0,unmatched,
ghgrp_parent,VENATOR MATERIALS LLC,VENATORMATERIALS,125763.14600000001,134490.898,0.004663868563562481,6.0,unmatched,
ghgrp_parent,CONTRAN CORP,CONTRAN,125763.14600000001,134490.898,0.004663868563562481,5.0,unmatched,
ghgrp_parent,PEABODY SOUTHEAST MINING LLC,PEABODYSOUTHEASTMINING,125757.0,283999.3,0.004663640641972545,6.0,unmatched,
ghgrp_parent,Verbio North America,VERBIONORTH,125745.576,125745.576,0.004663216988174395,1.0,unmatched,
ghgrp_parent,MONUMENT CHEMICAL LLC,MONUMENTCHEMICAL,125598.628,200072.19200000004,0.004657767489020816,13.0,unmatched,
ghgrp_parent,LAND O LAKES INC,LANDOLAKES,125577.82800000001,128545.368,0.004656996130564802,14.0,unmatched,
ghgrp_parent,CITY OF DOTHAN ALABAMA,CITYOFDOTHANALABAMA,125369.75,131949.5,0.004649279653410446,2.0,unmatched,
ghgrp_parent,SHINTECH INC,SHINTECH,125329.4861,147536.60358,0.004647786485153853,13.0,unmatched,
ghgrp_parent,CAMINO NATURAL RESOURCES LLC,CAMINONATURALRESOURCES,125091.85399999999,125091.85399999999,0.0046389740077617606,3.0,unmatched,
ghgrp_parent,Islip Resource Recovery Agency,ISLIPRESOURCERECOVERYAGENCY,124172.764,147456.41,0.004604889976832028,14.0,unmatched,
ghgrp_parent,PINE LAKE CORN PROCESSORS LLC,PINELAKECORNPROCESSORS,124046.33200000001,124046.33200000001,0.004600201304124776,5.0,unmatched,
ghgrp_parent,ALTIVIA CORP,ALTIVIA,123857.284,155753.218,0.00459319054578859,5.0,unmatched,
ghgrp_parent,CITY OF BROWNSVILLE,CITYOFBROWNSVILLE,123646.25,134018.75,0.004585364446730581,14.0,unmatched,
ghgrp_parent,GRANGES AMERICAS INC,GRANGES,123448.33600000001,128220.31599999999,0.004578024896852521,8.0,unmatched,
ghgrp_parent,FMR LLC,FMR,123284.984,161328.038,0.004571967062885842,5.0,unmatched,
ghgrp_parent,LEE COUNTY BOARD OF COUNTY COMMISSIONERS,LEECOUNTYBOARDOFCOUNTYCOMMISSIONERS,123246.75,123246.75,0.00457054917253934,14.0,unmatched,
ghgrp_parent,COUNTY OF FRESNO CALIFORNIA,COUNTYOFFRESNOCALIFORNIA,123236.0,123236.0,0.004570150513721928,2.0,unmatched,
ghgrp_parent,Paloma Natural Gas LLC,PALOMANATURALGAS,123109.762,160197.184,0.004565469035415661,2.0,unmatched,
ghgrp_parent,CONSTELLIUM NV,CONSTELLIUM,122967.336,129270.812,0.004560187232557182,9.0,unmatched,
ghgrp_parent,THE CHARLES COUNTY GOVERNMENT,CHARLESCOUNTYGOVERNMENT,122935.25,134528.5,0.004558997337969698,5.0,unmatched,
ghgrp_parent,NEW-INDY CONTAINERBOARD LLC,NEWINDYCONTAINERBOARD,122731.988,1730434.3960000002,0.004551459459965541,12.0,unmatched,
ghgrp_parent,UNIVERSITY OF NOTRE DAME DU LAC,UNIVERSITYOFNOTREDAMEDULAC,122566.18999999999,149325.456,0.004545310917211199,5.0,unmatched,
ghgrp_parent,AMERICAN REFINING GROUP INC,REFINING,122544.272,169140.076,0.004544498098238175,14.0,unmatched,
ghgrp_parent,CAMBRIAN COAL LLC,CAMBRIANCOAL,122326.75,288964.25,0.004536431394677155,9.0,unmatched,
ghgrp_parent,NEW YORK & PRESBYTERIAN HOSPITALS INC,NEWYORKPRESBYTERIANHOSPITALS,122292.37,193547.73599999998,0.004535156428152261,14.0,unmatched,
ghgrp_parent,TARGA GCX PIPELINE LLC,TARGAGCXPIPELINE,122019.9565,124066.6175,0.004525054098500457,5.0,unmatched,
ghgrp_parent,SOUTHERN ILLINOIS UNIVERSITY SYSTEM,SOUTHERNILLINOISUNIVERSITYSYSTEM,121829.16200000001,121829.16200000001,0.004517978572013146,5.0,unmatched,
ghgrp_parent,UNIVERSITY OF ROCHESTER,UNIVERSITYOFROCHESTER,121809.73999999999,138989.376,0.004517258316054842,14.0,unmatched,
ghgrp_parent,WORCESTER COUNTY DEPARTMENT OF PUBLIC WORKS,WORCESTERCOUNTYDEPARTMENTOFPUBLICWORKS,121694.75,148161.5,0.00451299396466748,14.0,unmatched,
ghgrp_parent,EB HOLDINGS II INC,EBII,121531.82,133156.524,0.0045069517803771695,4.0,unmatched,
ghgrp_parent,THE CITY OF FARGO NORTH DAKOTA,CITYOFFARGONORTHDAKOTA,120645.75,124234.25,0.004474092280996359,2.0,unmatched,
ghgrp_parent,PENNSYLVANIA GENERAL ENERGY CORP,PENNSYLVANIAGENERALENERGY,120352.29000000001,201952.08800000002,0.004463209451549145,13.0,unmatched,
ghgrp_parent,American Chrome & Chemicals,CHROME,120282.924,120282.924,0.004460637045267419,1.0,unmatched,
ghgrp_parent,PINE RUN GATHERING LLC,PINERUNGATHERING,120273.43999999999,120273.43999999999,0.0044602853354791085,3.0,unmatched,
ghgrp_parent,THE RENCO GROUP INC,RENCO,119999.40199999999,1112436.928,0.004450122761990198,14.0,unmatched,
ghgrp_parent,MARION COUNTY BOARD OF COUNTY COMMISSIONERS,MARIONCOUNTYBOARDOFCOUNTYCOMMISSIONERS,119721.0,146858.0,0.0044397983515636905,14.0,unmatched,
ghgrp_parent,KELLOGG CO,KELLOGG,119503.644,181746.09600000002,0.004431737804036502,14.0,unmatched,
ghgrp_parent,COLLEGIATE MIDSTREAM LLC,COLLEGIATEMIDSTREAM,119485.30799999999,119485.30799999999,0.0044310578218898925,4.0,unmatched,
ghgrp_parent,City of San Diego,CITYOFSANDIEGO,118858.5,312421.5,0.004407812934817892,14.0,unmatched,
ghgrp_parent,E ENERGY ADAMS LLC,EENERGYADAMS,118294.204,123665.536,0.0043868862765825455,14.0,unmatched,
ghgrp_parent,THE VANDERBILT UNIVERSITY,VANDERBILTUNIVERSITY,117988.304,133650.948,0.004375542115443369,5.0,unmatched,
ghgrp_parent,CITY OF LITTLE ROCK ARKANSAS,CITYOFLITTLEROCKARKANSAS,117842.3,117842.3,0.00437012762409664,2.0,unmatched,
ghgrp_parent,ARUBA INVESTMENTS INC,ARUBAINVESTMENTS,117619.236,138350.162,0.0043618553980085415,9.0,unmatched,
ghgrp_parent,XCL MIDSTREAM LLC,XCLMIDSTREAM,117494.33799999999,120208.086,0.004357223612987421,4.0,unmatched,
ghgrp_parent,HILMAR CHEESE CO,HILMARCHEESE,117419.10800000001,134026.134,0.004354433742956364,14.0,unmatched,
ghgrp_parent,UNION PARISH POLICE JURY,UNIONPARISHPOLICEJURY,117414.5,117414.5,0.004354262857390725,14.0,unmatched,
ghgrp_parent,STEWARD ENERGY II LLC,STEWARDENERGYII,117270.216,217289.696,0.004348912151454782,5.0,unmatched,
ghgrp_parent,COUNTY OF ANGELINA TEXAS,COUNTYOFANGELINATEXAS,117219.75,117219.75,0.0043470406430008764,2.0,unmatched,
ghgrp_parent,ST MARY PARISH GOVERNMENT,STMARYPARISHGOVERNMENT,117053.5,117053.5,0.0043408753380339326,14.0,unmatched,
ghgrp_parent,MONTEREY REGIONAL WASTE MANAGEMENT DISTRICT,MONTEREYREGIONALWASTEMANAGEMENTDISTRICT,116810.468,190261.988,0.00433186260782806,14.0,unmatched,
ghgrp_parent,JSW STEEL USA OHIO INC,JSWSTEELOHIO,116721.384,116721.384,0.004328558968563849,6.0,unmatched,
ghgrp_parent,COUNTY OF HAYWOOD,COUNTYOFHAYWOOD,116671.25,116671.25,0.004326699772177606,5.0,unmatched,
ghgrp_parent,STATE OF ALASKA,STATEOFALASKA,116615.996,222287.652,0.004324650702940653,13.0,unmatched,
ghgrp_parent,SIOUXLAND ETHANOL LLC,SIOUXLANDETHANOL,116449.23000000001,116449.23000000001,0.004318466262350474,13.0,unmatched,
ghgrp_parent,RUTGERS THE STATE UNIVERSITY OF NEW JERSEY,RUTGERSSTATEUNIVERSITYOFNEWJERSEY,116217.41200000001,192774.424,0.0043098693981891084,14.0,unmatched,
ghgrp_parent,BRAZOS MIDSTREAM OPERATING III LLC,BRAZOSMIDSTREAMOPERATINGIII,115949.67000000001,129706.93800000001,0.004299940308971308,2.0,unmatched,
ghgrp_parent,MAYO CLINIC,MAYOCLINIC,115315.45000000001,141572.802,0.00427642055128027,14.0,unmatched,
ghgrp_parent,UNIVERSITY OF CHICAGO,UNIVERSITYOFCHICAGO,115065.716,116355.386,0.004267159280479579,14.0,unmatched,
ghgrp_parent,CARTIER ENERGY LLC,CARTIERENERGY,114763.31400000001,114763.31400000001,0.0042559448410653625,2.0,unmatched,
ghgrp_parent,MEDALLION MIDSTREAM 2 LLC,MEDALLIONMIDSTREAM2,114606.51799999998,114606.51799999998,0.0042501301333504925,6.0,unmatched,
ghgrp_parent,POINT ENERGY PARTNERS,POINTENERGY,114354.524,114354.524,0.004240785051486794,4.0,unmatched,
ghgrp_parent,1804 LTD,1804,114171.63999999998,114171.63999999998,0.004234002882262285,8.0,unmatched,
ghgrp_parent,BALTIMORE COUNTY GOVERNMENT,BALTIMORECOUNTYGOVERNMENT,113992.95,158881.25,0.004227376245603379,14.0,unmatched,
ghgrp_parent,CITY OF THOMASVILLE GEORGIA,CITYOFTHOMASVILLEGEORGIA,113625.75,113625.75,0.0042137588020914295,3.0,unmatched,
ghgrp_parent,CITY OF LAWTON,CITYOFLAWTON,113410.25,113410.25,0.004205767083472624,10.0,unmatched,
ghgrp_parent,CITY OF HIBBING MINNESOTA,CITYOFHIBBINGMINNESOTA,113341.98,113341.98,0.004203235321848003,2.0,unmatched,
ghgrp_parent,WALTER OIL & GAS CORP,WALTEROILGAS,113313.09,113313.09,0.004202163949454048,7.0,unmatched,
ghgrp_parent,BUSHMILLS ETHANOL INC,BUSHMILLSETHANOL,113085.224,113085.224,0.004193713643399326,14.0,unmatched,
ghgrp_parent,THE UNIVERSITY OF NORTH CAROLINA,UNIVERSITYOFNORTHCAROLINA,112758.352,115668.914,0.004181591745263056,5.0,unmatched,
ghgrp_parent,ELEVATION RESOURCES LLC,ELEVATIONRESOURCES,112702.322,112702.322,0.004179513898422167,3.0,unmatched,
ghgrp_parent,CONAGRA BRANDS INC,CONAGRABRANDS,112660.176,158389.452,0.004177950933350667,5.0,unmatched,
ghgrp_parent,US SILICA HOLDINGS INC,SILICA,112632.584,129170.674,0.004176927696691131,9.0,unmatched,
ghgrp_parent,ARCTIC SLOPE REGIONAL CORP,ARCTICSLOPEREGIONAL,112595.034,123686.032,0.004175535172170778,6.0,unmatched,
ghgrp_parent,MAVERICK TUBE CORP,MAVERICKTUBE,112342.92,112342.92,0.00416618564016214,12.0,unmatched,
ghgrp_parent,BATTALION OIL CORP,BATTALIONOIL,112011.486,141876.91,0.004153894562349123,6.0,unmatched,
ghgrp_parent,MIDDLESEX COUNTY UTILITIES AUTHORITY,MIDDLESEXCOUNTYUTILITIESAUTHORITY,111752.65,450594.3,0.004144295748054845,13.0,unmatched,
ghgrp_parent,MUNICIPALITY OF SALINAS,MUNICIPALITYOFSALINAS,111658.5,115284.25,0.004140804238505144,14.0,unmatched,
ghgrp_parent,KANSAS ETHANOL LLC,KANSASETHANOL,111451.728,111451.728,0.004133136193761535,13.0,unmatched,
ghgrp_parent,CITY OF AMARILLO TEXAS,CITYOFAMARILLOTEXAS,111374.75,111374.75,0.004130281499952541,2.0,unmatched,
ghgrp_parent,BADGER STATE ETHANOL LLC,BADGERSTATEETHANOL,111355.08,111355.08,0.004129552047028031,14.0,unmatched,
ghgrp_parent,FIELD STARTEX SERVICES LLC,FIELDSTARTEX,111236.964,124221.042,0.00412517176936502,5.0,unmatched,
ghgrp_parent,IRVING CONSUMER PRODUCTS INC,IRVINGCONSUMERPRODUCTS,110965.932,110965.932,0.00411512067200682,4.0,unmatched,
ghgrp_parent,REGION 2000 SERVICES AUTHORITY,REGION2000AUTHORITY,110931.65,192778.2,0.00411384933976696,14.0,unmatched,
ghgrp_parent,ALPHA & OMEGA SEMICONDUCTOR,ALPHAOMEGASEMICONDUCTOR,110902.096019,110902.096019,0.004112753343942285,12.0,unmatched,
ghgrp_parent,MUSTANG FUEL CORP,MUSTANGFUEL,110838.66999999998,454791.258,0.00411040121913041,14.0,unmatched,
ghgrp_parent,CITY OF CHATTANOOGA TENNESSEE,CITYOFCHATTANOOGATENNESSEE,110659.75,249622.25,0.0041037660530270385,11.0,unmatched,
ghgrp_parent,NBM US Holdings Inc,NBM,110609.0983148,111254.930430048,0.004101887658522692,2.0,unmatched,
ghgrp_parent,BUCKEYE PARTNERS LP,BUCKEYE,110298.38399999999,110298.38399999999,0.004090364960728184,8.0,unmatched,
ghgrp_parent,ESCONDIDO RESOURCES II MANAGEMENT LLC,ESCONDIDORESOURCESIIMANAGEMENT,110208.0,124856.146,0.004087013111560471,4.0,unmatched,
ghgrp_parent,METRO WASTE AUTHORITY,METROWASTEAUTHORITY,110203.022,147178.588,0.004086828504714603,11.0,unmatched,
ghgrp_parent,GOLDEN TRIANGLE REGIONAL SOLID WASTE MANAGEMENT AUTHORITY,GOLDENTRIANGLEREGIONALSOLIDWASTEMANAGEMENTAUTHORITY,109968.662,201812.302,0.004078137371649623,14.0,unmatched,
ghgrp_parent,SHOW ME ETHANOL LLC,SHOWMEETHANOL,109314.288,109501.98800000001,0.004053870212116158,14.0,unmatched,
ghgrp_parent,SIMMONS PREPARED FOODS INC,SIMMONSPREPAREDFOODS,109200.638,120267.99,0.004049655554013943,12.0,unmatched,
ghgrp_parent,WASHINGTON MILLS GROUP INC,WASHINGTONMILLS,108758.69600000001,108758.69600000001,0.004033266337727021,5.0,unmatched,
ghgrp_parent,Oklahoma Environmental Management Authority,OKLAHOMAENVIRONMENTALMANAGEMENTAUTHORITY,108459.75,108459.75,0.004022180062487032,14.0,unmatched,
ghgrp_parent,BCE-MACH III LLC,BCEMACHIII,108248.886,108248.886,0.004014360267801019,3.0,unmatched,
ghgrp_parent,AGROPUR INC,AGROPUR,108215.044,109475.94,0.004013105252759267,8.0,unmatched,
ghgrp_parent,PUTNAM COUNTY BOCC,PUTNAMCOUNTYBOCC,107561.0,107561.0,0.003988850331124382,13.0,unmatched,
ghgrp_parent,SNYDER BROTHERS INC,SNYDERBROTHERS,107518.14,130990.08799999999,0.003987260887690498,3.0,unmatched,
ghgrp_parent,GULFTEX ENERGY III LP,GULFTEXENERGYIII,107249.37999999999,107249.37999999999,0.003977294046409801,10.0,unmatched,
ghgrp_parent,BONNEVILLE NEVADA CORP,BONNEVILLENEVADA,107155.546,179097.15000000002,0.003973814255575105,10.0,unmatched,
ghgrp_parent,NSG NEW NEVADA HOLDINGS LLC,NSGNEWNEVADA,107155.546,179097.15000000002,0.003973814255575105,10.0,unmatched,
ghgrp_parent,CITY OF FORT COLLINS COLORADO,CITYOFFORTCOLLINSCOLORADO,106951.74900000001,106951.74900000001,0.003966256537341432,13.0,unmatched,
ghgrp_parent,ROCK ENERGY COOPERATIVE,ROCKENERGYCOOPERATIVE,106939.16576400002,106939.16576400002,0.003965789893808133,12.0,unmatched,
ghgrp_parent,CITY OF HIGH POINT NORTH CAROLINA,CITYOFHIGHPOINTNORTHCAROLINA,106752.75,106752.75,0.003958876750736218,2.0,unmatched,
ghgrp_parent,NORIT AMERICAS INC,NORIT,106486.442,463260.508,0.003949000840750432,4.0,unmatched,
ghgrp_parent,MILLIKEN & CO,MILLIKEN,106202.66799999999,211458.592,0.003938477212168841,14.0,unmatched,
ghgrp_parent,PEAKER POWER LLC,PEAKERPOWER,105899.908,135512.848,0.00392724949648889,7.0,unmatched,
ghgrp_parent,VAQUERO PERMIAN PROCESSING LLC,VAQUEROPERMIANPROCESSING,105836.92,188465.728,0.003924913615410648,6.0,unmatched,
ghgrp_parent,COUNTY SANITATION DISTRICT NO 2 OF LOS ANGELES COUNTY,COUNTYSANITATIONDISTRICTNO2OFLOSANGELESCOUNTY,105556.97460000002,140659.38579,0.003914531968703321,5.0,unmatched,
ghgrp_parent,NIPPON ELECTRIC GLASS AMERICA INC,NIPPONELECTRICGLASS,105345.862,157881.256,0.003906702954800377,7.0,unmatched,
ghgrp_parent,CITY OF FARMERS BRANCH,CITYOFFARMERSBRANCH,105232.0,237222.5,0.0039024804347754386,14.0,unmatched,
ghgrp_parent,COMPASS PRODUCTION PARTNERS LP,COMPASSPRODUCTION,105187.902,298359.88800000004,0.003900845080679605,10.0,unmatched,
ghgrp_parent,TAP ROCK OPERATING LLC,TAPROCKOPERATING,105080.22399999999,528941.568,0.0038968518914571653,6.0,unmatched,
ghgrp_parent,HI-CRUSH INC,HICRUSH,104493.10800000001,104493.10800000001,0.0038750789639926723,6.0,unmatched,
ghgrp_parent,SAN JOAQUIN REFINING CO INC,SANJOAQUINREFINING,104485.387,123168.58499999999,0.003874792634250418,14.0,unmatched,
ghgrp_parent,COUNTY OF WHITESIDE ILLINOIS,COUNTYOFWHITESIDEILLINOIS,104451.598,110758.6,0.003873539584689347,2.0,unmatched,
ghgrp_parent,COUNTY OF ADA IDAHO,COUNTYOFADAIDAHO,104312.46399999999,111593.03199999999,0.003868379864140349,2.0,unmatched,
ghgrp_parent,Black Swan Oil & Gas LLC,BLACKSWANOILGAS,104290.858,124198.36200000001,0.003867578615544164,2.0,unmatched,
ghgrp_parent,ROBERTSON-FINLEY RESOURCES INC,ROBERTSONFINLEYRESOURCES,104214.19,104214.19,0.0038647354179429274,9.0,unmatched,
ghgrp_parent,MACLAND DISPOSAL CENTER INC,MACLANDDISPOSALCENTER,104086.0,128197.5,0.003859981550612326,5.0,unmatched,
ghgrp_parent,CITY OF CORSICANA,CITYOFCORSICANA,104048.0,104048.0,0.003858572338048453,14.0,unmatched,
ghgrp_parent,CAROLINA STALITE CO LTD PTNR,CAROLINASTALITEPTNR,103960.448,156161.128,0.00385532551230129,5.0,unmatched,
ghgrp_parent,COUNTY OF OSWEGO NEW YORK,COUNTYOFOSWEGONEWYORK,103583.114,105173.54999999999,0.0038413322540492797,2.0,unmatched,
ghgrp_parent,UNIVERSITY OF MASSACHUSETTS,UNIVERSITYOFMASSACHUSETTS,103555.83200000001,113706.66799999999,0.0038403205135975017,14.0,unmatched,
ghgrp_parent,LAKE AREA CORN PROCESSORS LLC,LAKEAREACORNPROCESSORS,103283.512,103283.512,0.003830221651350295,14.0,unmatched,
ghgrp_parent,AURORA COOPERATIVE ETHANOL,AURORACOOPERATIVEETHANOL,103040.712,137952.08000000002,0.00382121752475797,4.0,unmatched,
ghgrp_parent,VENCER ENERGY LLC,VENCERENERGY,102967.266,102967.266,0.0038184938135483334,3.0,unmatched,
ghgrp_parent,MATALCO (US) INC,MATALCO,102749.56399999998,102749.56399999998,0.003810420434769905,7.0,unmatched,
ghgrp_parent,NightPeak Energy,NIGHTPEAKENERGY,102522.16399999999,102522.16399999999,0.003801987410111361,1.0,unmatched,
ghgrp_parent,QORVO INC,QORVO,102517.52177300001,164203.32397,0.003801815255253132,8.0,unmatched,
ghgrp_parent,COUNTY OF MESA COLORADO,COUNTYOFMESACOLORADO,102513.05,102513.05,0.003801649421603279,2.0,unmatched,
ghgrp_parent,HALL COUNTY OF GEORGIA,HALLCOUNTYOFGEORGIA,102466.5,102466.5,0.003799923136212535,5.0,unmatched,
ghgrp_parent,RING-NECK ENERGY & FEED LLC,RINGNECKENERGYFEED,101613.76800000001,101613.76800000001,0.0037682999612647346,5.0,unmatched,
ghgrp_parent,PMC GROUP,PMC,101463.26800000001,107753.244,0.0037627187378209753,14.0,unmatched,
ghgrp_parent,Tate & Lyle Sucralose LLC,TATELYLESUCRALOSE,101450.46800000001,101450.46800000001,0.0037622440556941967,6.0,unmatched,
ghgrp_parent,LINCOLNWAY ENERGY LLC,LINCOLNWAYENERGY,101231.568,174147.54,0.0037541262496354664,14.0,unmatched,
ghgrp_parent,AS AMERICA INC,AS,101050.356,120336.514,0.0037474060857637676,5.0,unmatched,
ghgrp_parent,CAMDEN COUNTY GOVERNMENT,CAMDENCOUNTYGOVERNMENT,100992.5,100992.5,0.0037452605225507304,14.0,unmatched,
ghgrp_parent,MUNICIPALITY OF CAROLINA,MUNICIPALITYOFCAROLINA,100903.95,101868.99799999999,0.003741976686431495,14.0,unmatched,
ghgrp_parent,CITY OF BRYAN TEXAS,CITYOFBRYANTEXAS,100845.076,120255.504,0.003739793371155562,2.0,unmatched,
ghgrp_parent,CITRUS COUNTY FLORIDA,CITRUSCOUNTYFLORIDA,100767.25,104463.25,0.0037369072296556684,5.0,unmatched,
ghgrp_parent,DELTECH MONOMERS BIDCO HOLDINGS LLC,DELTECHMONOMERSBIDCO,100626.572,100626.572,0.0037316902505751285,2.0,unmatched,
ghgrp_parent,WAPITI OPERATING LLC,WAPITIOPERATING,100548.882,100548.882,0.0037288091525728316,4.0,unmatched,
ghgrp_parent,OPTIMUS STEEL LLC,OPTIMUSSTEEL,100347.992,100347.992,0.0037213592391002943,6.0,unmatched,
ghgrp_parent,NSG HOLDING (EUROPE) LTD,NSGEUROPE,100281.92,100281.92,0.0037189089892971316,3.0,unmatched,
ghgrp_parent,CITY OF LAREDO,CITYOFLAREDO,100224.0,266989.75,0.00371676105267346,14.0,unmatched,
ghgrp_parent,HITACHI METALS AMERICA LTD,HITACHIMETALS,100201.58799999999,667492.8780000001,0.0037159299139371037,12.0,unmatched,
ghgrp_parent,SI GROUP USA HOLDINGS (USHA) CORP,SIUSHA,99702.67599999999,107299.486,0.003697427991340606,4.0,unmatched,
ghgrp_parent,NLMK INDIANA,NLMKINDIANA,99614.244,144056.776,0.0036941485311972272,14.0,unmatched,
ghgrp_parent,SAPUTO CHEESE USA INC,SAPUTOCHEESE,99577.124,104587.908,0.0036927719530295703,14.0,unmatched,
ghgrp_parent,HUNT CONSOLIDATED INC,HUNTCONSOLIDATED,99496.94799999999,1333196.0239999997,0.0036897986628579627,11.0,unmatched,
ghgrp_parent,ADA COGENERATION LP,ADACOGENERATION,99085.87599999999,126690.17199999999,0.0036745542463564804,4.0,unmatched,
ghgrp_parent,CASTILLO INVESTMENT HOLDINGS LLC,CASTILLOINVESTMENT,99010.08512,99010.08512,0.0036717435763479814,4.0,unmatched,
ghgrp_parent,MUNICIPALITY DE SAN JUAN,MUNICIPALITYDESANJUAN,98939.05,98939.05,0.003669109271516923,5.0,unmatched,
ghgrp_parent,COUNTY OF JOHNSTON NORTH CAROLINA,COUNTYOFJOHNSTONNORTHCAROLINA,98907.25,99816.5,0.0036679299831082085,2.0,unmatched,
ghgrp_parent,IRG REALTY ADVISORS LLC,IRGREALTYADVISORS,98845.724,117361.35,0.0036656483196291336,8.0,unmatched,
ghgrp_parent,CITY OF FLAGSTAFF ARIZONA,CITYOFFLAGSTAFFARIZONA,98814.0,108377.25,0.0036644718496455465,2.0,unmatched,
ghgrp_parent,NOBLE ENVIRONMENTAL INC,NOBLEENVIRONMENTAL,98755.09599999999,98755.09599999999,0.003662287421833379,3.0,unmatched,
ghgrp_parent,ARIZONA BOARD OF REGENTS,ARIZONABOARDOFREGENTS,98519.78,110430.084,0.0036535608359470556,5.0,unmatched,
ghgrp_parent,HARRISON STREET SOCIAL INFRASTRUCTURE FUND LP,HARRISONSTREETSOCIALINFRASTRUCTUREFUND,98387.998692,98387.998692,0.0036486737866071287,2.0,unmatched,
ghgrp_parent,ROME-FLOYD COUNTY SOLID WASTE COMMISSION,ROMEFLOYDCOUNTYSOLIDWASTECOMMISSION,98379.0,98379.0,0.003648340074243318,14.0,unmatched,
ghgrp_parent,CITY OF GRAND FORKS NORTH DAKOTA,CITYOFGRANDFORKSNORTHDAKOTA,97662.948,97662.948,0.0036217856143805215,2.0,unmatched,
ghgrp_parent,COUNTY OF ROANOKE VIRGINIA,COUNTYOFROANOKEVIRGINIA,97626.25,97920.75,0.003620424685889232,2.0,unmatched,
ghgrp_parent,EVERGREEN CLEAN ENERGY CORP,EVERGREENCLEANENERGY,97610.95599999999,123777.124,0.003619857514916814,10.0,unmatched,
ghgrp_parent,REPUBLIC STEEL,REPUBLICSTEEL,97578.44,453584.236,0.003618651673976633,14.0,unmatched,
ghgrp_parent,AxInfra US (P-1) LP,AXINFRAP1,97444.5521292,97444.5521292,0.0036136865037218555,2.0,unmatched,
ghgrp_parent,UNIVERSITY OF MARYLAND,UNIVERSITYOFMARYLAND,97315.41,136574.78,0.003608897327116752,3.0,unmatched,
ghgrp_parent,EGGER WOOD PRODUCTS LLC,EGGERWOODPRODUCTS,97168.888,97168.888,0.0036034636259777053,3.0,unmatched,
ghgrp_parent,COUNTY OF CATAWBA NORTH CAROLINA,COUNTYOFCATAWBANORTHCAROLINA,96948.5,112486.426,0.0035952906381217366,2.0,unmatched,
ghgrp_parent,"INGOMAR PACKING CO, LLC",INGOMARPACKING,96772.03600000001,96772.03600000001,0.003588746551651441,14.0,unmatched,
ghgrp_parent,NORTH CAROLINA ELECTRIC MEMBERSHIP CORP,NORTHCAROLINAELECTRICMEMBERSHIP,96430.09,315580.378,0.003576065641141807,14.0,unmatched,
ghgrp_parent,UNITED ETHANOL LLC,UNITEDETHANOL,96346.488,96536.53600000001,0.003572965299332204,14.0,unmatched,
ghgrp_parent,NORTHERN UTAH ENVIRONMENTAL RESOURCE AGENCY,NORTHERNUTAHENVIRONMENTALRESOURCEAGENCY,96105.95,97146.7,0.003564045057971972,8.0,unmatched,
ghgrp_parent,TOP GUN INVESTMENT CORP II,TOPGUNINVESTMENTII,96058.788,197424.732,0.0035622960768420414,12.0,unmatched,
ghgrp_parent,ROSEMORE INC,ROSEMORE,96038.57999999999,96038.57999999999,0.003561546672434389,5.0,unmatched,
ghgrp_parent,COUNTY OF DOUGHERTY GEORGIA,COUNTYOFDOUGHERTYGEORGIA,96013.75,107316.5,0.0035606258632775224,2.0,unmatched,
ghgrp_parent,"Seaboard Energy, LLC",SEABOARDENERGY,95995.988,95995.988,0.003559967167657535,3.0,unmatched,
ghgrp_parent,TORAY HOLDING (USA) INC,TORAY,95863.88799999999,104010.71,0.003555068299771019,14.0,unmatched,
ghgrp_parent,MISSISSIPPI COUNTY ARKANSAS,MISSISSIPPICOUNTYARKANSAS,95717.45,95717.45,0.0035496377137334296,2.0,unmatched,
ghgrp_parent,RENO COUNTY KANSAS,RENOCOUNTYKANSAS,95704.3,155875.9,0.0035491500520172473,13.0,unmatched,
ghgrp_parent,MURCHISON OIL & GAS LLC,MURCHISONOILGAS,95703.25,95703.25,0.0035491111132490353,3.0,unmatched,
ghgrp_parent,CITY OF CONWAY ARKANSAS,CITYOFCONWAYARKANSAS,95578.25,96575.5,0.003544475545604717,2.0,unmatched,
ghgrp_parent,STATE OF CONNECTICUT,STATEOFCONNECTICUT,95455.93000000001,111503.424,0.0035399393645306923,13.0,unmatched,
ghgrp_parent,CITY OF WEST MEMPHIS ARKANSAS,CITYOFWESTMEMPHISARKANSAS,95454.14928000001,108818.89694,0.003539873327346568,2.0,unmatched,
ghgrp_parent,CHESAPEAKE UTILITIES CORP,CHESAPEAKEUTILITIES,95444.24,125136.678,0.0035395058462445957,14.0,unmatched,
ghgrp_parent,COUNTY OF BARTHOLOMEW INDIANA,COUNTYOFBARTHOLOMEWINDIANA,95428.15,95428.15,0.0035389091559774187,2.0,unmatched,
ghgrp_parent,COUNTY OF ERIE OHIO,COUNTYOFERIEOHIO,95418.0,119203.5,0.0035385327478847004,2.0,unmatched,
ghgrp_parent,NORTHEAST ARKANSAS SOLID WASTE DISTRICT,NORTHEASTARKANSASSOLIDWASTEDISTRICT,94592.25,94592.25,0.003507910188026332,13.0,unmatched,
ghgrp_parent,BUNGE CHEVRON AG RENEWABLES LLC,BUNGECHEVRONRENEWABLES,94349.09599999999,101064.01999999999,0.003498892933506439,2.0,unmatched,
ghgrp_parent,COUNTY OF CHAUTAUQUA NEW YORK,COUNTYOFCHAUTAUQUANEWYORK,93766.178,99283.436,0.0034772756869457123,2.0,unmatched,
ghgrp_parent,HERNANDO COUNTY FLORIDA,HERNANDOCOUNTYFLORIDA,93763.75,139251.0,0.0034771856456797885,5.0,unmatched,
ghgrp_parent,SHELBY COUNTY ENERGY CENTER LLC,SHELBYCOUNTYENERGYCENTER,93622.852,173473.752,0.003471960508000195,8.0,unmatched,
ghgrp_parent,LOUISIANA-PACIFIC CORP,LOUISIANAPACIFIC,93601.81599999999,195881.35599999997,0.003471180397592468,8.0,unmatched,
ghgrp_parent,JOHNS HOPKINS UNIVERSITY,JOHNSHOPKINSUNIVERSITY,93477.94000000002,145715.184,0.003466586512972408,14.0,unmatched,
ghgrp_parent,KANSAS ELECTRIC POWER COOPERATIVE INC,KANSASELECTRICPOWERCOOPERATIVE,93275.4174,222718.60672000004,0.003459076055277981,14.0,unmatched,
ghgrp_parent,CHISHOLM ENERGY HOLDINGS LLC,CHISHOLMENERGY,93132.056,142757.854,0.003453759563539707,5.0,unmatched,
ghgrp_parent,OE2 North LLC,OE2NORTH,92980.432,92980.432,0.0034481366570716897,1.0,unmatched,
ghgrp_parent,NISSAN NORTH AMERICA INC,NISSANNORTH,92655.4,125615.97600000001,0.003436082994491145,14.0,unmatched,
ghgrp_parent,Triple Crown Resources,TRIPLECROWNRESOURCES,92520.652,92520.652,0.0034310859267396515,2.0,unmatched,
ghgrp_parent,EAST PENN MANUFACTURING CO INC,EASTPENNMANUFACTURING,92499.82400000001,112623.804,0.0034303135299164848,14.0,unmatched,
ghgrp_parent,THE KRAFT GROUP,KRAFT,92176.752,92284.952,0.0034183325530366022,14.0,blocked,"Rand-Whitney Containerboard, the Kraft family's packaging business, not Kraft Foods"
ghgrp_parent,CITY OF SHREVEPORT LOUISIANA,CITYOFSHREVEPORTLOUISIANA,92065.75,127722.25,0.0034142160947993653,2.0,unmatched,
ghgrp_parent,DUKE UNIVERSITY,DUKEUNIVERSITY,91985.848,107043.268,0.003411252965792035,14.0,unmatched,
ghgrp_parent,TENARIS,TENARIS,91926.45599999999,91926.45599999999,0.0034090504407237837,6.0,unmatched,
ghgrp_parent,LP GILL INC,GILL,91739.35,120693.398,0.003402111700566521,9.0,unmatched,
ghgrp_parent,COUNTY OF ONSLOW NORTH CAROLINA,COUNTYOFONSLOWNORTHCAROLINA,91546.75,91546.75,0.003394969217940155,2.0,unmatched,
ghgrp_parent,ENID OKLAHOMA,ENIDOKLAHOMA,91541.5,91541.5,0.0033947745240990933,13.0,unmatched,
ghgrp_parent,"Tremolo Energy, LLC",TREMOLOENERGY,91503.812,91503.812,0.003393376881912061,1.0,unmatched,
ghgrp_parent,LEESVILLE LAND LLC,LEESVILLELAND,91476.0,91476.0,0.0033923454866534703,2.0,unmatched,
ghgrp_parent,DELTA HOUSE FPS LLC,DELTAHOUSEFPS,90824.602,94554.75,0.00336818869071448,2.0,unmatched,
ghgrp_parent,CLARION INDUSTRIES INC,CLARION,90815.44,161466.44,0.003367848922148422,14.0,unmatched,
ghgrp_parent,AGC AMERICA INC,AGC,90785.904,509558.82480000006,0.003366753593140881,14.0,unmatched,
ghgrp_parent,CECIL COUNTY MARYLAND,CECILCOUNTYMARYLAND,90754.2,90754.2,0.0033655778648481174,5.0,unmatched,
ghgrp_parent,MILWAUKEE METROPOLITAN SEWERAGE DISTRICT,MILWAUKEEMETROPOLITANSEWERAGEDISTRICT,90753.95599999999,108654.176,0.0033655688162200757,14.0,unmatched,
ghgrp_parent,CITY OF GRAND ISLAND NEBRASKA,CITYOFGRANDISLANDNEBRASKA,90514.55,96490.8,0.00335669055456043,13.0,unmatched,
ghgrp_parent,GERE PROPERTIES LLC,GEREPROPERTIES,90415.7,90415.7,0.0033530247476673027,13.0,unmatched,
ghgrp_parent,PECO FOODS INC,PECOFOODS,90118.472,117108.97,0.0033420021836690185,13.0,unmatched,
ghgrp_parent,NORTHWESTERN UNIVERSITY,NORTHWESTERNUNIVERSITY,90086.312,106283.096,0.0033408095448254887,14.0,unmatched,
ghgrp_parent,BROOKFIELD RENEWABLE ENERGY PARTNERS LP,BROOKFIELDRENEWABLEENERGY,89736.66799999999,141464.252,0.003327843157518047,10.0,unmatched,
ghgrp_parent,ADKINS ENERGY LLC,ADKINSENERGY,89423.364,93889.296,0.003316224422436163,14.0,unmatched,
ghgrp_parent,MOM HOLDING CO,MOM,89003.266,163439.232,0.0033006452808662192,5.0,unmatched,
ghgrp_parent,DIDION MILLING INC,DIDIONMILLING,88974.364,89424.764,0.0032995734634577705,14.0,unmatched,
ghgrp_parent,BLUESCOPE STEEL INVESTMENTS INC 2,BLUESCOPESTEELINVESTMENTS2,88498.10160000001,88498.10160000001,0.0032819114908846066,4.0,unmatched,
ghgrp_parent,CARRIZO OIL & GAS INC,CARRIZOOILGAS,88209.572,1105246.3220000002,0.003271211503059101,13.0,unmatched,
ghgrp_parent,COUNTY OF SANDOVAL NEW MEXICO,COUNTYOFSANDOVALNEWMEXICO,87788.25,87788.25,0.0032555869700107844,5.0,unmatched,
ghgrp_parent,LANDFILL 33 LTD INC,LANDFILL33,87639.5,87639.5,0.0032500706445140453,13.0,unmatched,
ghgrp_parent,ALGONQUIN POWER WINDSOR LOCKS LLC,ALGONQUINPOWERWINDSORLOCKS,87637.61799999999,183879.84399999998,0.0032500008514075923,5.0,unmatched,
ghgrp_parent,TRUSTEES OF INDIANA UNIVERSITY,TRUSTEESOFINDIANAUNIVERSITY,87562.882,99634.69,0.003247229301139866,5.0,unmatched,
ghgrp_parent,SIOUXLAND ENERGY COOPERATIVE,SIOUXLANDENERGYCOOPERATIVE,87511.47200000001,87511.47200000001,0.0032453227848791115,10.0,unmatched,
ghgrp_parent,CITY OF SIOUX FALLS SOUTH DAKOTA,CITYOFSIOUXFALLSSOUTHDAKOTA,87240.75,87240.75,0.0032352831837286693,2.0,unmatched,
ghgrp_parent,CASCADES TISSUE GROUP - PENNSYLVANIA INC,CASCADESTISSUEPENNSYLVANIA,87205.97600000001,152948.276,0.0032339936058945616,4.0,unmatched,
ghgrp_parent,CENTRAL IOWA RENEWABLE ENERGY LLC,CENTRALIOWARENEWABLEENERGY,87144.47200000001,94963.492,0.003231712758275392,5.0,unmatched,
ghgrp_parent,"waelz sustainable products, LLC",WAELZSUSTAINABLEPRODUCTS,87045.012,87045.012,0.0032280243298121606,2.0,unmatched,
ghgrp_parent,UNITED WISCONSIN GRAIN PRODUCERS LLC,UNITEDWISCONSINGRAINPRODUCERS,86983.47200000001,91699.204,0.00322574214714951,14.0,unmatched,
ghgrp_parent,CITATION OIL & GAS CORP,CITATIONOILGAS,86981.318,93236.122,0.003225662267047863,7.0,unmatched,
ghgrp_parent,UPCURVE ENERGY LLC,UPCURVEENERGY,86740.534,86740.534,0.0032167329028905058,5.0,unmatched,
ghgrp_parent,SALT LAKE CITY CORP,SALTLAKECITY,86233.8,86233.8,0.003197940905013097,13.0,unmatched,
ghgrp_parent,COUNTY OF SALT LAKE UTAH,COUNTYOFSALTLAKEUTAH,86233.8,86233.8,0.003197940905013097,5.0,unmatched,
ghgrp_parent,RED TRAIL ENERGY LLC,REDTRAILENERGY,86232.276,175646.874,0.0031978843881723773,14.0,unmatched,
ghgrp_parent,LIBERTY RESOURCES LLC,LIBERTYRESOURCES,86226.336,179651.988,0.003197664105997919,9.0,unmatched,
ghgrp_parent,COMMONWEALTH OF MASSACHUSETTS,COMMONWEALTHOFMASSACHUSETTS,86068.908,90668.84999999999,0.0031918259608530405,14.0,unmatched,
ghgrp_parent,OLAM HOLDINGS PTNR,OLAMPTNR,85978.524,91992.30399999999,0.0031884741116853283,5.0,unmatched,
ghgrp_parent,NORTHEAST NEBRASKA SOLID WASTE COALITION,NORTHEASTNEBRASKASOLIDWASTECOALITION,85908.35,85908.35,0.003185871741094349,12.0,unmatched,
ghgrp_parent,TRANS-JORDAN CITIES UT,TRANSJORDANCITIESUT,85902.8,124899.95,0.003185665921890941,13.0,unmatched,
ghgrp_parent,Salinas Valley Solid Waste Authority,SALINASVALLEYSOLIDWASTEAUTHORITY,85788.25,85788.25,0.0031814178877016875,14.0,unmatched,
ghgrp_parent,"Ecobat Resources US, LLC",ECOBATRESOURCES,85643.86,85643.86,0.0031760632508043823,1.0,unmatched,
ghgrp_parent,SOUTHWIRE CO,SOUTHWIRE,85640.026,85908.542,0.003175921068673596,14.0,unmatched,
ghgrp_parent,Oneida-Herkimer Solid Waste Management Authority,ONEIDAHERKIMERSOLIDWASTEMANAGEMENTAUTHORITY,85639.898,151066.85,0.0031759163218523286,14.0,unmatched,
ghgrp_parent,GRUMA CORP,GRUMA,85487.88,87554.32,0.003170278804075096,2.0,unmatched,
ghgrp_parent,BOARD OF REGENTS OF THE UNIVERSITY SYSTEM OF GEORGIA,BOARDOFREGENTSOFUNIVERSITYSYSTEMOFGEORGIA,85441.674,91912.01800000001,0.003168565275766509,5.0,unmatched,
ghgrp_parent,STATE OF LOUISIANA,STATEOFLOUISIANA,85354.728,127694.32,0.0031653409232512857,13.0,unmatched,
ghgrp_parent,POTTERS INTERMEDIATE HOLDINGS LP,POTTERSINTERMEDIATE,85179.68,85179.68,0.003158849348491264,4.0,unmatched,
ghgrp_parent,LEGGETT & PLATT INC,LEGGETTPLATT,85048.448,100328.54,0.003153982669986471,14.0,unmatched,
ghgrp_parent,MUNICIPALITY OF FAJARDO,MUNICIPALITYOFFAJARDO,84621.814,84621.814,0.003138161143855541,14.0,unmatched,
ghgrp_parent,PILOT CORP,PILOT,84242.732,84548.332,0.003124103061825593,4.0,unmatched,
ghgrp_parent,SEPG MGA LLC,SEPGMGA,84063.18400000001,224157.606,0.0031174446066303757,2.0,unmatched,
ghgrp_parent,MARYSVILLE ETHANOL LLC,MARYSVILLEETHANOL,83938.53199999999,84354.286,0.0031128219444063786,14.0,unmatched,
ghgrp_parent,CITY OF VINELAND NEW JERSEY,CITYOFVINELANDNEWJERSEY,83744.338,83744.338,0.003105620349021413,2.0,unmatched,
ghgrp_parent,FREESCALE SEMICONDUCTOR HOLDINGS V INC,FREESCALESEMICONDUCTORV,83508.08991,105472.95371999999,0.0030968591970051236,3.0,unmatched,
ghgrp_parent,SOFIDEL AMERICA CORP,SOFIDEL,83412.536,83412.536,0.0030933156240972506,5.0,unmatched,
ghgrp_parent,CITY OF CHARLESTON,CITYOFCHARLESTON,83376.898,132550.39800000002,0.003091994005219585,11.0,unmatched,
ghgrp_parent,GREAT LAKES WATER AUTHORITY,GREATLAKESWATERAUTHORITY,83312.284,86741.22399999999,0.0030895978246774252,8.0,unmatched,
ghgrp_parent,MOUNTAIRE CORP,MOUNTAIRE,83089.758,97378.696,0.003081345550072468,5.0,unmatched,
ghgrp_parent,TRECORA RESOURCES,TRECORARESOURCES,83079.088,89466.064,0.0030809498580183494,10.0,unmatched,
ghgrp_parent,TAK INVESTMENT LLC,TAKINVESTMENT,82903.04000000001,82903.04000000001,0.0030744211987171733,4.0,unmatched,
ghgrp_parent,WESTERN NEW YORK ENERGY LLC,WESTERNNEWYORKENERGY,82821.588,82821.588,0.003071400588671053,14.0,unmatched,
ghgrp_parent,SNF HOLDING CO,SNF,82783.936,82783.936,0.003070004281527502,14.0,unmatched,
ghgrp_parent,UPPER SOUTHWEST REGIONAL SOLID WASTE MANAGEMENT DISTRICT,UPPERSOUTHWESTREGIONALSOLIDWASTEMANAGEMENTDISTRICT,82702.0,82702.0,0.0030669657225634627,14.0,unmatched,
ghgrp_parent,BOROUGH OF FAIRBANKS NORTH STAR,BOROUGHOFFAIRBANKSNORTHSTAR,82673.394,82673.394,0.003065904882179196,5.0,unmatched,
ghgrp_parent,STARRET CITY ASSOCIATES,STARRETCITYASSOCIATES,82611.27399999999,102287.146,0.0030636011904826748,13.0,unmatched,
ghgrp_parent,WASHINGTON COUNTY POWER LLC,WASHINGTONCOUNTYPOWER,82490.096,252300.716,0.0030591073599546496,14.0,unmatched,
ghgrp_parent,CRESTWOOD EQUITY PARTNERS LP,CRESTWOODEQUITY,82454.162,1085823.6739999999,0.0030577747640528016,6.0,unmatched,
ghgrp_parent,SPOTSYLVANIA COUNTY,SPOTSYLVANIACOUNTY,82357.45,82357.45,0.003054188243908663,12.0,unmatched,
ghgrp_parent,FORTISTAR LLC,FORTISTAR,82332.842,238590.768,0.003053275667519932,14.0,unmatched,
ghgrp_parent,US REALM VENTURES LLC,REALMVENTURES,82248.282,124445.70400000001,0.003050139798719904,5.0,unmatched,
ghgrp_parent,IOWA WASTE SERVICES LLC,IOWAWASTE,82200.25,104484.0,0.003048358554039168,7.0,unmatched,
ghgrp_parent,UNIVERSITY OF OKLAHOMA,UNIVERSITYOFOKLAHOMA,82099.492,96360.288,0.003044621989841518,5.0,unmatched,
ghgrp_parent,Wake County Government,WAKECOUNTYGOVERNMENT,81951.0,157525.0,0.0030391152321563968,14.0,unmatched,
ghgrp_parent,CITY OF SALINA KANSAS,CITYOFSALINAKANSAS,81644.1,81644.1,0.003027733986476066,2.0,unmatched,
ghgrp_parent,HIGHWATER ETHANOL LLC,HIGHWATERETHANOL,81610.292,81610.292,0.003026480232308713,14.0,unmatched,
ghgrp_parent,"Southern Energy Operating, LLC",SOUTHERNENERGYOPERATING,81582.48,81582.48,0.003025448837050123,1.0,unmatched,
ghgrp_parent,MID-MISSOURI ENERGY LLC,MIDMISSOURIENERGY,81534.19200000001,84329.978,0.003023658098726852,14.0,unmatched,
ghgrp_parent,FORESIGHT RESERVES LP,FORESIGHTRESERVES,81125.25,81125.25,0.0030084926722980286,13.0,unmatched,
ghgrp_parent,ROSEWOOD RESOURCES INC,ROSEWOODRESOURCES,81017.79400000001,87867.118,0.003004507715843726,13.0,unmatched,
ghgrp_parent,BEAM SUNTORY INC,BEAMSUNTORY,80999.454,89208.734,0.0030038275853589507,9.0,unmatched,
ghgrp_parent,UNIVERSITY OF WASHINGTON BOARD OF REGENTS,UNIVERSITYOFWASHINGTONBOARDOFREGENTS,80935.838,94113.396,0.0030014684151888635,14.0,unmatched,
ghgrp_parent,IROQUOIS BIO ENERGY CO LLC,IROQUOISBIOENERGY,80935.446,80935.446,0.0030014538780487304,11.0,unmatched,
ghgrp_parent,TOWN OF MANCHESTER CONNECTICUT,TOWNOFMANCHESTERCONNECTICUT,80879.898,88507.898,0.0029993939059566777,2.0,unmatched,
ghgrp_parent,CARBON GREEN BIOENERGY LLC,CARBONGREENBIOENERGY,80815.042,80815.042,0.0029969887509555585,14.0,unmatched,
ghgrp_parent,SHERIDAN PRODUCTION CO LLC,SHERIDANPRODUCTION,80602.874,271385.62,0.00298912059802788,13.0,unmatched,
ghgrp_parent,TEXAS DISPOSAL SYSTEMS LANDFILL INC,TEXASDISPOSALSYSTEMSLANDFILL,80566.5,348584.0,0.0029877716849279244,13.0,unmatched,
ghgrp_parent,"ROC Fund Landfill Holdings, LLC",ROCFUNDLANDFILL,80346.796,80346.796,0.0029796240628981057,5.0,unmatched,
ghgrp_parent,CENTRAL GLASS CO LTD,CENTRALGLASS,80179.272,107624.832,0.0029734115122257306,9.0,unmatched,
ghgrp_parent,VALENCE OPERATING CO,VALENCEOPERATING,80176.622,152508.774,0.0029733132381916717,13.0,unmatched,
ghgrp_parent,CITY OF DOVER OHIO,CITYOFDOVEROHIO,79990.788,123078.388,0.0029664216695707572,2.0,unmatched,
ghgrp_parent,IMPACT EXPLORATION & PRODUCTION,IMPACTEXPLORATIONPRODUCTION,79905.596,89424.24799999999,0.002963262363340719,6.0,unmatched,
ghgrp_parent,HAYES LANDFILL INC,HAYESLANDFILL,79904.9,79904.9,0.002963236552500075,14.0,unmatched,
ghgrp_parent,COUNTY OF KNOX ILLINOIS,COUNTYOFKNOXILLINOIS,79811.1,79811.1,0.002959758022539779,2.0,unmatched,
ghgrp_parent,JSW STEEL HOLDING USA INC,JSWSTEEL,79668.2,79668.2,0.0029544586416087935,4.0,unmatched,
ghgrp_parent,PRESIDENT & FELLOWS OF HARVARD COLLEGE,PRESIDENTFELLOWSOFHARVARDCOLLEGE,79512.242,83479.618,0.002948675010739413,5.0,unmatched,
ghgrp_parent,Greenway Environmental Services LLC,GREENWAYENVIRONMENTAL,79466.25,79466.25,0.0029469694185226326,1.0,unmatched,
ghgrp_parent,PROTEGE ENERGY III LLC,PROTEGEENERGYIII,79451.75200000001,79451.75200000001,0.0029464317668449745,3.0,unmatched,
ghgrp_parent,CITY OF SUPERIOR WISCONSIN,CITYOFSUPERIORWISCONSIN,79332.25,84332.0,0.002942000090007923,14.0,unmatched,
ghgrp_parent,UNIVERSITY OF TENNESSEE,UNIVERSITYOFTENNESSEE,79077.452,93626.752,0.002932551023090827,14.0,unmatched,
ghgrp_parent,DAIRY FARMERS OF AMERICA INC,DAIRYFARMERSOF,78957.36942,78957.36942,0.0029280978157108723,13.0,unmatched,
ghgrp_parent,SAM RAYBURN G&T ELECTRIC COOPERATIVE INC,SAMRAYBURNGTELECTRICCOOPERATIVE,78912.16820999999,109063.41633,0.0029264215495783913,3.0,unmatched,
ghgrp_parent,SOUTH JERSEY INDUSTRIES INC,SOUTHJERSEY,78608.94399999999,211191.196,0.002915176618883591,14.0,unmatched,
ghgrp_parent,NELSON COUNTY FISCAL COURT,NELSONCOUNTYFISCALCOURT,78580.75,78580.75,0.00291413105733028,14.0,unmatched,
ghgrp_parent,COUNTY OF LEFLORE MISSISSIPPI,COUNTYOFLEFLOREMISSISSIPPI,78579.25,78579.25,0.0029140754305185482,2.0,unmatched,
ghgrp_parent,UNITED COAL CO LLC,UNITEDCOAL,78533.5,463777.0,0.002912378812760728,11.0,unmatched,
ghgrp_parent,ST LANDRY PARISH WASTE DISPOSAL DISTRICT,STLANDRYPARISHWASTEDISPOSALDISTRICT,78306.0,78306.0,0.0029039420796480677,13.0,unmatched,
ghgrp_parent,STERLING ENERGY GROUP INC,STERLINGENERGY,78268.872,143578.668,0.002902565204804082,11.0,unmatched,
ghgrp_parent,HP HOOD LLC,HPHOOD,78154.31,79794.696,0.0028983167256003343,14.0,unmatched,
ghgrp_parent,CORP OF THE PRESIDENT OF THE CHURCH OF JESUS CHRIST OF LATTER-DAY SAINTS,OFPRESIDENTOFCHURCHOFJESUSCHRISTOFLATTERDAYSAINTS,78141.156,80167.54800000001,0.002897828915545988,5.0,unmatched,
ghgrp_parent,DEFIANCE COUNTY BOARD OF COMMISSIONERS,DEFIANCECOUNTYBOARDOFCOMMISSIONERS,77976.0,77976.0,0.002891704181067067,14.0,unmatched,
ghgrp_parent,ARSENAL ENERGY HOLDINGS LLC,ARSENALENERGY,77756.584,101066.67,0.002883567239385101,5.0,unmatched,
ghgrp_parent,EMERALD LAKE CAPITAL MANAGEMENT,EMERALDLAKECAPITALMANAGEMENT,77690.308,77690.308,0.0028811094243355417,3.0,unmatched,
ghgrp_parent,WEST TEXAS GAS INC,WESTTEXASGAS,77489.96418000001,458001.26408,0.002873679765697693,14.0,unmatched,
ghgrp_parent,HOUSTON COUNTY BOARD OF COMMISSIONERS,HOUSTONCOUNTYBOARDOFCOMMISSIONERS,77346.75,77346.75,0.002868368733545567,14.0,unmatched,
ghgrp_parent,COUNTY OF LAMAR GEORGIA,COUNTYOFLAMARGEORGIA,77339.25,77339.25,0.0028680905994869083,2.0,unmatched,
ghgrp_parent,TUCKER COUNTY SOLID WASTE AUTHORITY,TUCKERCOUNTYSOLIDWASTEAUTHORITY,77276.75,77276.75,0.002865772815664749,13.0,unmatched,
ghgrp_parent,VITRO ASSETS CORP,VITROASSETS,77134.784,94445.516,0.0028605080716952026,4.0,unmatched,
ghgrp_parent,CULLMAN ENVIRONMENTAL INC,CULLMANENVIRONMENTAL,77008.0,77008.0,0.002855806345229464,14.0,unmatched,
ghgrp_parent,POST HOLDINGS INC,POST,76982.56,81690.992,0.0028548629145024925,12.0,unmatched,
ghgrp_parent,BIEWER LUMBER LLC,BIEWERLUMBER,76825.66,76825.66,0.0028490443499953437,6.0,unmatched,
ghgrp_parent,KNIGHT HAWK COAL LLC,KNIGHTHAWKCOAL,76639.0,76835.5,0.0028421221495434357,13.0,unmatched,
ghgrp_parent,CERRO GORDO COUNTY OF (INC),CERROGORDOCOUNTYOF,76499.3,76499.3,0.002836941439144145,5.0,unmatched,
ghgrp_parent,"Felman Production, Inc.",FELMANPRODUCTION,76235.0,152544.692,0.002827139994916998,14.0,unmatched,
ghgrp_parent,KOHLER CO,KOHLER,75895.792,127931.938,0.002814560621881046,14.0,unmatched,
ghgrp_parent,ASP GREDE ACQUISITIONCO LLC,ASPGREDEACQUISITIONCO,75591.854,75591.854,0.002803289220611615,4.0,unmatched,
ghgrp_parent,FREDERICK COUNTY DEPARTMENT OF PUBLIC WORKS,FREDERICKCOUNTYDEPARTMENTOFPUBLICWORKS,75575.476,86784.302,0.0028026818499965857,14.0,unmatched,
ghgrp_parent,MPH ROCKAWAY PEAKERS HOLDCO LLC,MPHROCKAWAYPEAKERSHOLDCO,75534.632,80217.172,0.0028011671689976694,5.0,unmatched,
ghgrp_parent,STEPAN CO,STEPAN,75487.516,75487.516,0.0027994198937566317,14.0,unmatched,
ghgrp_parent,UNIVERSITY OF PITTSBURGH,UNIVERSITYOFPITTSBURGH,75463.316,83466.036,0.0027985224478606916,14.0,unmatched,
ghgrp_parent,RECTOR & VISITORS OF THE UNIVERSITY OF VIRGINIA,RECTORVISITORSOFUNIVERSITYOFVIRGINIA,75337.936,83313.194,0.0027938727880907344,5.0,unmatched,
ghgrp_parent,SCHNITZER STEEL INDUSTRIES INC,SCHNITZERSTEEL,75234.72,84439.576,0.0027900450700909262,14.0,unmatched,
ghgrp_parent,RING ENERGY INC,RINGENERGY,75219.83,222107.342,0.0027894928812731354,4.0,unmatched,
ghgrp_parent,COUNTY OF STAFFORD VIRGINIA,COUNTYOFSTAFFORDVIRGINIA,75196.8,75196.8,0.002788638824290346,5.0,unmatched,
ghgrp_parent,CUMBERLAND COUNTY SOLID WASTE MANAGEMENT,CUMBERLANDCOUNTYSOLIDWASTEMANAGEMENT,75195.5,75195.5,0.002788590614386845,14.0,unmatched,
ghgrp_parent,ANCHOR HOCKING CO,ANCHORHOCKING,75178.808,92509.59999999999,0.0027879715992258935,3.0,unmatched,
ghgrp_parent,BMW (US) HOLDING CORP,BMW,75036.87599999999,84616.814,0.0027827081161307453,6.0,unmatched,
ghgrp_parent,CYPRESS SEMICONDUCTOR CORP,CYPRESSSEMICONDUCTOR,74831.49378399999,174459.8626468,0.002775091610889081,14.0,unmatched,
ghgrp_parent,WASHINGTON COUNTY MARYLAND,WASHINGTONCOUNTYMARYLAND,74763.75,89153.25,0.0027725793637433686,2.0,unmatched,
ghgrp_parent,CONTINENTAL GRAIN CO,CONTINENTALGRAIN,74324.00200000001,86254.6,0.0027562715109397387,8.0,unmatched,
ghgrp_parent,COUNTY OF HAWAI'I HAWAII,COUNTYOFHAWAIIHAWAII,74318.5,78677.75,0.002756067471794306,2.0,unmatched,
ghgrp_parent,"NXP USA, Inc",NXP,74265.372969,225715.19512199998,0.0027540972802267676,5.0,unmatched,
ghgrp_parent,CITY OF SALLISAW OKLAHOMA,CITYOFSALLISAWOKLAHOMA,74197.0,74197.0,0.0027515617000440284,2.0,unmatched,
ghgrp_parent,DSM HOLDING CO INC,DSM,74137.418,505826.62399999995,0.0027493521289129585,14.0,unmatched,
ghgrp_parent,ALPONT LLC,ALPONT,73768.96800000001,73768.96800000001,0.002735688329724565,5.0,unmatched,
ghgrp_parent,NEW RIVER RESOURCE AUTHORITY,NEWRIVERRESOURCEAUTHORITY,73762.5,73762.5,0.002735448466912377,14.0,unmatched,
ghgrp_parent,CHIPPEWA VALLEY AGRAFUELS COOPERATIVE,CHIPPEWAVALLEYAGRAFUELSCOOPERATIVE,73724.302,97868.9,0.0027340319116093553,14.0,unmatched,
ghgrp_parent,SAGE NATURAL RESOURCES LLC,SAGENATURALRESOURCES,73711.888,95551.438,0.0027335715441154634,7.0,unmatched,
ghgrp_parent,COUNTY OF DAVIDSON NORTH CAROLINA,COUNTYOFDAVIDSONNORTHCAROLINA,73681.25,73681.25,0.0027324353479435703,2.0,unmatched,
ghgrp_parent,FARMERS UNION INDUSTRIES LLC,FARMERSUNION,73674.978,76682.6,0.002732202753701449,14.0,unmatched,
ghgrp_parent,WAFERTECH LLC,WAFERTECH,73391.152156,172434.129484,0.0027216772025089064,9.0,unmatched,
ghgrp_parent,JEFFERSON PARISH GOVERNMENT,JEFFERSONPARISHGOVERNMENT,73336.75,285797.648,0.002719659723515828,14.0,unmatched,
ghgrp_parent,SOUTHERN OKLAHOMA REGIONAL DISPOSAL INC,SOUTHERNOKLAHOMAREGIONALDISPOSAL,73093.498,118742.432,0.0027106388347109024,14.0,unmatched,
ghgrp_parent,WINSTON PLYWOOD & VENEER LLC,WINSTONPLYWOODVENEER,72979.076,72979.076,0.002706395547342916,7.0,unmatched,
ghgrp_parent,COUNTY OF MARICOPA ARIZONA,COUNTYOFMARICOPAARIZONA,72961.75,74435.5,0.0027057530205828726,2.0,unmatched,
ghgrp_parent,GEPIF III LEXINGTON INVESTCO LP,GEPIFIIILEXINGTONINVESTCO,72929.76054,124384.39593999999,0.0027045667061369907,4.0,unmatched,
ghgrp_parent,COUNTY OF ANNE ARUNDEL MARYLAND,COUNTYOFANNEARUNDELMARYLAND,72867.348,72867.348,0.002702252165728801,2.0,unmatched,
ghgrp_parent,DECATUR COUNTY BOARD OF COMMISSIONERS,DECATURCOUNTYBOARDOFCOMMISSIONERS,72771.25,72771.25,0.002698688415492931,12.0,unmatched,
ghgrp_parent,MEDICAL CENTER CO,MEDICALCENTER,72723.076,142524.158,0.0026969019048073517,14.0,unmatched,
ghgrp_parent,GREENFIELD GLOBAL WINNEBAGO LLC,GREENFIELDGLOBALWINNEBAGO,72514.976,72514.976,0.00268918461179309,3.0,unmatched,
ghgrp_parent,CITY OF GRAND PRAIRIE TEXAS,CITYOFGRANDPRAIRIETEXAS,72348.0,95546.0,0.0026829923834492684,2.0,unmatched,
ghgrp_parent,INFINITY NATURAL RESOURCES LLC,INFINITYNATURALRESOURCES,72267.93,72267.93,0.0026800230242390232,2.0,unmatched,
ghgrp_parent,DUTCHESS COUNTY RESOURCE RECOVERY AGENCY,DUTCHESSCOUNTYRESOURCERECOVERYAGENCY,72150.722,111601.388,0.002675676419339381,14.0,unmatched,
ghgrp_parent,POLLUTION CONTROL FINANCING AUTHORITY,POLLUTIONCONTROLFINANCINGAUTHORITY,71990.55,102794.95000000001,0.002669736514213575,14.0,unmatched,
ghgrp_parent,Los Gatos Tomato Products,LOSGATOSTOMATOPRODUCTS,71866.48,71866.48,0.0026651354351925303,14.0,unmatched,
ghgrp_parent,ALLEGIANCE REFINING LLC,ALLEGIANCEREFINING,71714.512,83151.94,0.002659499771642356,2.0,unmatched,
ghgrp_parent,FRESENIUS MEDICAL CARE HOLDINGS INC,FRESENIUSMEDICALCARE,71650.87999999999,73194.224,0.0026571400081196093,6.0,unmatched,
ghgrp_parent,LM Touchdown LLC,LMTOUCHDOWN,71644.288,71644.288,0.0026568955468243187,1.0,unmatched,
ghgrp_parent,MERIT MANAGEMENT GROUP K LP,MERITMANAGEMENTK,71609.832,243088.80000000002,0.0026556177618742975,3.0,unmatched,
ghgrp_parent,VOLTAGE FINANCE LLC,VOLTAGEFINANCE,71540.398,89376.43100000001,0.0026530428338437727,10.0,unmatched,
ghgrp_parent,PG COACHELLA POWER HOLDINGS INC,PGCOACHELLAPOWER,71540.398,89376.43100000001,0.0026530428338437727,9.0,unmatched,
ghgrp_parent,MARQUETTE BOARD OF LIGHT & POWER,MARQUETTEBOARDOFLIGHTPOWER,71527.926,389803.514,0.0026525803154464934,14.0,unmatched,
ghgrp_parent,JAY-BEE OIL & GAS INC,JAYBEEOILGAS,71509.67199999999,179535.514,0.0026519033742322578,8.0,unmatched,
ghgrp_parent,ENSIGHT IV ENERGY MANAGEMENT LLC,ENSIGHTIVENERGYMANAGEMENT,71301.262,109673.00200000001,0.0026441745850102386,5.0,unmatched,
ghgrp_parent,CITY OF NACOGDOCHES,CITYOFNACOGDOCHES,71271.25,71271.25,0.0026430616037611083,11.0,unmatched,
ghgrp_parent,LIBBEY INC,LIBBEY,71038.424,163379.566,0.0026344273583822596,14.0,unmatched,
ghgrp_parent,NORTHEAST NATURAL ENERGY LLC,NORTHEASTNATURALENERGY,70870.916,103476.96399999999,0.002628215401062543,7.0,unmatched,
ghgrp_parent,QUAD COUNTY CORN PROCESSORS,QUADCOUNTYCORNPROCESSORS,70827.084,70827.084,0.0026265899114546573,14.0,unmatched,
ghgrp_parent,PAGE COUNTY VIRGINIA,PAGECOUNTYVIRGINIA,70617.25,70617.25,0.0026188083138460336,2.0,unmatched,
ghgrp_parent,RICELAND FOODS INC,RICELANDFOODS,70554.584,194476.176,0.002616484373990043,14.0,unmatched,
ghgrp_parent,"FASKEN OIL AND RANCH, LTD",FASKENOILRANCH,70520.788,70520.788,0.0026152310648371838,13.0,unmatched,
ghgrp_parent,CITY OF LOGAN UTAH,CITYOFLOGANUTAH,70490.7,70490.7,0.0026141152651629257,2.0,unmatched,
ghgrp_parent,COUNTY OF BUNCOMBE NORTH CAROLINA,COUNTYOFBUNCOMBENORTHCAROLINA,70463.5,70463.5,0.002613106565643522,2.0,unmatched,
ghgrp_parent,ALTERNA CAPITAL PARTNERS,ALTERNACAPITAL,70367.188,289873.88,0.002609534879315845,8.0,unmatched,
ghgrp_parent,SYMRISE INC,SYMRISE,70155.89199999999,116270.834,0.0026016990641080534,8.0,unmatched,
ghgrp_parent,CITY OF GLENDALE - AZ,CITYOFGLENDALEAZ,69853.25,69853.25,0.0025904757244039588,2.0,unmatched,
ghgrp_parent,WESTERN MICHIGAN UNIVERSITY,WESTERNMICHIGANUNIVERSITY,69534.988,71453.33,0.00257867312416703,14.0,unmatched,
ghgrp_parent,Revenir Energy Inc,REVENIRENERGY,69523.826593,69523.826593,0.002578259208509796,1.0,unmatched,
ghgrp_parent,COUNTY OF DESCHUTES OREGON,COUNTYOFDESCHUTESOREGON,69466.5,70521.25,0.002576133278112437,2.0,unmatched,
ghgrp_parent,BAD AXE PROPERTY CORP,BADAXEPROPERTY,69383.0,69383.0,0.0025730367189260323,11.0,unmatched,
ghgrp_parent,COUNTY OF ALLEN KANSAS,COUNTYOFALLENKANSAS,69350.334,69763.70000000001,0.002571825315304678,2.0,unmatched,
ghgrp_parent,CHARLES COUNTY DEPARTMENT OF PUBLIC FACILITIES,CHARLESCOUNTYDEPARTMENTOFPUBLICFACILITIES,69334.8,81766.1,0.0025712492440423834,14.0,unmatched,
ghgrp_parent,CITY OF MT PLEASANT,CITYOFMTPLEASANT,69081.25,69081.25,0.0025618464586326475,13.0,unmatched,
ghgrp_parent,COUNTY OF GEORGETOWN SOUTH CAROLINA,COUNTYOFGEORGETOWNSOUTHCAROLINA,68978.25,68978.25,0.002558026750893729,5.0,unmatched,
ghgrp_parent,TA CHEN INTERNATIONAL INC,TACHEN,68946.94,74848.468,0.00255686563391018,6.0,unmatched,
ghgrp_parent,NIPPON STEEL NORTH AMERICA INC,NIPPONSTEELNORTH,68869.968,114016.6974,0.0025540111626084316,5.0,unmatched,
ghgrp_parent,TEXAS TECH UNIVERSITY SYSTEM,TEXASTECHUNIVERSITYSYSTEM,68767.292,68767.292,0.0025502034702608476,5.0,unmatched,
ghgrp_parent,WASATCH INTEGRATED WASTE MANAGEMENT DISTRICT,WASATCHINTEGRATEDWASTEMANAGEMENTDISTRICT,68760.5,126300.0,0.002549951592057326,14.0,unmatched,
ghgrp_parent,CENTRIO ENERGY SEATTLE LLC,CENTRIOENERGYSEATTLE,68650.52399999999,69446.14,0.0025458731825593133,3.0,unmatched,
ghgrp_parent,NEWTON COUNTY BOARD OF COMMISSIONERS,NEWTONCOUNTYBOARDOFCOMMISSIONERS,68607.25,68607.25,0.0025442683861253913,14.0,unmatched,
ghgrp_parent,GOLDEN TRIANGLE ENERGY LLC,GOLDENTRIANGLEENERGY,68591.492,70885.784,0.0025436840079258783,14.0,unmatched,
ghgrp_parent,CRITTENDEN COUNTY AR,CRITTENDENCOUNTYAR,68537.85,81386.75,0.0025416947189692662,13.0,unmatched,
ghgrp_parent,TEJAS POWER GENERATION LLC,TEJASPOWERGENERATION,68462.8186,78853.6302,0.0025389122139280822,14.0,unmatched,
ghgrp_parent,JG BOSWELL CO,JGBOSWELL,68331.3489832,86986.58585394642,0.0025340367235132904,14.0,unmatched,
ghgrp_parent,ALEXANDER & BALDWIN INC,ALEXANDERBALDWIN,68310.4244,686638.894,0.002533260744946468,14.0,unmatched,
ghgrp_parent,SUGAR GROWERS & REFINERS INC,SUGARGROWERSREFINERS,68274.418,68274.418,0.002531925464123841,13.0,unmatched,
ghgrp_parent,ECOLOGY SOLUTIONS LLC,ECOLOGYSOLUTIONS,68253.25,180412.75,0.002531140458556681,3.0,unmatched,
ghgrp_parent,REDFIELD ENERGY LLC,REDFIELDENERGY,68250.244,76259.612,0.0025310289824259707,14.0,unmatched,
ghgrp_parent,CITY OF CHEYENNE WYOMING,CITYOFCHEYENNEWYOMING,68038.25,68038.25,0.0025231672822084534,2.0,unmatched,
ghgrp_parent,ELANCO US INC,ELANCO,67885.544,69201.438,0.002517504250266907,6.0,unmatched,
ghgrp_parent,UNIVERSITY OF KENTUCKY,UNIVERSITYOFKENTUCKY,67867.192,127927.914,0.0025168236747676385,14.0,unmatched,
ghgrp_parent,UNIFIED GOVERNMENT OF ATHENS-CLARKE COUNTY GEORGIA,UNIFIEDGOVERNMENTOFATHENSCLARKECOUNTYGEORGIA,67720.25,70743.25,0.002511374398121307,2.0,unmatched,
ghgrp_parent,ELK PETROLEUM INC,ELKPETROLEUM,67707.75200000001,182252.42458946243,0.002510910915525958,6.0,unmatched,
ghgrp_parent,ROCHDALE VILLAGE INC,ROCHDALEVILLAGE,67615.844,75650.61600000001,0.0025075025495175252,13.0,unmatched,
ghgrp_parent,DUNCAN OIL PROPERTIES INC,DUNCANOILPROPERTIES,67551.244,74025.262,0.0025051068881589414,13.0,unmatched,
ghgrp_parent,NEW JERSEY RESOURCES CORP,NEWJERSEYRESOURCES,67463.61600000001,95588.0,0.002501857243986651,14.0,unmatched,
ghgrp_parent,ASHLEY ENERGY LLC,ASHLEYENERGY,67251.244,69010.34000000001,0.0024939815258125772,7.0,unmatched,
ghgrp_parent,CITY OF ARLINGTON,CITYOFARLINGTON,67125.8,233872.95,0.0024893294926319857,14.0,unmatched,
ghgrp_parent,NORTHWEST NATURAL HOLDING CO,NORTHWESTNATURAL,67024.2,67024.2,0.0024855617032506837,5.0,unmatched,
ghgrp_parent,TENRGYS LLC,TENRGYS,66903.508,76702.824,0.0024810858958096587,9.0,unmatched,
ghgrp_parent,BELDEN HOLDING & ACQUISITION INC,BELDENACQUISITION,66878.848,66878.848,0.0024801713910247874,14.0,unmatched,
ghgrp_parent,MONTMORENCY-OSCODA-ALPENA WASTE MANAGEMENT AUTHORITY,MONTMORENCYOSCODAALPENAWASTEMANAGEMENTAUTHORITY,66779.75,76626.3,0.002476496387165454,13.0,unmatched,
ghgrp_parent,DOUGLAS COUNTY PUBLIC WORKS DEPARTMENT,DOUGLASCOUNTYPUBLICWORKSDEPARTMENT,66693.25,66693.25,0.002473288574355586,4.0,unmatched,
ghgrp_parent,AL SANDERSVILLE LLC,ALSANDERSVILLE,66585.80399999999,104385.06,0.002469303988746694,14.0,unmatched,
ghgrp_parent,THE TRUSTEES OF PRINCETON UNIVERSITY,TRUSTEESOFPRINCETONUNIVERSITY,66282.14199999999,81588.764,0.0024580428228106214,6.0,unmatched,
ghgrp_parent,BRASKEM AMERICA INC,BRASKEM,66152.22,70434.628,0.0024532247250547406,14.0,unmatched,
ghgrp_parent,TAZEWELL COUNTY BOARD OF SUPERVISORS,TAZEWELLCOUNTYBOARDOFSUPERVISORS,66084.0,66084.0,0.002450694817657177,14.0,unmatched,
ghgrp_parent,COMMONWEALTH OF VIRGINIA,COMMONWEALTHOFVIRGINIA,66031.75200000001,121657.29999999999,0.002448757224550935,14.0,unmatched,
ghgrp_parent,MARS INC,MARS,65853.652,70783.432,0.0024421524677713095,14.0,unmatched,
ghgrp_parent,GREEN VALLEY CHEMICAL CORP,GREENVALLEYCHEMICAL,65745.24,69125.14,0.0024381320584956627,14.0,unmatched,
ghgrp_parent,SkyWater Technology Inc,SKYWATERTECHNOLOGY,65651.70614360001,65651.70614360001,0.002434663398348653,1.0,unmatched,
ghgrp_parent,KTG (USA) INC,KTG,65553.404,75680.41600000001,0.002431017908458738,13.0,unmatched,
ghgrp_parent,CITY OF ST GEORGE UTAH,CITYOFSTGEORGEUTAH,65481.856,86022.28,0.0024283645837082125,3.0,unmatched,
ghgrp_parent,X-FAB SEMICONDUCTOR FOUNDRIES AG,XFABSEMICONDUCTORFOUNDRIES,65366.277969999996,72921.502455,0.002424078425498116,13.0,unmatched,
ghgrp_parent,CHRIN BROTHERS INC,CHRINBROTHERS,65361.0,77978.75,0.002423882694402439,14.0,unmatched,
ghgrp_parent,PRATT ENERGY LLC,PRATTENERGY,65351.604,68430.89199999999,0.0024235342480537505,10.0,unmatched,
ghgrp_parent,LINCOLNLAND AGRI-ENERGY LLC,LINCOLNLANDAGRIENERGY,65216.504,80919.296,0.002418524126543771,6.0,unmatched,
ghgrp_parent,LOAN ASSET ISSUER LLC SERIES 2021 NG-1,LOANASSETISSUERSERIES2021NG1,65006.852,65006.852,0.0024107492783216377,3.0,unmatched,
ghgrp_parent,ATLAS SAND CO LLC,ATLASSAND,64940.656,120962.244,0.0024082944300353715,3.0,unmatched,
ghgrp_parent,SUMMIT UTILITIES INC,SUMMITUTILITIES,64938.450000000004,81716.9,0.0024082126215375843,14.0,unmatched,
ghgrp_parent,HOPKINSVILLE ELEVATOR CO,HOPKINSVILLEELEVATOR,64908.956,68300.492,0.002407118850080772,14.0,unmatched,
ghgrp_parent,VERTELLUS HOLDINGS LLC,VERTELLUS,64807.356,91273.294,0.00240335106069947,8.0,unmatched,
ghgrp_parent,WILKES COUNTY NORTH CAROLINA,WILKESCOUNTYNORTHCAROLINA,64792.75,64792.75,0.0024028094038913666,2.0,unmatched,
ghgrp_parent,STANISLAUS FOOD PRODUCTS,STANISLAUSFOODPRODUCTS,64791.456,64791.456,0.0024027614164951125,14.0,unmatched,
ghgrp_parent,OWN RESOURCES OPERATING LLC,OWNRESOURCESOPERATING,64773.092,100393.352,0.00240208039598135,6.0,unmatched,
ghgrp_parent,UNIVERSITY SYSTEM OF NEW HAMPSHIRE,UNIVERSITYSYSTEMOFNEWHAMPSHIRE,64751.70599999999,76815.688,0.0024012873059842186,8.0,unmatched,
ghgrp_parent,NRW LLC,NRW,64724.4688238284,64724.4688238284,0.00240027722780355,1.0,unmatched,
ghgrp_parent,LLOG EXPLORATION OFFSHORE LLC,LLOGEXPLORATIONOFFSHORE,64602.286,227870.628,0.0023957461338449063,11.0,unmatched,
ghgrp_parent,THIRD COAST KINGS QUAY HOLDINGS LLC,THIRDCOASTKINGSQUAY,64478.465000000004,64478.465000000004,0.0023911542888746095,2.0,unmatched,
ghgrp_parent,ASOTIN COUNTY,ASOTINCOUNTY,64262.906,72324.402,0.0023831603822678763,2.0,unmatched,
ghgrp_parent,SAZERAC CO INC,SAZERAC,64100.53,64100.53,0.002377138742813365,5.0,unmatched,
ghgrp_parent,NEMAK USA INC,NEMAK,64091.407999999996,114545.992,0.002376800457628953,14.0,unmatched,
ghgrp_parent,ARIZONA STATE UNIVERSITY,ARIZONASTATEUNIVERSITY,63883.16,63883.16,0.002369077676102601,5.0,unmatched,
ghgrp_parent,DUGAN PRODUCTION CORP,DUGANPRODUCTION,63873.654,189556.8,0.002368725150454386,13.0,unmatched,
ghgrp_parent,COUNTY OF FRANKLIN VIRGINIA,COUNTYOFFRANKLINVIRGINIA,63731.0,63731.0,0.002363434892320525,2.0,unmatched,
ghgrp_parent,LENZING FIBERS INC,LENZINGFIBERS,63570.76,67487.89600000001,0.0023574924654459197,14.0,unmatched,
ghgrp_parent,NORTHEAST MISSISSIPPI SOLID WASTE MANAGEMENT AUTHORITY,NORTHEASTMISSISSIPPISOLIDWASTEMANAGEMENTAUTHORITY,63537.0,229403.25,0.0023562404913365425,14.0,unmatched,
ghgrp_parent,PROMAN USA INC,PROMAN,63528.636,63913.64,0.0023559303162343256,4.0,unmatched,
ghgrp_parent,BALLARD PETROLEUM HOLDINGS LLC,BALLARDPETROLEUM,63499.238000000005,99478.86200000001,0.0023548401048934645,6.0,unmatched,
ghgrp_parent,JEFFERSON GULF COAST MANAGEMENT PARTNERS LLC,JEFFERSONGULFCOASTMANAGEMENT,63444.512,79181.25200000001,0.002352810616294241,2.0,unmatched,
ghgrp_parent,ATLAS ENERGY SOLUTIONS,ATLASENERGYSOLUTIONS,63421.612,63421.612,0.0023519613803018014,1.0,unmatched,
ghgrp_parent,INTENSITY MIDSTREAM LLC,INTENSITYMIDSTREAM,63399.916,166487.38799999998,0.002351156794096912,5.0,unmatched,
ghgrp_parent,CITY OF TIFTON GEORGIA,CITYOFTIFTONGEORGIA,63293.5,63293.5,0.00234721040556541,2.0,unmatched,
ghgrp_parent,MUREX PETROLEUM CORP,MUREXPETROLEUM,63058.862,68896.54,0.002338508962997989,11.0,unmatched,
ghgrp_parent,CITY OF FT SMITH ARKANSAS,CITYOFFTSMITHARKANSAS,63040.0,64106.25,0.002337809474382732,2.0,unmatched,
ghgrp_parent,ROLL GLOBAL LLC,ROLLGLOBAL,63037.212,63037.212,0.002337706082681993,13.0,unmatched,
ghgrp_parent,ARC INTERNATIONAL NORTH AMERICA LLC,ARCNORTH,62878.903999999995,81376.904,0.0023318353031408987,5.0,unmatched,
ghgrp_parent,LION ELASTOMERS HOLDINGS,LIONELASTOMERS,62642.71,68312.39199999999,0.0023230761570274413,5.0,unmatched,
ghgrp_parent,INCOBRASA INDUSTRIES LTD,INCOBRASA,62585.064,64557.556,0.002320938381568046,5.0,unmatched,
ghgrp_parent,ALASKA VILLAGE ELECTRIC COOPERATIVE,ALASKAVILLAGEELECTRICCOOPERATIVE,62501.234,62696.729999999996,0.00231782958448306,9.0,unmatched,
ghgrp_parent,WILLAMETTE FALLS PAPER CO,WILLAMETTEFALLSPAPER,62476.564,74203.32,0.0023169147088527775,6.0,unmatched,
ghgrp_parent,NEW YORK UNIVERSITY,NEWYORKUNIVERSITY,62399.602,99319.142,0.0023140606083964415,13.0,unmatched,
ghgrp_parent,STATE OF ARIZONA LAND DEPARTME,STATEOFARIZONALANDDEPARTME,62395.0,70349.0,0.0023138899453380483,7.0,unmatched,
ghgrp_parent,GRADE 6 OIL LLC,GRADE6OIL,62288.484000000004,234121.732,0.0023099398483524304,6.0,unmatched,
ghgrp_parent,CUTRALE CITRUS JUICES USA INC,CUTRALECITRUSJUICES,62205.316,134809.44,0.0023068556012336887,14.0,unmatched,
ghgrp_parent,CASCADES USA INC,CASCADES,62085.608,183979.34600000002,0.00230241628498116,11.0,unmatched,
ghgrp_parent,BARROW UTILITIES & ELECTRIC COOPERATIVE INC,BARROWUTILITIESELECTRICCOOPERATIVE,62013.268,62819.363999999994,0.00229973358927404,14.0,unmatched,
ghgrp_parent,ALMATIS INC,ALMATIS,61843.068,313258.372,0.0022934218003695358,14.0,unmatched,
ghgrp_parent,OWENSBORO GRAIN HOLDING CO INC,OWENSBOROGRAIN,61798.468,101606.954,0.0022917678298340427,14.0,unmatched,
ghgrp_parent,MODERN LANDFILL INC,MODERNLANDFILL,61720.55,682464.3,0.0022888782765563627,14.0,unmatched,
ghgrp_parent,BERKELEY COUNTY WATER & SANITATION AUTHORITY,BERKELEYCOUNTYWATERSANITATIONAUTHORITY,61644.5,86695.25,0.0022860579972015594,5.0,unmatched,
ghgrp_parent,ARDAGH GROUP,ARDAGH,61642.128,1198907.5159999998,0.002285970032669941,10.0,unmatched,
ghgrp_parent,GUAM SOLID WASTE AUTHORITY,GUAMSOLIDWASTEAUTHORITY,61608.25,61608.25,0.002284713682584707,6.0,unmatched,
ghgrp_parent,DES MOINES COUNTY REGIONAL SOLID WASTE,DESMOINESCOUNTYREGIONALSOLIDWASTE,61585.4,61972.5,0.002283866300819326,5.0,unmatched,
ghgrp_parent,CITY OF ATLANTIC IOWA,CITYOFATLANTICIOWA,61553.072049200004,70639.0499162,0.002282667433597441,2.0,unmatched,
ghgrp_parent,HARTREE CHANNELVIEW LLC,HARTREECHANNELVIEW,61325.294,61325.294,0.002274220389157781,4.0,unmatched,
ghgrp_parent,CITY OF ALBEMARLE NORTH CAROLINA,CITYOFALBEMARLENORTHCAROLINA,61211.25,61211.25,0.0022699911197463516,2.0,unmatched,
ghgrp_parent,NORTHWEST IOWA AREA SOLID WASTE AGENCY,NORTHWESTIOWAAREASOLIDWASTEAGENCY,61034.15,61034.15,0.002263423447507881,14.0,unmatched,
ghgrp_parent,CONTINENTAL TIRE THE AMERICAS LLC,CONTINENTALTIRE,61002.02,80463.62999999999,0.0022622319212005854,14.0,unmatched,
ghgrp_parent,"Copper Ridge Landfill, LLC",COPPERRIDGELANDFILL,60931.25,60931.25,0.002259607448223078,6.0,unmatched,
ghgrp_parent,US OF AMERICA ACTING BY & THROUGH THE ARCHITECT OF THE CAPITOL,OFACTINGBYTHROUGHARCHITECTOFCAPITOL,60868.007999999994,69600.124,0.002257262147671382,9.0,unmatched,
ghgrp_parent,CITY OF JACKSONVILLE,CITYOFJACKSONVILLE,60844.184,316947.268575,0.002256378645562916,14.0,unmatched,
ghgrp_parent,SHOOSMITH BROS INC,SHOOSMITHBROS,60672.75,105037.5,0.002250021094334627,14.0,unmatched,
ghgrp_parent,SEXTON FAMILY PTNR LP,SEXTONFAMILYPTNR,60652.744000000006,77285.824,0.0022492791810042895,9.0,unmatched,
ghgrp_parent,PIMA COUNTY ARIZONA,PIMACOUNTYARIZONA,60483.25,61705.0,0.00224299357378584,2.0,unmatched,
ghgrp_parent,KOBE STEEL USA INC,KOBESTEEL,60439.472,162753.09836,0.0022413700867431764,14.0,unmatched,
ghgrp_parent,USS GALVANIZING INC,USSGALVANIZING,60439.472,60439.472,0.0022413700867431764,14.0,unmatched,
ghgrp_parent,PINTAIL OIL & GAS,PINTAILOILGAS,60320.16,69175.11,0.002236945455968945,9.0,unmatched,
ghgrp_parent,TRUSTEES OF COLUMBIA UNIVERSITY IN THE CITY OF NEW YORK,TRUSTEESOFCOLUMBIAUNIVERSITYINCITYOFNEWYORK,60291.266,76380.262,0.0022358739352368257,13.0,unmatched,
ghgrp_parent,LEON COUNTY FLORIDA,LEONCOUNTYFLORIDA,60281.75,63893.75,0.0022355210387431986,2.0,unmatched,
ghgrp_parent,NORTHERN TIER SOLID WASTE AUTHORITY,NORTHERNTIERSOLIDWASTEAUTHORITY,60270.9,60270.9,0.002235118671471672,14.0,unmatched,
ghgrp_parent,COUNTY OF EAGLE COLORADO,COUNTYOFEAGLECOLORADO,60119.75,60119.75,0.002229513343076162,2.0,unmatched,
ghgrp_parent,COUNTY OF AUGUSTA VIRGINIA,COUNTYOFAUGUSTAVIRGINIA,60086.856114999995,60086.856114999995,0.0022282934884441464,2.0,unmatched,
ghgrp_parent,BURLINGTON COUNTY NEW JERSEY,BURLINGTONCOUNTYNEWJERSEY,60009.788,60009.788,0.0022254354527617252,2.0,unmatched,
ghgrp_parent,COOPER RIVER PARTNERS LLC,COOPERRIVER,59945.578,59945.578,0.0022230542543741918,14.0,unmatched,
ghgrp_parent,TEMPLE UNIVERSITY OF THE COMMONWEALTH SYSTEM OF HIGHER EDUCATION,TEMPLEUNIVERSITYOFCOMMONWEALTHSYSTEMOFHIGHEREDUCATION,59906.736000000004,65846.05,0.002221613816626667,5.0,unmatched,
ghgrp_parent,JERA AMERICAS HOLDINGS INC,JERA,59860.608,1400841.802,0.0022199031809122896,3.0,unmatched,
ghgrp_parent,BLACKSTONE GSO HOLDINGS LLC,BLACKSTONEGSO,59808.84716966261,59808.84716966261,0.0022179836542694496,1.0,unmatched,
ghgrp_parent,"Bison IV Operating, LLC",BISONIVOPERATING,59806.254,59806.254,0.0022178874877623756,1.0,unmatched,
ghgrp_parent,Texas International Refining Co LLC,TEXASREFINING,59783.212,65357.624,0.0022170329857650927,2.0,unmatched,
ghgrp_parent,PINE BELT SOLID WASTE MANAGEMENT AUTHORITY,PINEBELTSOLIDWASTEMANAGEMENTAUTHORITY,59560.25,140827.0,0.002208764542300192,12.0,unmatched,
ghgrp_parent,CITY OF TYLER,CITYOFTYLER,59556.0,95770.5,0.002208606933000285,14.0,unmatched,
ghgrp_parent,STATE OF WASHINGTON,STATEOFWASHINGTON,59448.04,82951.66399999999,0.0022046032859372403,13.0,unmatched,
ghgrp_parent,CROSS TIMBERS ENERGY LLC,CROSSTIMBERSENERGY,59434.042,72486.808,0.002204084176530159,10.0,unmatched,
ghgrp_parent,ARDAGH GLASS PACKAGING INC,ARDAGHGLASSPACKAGING,59225.799999999996,62439.992,0.002196361617511053,3.0,unmatched,
ghgrp_parent,UNITED COOPERATIVE,UNITEDCOOPERATIVE,59177.42296,61122.51808,0.002194567577180238,13.0,unmatched,
ghgrp_parent,UNIVERSITY OF NORTHERN IOWA,UNIVERSITYOFNORTHERNIOWA,59124.75,102059.852,0.002192614224627386,14.0,unmatched,
ghgrp_parent,MORRISTOWN-HAMBLEN COUNTY SOLID WASTE SYSTEM,MORRISTOWNHAMBLENCOUNTYSOLIDWASTESYSTEM,58987.5,58987.5,0.0021875243713539243,5.0,unmatched,
ghgrp_parent,FOUNDATION ENERGY MANAGEMENT LLC,FOUNDATIONENERGYMANAGEMENT,58976.206,267890.8,0.0021871055385461247,4.0,unmatched,
ghgrp_parent,PEOPLES NATURAL GAS CO LLC,PEOPLESNATURALGAS,58951.628000000004,307159.35,0.0021861940746936287,12.0,unmatched,
ghgrp_parent,CITY OF BOUNTIFUL UTAH,CITYOFBOUNTIFULUTAH,58909.05,58909.05,0.00218461508910035,2.0,unmatched,
ghgrp_parent,SELECT MILK PRODUCERS INC,SELECTMILKPRODUCERS,58855.445420000004,58855.445420000004,0.002182627187847268,8.0,unmatched,
ghgrp_parent,CML EXPLORATION LLC,CMLEXPLORATION,58843.114,102512.506,0.0021821698827947838,4.0,unmatched,
ghgrp_parent,ST LUCIE COUNTY COMMISSIONERS,STLUCIECOUNTYCOMMISSIONERS,58814.396,65763.84,0.002181104888941907,14.0,unmatched,
ghgrp_parent,MP MINE OPERATIONS LLC,MPMINEOPERATIONS,58720.225999999995,58720.225999999995,0.0021776126377013837,7.0,unmatched,
ghgrp_parent,COUNTY OF MADERA CALIFORNIA,COUNTYOFMADERACALIFORNIA,58647.25,66763.75,0.0021749063562260893,2.0,unmatched,
ghgrp_parent,SENSIENT TECHNOLOGIES CORP,SENSIENTTECHNOLOGIES,58632.18,58632.18,0.00217434749219089,14.0,unmatched,
ghgrp_parent,COUNTY OF SHASTA CALIFORNIA,COUNTYOFSHASTACALIFORNIA,58609.75,63361.0,0.0021735156859327936,2.0,unmatched,
ghgrp_parent,HOLLINGSWORTH & VOSE CO,HOLLINGSWORTHVOSE,58526.136000000006,65841.712,0.0021704148991086975,14.0,unmatched,
ghgrp_parent,POPE/DOUGLAS JOINT SOLID WASTE MANAGEMENT BOARD,POPEDOUGLASJOINTSOLIDWASTEMANAGEMENTBOARD,58470.518,64030.61,0.0021683523310987636,12.0,unmatched,
ghgrp_parent,SAGE BUTTE PRB OPERATING LLC,SAGEBUTTEPRBOPERATING,58397.596,58397.596,0.0021656480521886914,1.0,unmatched,
ghgrp_parent,SOLID WASTE MANAGEMENT AUTHORITY OF ATKINSON COUNTY,SOLIDWASTEMANAGEMENTAUTHORITYOFATKINSONCOUNTY,58365.25,58365.25,0.0021644485156205066,12.0,unmatched,
ghgrp_parent,BKV OPERATING LLC,BKVOPERATING,58135.89,1336286.0860000001,0.0021559428052612996,7.0,unmatched,
ghgrp_parent,AUCILLA AREA SOLID WASTE ADMINISTRATION,AUCILLAAREASOLIDWASTEADMINISTRATION,58080.5,58080.5,0.002153888692526749,13.0,unmatched,
ghgrp_parent,MAINESBURG GS LP,MAINESBURGGS,57972.268,57972.268,0.00214987495846851,4.0,unmatched,
ghgrp_parent,"Castlerock EF Operating, LLC",CASTLEROCKEFOPERATING,57937.804,57937.804,0.0021485968768421592,1.0,unmatched,
ghgrp_parent,Burk Royalty Co Ltd,BURKROYALTY,57831.582,57831.582,0.002144657682711641,1.0,unmatched,
ghgrp_parent,GASTON COUNTY GOVERNMENT,GASTONCOUNTYGOVERNMENT,57758.0,81656.25,0.0021419289280044072,14.0,unmatched,
ghgrp_parent,PERMIAN BASIN LP,PERMIANBASIN,57654.3925,143873.33833789438,0.0021380866914067374,8.0,unmatched,
ghgrp_parent,NE NITRO GENEVA LLC,NENITROGENEVA,57632.032,61978.216,0.002137257462524251,3.0,unmatched,
ghgrp_parent,SK Battery America,SKBATTERY,57618.832,57618.832,0.002136767946581011,2.0,unmatched,
ghgrp_parent,LANDFILL LLC,LANDFILL,57558.0,66225.25,0.0021345120197734974,11.0,unmatched,
ghgrp_parent,ETX ENERGY LLC,ETXENERGY,57384.728,57384.728,0.0021280863071585668,4.0,unmatched,
ghgrp_parent,KODA RESOURCES,KODARESOURCES,57347.189999999995,60521.371999999996,0.0021266942276527067,3.0,unmatched,
ghgrp_parent,MONTEFIORE HEALTH SYSTEM INC,MONTEFIOREHEALTHSYSTEM,57291.412,85935.014,0.0021246257261161882,5.0,unmatched,
ghgrp_parent,CITY OF CHANUTE KANSAS,CITYOFCHANUTEKANSAS,57273.042,181537.082,0.0021239444830951798,2.0,unmatched,
ghgrp_parent,CAT CANYON RESOURCES LLC,CATCANYONRESOURCES,57160.248,71803.886,0.0021197615693601935,4.0,unmatched,
ghgrp_parent,CITY OF ALEXANDRIA LOUISIANA,CITYOFALEXANDRIALOUISIANA,56862.036,57619.884,0.002108702514173413,2.0,unmatched,
ghgrp_parent,SALEM COUNTY IMPROVEMENT AUTHORITY,SALEMCOUNTYIMPROVEMENTAUTHORITY,56843.55,203960.0,0.00210801696934563,13.0,unmatched,
ghgrp_parent,CJM OF FLORIDA LLC,CJMOFFLORIDA,56726.3076,60902.893200000006,0.002103669088737772,14.0,unmatched,
ghgrp_parent,NOURYON CHEMICALS LLC,NOURYON,56691.136,58189.979999999996,0.002102364766090101,6.0,unmatched,
ghgrp_parent,COUNTY OF MANATEE,COUNTYOFMANATEE,56649.5,98542.75,0.00210082071413459,5.0,unmatched,
ghgrp_parent,HAYNES INTERNATIONAL INC,HAYNES,56641.288,60444.424,0.002100516175882629,14.0,unmatched,
ghgrp_parent,Lucky 7 Exploration Co LLC,LUCKY7EXPLORATION,56462.81,69783.512,0.0020938974011464476,2.0,unmatched,
ghgrp_parent,RIO OIL & GAS (PERMIAN) II LLC,RIOOILGASPERMIANII,56332.652,72191.224,0.002089070551438854,3.0,unmatched,
ghgrp_parent,TOWER US HOLDINGS IN,TOWERIN,56222.9985493,97337.0118229,0.0020850041035336314,5.0,unmatched,
ghgrp_parent,Whiptail Midstream LLC,WHIPTAILMIDSTREAM,56198.084,56198.084,0.0020840801589047686,2.0,unmatched,
ghgrp_parent,CAESARS ENTERTAINMENT CORP,CAESARSENTERTAINMENT,56095.788,75581.864,0.002080286558682823,14.0,unmatched,
ghgrp_parent,KENAI PENINSULA BOROUGH (INC),KENAIPENINSULABOROUGH,56027.688,56027.688,0.002077761101430198,13.0,unmatched,
ghgrp_parent,POLAR SEMICONDUCTOR LLC,POLARSEMICONDUCTOR,56012.545319,96446.223,0.0020771995420534634,13.0,unmatched,
ghgrp_parent,CLEVELAND THERMAL LLC,CLEVELANDTHERMAL,55947.340000000004,173348.97999999998,0.0020747814327175124,14.0,unmatched,
ghgrp_parent,LAFAYETTE CITY PARISH CONSOLIDATED GOVERNMENT,LAFAYETTECITYPARISHCONSOLIDATEDGOVERNMENT,55876.844,106451.408,0.002072167120904281,6.0,unmatched,
ghgrp_parent,COUNTY OF OUTAGAMIE WISCONSIN,COUNTYOFOUTAGAMIEWISCONSIN,55561.248,55561.248,0.0020604633880540704,2.0,unmatched,
ghgrp_parent,COUNTY OF KERN CALIFORNIA,COUNTYOFKERNCALIFORNIA,55560.5,55560.5,0.002060435648817287,2.0,unmatched,
ghgrp_parent,GALLATIN COUNTY SOLID WASTE MANAGEMENT DISTRICT,GALLATINCOUNTYSOLIDWASTEMANAGEMENTDISTRICT,55530.75,55530.75,0.002059332383717939,13.0,unmatched,
ghgrp_parent,MARTIN MIDSTREAM PARTNERS LP,MARTINMIDSTREAM,55520.2,323580.546,0.0020589411418087586,13.0,unmatched,
ghgrp_parent,DCO Energy,DCOENERGY,55477.492,174988.21200000003,0.0020573573352251303,14.0,unmatched,
ghgrp_parent,COUNTY OF BROWN SOUTH DAKOTA,COUNTYOFBROWNSOUTHDAKOTA,55468.0,55468.0,0.0020570053287604913,5.0,unmatched,
ghgrp_parent,HARRISON STREET SOCIAL INFRASTRUCTURE FUND B LP,HARRISONSTREETSOCIALINFRASTRUCTUREFUNDB,55259.012963999994,55259.012963999994,0.002049255140423182,2.0,unmatched,
ghgrp_parent,R LACY SERVICES LTD,RLACY,55131.364,66468.55200000001,0.002044521337164389,3.0,unmatched,
ghgrp_parent,STATE OF NEW MEXICO,STATEOFNEWMEXICO,55130.691999999995,71541.28,0.0020444964163527325,13.0,unmatched,
ghgrp_parent,NADEL & GUSSMAN LLC,NADELGUSSMAN,54995.006,206459.552,0.002039464563301637,13.0,unmatched,
ghgrp_parent,UNIVERSITY OF COLORADO AT BOULDER,UNIVERSITYOFCOLORADOATBOULDER,54988.788,80999.844,0.002039233971624738,5.0,unmatched,
ghgrp_parent,UNITED PROPERTIES CORP,UNITEDPROPERTIES,54963.25,142871.25,0.002038286906612733,7.0,unmatched,
ghgrp_parent,VOGEL HOLDING INC,VOGEL,54955.088,100099.784,0.0020379842225878297,13.0,unmatched,
ghgrp_parent,COUNTY OF GREENWOOD SOUTH CAROLINA,COUNTYOFGREENWOODSOUTHCAROLINA,54865.5,59725.25,0.0020346618927148757,2.0,unmatched,
ghgrp_parent,OLYMPUS ENERGY LLC,OLYMPUSENERGY,54743.765999999996,54743.765999999996,0.002030147443181968,3.0,unmatched,
ghgrp_parent,MACON-BIBB,MACONBIBB,54719.0,60392.25,0.0020292290074357343,11.0,unmatched,
ghgrp_parent,COUNTY OF COLUMBIA FLORIDA,COUNTYOFCOLUMBIAFLORIDA,54704.25,54704.25,0.0020286820104537047,3.0,unmatched,
ghgrp_parent,COUNTY OF CRISP GEORGIA,COUNTYOFCRISPGEORGIA,54702.0,54702.0,0.002028598570236107,2.0,unmatched,
ghgrp_parent,RICE COUNTY MINNESOTA,RICECOUNTYMINNESOTA,54669.798,54669.798,0.0020274043738418485,2.0,unmatched,
ghgrp_parent,MITSUBISHI ELECTRIC CORP,MITSUBISHIELECTRIC,54655.8636,62335.2,0.0020268876230115844,14.0,unmatched,
ghgrp_parent,STERLING ETHANOL LLC,STERLINGETHANOL,54556.444,60680.272000000004,0.0020232006927638157,14.0,unmatched,
ghgrp_parent,YUMA ETHANOL LLC,YUMAETHANOL,54449.744000000006,55500.191999999995,0.0020192437722226257,14.0,unmatched,
ghgrp_parent,FLORIM USA INC,FLORIM,54429.996,54429.996,0.0020185114267039055,14.0,unmatched,
ghgrp_parent,GREAT RIVER REGIONAL WASTE AUTHORITY,GREATRIVERREGIONALWASTEAUTHORITY,54366.8,54366.8,0.0020161678320411024,14.0,unmatched,
ghgrp_parent,MIDWEST ENERGY INC,MIDWESTENERGY,54322.596,100039.14800000002,0.0020145285469839068,14.0,unmatched,
ghgrp_parent,SANGUINE GAS EXPLORATION LLC,SANGUINEGASEXPLORATION,54278.334,160181.65,0.0020128871110233243,12.0,unmatched,
ghgrp_parent,MINNESOTA SOYBEAN PROCESSORS,MINNESOTASOYBEANPROCESSORS,54192.796,63125.412,0.0020097149735420466,14.0,unmatched,
ghgrp_parent,STRATEGIC VALUE PARTNERS LLC,STRATEGICVALUE,54136.098,54136.098,0.002007612354227666,3.0,unmatched,
ghgrp_parent,CGB ENTERPRISES INC,CGB,54040.396,55271.992,0.0020040632894700932,12.0,unmatched,
ghgrp_parent,BRIDGEPORT ETHANOL LLC,BRIDGEPORTETHANOL,53787.748,53787.748,0.0019946939543164788,14.0,unmatched,
ghgrp_parent,UNIVERSITY OF MISSISSIPPI,UNIVERSITYOFMISSISSIPPI,53721.694,55751.034,0.0019922443720350566,11.0,unmatched,
ghgrp_parent,THE CLEVELAND CLINIC FOUNDATION,CLEVELANDCLINICFOUNDATION,53699.648,53699.648,0.001991426806240763,5.0,unmatched,
ghgrp_parent,COUNTY OF LARIMER COLORADO,COUNTYOFLARIMERCOLORADO,53475.874500000005,53475.874500000005,0.001983128268670716,2.0,unmatched,
ghgrp_parent,CITY OF LOVELAND COLORADO,CITYOFLOVELANDCOLORADO,53475.874500000005,53475.874500000005,0.001983128268670716,13.0,unmatched,
ghgrp_parent,KANEKA AMERICAS HOLDING INC,KANEKA,53424.948,58305.979999999996,0.001981239682785609,12.0,unmatched,
ghgrp_parent,OCEAN COUNTY LANDFILL CORP,OCEANCOUNTYLANDFILL,53393.298,125714.298,0.0019800659570580674,14.0,unmatched,
ghgrp_parent,SSI Mgmt Co LLC,SSIMGMT,53315.8,61120.219999999994,0.0019771919792876723,2.0,unmatched,
ghgrp_parent,SOUTH CENTRAL IOWA SOLID WASTE AGENCY,SOUTHCENTRALIOWASOLIDWASTEAGENCY,53314.0,53314.0,0.001977125227113594,14.0,unmatched,
ghgrp_parent,COVESTRO LLC,COVESTRO,53070.9,86613.072,0.0019681099751589232,9.0,unmatched,
ghgrp_parent,HUDSON ENERGY NY LLC,HUDSONENERGYNY,53033.373600000006,73873.62800000001,0.001966718325833741,5.0,unmatched,
ghgrp_parent,SWINGER TRUCKING INC,SWINGERTRUCKING,53019.5,53019.5,0.0019662038297435795,7.0,unmatched,
ghgrp_parent,IIF US HOLDING LP,IIF,52925.804,91479.412,0.0019627291565755627,8.0,unmatched,
ghgrp_parent,MILEPOST POWER INC,MILEPOSTPOWER,52767.892506,65723.793546,0.0019568730812775438,3.0,unmatched,
ghgrp_parent,TEXAS AMERICAN RESOURCES CO,TEXASRESOURCES,52761.836,87139.988,0.001956648478531534,7.0,unmatched,
ghgrp_parent,NOURYON SURFACE CHEMISTRY LLC,NOURYONSURFACECHEMISTRY,52745.36,54398.200000000004,0.0019560374736314716,4.0,unmatched,
ghgrp_parent,SECCRA COMMUNITY LANDFILL,SECCRACOMMUNITYLANDFILL,52441.314000000006,52441.314000000006,0.0019447620672315958,13.0,unmatched,
ghgrp_parent,VENTURA REGIONAL SANITATION DISTRICT,VENTURAREGIONALSANITATIONDISTRICT,52415.26,129529.7565,0.0019437958665963551,14.0,unmatched,
ghgrp_parent,COUNTY OF MUSKEGON MICHIGAN,COUNTYOFMUSKEGONMICHIGAN,52404.6,64369.85,0.0019434005453876477,2.0,unmatched,
ghgrp_parent,BRUSH POWER LLC,BRUSHPOWER,52391.569240000004,62114.49936,0.0019429173056321528,2.0,unmatched,
ghgrp_parent,HUNTSMAN CORP,HUNTSMAN,52337.238,1460657.83,0.0019409024565263948,14.0,unmatched,
ghgrp_parent,CITY & COUNTY OF HONOLULU,CITYCOUNTYOFHONOLULU,52271.5,773477.5419999999,0.0019384645929599773,14.0,unmatched,
ghgrp_parent,SYNGENTA CORP,SYNGENTA,52250.704,87981.768,0.001937693382842127,14.0,unmatched,
ghgrp_parent,UP PAPER LLC,UPPAPER,52135.004,59625.776,0.001933402701430546,4.0,unmatched,
ghgrp_parent,NORTH CENTRAL IOWA REGIONAL SOLID WASTE AGENCY,NORTHCENTRALIOWAREGIONALSOLIDWASTEAGENCY,52033.25,52033.25,0.001929629201029906,13.0,unmatched,
ghgrp_parent,PLYMOUTH ENERGY LLC,PLYMOUTHENERGY,51991.004,80943.89600000001,0.0019280625275042913,14.0,unmatched,
ghgrp_parent,CITY OF COFFEYVILLE KANSAS,CITYOFCOFFEYVILLEKANSAS,51849.804,51849.804,0.0019228261902932686,2.0,unmatched,
ghgrp_parent,ROXUL USA INC,ROXUL,51825.255999999994,51825.255999999994,0.0019219158389770067,10.0,unmatched,
ghgrp_parent,TOYODA GOSEI NORTH AMERICA,TOYODAGOSEINORTH,51639.57760000001,51639.57760000001,0.0019150300407106966,6.0,unmatched,
ghgrp_parent,TWIN LANDFILL CORP,TWINLANDFILL,51446.25,51446.25,0.0019078605753721862,14.0,unmatched,
ghgrp_parent,CITRUS WORLD INC,CITRUSWORLD,51310.056000000004,76840.16,0.0019028098833741838,14.0,unmatched,
ghgrp_parent,BRUCE POWER LLC,BRUCEPOWER,51309.064,241662.504,0.0019027730955093582,7.0,unmatched,
ghgrp_parent,PRAIRIE LAKES MUNICIPAL SOLID WASTE AUTHORITY,PRAIRIELAKESMUNICIPALSOLIDWASTEAUTHORITY,51290.64,55754.418,0.001902089849923127,9.0,unmatched,
ghgrp_parent,PWI INC (PAPERWORKS INDUSTRIES INC),PWIPAPERWORKS,51272.356,58397.28,0.001901411796172657,6.0,unmatched,
ghgrp_parent,KOPPERS INC,KOPPERS,51239.608,77891.55600000001,0.001900197351618928,14.0,unmatched,
ghgrp_parent,HERITAGE-CRYSTAL CLEAN INC,HERITAGECRYSTALCLEAN,51235.75,53338.918000000005,0.0019000542794591537,7.0,unmatched,
ghgrp_parent,MEXICHEM FLUOR INC,MEXICHEMFLUOR,51198.061,162345.26,0.0018986566001875803,14.0,unmatched,
ghgrp_parent,COUNTY OF LAKE OHIO,COUNTYOFLAKEOHIO,50927.0,124469.75,0.001888604427377687,2.0,unmatched,
ghgrp_parent,LION COPOLYMER HOLDINGS LLC,LIONCOPOLYMER,50906.108,67509.296,0.0018878296571438861,10.0,unmatched,
ghgrp_parent,LNG FREEPORT DEVELOPMENT LP,LNGFREEPORTDEVELOPMENT,50805.092000000004,102585.234,0.0018840835251346182,5.0,unmatched,
ghgrp_parent,SANARE ENERGY PARTNERS LLC,SANAREENERGY,50788.072,53928.302,0.001883452346244168,2.0,unmatched,
ghgrp_parent,PARKCHESTER SOUTH CONDOMINIUM,PARKCHESTERSOUTHCONDOMINIUM,50721.77,55448.776,0.001880993566996539,14.0,unmatched,
ghgrp_parent,IROQUOIS GAS TRANSMISSION SYSTEM LP,IROQUOISGASTRANSMISSIONSYSTEM,50539.012,73942.494,0.001874216070424216,14.0,unmatched,
ghgrp_parent,"Bucksport Mill, LLC",BUCKSPORTMILL,50526.625,57614.65,0.0018737567042129346,4.0,unmatched,
ghgrp_parent,CALYX ENERGY III,CALYXENERGYIII,50470.333999999995,60842.352,0.0018716691783068036,3.0,unmatched,
ghgrp_parent,SILVERBACK MIDSTREAM LLC,SILVERBACKMIDSTREAM,50423.022,289119.7416,0.0018699146344956996,8.0,unmatched,
ghgrp_parent,ZEELAND FARM SERVICES INC,ZEELANDFARM,50409.93388,53812.48824,0.0018694292675709241,14.0,unmatched,
ghgrp_parent,CARBIDE INDUSTRIES LLC,CARBIDE,50320.592000000004,57162.344,0.0018661160649452396,14.0,unmatched,
ghgrp_parent,EAST KANSAS AGRI-ENERGY LLC,EASTKANSASAGRIENERGY,50316.759999999995,53617.148,0.0018659739569835349,14.0,unmatched,
ghgrp_parent,SEWERAGE & WATER BOARD OF NEW ORLEANS,SEWERAGEWATERBOARDOFNEWORLEANS,50287.448,104757.11,0.001864886934913213,13.0,unmatched,
ghgrp_parent,BOONE COUNTY IOWA,BOONECOUNTYIOWA,50274.5,50274.5,0.001864406764274344,7.0,unmatched,
ghgrp_parent,TERVES INC,TERVES,50270.41,88903.75,0.001864255088501022,6.0,unmatched,
ghgrp_parent,SK CAPTITAL PARTNER II LP,SKCAPTITALPARTNERII,50087.21,53034.698,0.0018574612005615087,5.0,unmatched,
ghgrp_parent,SANTA FE SOLID WASTE MANAGEMENT AGENCY,SANTAFESOLIDWASTEMANAGEMENTAGENCY,50073.598000000005,50073.598000000005,0.0018569564057873134,14.0,unmatched,
ghgrp_parent,COX OIL CO INC,COXOIL,49989.49799999999,230890.70775499998,0.001853837595876215,7.0,unmatched,
ghgrp_parent,EARTHRISE LEGATO LLC,EARTHRISELEGATO,49965.616,49965.616,0.0018529519428643628,2.0,unmatched,
ghgrp_parent,CITY OF HOUSTON TEXAS,CITYOFHOUSTONTEXAS,49934.012,49934.012,0.0018517799230257142,3.0,unmatched,
ghgrp_parent,ANDROSCOGGIN VALLEY REGIONAL REFUSE,ANDROSCOGGINVALLEYREGIONALREFUSE,49799.75,54596.15,0.0018468008783612223,5.0,unmatched,
ghgrp_parent,MERCER COUNTY SOLID WASTE AUTHORITY,MERCERCOUNTYSOLIDWASTEAUTHORITY,49775.25,62625.5,0.0018458923071029358,13.0,unmatched,
ghgrp_parent,CSL BEHRING LLC,CSLBEHRING,49728.712,51124.608,0.0018441664667266855,14.0,unmatched,
ghgrp_parent,JORDAN DEVELOPMENT CO LLC,JORDANDEVELOPMENT,49632.594,141447.114,0.0018406019747999923,13.0,unmatched,
ghgrp_parent,WICOMICO COUNTY MARYLAND,WICOMICOCOUNTYMARYLAND,49506.25,51606.0,0.0018359165655323622,14.0,unmatched,
ghgrp_parent,Tres Power LLC,TRESPOWER,49461.168,49461.168,0.001834244720248033,2.0,unmatched,
ghgrp_parent,FREDERICK COUNTY BOARD OF COUNTY COMMISSIONERS,FREDERICKCOUNTYBOARDOFCOUNTYCOMMISSIONERS,49420.25,89357.0,0.0018327272949930711,14.0,unmatched,
ghgrp_parent,GREENVILLE ELECTRIC UTILITY SYSTEM,GREENVILLEELECTRICUTILITYSYSTEM,49395.18,49395.18,0.0018317975855463265,14.0,unmatched,
ghgrp_parent,MUNICIPALITY OF GUAYNABO,MUNICIPALITYOFGUAYNABO,49394.7,68644.85,0.0018317797849665724,14.0,unmatched,
ghgrp_parent,SUBARU OF INDIANA AUTOMOTIVE INC,SUBARUOFINDIANAAUTOMOTIVE,49356.264,54268.196,0.0018303544035427563,13.0,unmatched,
ghgrp_parent,COUNTY OF MURRAY GEORGIA,COUNTYOFMURRAYGEORGIA,49318.25,49318.25,0.0018289446717953072,2.0,unmatched,
ghgrp_parent,LOMA LINDA UNIVERSITY,LOMALINDAUNIVERSITY,49210.464,62289.516,0.0018249474774424232,14.0,unmatched,
ghgrp_parent,ICL SPECIALTY PRODUCTS NORTH AMERICA INC,ICLSPECIALTYPRODUCTSNORTH,49155.352000000006,79772.89600000001,0.0018229036742103135,4.0,unmatched,
ghgrp_parent,TRUSTEES OF BOSTON UNIVERSITY,TRUSTEESOFBOSTONUNIVERSITY,49083.294,54444.42,0.0018202314363437993,14.0,unmatched,
ghgrp_parent,BUTLER COUNTY KANSAS,BUTLERCOUNTYKANSAS,48960.5,107183.1,0.0018156776771972674,13.0,unmatched,
ghgrp_parent,Lexington Fayette Urban County Government,LEXINGTONFAYETTEURBANCOUNTYGOVERNMENT,48884.25,102560.75,0.0018128499809342332,14.0,unmatched,
ghgrp_parent,LINCOLN COUNTY NORTH CAROLINA,LINCOLNCOUNTYNORTHCAROLINA,48874.0,48874.0,0.001812469864387399,2.0,unmatched,
ghgrp_parent,CRAIGHEAD COUNTY SOLID WASTE DISPOSAL AUTHORITY,CRAIGHEADCOUNTYSOLIDWASTEDISPOSALAUTHORITY,48775.75,63174.5,0.0018088263082189646,5.0,unmatched,
ghgrp_parent,BELLEFIELD BOILER PLANT,BELLEFIELDBOILERPLANT,48730.015999999996,83754.484,0.0018071302838138024,14.0,unmatched,
ghgrp_parent,TRENTON AGRI PRODUCTS LLC,TRENTONAGRIPRODUCTS,48699.816,48699.816,0.0018060103306709351,13.0,unmatched,
ghgrp_parent,EMORY UNIVERSITY,EMORYUNIVERSITY,48642.814,53762.622,0.0018038964376560435,14.0,unmatched,
ghgrp_parent,KIMBLE CO,KIMBLE,48634.0,796432.25,0.0018035695745103075,13.0,unmatched,
ghgrp_parent,LIFESPAN,LIFESPAN,48576.556,59660.994,0.0018014392901282254,14.0,unmatched,
ghgrp_parent,CITY OF MORRILTON ARKANSAS,CITYOFMORRILTONARKANSAS,48552.0,48552.0,0.0018005286421356344,2.0,unmatched,
ghgrp_parent,LAFARGEHOLCIM LTD,LAFARGEHOLCIM,48518.584,48518.584,0.001799289425108414,3.0,unmatched,
ghgrp_parent,MEXICHEM SPECIALTY RESINS INC,MEXICHEMSPECIALTYRESINS,48496.368,97066.76000000001,0.0017984655549421245,9.0,unmatched,
ghgrp_parent,KNIGHT HAWK HOLDINGS LLC,KNIGHTHAWK,48442.295999999995,64145.794,0.0017964603196328158,3.0,unmatched,
ghgrp_parent,MID AMERICA BIO ENERGY & COMMODITIES LLC,MIDBIOENERGYCOMMODITIES,48376.968,50775.208,0.0017940376607282714,8.0,unmatched,
ghgrp_parent,MUNICIPALITY OF PONCE,MUNICIPALITYOFPONCE,48277.0,136820.0,0.0017903303933181336,14.0,unmatched,
ghgrp_parent,LOUISVILLE MEDICAL CENTER INC,LOUISVILLEMEDICALCENTER,48262.818,105755.18000000001,0.0017898044603554797,13.0,unmatched,
ghgrp_parent,WASTE SERVICES OF BLUEGRASS,WASTEOFBLUEGRASS,48230.772,156218.588,0.001788616049149641,14.0,unmatched,
ghgrp_parent,MERCED COUNTY REGIONAL WASTE MANAGEMENT AUTHORITY,MERCEDCOUNTYREGIONALWASTEMANAGEMENTAUTHORITY,48218.0,111725.0,0.0017881424053900153,6.0,unmatched,
ghgrp_parent,CRODA INTERNATIONAL PUBLIC LC,CRODAPUBLICLC,48139.66,53335.719999999994,0.001785237202435968,5.0,unmatched,
ghgrp_parent,SYRACUSE UNIVERSITY,SYRACUSEUNIVERSITY,48133.568,61746.763999999996,0.0017850112834112543,14.0,unmatched,
ghgrp_parent,PIKE COUNTY FISCAL COURT,PIKECOUNTYFISCALCOURT,47953.0,51023.0,0.00177831500198406,13.0,unmatched,
ghgrp_parent,STATE OF ILLINOIS,STATEOFILLINOIS,47938.968,69841.408,0.0017777946317025792,14.0,unmatched,
ghgrp_parent,SJV BIODIESEL LLC,SJVBIODIESEL,47934.002,58632.364,0.001777610469871206,3.0,unmatched,
ghgrp_parent,Huntsman Petrochemical LLC,HUNTSMANPETROCHEMICAL,47864.52,121470.26500000001,0.0017750337617827056,14.0,unmatched,
ghgrp_parent,DEVELOPMENT AUTHORITY OF THE NORTH COUNTRY,DEVELOPMENTAUTHORITYOFNORTHCOUNTRY,47808.798,99117.7,0.0017729673369804918,14.0,unmatched,
ghgrp_parent,BLUE RIDGE RESOURCE AUTHORITY,BLUERIDGERESOURCEAUTHORITY,47647.85,47926.25,0.0017669986542507496,7.0,unmatched,
ghgrp_parent,NORTHEAST SOLITE CORP,NORTHEASTSOLITE,47629.682,105558.56599999999,0.0017663249023070538,14.0,unmatched,
ghgrp_parent,MUSKEGON OPERATING CO,MUSKEGONOPERATING,47552.727999999996,49211.365999999995,0.0017634710985270465,3.0,unmatched,
ghgrp_parent,SAN BERNARDINO COUNTY SOLID WASTEDIV,SANBERNARDINOCOUNTYSOLIDWASTEDIV,47542.5,47542.5,0.0017630917978401178,1.0,unmatched,
ghgrp_parent,COUNTY OF NEW HANOVER NORTH CAROLINA,COUNTYOFNEWHANOVERNORTHCAROLINA,47522.5,47522.5,0.001762350107017027,2.0,unmatched,
ghgrp_parent,CITY OF SAN MARCOS TEXAS,CITYOFSANMARCOSTEXAS,47484.215520000005,47484.215520000005,0.0017609303446428865,2.0,unmatched,
ghgrp_parent,YAKIMA COUNTY PUBLIC SERVICES,YAKIMACOUNTYPUBLIC,47466.25,47466.25,0.0017602641015770834,2.0,unmatched,
ghgrp_parent,TREDEGAR CORP,TREDEGAR,47452.020000000004,59565.61,0.0017597363885564542,11.0,unmatched,
ghgrp_parent,MCPHERSON BOARD OF PUBLIC UTILITIES,MCPHERSONBOARDOFPUBLICUTILITIES,47381.799999999996,55004.042,0.0017571323120765818,14.0,unmatched,
ghgrp_parent,QUAD/GRAPHICS INC,QUADGRAPHICS,47372.616,67101.948,0.0017567917276506187,14.0,unmatched,
ghgrp_parent,SHOWA DENKO CARBON INC,SHOWADENKOCARBON,47351.772,242959.75,0.0017560187374747929,14.0,unmatched,
ghgrp_parent,SOUTHSIDE REGIONAL PUBLIC SERVICE AUTHORITHY,SOUTHSIDEREGIONALPUBLICSERVICEAUTHORITHY,47291.5,47291.5,0.001753783578010326,5.0,unmatched,
ghgrp_parent,COUNTY OF CLAYTON GEORGIA,COUNTYOFCLAYTONGEORGIA,47286.25,47286.25,0.0017535888841692649,2.0,unmatched,
ghgrp_parent,FULLSTREAM ENERGY HOLDINGS LLC,FULLSTREAMENERGY,47226.378,47226.378,0.0017513685585212595,4.0,unmatched,
ghgrp_parent,NEWMARKET CORP,NEWMARKET,47111.772,51908.304,0.0017471184475977013,14.0,unmatched,
ghgrp_parent,ZFS ITHACA LLC,ZFSITHACA,47030.672,47503.272,0.0017441108913100677,4.0,unmatched,
ghgrp_parent,ACADIA PARISH POLICE JURY,ACADIAPARISHPOLICEJURY,46996.25,53725.25,0.0017428343672344457,14.0,unmatched,
ghgrp_parent,NORTHWEST IOWA POWER COOPERATIVE,NORTHWESTIOWAPOWERCOOPERATIVE,46835.562906,235068.60101400004,0.001736875360083998,14.0,unmatched,
ghgrp_parent,TRIDENT SEAFOODS CORP,TRIDENTSEAFOODS,46760.342000000004,52841.604,0.0017340858272997587,14.0,unmatched,
ghgrp_parent,CITY OF WHITTIER,CITYOFWHITTIER,46731.5,59059.5,0.001733016234963779,14.0,unmatched,
ghgrp_parent,CITY OF CLOVIS NEW MEXICO,CITYOFCLOVISNEWMEXICO,46711.75,46711.75,0.0017322838152759768,1.0,unmatched,
ghgrp_parent,PETROSHALE (US) INC,PETROSHALE,46655.556000000004,119600.846,0.0017301998865703382,7.0,unmatched,
ghgrp_parent,WACKER CHEMICAL CORP,WACKERCHEMICAL,46616.324,74951.968,0.001728744985851763,8.0,unmatched,
ghgrp_parent,PER MANAGER LLC,PERMANAGER,46607.672,196343.510608,0.0017284241304016937,7.0,unmatched,
ghgrp_parent,TRAMMO INC,TRAMMO,46591.22,95035.326,0.001727814015530619,6.0,unmatched,
ghgrp_parent,LIMETREE BAY TERMINALS LLC,LIMETREEBAYTERMINALS,46521.716,106326.338,0.001725236491582213,5.0,unmatched,
ghgrp_parent,NORTON ENVIRONMENTAL CO,NORTONENVIRONMENTAL,46341.75,118127.75,0.0017185625350487938,13.0,unmatched,
ghgrp_parent,RICHMOND SANITARY DISTRICT,RICHMONDSANITARYDISTRICT,46341.0,49717.9,0.001718534721642928,14.0,unmatched,
ghgrp_parent,CITY OF LEE'S SUMMIT MISSOURI,CITYOFLEESSUMMITMISSOURI,46307.25,88227.0,0.0017172831183789618,13.0,unmatched,
ghgrp_parent,SOUTHERN IDAHO REGIONAL SOLID WASTE DISTRICT,SOUTHERNIDAHOREGIONALSOLIDWASTEDISTRICT,46237.738,63510.9,0.0017147052977542268,13.0,unmatched,
ghgrp_parent,PARK-OHIO HOLDINGS CORP,PARKOHIO,46135.076,46135.076,0.0017108981245902185,5.0,unmatched,
ghgrp_parent,B BRAUN MEDICAL US,BBRAUNMEDICAL,46076.727999999996,54743.644,0.001708734315782933,14.0,unmatched,
ghgrp_parent,CASTLETON ENERGY CENTER LLC,CASTLETONENERGYCENTER,45911.676,139952.30599999998,0.0017026134380962925,14.0,unmatched,
ghgrp_parent,CADILLAC CASTING INC,CADILLACCASTING,45627.398,70549.05799999999,0.0016920711189059598,13.0,unmatched,
ghgrp_parent,PEAK EXPLORATION & PRODUCTION LLC,PEAKEXPLORATIONPRODUCTION,45600.657999999996,86251.132,0.0016910794782754872,9.0,unmatched,
ghgrp_parent,Capitan Energy,CAPITANENERGY,45540.098,275336.358,0.0016888336384631678,6.0,unmatched,
ghgrp_parent,MERIDIAN WASTE VIRGINIA,MERIDIANWASTEVIRGINIA,45500.25,97753.5,0.0016873558936672413,8.0,unmatched,
ghgrp_parent,COUNTY OF MAUI HAWAII,COUNTYOFMAUIHAWAII,45318.75,53209.75,0.0016806250494476908,2.0,unmatched,
ghgrp_parent,ROCKINGHAM COUNTY NORTH CAROLINA,ROCKINGHAMCOUNTYNORTHCAROLINA,45313.0,45313.0,0.001680411813336052,2.0,unmatched,
ghgrp_parent,ICM INC,ICM,45277.20147999999,81449.31116,0.00167908424164784,13.0,unmatched,
ghgrp_parent,GLANBIA INC,GLANBIA,45108.53316,49451.50972,0.0016728292543933315,5.0,unmatched,
ghgrp_parent,POLK COUNTY AUTHORIZED AGENT,POLKCOUNTYAUTHORIZEDAGENT,45063.75,45063.75,0.0016711684914532809,1.0,unmatched,
ghgrp_parent,PARADIGM ENERGY PARTNERS LLC,PARADIGMENERGY,45053.08,70391.118,0.001670772799399162,7.0,unmatched,
ghgrp_parent,COUNTY OF STEELE MINNESOTA,COUNTYOFSTEELEMINNESOTA,45041.25,54183.05,0.0016703340892773035,5.0,unmatched,
ghgrp_parent,PARISH OF WASHINGTON,PARISHOFWASHINGTON,44982.75,48679.75,0.0016681646436197625,5.0,unmatched,
ghgrp_parent,GLENCOE CAPITAL,GLENCOECAPITAL,44971.880000000005,51192.108,0.0016677615346574126,13.0,unmatched,
ghgrp_parent,COUNTY OF LEA NEW MEXICO,COUNTYOFLEANEWMEXICO,44895.75,44895.75,0.0016649382885393167,2.0,unmatched,
ghgrp_parent,GARRETT COUNTY GOVERNMENT,GARRETTCOUNTYGOVERNMENT,44856.75,44856.75,0.0016634919914342895,13.0,unmatched,
ghgrp_parent,LODERS CROKLAAN USA LLC,LODERSCROKLAAN,44844.832,47654.22,0.0016630500178728097,10.0,unmatched,
ghgrp_parent,COLORADO STATE UNIVERSITY SYSTEM,COLORADOSTATEUNIVERSITYSYSTEM,44836.432,50999.408,0.0016627385077271114,5.0,unmatched,
ghgrp_parent,RIVIANA FOODS INC,RIVIANAFOODS,44821.332,58400.58,0.0016621785311556777,13.0,unmatched,
ghgrp_parent,CARROLL COUNTY SOLID WASTE MANAGEMENT COMMISSION,CARROLLCOUNTYSOLIDWASTEMANAGEMENTCOMMISSION,44800.148,44800.148,0.0016613929322358595,13.0,unmatched,
ghgrp_parent,ALPHAPET INC,ALPHAPET,44752.632,46223.376,0.0016596308231783602,14.0,unmatched,
ghgrp_parent,SIGNAL HILL PETROLEUM INC,SIGNALHILLPETROLEUM,44687.448000000004,45276.942,0.0016572135044477423,14.0,unmatched,
ghgrp_parent,SUMMIT COUNTY COLORADO,SUMMITCOUNTYCOLORADO,44564.7,44564.7,0.0016526614511901037,2.0,unmatched,
ghgrp_parent,COUNTY OF SEWARD KANSAS,COUNTYOFSEWARDKANSAS,44521.1,44521.1,0.0016510445651957654,5.0,unmatched,
ghgrp_parent,CITY OF HAMPTON VIRGINIA,CITYOFHAMPTONVIRGINIA,44518.368,48393.818,0.001650943250229331,2.0,unmatched,
ghgrp_parent,COUNTY OF HARFORD MARYLAND,COUNTYOFHARFORDMARYLAND,44451.85,45735.75,0.0016484764607208127,2.0,unmatched,
ghgrp_parent,RED RIVER ENERGY,REDRIVERENERGY,44449.532,48993.316,0.0016483904987544167,13.0,unmatched,
ghgrp_parent,HARTREE PARTNERS LP,HARTREE,44406.636,55700.301999999996,0.001646799720277051,9.0,unmatched,
ghgrp_parent,TANADGUSIX CORP,TANADGUSIX,43936.583999999995,88035.968,0.001629368057538273,14.0,unmatched,
ghgrp_parent,COUNTY OF ORANGE NEW YORK,COUNTYOFORANGENEWYORK,43838.4,45550.348000000005,0.001625726948949555,2.0,unmatched,
ghgrp_parent,ERACHEM COMILOG INC,ERACHEMCOMILOG,43832.981999999996,47088.308000000005,0.0016255260249055795,13.0,unmatched,
ghgrp_parent,CHICAGO DEPARTMENT OF AVIATION,CHICAGODEPARTMENTOFAVIATION,43686.736,68289.44200000001,0.0016201025590998914,14.0,unmatched,
ghgrp_parent,ROCKPOINT GAS STORAGE PARTNERS LP,ROCKPOINTGASSTORAGE,43463.394,43463.394,0.0016118200235093526,7.0,unmatched,
ghgrp_parent,COUNTY OF LA CROSSE WISCONSIN,COUNTYOFLACROSSEWISCONSIN,43210.7,46516.05,0.001602448982466845,2.0,unmatched,
ghgrp_parent,COEUR MINING INC,COEURMINING,43206.496,46916.288,0.0016022930790558312,11.0,unmatched,
ghgrp_parent,ORANGE COUNTY NORTH CAROLINA,ORANGECOUNTYNORTHCAROLINA,43197.5,43197.5,0.001601959466523605,2.0,unmatched,
ghgrp_parent,Javelin Energy Partners,JAVELINENERGY,43147.882,43147.882,0.0016001194057605986,2.0,unmatched,
ghgrp_parent,Tellurian Production Holdings LLC,TELLURIANPRODUCTION,43016.642,69647.546,0.0015952524305794756,2.0,unmatched,
ghgrp_parent,BRIDGE ENERGY LLC,BRIDGEENERGY,42996.954,42996.954,0.0015945223101332248,7.0,unmatched,
ghgrp_parent,JMC STEEL GROUP,JMCSTEEL,42957.188,47794.32,0.0015930476062696731,14.0,unmatched,
ghgrp_parent,CITY OF ALBANY NEW YORK,CITYOFALBANYNEWYORK,42754.75,51551.75,0.0015855402859274287,2.0,unmatched,
ghgrp_parent,CFS GROUP DISPOSAL & RECYCLING SERVICES LLC,CFSDISPOSALRECYCLING,42744.25,127745.5,0.0015851508982453058,14.0,unmatched,
ghgrp_parent,Evolve Transition Infrastructure LP,EVOLVETRANSITIONINFRASTRUCTURE,42725.918,67327.53,0.0015844710644368606,2.0,unmatched,
ghgrp_parent,COUNTY OF MUSCATINE IOWA,COUNTYOFMUSCATINEIOWA,42668.5,42668.5,0.001582341744252849,2.0,unmatched,
ghgrp_parent,BYRON ENERGY LLC,BYRONENERGY,42596.264,42596.264,0.0015796629053380091,2.0,unmatched,
ghgrp_parent,VINTON STEEL LLC,VINTONSTEEL,42501.195999999996,66033.92,0.0015761373521795282,7.0,unmatched,
ghgrp_parent,Four-S Oil Company,FOURSOIL,42482.75,397454.1022,0.0015754532907333915,14.0,unmatched,
ghgrp_parent,UNIVERSAL STAINLESS & ALLOY PRODUCTS INC,UNIVERSALSTAINLESSALLOYPRODUCTS,42448.248,47748.784,0.0015741737998944772,14.0,unmatched,
ghgrp_parent,LACTALIS AMERICAN GROUP,LACTALIS,42345.74,42345.74,0.0015703723377498069,13.0,unmatched,
ghgrp_parent,CLINTON COUNTY SOLID WASTE AUTHORITY,CLINTONCOUNTYSOLIDWASTEAUTHORITY,42256.298,83794.65,0.0015670554222198616,14.0,unmatched,
ghgrp_parent,KENT STATE UNIVERSITY,KENTSTATEUNIVERSITY,42182.492,56366.088,0.0015643183605754092,13.0,unmatched,
ghgrp_parent,GEORGETOWN UNIVERSITY,GEORGETOWNUNIVERSITY,42165.696,42165.696,0.0015636954886221776,2.0,unmatched,
ghgrp_parent,MERCEDES-BENZ US INTERNATIONAL INC,MERCEDESBENZ,42141.392,45430.628,0.0015627941859339572,4.0,unmatched,
ghgrp_parent,GEORGIA ENERGY COOP,GEORGIAENERGYCOOP,42098.544,63587.363999999994,0.0015612051875145672,9.0,unmatched,
ghgrp_parent,SOUTHWEST CHEESE CO LLC,SOUTHWESTCHEESE,42083.296,43757.026,0.0015606397224310427,6.0,unmatched,
ghgrp_parent,KURARAY AMERICA INC,KURARAY,42039.943999999996,49830.712,0.0015590320334029103,10.0,unmatched,
ghgrp_parent,COUNTY OF MARION TENNESSEE,COUNTYOFMARIONTENNESSEE,41878.0,44334.25,0.0015530264144701783,2.0,unmatched,
ghgrp_parent,PRINCE GEORGE'S COUNTY DEPARTMENT OF THE ENVIRONMENTAL RESOURCE RECOVERY DIV,PRINCEGEORGESCOUNTYDEPARTMENTOFENVIRONMENTALRESOURCERECOVERYDIV,41869.996,123570.94,0.0015527295898027775,6.0,unmatched,
ghgrp_parent,BLACK HAWK MINING LLC,BLACKHAWKMINING,41827.0,810788.75,0.0015511351028712965,10.0,unmatched,
ghgrp_parent,STATE OF NORTH DAKOTA,STATEOFNORTHDAKOTA,41784.314,708017.924,0.0015495521121475734,14.0,unmatched,
ghgrp_parent,CITY OF AKRON OHIO,CITYOFAKRONOHIO,41770.59,134619.34,0.0015490431639047682,10.0,unmatched,
ghgrp_parent,GRANT COUNTY WASHINGTON,GRANTCOUNTYWASHINGTON,41759.0,44946.25,0.001548613354072787,4.0,unmatched,
ghgrp_parent,PACIFIC COAST PRODUCERS,PACIFICCOASTPRODUCERS,41751.792,43248.836,0.0015483460487001452,14.0,unmatched,
ghgrp_parent,EAST CENTRAL SOLID WASTE COMMISSION,EASTCENTRALSOLIDWASTECOMMISSION,41683.898,41683.898,0.0015458282308629984,14.0,unmatched,
ghgrp_parent,BRUNDIDGE ACQUISITIONS,BRUNDIDGEACQUISITIONS,41530.0,75158.75,0.0015401209941483954,10.0,unmatched,
ghgrp_parent,BANNOCK COUNTY IDAHO,BANNOCKCOUNTYIDAHO,41460.504,48973.75,0.001537543766876319,14.0,unmatched,
ghgrp_parent,SANTA BARBARA COUNTY DEPARTMENT OF PUBLIC WORKS RESOURCE RECOVERY & WASTE MANAGEMENT,SANTABARBARACOUNTYDEPARTMENTOFPUBLICWORKSRESOURCERECOVERYWASTEMANAGEMENT,41422.5,79918.25,0.0015361344059742815,13.0,unmatched,
ghgrp_parent,TRUSTEES OF DARTMOUTH COLLEGE,TRUSTEESOFDARTMOUTHCOLLEGE,41362.49,55677.011999999995,0.001533908962659597,13.0,unmatched,
ghgrp_parent,SABINAL ENERGY LLC,SABINALENERGY,41325.348,79253.74,0.0015325315686320349,7.0,unmatched,
ghgrp_parent,FOREST PRESERVE DISTRICT OF DU,FORESTPRESERVEDISTRICTOFDU,41324.292,109877.822,0.0015324924073565757,9.0,unmatched,
ghgrp_parent,UNITED DAIRYMEN OF ARIZONA,UNITEDDAIRYMENOFARIZONA,41284.044,51921.256,0.0015309998287441875,14.0,unmatched,
ghgrp_parent,CENTERPOINT HOLDINGS LLC,CENTERPOINT,41225.5,41225.5,0.0015288287513668356,13.0,blocked,"CenterPoint Landfill in Oklahoma, NAICS 562212, not CenterPoint Energy"
ghgrp_parent,CHEROKEE BRICK & TILE CO,CHEROKEEBRICKTILE,41221.792,41221.792,0.0015286912418882345,9.0,unmatched,
ghgrp_parent,REC SILICON INC,RECSILICON,41200.496,196689.36800000002,0.0015279014894998071,14.0,unmatched,
ghgrp_parent,DELTA SOLID WASTE MANAGEMENT AUTHORITY,DELTASOLIDWASTEMANAGEMENTAUTHORITY,41079.8,41813.25,0.001523425533720618,14.0,unmatched,
ghgrp_parent,Greenlake Energy Operating,GREENLAKEENERGYOPERATING,41062.506,41062.506,0.0015227841936658912,1.0,unmatched,
ghgrp_parent,CITY OF BROOKINGS LANDFILL,CITYOFBROOKINGSLANDFILL,41061.5,41061.5,0.0015227468866174897,10.0,unmatched,
ghgrp_parent,Ultium Cells LLC,ULTIUMCELLS,41002.796,41002.796,0.001520569875713553,1.0,unmatched,
ghgrp_parent,RYOBI DIE CASTING (USA) INC,RYOBIDIECASTING,40980.096000000005,41700.092000000004,0.001519728056629345,8.0,unmatched,
ghgrp_parent,"Stephens Williston, LLC DBA SEG Williston, LLC",STEPHENSWILLISTONDBASEGWILLISTON,40905.254,40905.254,0.0015169525754002559,1.0,unmatched,
ghgrp_parent,TEAM TEN LLC,TEAMTEN,40880.49600000001,170016.77,0.001516034436330352,13.0,unmatched,
ghgrp_parent,Nippon Shokubai America Industries INC,NIPPONSHOKUBAI,40859.49600000001,41600.367999999995,0.0015152556609661064,8.0,unmatched,
ghgrp_parent,JX NIPPON OIL & ENERGY USA INC,JXNIPPONOILENERGY,40841.596000000005,45590.32,0.00151459184767944,6.0,unmatched,
ghgrp_parent,FRONT RANGE ENERGY LLC,FRONTRANGEENERGY,40774.796,41312.144,0.001512114600330316,14.0,unmatched,
ghgrp_parent,LLOX LLC,LLOX,40742.024,41808.166,0.001510899265747599,3.0,unmatched,
ghgrp_parent,FUTAMURA USA INC,FUTAMURA,40731.396,44859.132,0.0015105051312442085,8.0,unmatched,
ghgrp_parent,Atlantic County Utilities Authority,ATLANTICCOUNTYUTILITIESAUTHORITY,40626.850000000006,112339.7,0.0015066280908046653,14.0,unmatched,
ghgrp_parent,CITY OF WAVERLY IOWA,CITYOFWAVERLYIOWA,40601.453398000005,40601.453398000005,0.0015056862694726107,2.0,unmatched,
ghgrp_parent,GRASSLAND DAIRY PRODUCTS INC,GRASSLANDDAIRYPRODUCTS,40580.192,40580.192,0.0015048978002834763,10.0,unmatched,
ghgrp_parent,AEMETIS INC,AEMETIS,40568.648,78203.356,0.0015044696963403882,8.0,unmatched,
ghgrp_parent,CARROLL GRAYSON GALAX SOLID WASTE AUTHORITY,CARROLLGRAYSONGALAXSOLIDWASTEAUTHORITY,40559.0,42231.0,0.001504111904687329,14.0,unmatched,
ghgrp_parent,CORE ENERGY LLC,COREENERGY,40518.304000000004,42395.146,0.0015026027122005037,13.0,unmatched,
ghgrp_parent,LAMB-WESTON/RDO FROZEN FOODS INC,LAMBWESTONRDOFROZENFOODS,40466.904,54704.376000000004,0.0015006965667851598,8.0,unmatched,
ghgrp_parent,APG POLYTECH HOLDING,APGPOLYTECH,40457.648,45035.58,0.0015003533122722333,6.0,unmatched,
ghgrp_parent,CITY OF DULUTH MINNESOTA,CITYOFDULUTHMINNESOTA,40363.836,42832.668,0.0014968743372974428,7.0,unmatched,
ghgrp_parent,LCY ELASTOMERS LP,LCYELASTOMERS,40211.0,54130.996,0.001491206484365546,14.0,unmatched,
ghgrp_parent,BROOME COUNTY DIV OF SOLID WASTE MANAGEMENT,BROOMECOUNTYDIVOFSOLIDWASTEMANAGEMENT,40198.9,40198.9,0.001490757761417576,9.0,unmatched,
ghgrp_parent,CITY OF WATERTOWN SOUTH DAKOTA,CITYOFWATERTOWNSOUTHDAKOTA,40088.75,40088.75,0.0014866728992094025,2.0,unmatched,
ghgrp_parent,METROPOLITAN GOVERNMENT OF NASHVILLE & DAVIDSON COUNTY,METROPOLITANGOVERNMENTOFNASHVILLEDAVIDSONCOUNTY,40072.0,118592.0,0.001486051733145064,14.0,unmatched,
ghgrp_parent,SOUTH DAKOTA SOYBEAN PROCESSORS LLC,SOUTHDAKOTASOYBEANPROCESSORS,39854.5,41835.692,0.0014779858454439497,13.0,unmatched,
ghgrp_parent,MILWAUKEE REGIONAL MEDICAL CENTER INC,MILWAUKEEREGIONALMEDICALCENTER,39823.798,69472.914,0.0014768472758614228,8.0,unmatched,
ghgrp_parent,COUNTY OF WEBER UTAH,COUNTYOFWEBERUTAH,39761.0,43228.55,0.0014745184408459994,2.0,unmatched,
ghgrp_parent,CITY OF PONCA CITY OKLAHOMA,CITYOFPONCACITYOKLAHOMA,39751.0,39751.0,0.0014741475954344538,2.0,unmatched,
ghgrp_parent,STONEPEAK CERAMICS INC,STONEPEAKCERAMICS,39727.74,41893.132,0.001473285009007199,9.0,unmatched,
ghgrp_parent,CLINTON COUNTY AREA SOLID WASTE AGENCY,CLINTONCOUNTYAREASOLIDWASTEAGENCY,39638.448000000004,39638.448000000004,0.0014699736561584274,14.0,unmatched,
ghgrp_parent,DENCO II LLC,DENCOII,39582.0,45748.876,0.0014678803079793351,14.0,unmatched,
ghgrp_parent,Koch Foods Inc.,KOCHFOODS,39530.452000000005,39530.452000000005,0.0014659686740519009,13.0,unmatched,
ghgrp_parent,WRC ENERGY HOLDINGS LLC,WRCENERGY,39521.826,39538.498,0.0014656487827999015,2.0,unmatched,
ghgrp_parent,OTTUMWA-WAPELLO SOLID WASTE COMMISSION,OTTUMWAWAPELLOSOLIDWASTECOMMISSION,39467.1,40925.1,0.0014636192942006775,13.0,unmatched,
ghgrp_parent,TAILWATER ENERGY FUND IV LP,TAILWATERENERGYFUNDIV,39399.69528,52896.69,0.0014611196210878267,3.0,unmatched,
ghgrp_parent,WESTERN PLAINS ENERGY LLC,WESTERNPLAINSENERGY,39373.152,62738.952,0.0014601352757282902,13.0,unmatched,
ghgrp_parent,CITY OF ELKO NEVADA,CITYOFELKONEVADA,39308.45,39308.45,0.0014577358317465084,2.0,unmatched,
ghgrp_parent,WILKS BROTHERS LLC,WILKSBROTHERS,39294.252,50455.256,0.0014572093054311963,4.0,unmatched,
ghgrp_parent,CENTRAL MICHIGAN UNIVERSITY,CENTRALMICHIGANUNIVERSITY,39195.852000000006,80583.782,0.001453560186581589,14.0,unmatched,
ghgrp_parent,COLUMBIA CITY OF (INC),COLUMBIACITYOF,39182.216,63322.618,0.0014530545017784053,5.0,unmatched,
ghgrp_parent,PREBLE COUNTY BOARD OF COMMISSIONERS,PREBLECOUNTYBOARDOFCOMMISSIONERS,39134.75,55896.5,0.0014512942469479635,14.0,unmatched,
ghgrp_parent,VMC Specialty Alloys LLC,VMCSPECIALTYALLOYS,38971.804000000004,38971.804000000004,0.0014452514693049944,2.0,unmatched,
ghgrp_parent,PB NUTCLIF MASTER LLC,PBNUTCLIFMASTER,38948.2,40236.542,0.0014443761257955823,8.0,unmatched,
ghgrp_parent,WORLD OIL CORP,WORLDOIL,38843.264,67807.698,0.001440484622384989,14.0,unmatched,
ghgrp_parent,SC JOHNSON & SON INC,SCJOHNSONSON,38703.172000000006,44893.884,0.001435289374845566,14.0,unmatched,
ghgrp_parent,METROPOLITAN UTILITIES DISTRICT,METROPOLITANUTILITIESDISTRICT,38694.1,183171.0,0.0014349529438882117,13.0,unmatched,
ghgrp_parent,EASTERN MICHIGAN UNIVERSITY,EASTERNMICHIGANUNIVERSITY,38610.556,42084.14,0.001431854752981996,14.0,unmatched,
ghgrp_parent,MERCED REGIONAL WASTE MANAGEMENT AUTHORITY,MERCEDREGIONALWASTEMANAGEMENTAUTHORITY,38591.5,38591.5,0.001431148069965755,6.0,unmatched,
ghgrp_parent,CITY OF SCOTTSBORO ALABAMA,CITYOFSCOTTSBOROALABAMA,38473.25,38473.25,0.0014267628229742296,2.0,unmatched,
ghgrp_parent,LA Semiconductor,LASEMICONDUCTOR,38433.521486000005,38433.521486000005,0.0014252895092617878,1.0,unmatched,
ghgrp_parent,Mahaska County Solid Waste Management Commission,MAHASKACOUNTYSOLIDWASTEMANAGEMENTCOMMISSION,38422.1,38422.1,0.0014248659486941744,3.0,unmatched,
ghgrp_parent,Ameredev II LLC,AMEREDEVII,38290.798,123149.272,0.0014199966742715002,2.0,unmatched,
ghgrp_parent,UNIVERSITY OF ARKANSAS SYSTEM,UNIVERSITYOFARKANSASSYSTEM,38154.554000000004,43448.036,0.0014149441280464398,14.0,unmatched,
ghgrp_parent,COUNTY OF CAMPELL WYOMING,COUNTYOFCAMPELLWYOMING,38137.55,38137.55,0.001414313542508648,5.0,unmatched,
ghgrp_parent,CITY OF MORRIS ILLINOIS,CITYOFMORRISILLINOIS,38122.5,59632.75,0.0014137554201642717,14.0,unmatched,
ghgrp_parent,R B PAMPLIN CORP,RBPAMPLIN,38110.476,100780.70599999999,0.0014133095156414295,5.0,unmatched,
ghgrp_parent,TOWN OF COLONIE NEW YORK,TOWNOFCOLONIENEWYORK,38061.3,38930.35,0.0014114858462456136,2.0,unmatched,
ghgrp_parent,TAC MANUFACTURING,TACMANUFACTURING,38053.2,61833.6,0.0014111854614622613,8.0,unmatched,
ghgrp_parent,Chemtrade Logistics,CHEMTRADELOGISTICS,38052.756,38052.756,0.001411168995925989,14.0,unmatched,
ghgrp_parent,UNIVERSITY OF SOUTH CAROLINA,UNIVERSITYOFSOUTHCAROLINA,37990.727999999996,38561.422,0.0014088687160072543,13.0,unmatched,
ghgrp_parent,CITY OF CANTON MISSISSIPPI,CITYOFCANTONMISSISSIPPI,37966.75,38030.75,0.001407979502879451,2.0,unmatched,
ghgrp_parent,BARTON COUNTY KANSAS,BARTONCOUNTYKANSAS,37850.9,37850.9,0.0014036832587866965,2.0,unmatched,
ghgrp_parent,THE UNIVERSITY OF DELAWARE,UNIVERSITYOFDELAWARE,37843.405999999995,43026.06,0.001403405347235284,14.0,unmatched,
ghgrp_parent,VIRGINIA COMMONWEALTH UNIVERSITY,VIRGINIACOMMONWEALTHUNIVERSITY,37807.908,37807.908,0.0014020889201933802,13.0,unmatched,
ghgrp_parent,OWENS-ILLINOIS INC,OWENSILLINOIS,37551.304,1569745.7479999997,0.0013925728785949582,14.0,unmatched,
ghgrp_parent,PETROBRAS AMERICA INC,PETROBRAS,37521.952,1084190.644,0.00139148437314299,14.0,unmatched,
ghgrp_parent,WARBURG PINCUS LLC,WARBURGPINCUS,37488.635,38629.668,0.0013902488274853439,5.0,unmatched,
ghgrp_parent,THE NEIL JONES FOOD CO,NEILJONESFOOD,37477.408,37477.408,0.0013898324793418018,8.0,unmatched,
ghgrp_parent,UNISEA INC,UNISEA,37474.544,41752.195999999996,0.0013897262692159353,14.0,unmatched,
ghgrp_parent,HOLMES WESTERN OIL CORP,HOLMESWESTERNOIL,37467.223999999995,38084.822,0.0013894548103746836,10.0,unmatched,
ghgrp_parent,PROVIDENCE HEALTH SYSTEM WASHINGTON INC,PROVIDENCEHEALTHSYSTEMWASHINGTON,37408.208000000006,38316.904,0.0013872662290939073,9.0,unmatched,
ghgrp_parent,AGRA MARKE QUALITY GRAINS INC,AGRAMARKEQUALITYGRAINS,37374.34224,40718.22150000001,0.001386010332923457,13.0,unmatched,
ghgrp_parent,NORTH DAKOTA UNIVERSITY SYSTEM,NORTHDAKOTAUNIVERSITYSYSTEM,37357.683999999994,74771.164,0.0013853925697366145,5.0,unmatched,
ghgrp_parent,TULARE COUNTY SOLID WASTE DEPARTMENT,TULARECOUNTYSOLIDWASTEDEPARTMENT,37297.75,55652.5,0.001383169944847058,10.0,unmatched,
ghgrp_parent,THE DAY & ZIMMERMANN GROUP INC,DAYZIMMERMANN,37271.941999999995,55667.242,0.0013822128670089413,9.0,unmatched,
ghgrp_parent,GELITA NORTH AMERICA INC,GELITANORTH,37116.56,39512.852000000006,0.0013764505968352654,13.0,unmatched,
ghgrp_parent,THE MOUNT SINAI MEDICAL CENTER,MOUNTSINAIMEDICALCENTER,37107.45,70332.59800000001,0.0013761127566653472,14.0,unmatched,
ghgrp_parent,STATE OF KANSAS,STATEOFKANSAS,37077.76,72634.52799999999,0.0013750117166384688,14.0,unmatched,
ghgrp_parent,PACIFIC COAST ENERGY CO LP,PACIFICCOASTENERGY,37000.112,61737.168,0.0013721321761869007,13.0,unmatched,
ghgrp_parent,ABILENE ENVIRONMENTAL LANDFILL INC,ABILENEENVIRONMENTALLANDFILL,36898.5,36898.5,0.0013683639417911046,7.0,unmatched,
ghgrp_parent,"Blackhill Energy, LLC",BLACKHILLENERGY,36853.398,36853.398,0.0013666913548159522,1.0,unmatched,
ghgrp_parent,MONTCLAIR STATE UNIVERSITY,MONTCLAIRSTATEUNIVERSITY,36784.158,44040.848,0.0013641236211864112,14.0,unmatched,
ghgrp_parent,Sanofi Pasteur Inc.,SANOFIPASTEUR,36717.412,43429.2,0.0013616483764025097,9.0,unmatched,
ghgrp_parent,NORTHWEST DAIRY ASSOC,NORTHWESTDAIRYASSOC,36711.16,42702.087999999996,0.0013614165238512116,5.0,unmatched,
ghgrp_parent,COUNTY OF BLOUNT TENNESSEE,COUNTYOFBLOUNTTENNESSEE,36645.8,36645.8,0.0013589926782413503,2.0,unmatched,
ghgrp_parent,GKN Powdered Metallurgy Holdings INC,GKNPOWDEREDMETALLURGY,36545.312,36545.312,0.0013552661268698117,1.0,unmatched,
ghgrp_parent,"Shell Rock Soy Processing, LLC",SHELLROCKSOYPROCESSING,36488.712,36488.712,0.0013531671418404645,1.0,unmatched,
ghgrp_parent,NP PAPER INVESTOR HOLDINGS LLC,NPPAPERINVESTOR,36394.812,44357.532,0.0013496849034260522,7.0,unmatched,
ghgrp_parent,Jetta Operating Co Inc,JETTAOPERATING,36180.666,36180.666,0.0013417433972759702,1.0,unmatched,
ghgrp_parent,CAZA PETROLEUM LLC,CAZAPETROLEUM,36150.006,44854.57,0.0013406063852441721,3.0,unmatched,
ghgrp_parent,WINNESHIEK COUNTY SANITARY LANDFILL,WINNESHIEKCOUNTYSANITARYLANDFILL,35734.25,38027.0,0.0013251882647519215,14.0,unmatched,
ghgrp_parent,GOM SHELF LLC,GOMSHELF,35689.6171761716,35689.6171761716,0.0013235330769598135,2.0,unmatched,
ghgrp_parent,WESTMORELAND WASTE LLC,WESTMORELANDWASTE,35679.25,73115.25,0.0013231486149884214,6.0,unmatched,
ghgrp_parent,CORRAL DE PIEDRA LAND CO,CORRALDEPIEDRALAND,35533.25,65690.25,0.0013177342719798573,10.0,unmatched,
ghgrp_parent,Salt River Pima Maricopa Indian Community,SALTRIVERPIMAMARICOPAINDIANCOMMUNITY,35449.5,135105.0,0.0013146284416581638,14.0,unmatched,
ghgrp_parent,AMALGAMATED INVESTMENTS CO,AMALGAMATEDINVESTMENTS,35393.716,43699.636,0.0013125597176143985,5.0,unmatched,
ghgrp_parent,OREGON STATE BOARD OF HIGHER EDUCATION,OREGONSTATEBOARDOFHIGHEREDUCATION,35354.816,48201.668000000005,0.0013111171289634867,13.0,unmatched,
ghgrp_parent,High-Purity Silicon America Corp,HIGHPURITYSILICON,35314.867999999995,35314.867999999995,0.0013096356757134446,1.0,unmatched,
ghgrp_parent,"Shadow Wolf Energy, LLC",SHADOWWOLFENERGY,35258.968,35258.968,0.0013075626498629056,1.0,unmatched,
ghgrp_parent,ACCURIDE CORP,ACCURIDE,35221.46,69271.138,0.0013061716828932806,13.0,unmatched,
ghgrp_parent,HABERSHAM COUNTY GEORGIA,HABERSHAMCOUNTYGEORGIA,35200.75,35200.75,0.00130540366204597,2.0,unmatched,
ghgrp_parent,AMPLIFY ENERGY CORP,AMPLIFYENERGY,35125.034,53084.008,0.0013025957689279122,7.0,unmatched,
ghgrp_parent,COUNTY OF KANE DIV OF ENV,COUNTYOFKANEDIVOFENV,35073.384,99000.992,0.0013006803523772797,9.0,unmatched,
ghgrp_parent,Middle Tennessee State University,MIDDLETENNESSEESTATEUNIVERSITY,35064.867999999995,42930.888,0.0013003645404248074,4.0,unmatched,
ghgrp_parent,CITY OF ALAMOGORDO PUBLIC WORKS DEPARTMENT,CITYOFALAMOGORDOPUBLICWORKSDEPARTMENT,35039.0,35039.0,0.0012994052375142218,7.0,unmatched,
ghgrp_parent,MW/MB LLC,MWMB,34971.216,35613.864,0.001296891498976602,14.0,unmatched,
ghgrp_parent,WYOMING SUGAR CO,WYOMINGSUGAR,34967.848,38131.928,0.0012967665982419932,14.0,unmatched,
ghgrp_parent,LOUISIANA TECH UNIVERSITY,LOUISIANATECHUNIVERSITY,34965.020000000004,37369.36,0.0012966617231596085,13.0,unmatched,
ghgrp_parent,COVATION BIOMATERIALS LLC,COVATIONBIOMATERIALS,34955.468,38857.004,0.0012963074916225,2.0,unmatched,
ghgrp_parent,COUNTY OF LEWIS & CLARK MONTANA,COUNTYOFLEWISCLARKMONTANA,34915.75,34915.75,0.0012948345678169236,4.0,unmatched,
ghgrp_parent,ERVING INDUSTRIES INC,ERVING,34874.011999999995,34902.442,0.001293286733238215,14.0,unmatched,
ghgrp_parent,THE METHODIST HOSPITAL,METHODISTHOSPITAL,34873.367999999995,45424.827999999994,0.0012932628507937114,13.0,unmatched,
ghgrp_parent,CITY OF PENSACOLA FLORIDA,CITYOFPENSACOLAFLORIDA,34810.15,35285.65,0.0012909184402710033,2.0,unmatched,
ghgrp_parent,COUNTY OF STANISLAUS,COUNTYOFSTANISLAUS,34776.5,226551.0,0.0012896705454611527,14.0,unmatched,
ghgrp_parent,GRAFTECH INTERNATIONAL LTD,GRAFTECH,34745.896,296233.604,0.0012885356101636591,14.0,unmatched,
ghgrp_parent,WARWICK INVESTMENT GROUP,WARWICKINVESTMENT,34673.86,34673.86,0.00128586418815705,3.0,unmatched,
ghgrp_parent,GLOBAL TUNGSTEN & POWDERS CORP,GLOBALTUNGSTENPOWDERS,34669.32,50489.659999999996,0.0012856958243402084,14.0,unmatched,
ghgrp_parent,FINKL & SONS CO,FINKLSONS,34617.38,41902.308000000005,0.001283769653272641,3.0,unmatched,
ghgrp_parent,COUNTY OF LAURENS GEORGIA,COUNTYOFLAURENSGEORGIA,34592.25,34592.25,0.0012828377187534272,2.0,unmatched,
ghgrp_parent,STARPET INC,STARPET,34533.920000000006,35798.816,0.0012806745774678826,14.0,unmatched,
ghgrp_parent,IMTT-BAYONNE LLC,IMTTBAYONNE,34514.920000000006,40844.782,0.0012799699711859463,6.0,unmatched,
ghgrp_parent,CALIFORNIA INSTITUTE OF TECHNOLOGY,CALIFORNIAINSTITUTEOFTECHNOLOGY,34496.82,60335.972,0.0012792987409910488,14.0,unmatched,
ghgrp_parent,STOELZLE GLASS USA INC,STOELZLEGLASS,34495.5,37874.002,0.0012792497893967247,3.0,unmatched,
ghgrp_parent,ROUSSELOT INC,ROUSSELOT,34489.420000000006,44273.784,0.0012790243153865052,13.0,unmatched,
ghgrp_parent,BLACKBEARD HOLDINGS LLC,BLACKBEARD,34447.486,40942.326,0.00127746921223773,2.0,unmatched,
ghgrp_parent,AMPCO-PITTSBURGH CORP,AMPCOPITTSBURGH,34386.372,40422.1,0.0012752028275896112,13.0,unmatched,
ghgrp_parent,Emerald People's Utility District,EMERALDPEOPLESUTILITYDISTRICT,34367.792,34367.792,0.0012745137968149596,1.0,unmatched,
ghgrp_parent,BENTELER NORTH AMERICA CORP,BENTELERNORTH,34348.62,41131.596000000005,0.001273802811991945,6.0,unmatched,
ghgrp_parent,Lake County Board of County Commissioners,LAKECOUNTYBOARDOFCOUNTYCOMMISSIONERS,34270.75,34270.75,0.00127091503877224,1.0,unmatched,
ghgrp_parent,AMERICAN AIRLINES GROUP INC,AIRLINES,34261.918000000005,43234.474,0.0012705875081047632,10.0,unmatched,
ghgrp_parent,DELAWARE COUNTY PENNSYLVANIA,DELAWARECOUNTYPENNSYLVANIA,34231.5,138382.55,0.0012694594705319239,5.0,unmatched,
ghgrp_parent,TUMBLEWEED MIDSTREAM LLC,TUMBLEWEEDMIDSTREAM,34218.872,34947.968,0.0012689911669462243,8.0,unmatched,
ghgrp_parent,PCM (US) STEERING HOLDING INC,PCMSTEERING,34077.072,93655.368,0.0012637325790105093,9.0,unmatched,
ghgrp_parent,Blaine Larsen Farms INC,BLAINELARSENFARMS,34070.36,34070.36,0.00126348366757028,1.0,unmatched,
ghgrp_parent,CAVENDISH AMERICA INC,CAVENDISH,34019.972,36849.404,0.0012616150517105846,14.0,unmatched,
ghgrp_parent,GLASS ENERGY CO INC,GLASSENERGY,34015.788,37521.88,0.0012614598899903938,5.0,unmatched,
ghgrp_parent,CITY OF SNYDER TEXAS,CITYOFSNYDERTEXAS,33923.25,33923.25,0.0012580281607210344,2.0,unmatched,
ghgrp_parent,MID AMERICAN STEEL & WIRE CO LLC,MIDSTEELWIRE,33828.452000000005,55590.536,0.0012545126203886657,13.0,unmatched,
ghgrp_parent,TBM Catarina LLC,TBMCATARINA,33808.407999999996,33808.407999999996,0.0012537692978457637,1.0,unmatched,
ghgrp_parent,BROWARD COUNTY SOLID WASTE & RECYCLING SERVICES,BROWARDCOUNTYSOLIDWASTERECYCLING,33793.5,56500.25,0.0012532164415062317,12.0,unmatched,
ghgrp_parent,SCEPTER INC,SCEPTER,33775.372,33775.372,0.0012525441729441822,2.0,unmatched,
ghgrp_parent,COUNTY OF CORTLAND NEW YORK,COUNTYOFCORTLANDNEWYORK,33671.55,33671.55,0.0012486939817124348,2.0,unmatched,
ghgrp_parent,CYTEC INDUSTRIES INC,CYTEC,33654.824,410876.42,0.0012480737056770835,14.0,unmatched,
ghgrp_parent,LAKEVIEW ENERGY LLC,LAKEVIEWENERGY,33567.623999999996,40996.646,0.0012448399336884067,10.0,unmatched,
ghgrp_parent,CRESTWOOD ENERGY,CRESTWOODENERGY,33567.623999999996,40996.646,0.0012448399336884067,9.0,unmatched,
ghgrp_parent,STYROPEK USA INC,STYROPEK,33538.462,38396.744,0.001243758474299258,5.0,unmatched,
ghgrp_parent,BJC HEALTHCARE,BJCHEALTHCARE,33510.723999999995,35574.216,0.0012427298232967128,6.0,unmatched,
ghgrp_parent,BRUNSWICK CORP,BRUNSWICK,33504.346000000005,39649.254,0.0012424932980932297,14.0,unmatched,
ghgrp_parent,COVORO MINING SOLUTIONS LLC,COVOROMININGSOLUTIONS,33486.123999999996,35603.016,0.0012418175435843111,3.0,unmatched,
ghgrp_parent,DIAGEO USVI INC,DIAGEOUSVI,33352.316,42119.652,0.0012368553353015034,13.0,unmatched,
ghgrp_parent,GH GROUP INC,GH,33255.824,36737.511999999995,0.0012332769737564188,3.0,unmatched,
ghgrp_parent,ROWAN COUNTY NORTH CAROLINA,ROWANCOUNTYNORTHCAROLINA,33229.75,162318.5,0.001232310031430355,14.0,unmatched,
ghgrp_parent,SEMCO HOLDING CORP,SEMCO,33174.144,35822.392,0.0012302479084349153,5.0,unmatched,
ghgrp_parent,D90 RESOURCES,D90RESOURCES,33157.01,134268.752,0.0012296125019067732,3.0,unmatched,
ghgrp_parent,CITY OF VERMILLION SOUTH DAKOTA,CITYOFVERMILLIONSOUTHDAKOTA,33092.198000000004,33092.198000000004,0.0012272089786254648,2.0,unmatched,
ghgrp_parent,NAPA VALLEGO WASTE MANAGEMENT AUTHORITY,NAPAVALLEGOWASTEMANAGEMENTAUTHORITY,33076.5,52356.75,0.0012266268254984205,13.0,unmatched,
ghgrp_parent,LITTLE RAPIDS CORP,LITTLERAPIDS,33063.976,36492.212,0.001226162378705001,14.0,unmatched,
ghgrp_parent,WAYNE STATE UNIVERSITY,WAYNESTATEUNIVERSITY,33054.376000000004,48349.368,0.0012258063671099174,14.0,unmatched,
ghgrp_parent,YOLO COUNTY CALIFORNIA,YOLOCOUNTYCALIFORNIA,32785.5,32785.5,0.0012158352240224468,2.0,unmatched,
ghgrp_parent,CPX Energy,CPXENERGY,32774.368,39792.404,0.0012154223989103146,2.0,unmatched,
ghgrp_parent,DAVIESS COUNTY BOARD OF COMMISSIONERS,DAVIESSCOUNTYBOARDOFCOMMISSIONERS,32758.7,32758.7,0.001214841358319505,14.0,unmatched,
ghgrp_parent,ST PAPER LLC,STPAPER,32738.976,63463.092000000004,0.0012141099028297729,14.0,unmatched,
ghgrp_parent,HARDIN COUNTY FISCAL COURT,HARDINCOUNTYFISCALCOURT,32721.25,178763.25,0.001213452542253267,11.0,unmatched,
ghgrp_parent,AMSTED INDUSTRIES INC,AMSTED,32681.876,32681.876,0.001211992375529848,6.0,unmatched,
ghgrp_parent,CHARLOTTE PIPE & FOUNDRY CO,CHARLOTTEPIPEFOUNDRY,32673.27,54530.672,0.0012116732259686719,14.0,unmatched,
ghgrp_parent,SUMITOMO RUBBER USA LLC,SUMITOMORUBBER,32665.628,32665.628,0.001211389825905169,9.0,unmatched,
ghgrp_parent,CITY OF LUBBOCK TEXAS TEXAS,CITYOFLUBBOCKTEXASTEXAS,32663.676,32663.676,0.0012113174368808353,2.0,unmatched,
ghgrp_parent,CITY OF WINSTON-SALEM,CITYOFWINSTONSALEM,32616.75,55173.75,0.001209577207702617,14.0,unmatched,
ghgrp_parent,THE COLLEGE OF NEW JERSEY,COLLEGEOFNEWJERSEY,32585.976,34416.420000000006,0.0012084359680331269,13.0,unmatched,
ghgrp_parent,BAVARIAN TRUCKING CO INC,BAVARIANTRUCKING,32575.65,67175.0,0.0012080530330611649,14.0,unmatched,
ghgrp_parent,SOUTHERN HENS INC,SOUTHERNHENS,32573.368,55789.116,0.0012079684061382502,13.0,unmatched,
ghgrp_parent,THE WASHINGTON UNIVERSITY,WASHINGTONUNIVERSITY,32569.428,37231.76,0.0012078222930461012,5.0,unmatched,
ghgrp_parent,TOWERJAZZ TEXAS INC,TOWERJAZZTEXAS,32535.966376,38475.130368,0.0012065813840737754,8.0,unmatched,
ghgrp_parent,DANONE NORTH AMERICA PUBLIC BENEFIT CORP,DANONENORTHPUBLICBENEFIT,32532.728,34211.172,0.0012064612903857294,8.0,unmatched,
ghgrp_parent,CITY OF OKMULGEE OKLAHOMA,CITYOFOKMULGEEOKLAHOMA,32442.25,32442.25,0.001203105955271148,12.0,unmatched,
ghgrp_parent,"Eastern Gas Transmission & Storage, Inc",EASTERNGASTRANSMISSIONSTORAGE,32404.148,32404.148,0.0012016929600840776,1.0,unmatched,
ghgrp_parent,MATANUSKA-SUSITNA BOROUGH,MATANUSKASUSITNABOROUGH,32309.0,39638.75,0.0011981644401623047,7.0,unmatched,
ghgrp_parent,Apex Energy LLC,APEXENERGY,32276.082000000002,32276.082000000002,0.0011969436912365793,2.0,unmatched,
ghgrp_parent,RIDGEWOOD KINGSS QUAY INFRASTRUCTURE LLC,RIDGEWOODKINGSSQUAYINFRASTRUCTURE,32239.232500000002,32239.232500000002,0.0011955771444373047,2.0,unmatched,
ghgrp_parent,VISTA METALS CORP,VISTAMETALS,32234.228,35065.568,0.0011953915548510966,14.0,unmatched,
ghgrp_parent,BEAUMONT HEALTH SYSTEM LLC,BEAUMONTHEALTHSYSTEM,32222.678,33065.776000000005,0.0011949632284007617,9.0,unmatched,
ghgrp_parent,TEHAMA COUNTY/CITY OF RED BLUFF LANDFILL AGENCY,TEHAMACOUNTYCITYOFREDBLUFFLANDFILLAGENCY,32167.25,33504.75,0.0011929077064536473,13.0,unmatched,
ghgrp_parent,WOLF RUN ENERGY LLC,WOLFRUNENERGY,32140.98,32140.98,0.0011919334955575174,1.0,unmatched,
ghgrp_parent,WHITNEY OIL & GAS LLC,WHITNEYOILGAS,32124.08,81789.292,0.0011913067668120054,9.0,unmatched,
ghgrp_parent,"MANTI TARKA PERMIAN OPERATING, LLC",MANTITARKAPERMIANOPERATING,32035.416,32035.416,0.0011880187030550787,1.0,unmatched,
ghgrp_parent,"Franklin Mountain Energy 3, LLC",FRANKLINMOUNTAINENERGY3,31943.917999999998,31943.917999999998,0.0011846255417085198,2.0,unmatched,
ghgrp_parent,STATE OF NEBRASKA,STATEOFNEBRASKA,31943.422,34988.896,0.001184607147776107,13.0,unmatched,
ghgrp_parent,CITY OF JOHNSON CITY,CITYOFJOHNSONCITY,31913.45,67288.35590399998,0.001183495649908623,12.0,unmatched,
ghgrp_parent,ROCHESTER PUBLIC UTILITIES,ROCHESTERPUBLICUTILITIES,31911.88,157121.57400000002,0.0011834374271790103,14.0,unmatched,
ghgrp_parent,Washington Potato CO,WASHINGTONPOTATO,31872.280000000002,32015.08,0.0011819688793492905,8.0,unmatched,
ghgrp_parent,SOLID WASTE MANAGEMENT COMMISSION OF MARSHALL COUNTY,SOLIDWASTEMANAGEMENTCOMMISSIONOFMARSHALLCOUNTY,31811.75,31811.75,0.0011797241520732054,11.0,unmatched,
ghgrp_parent,TAUNTON MUNICIPAL LIGHTING PLANT,TAUNTONMUNICIPALLIGHTINGPLANT,31764.358,104047.744,0.001177966641498809,14.0,unmatched,
ghgrp_parent,COUNTY OF ORANGE VIRGINIA,COUNTYOFORANGEVIRGINIA,31709.5,31709.5,0.0011759322577401528,2.0,unmatched,
ghgrp_parent,IRVING JD LTD,IRVINGJD,31614.48,36322.764,0.0011724084846396476,5.0,unmatched,
ghgrp_parent,TENSAS PARISH POLICE JURY,TENSASPARISHPOLICEJURY,31560.5,51327.5,0.0011704066611081252,10.0,unmatched,
ghgrp_parent,PLAINS GP HOLDINGS LP,PLAINSGP,31503.904,168432.264,0.0011683078244169422,5.0,unmatched,
ghgrp_parent,COUNTY OF BEDFORD VA,COUNTYOFBEDFORDVA,31387.2,35116.65,0.001163979910126042,7.0,unmatched,
ghgrp_parent,WEBCO INDUSTRIES INC,WEBCO,31335.532,59915.072,0.0011620638260536685,4.0,unmatched,
ghgrp_parent,TRENDWELL ENERGY CORP,TRENDWELLENERGY,31260.446,165853.546,0.0011592792961965383,13.0,unmatched,
ghgrp_parent,COMMERCIAL BRICK CORP,COMMERCIALBRICK,31196.53,31583.629999999997,0.0011569090006641042,11.0,unmatched,
ghgrp_parent,Stanford University,STANFORDUNIVERSITY,31196.032,31196.032,0.001156890532562609,1.0,unmatched,
ghgrp_parent,SOUTHWESTERN PRODUCTION CORP,SOUTHWESTERNPRODUCTION,31167.928,31167.928,0.0011558483086180017,6.0,unmatched,
ghgrp_parent,"Nickel Road Operting, LLC",NICKELROADOPERTING,31165.631999999998,31165.631999999998,0.0011557631625115107,1.0,unmatched,
ghgrp_parent,ARKANSAS STEEL ASSOCIATES LLC,ARKANSASSTEELASSOCIATES,31146.768,84286.772,0.0011550635997271714,14.0,unmatched,
ghgrp_parent,PASSAIC VALLEY SEWERAGE COMMISSIONERS,PASSAICVALLEYSEWERAGECOMMISSIONERS,31066.484,32720.075999999997,0.0011520863044251197,14.0,unmatched,
ghgrp_parent,BUCKNELL UNIVERSITY,BUCKNELLUNIVERSITY,31036.93,32878.12,0.0011509903078958381,13.0,unmatched,
ghgrp_parent,GEISINGER HEALTH,GEISINGERHEALTH,30901.131999999998,35760.864,0.0011459543013761328,5.0,unmatched,
ghgrp_parent,WEST BAY EXPLORATION CO,WESTBAYEXPLORATION,30892.108,158135.43800000002,0.0011456196504767541,13.0,unmatched,
ghgrp_parent,"MITSUI CHEMICALS AMERICA, INC.",MITSUI,30890.004,180753.563838,0.001145541624602165,13.0,unmatched,
ghgrp_parent,COUNTY OF ELKHART INDIANA,COUNTYOFELKHARTINDIANA,30805.0,30805.0,0.0011423892902658638,2.0,unmatched,
ghgrp_parent,RECOIL RESOURCES OPERATING INC,RECOILRESOURCESOPERATING,30696.352,92506.22200000001,0.0011383601290385042,6.0,unmatched,
ghgrp_parent,CITY OF RIVERSIDE PUBLIC UTILITY,CITYOFRIVERSIDEPUBLICUTILITY,30694.036,56550.835999999996,0.0011382742412411905,13.0,unmatched,
ghgrp_parent,PAXTON RESOURCES,PAXTONRESOURCES,30672.814,148455.76200000002,0.0011374872331088087,9.0,unmatched,
ghgrp_parent,"Phoenix Endicott Industrial Investors, LLC",PHOENIXENDICOTTINDUSTRIALINVESTORS,30628.484,30628.484,0.0011358432753994275,2.0,unmatched,
ghgrp_parent,CARESTREAM HEALTH INC,CARESTREAMHEALTH,30627.584,35264.367999999995,0.0011358098993123884,14.0,unmatched,
ghgrp_parent,OXBOW CREEK ENERGY LLC,OXBOWCREEKENERGY,30522.131999999998,30522.131999999998,0.001131899260278559,1.0,unmatched,
ghgrp_parent,GALLIA COUNTY COMMISSIONERS,GALLIACOUNTYCOMMISSIONERS,30453.7,61545.9772,0.001129361490958271,3.0,unmatched,
ghgrp_parent,MITSUBISHI CHEMICAL AMERICA INC,MITSUBISHICHEMICAL,30446.836,33628.024,0.0011291069426677862,3.0,unmatched,
ghgrp_parent,BEAVER DAM ENERGY LLC,BEAVERDAMENERGY,30438.588,30438.588,0.0011288010693723434,1.0,unmatched,
ghgrp_parent,CITY OF PAMPA TEXAS,CITYOFPAMPATEXAS,30408.75,30408.75,0.001127694540833374,2.0,unmatched,
ghgrp_parent,CATAMOUNT ENERGY PARTNERS LLC,CATAMOUNTENERGY,30373.544,43061.196,0.0011263889424774872,7.0,unmatched,
ghgrp_parent,HEAVEN HILL DISTILLERIES INC,HEAVENHILLDISTILLERIES,30342.736,30342.736,0.0011252464419335977,6.0,unmatched,
ghgrp_parent,AMALGAMATED WARBASSE HOUSES TENANTS ASSOC INC,AMALGAMATEDWARBASSEHOUSESTENANTSASSOC,30341.884,33026.424,0.001125214845904534,5.0,unmatched,
ghgrp_parent,OHIO COUNTY FISCAL COURT,OHIOCOUNTYFISCALCOURT,30310.65,57832.698000000004,0.0011240565473461129,14.0,unmatched,
ghgrp_parent,Perstorp Polyols,PERSTORPPOLYOLS,30308.588,38332.812,0.001123980079022252,3.0,unmatched,
ghgrp_parent,NEW MEXICO STATE UNIVERSITY,NEWMEXICOSTATEUNIVERSITY,30291.736,35567.516,0.0011233551303347156,14.0,unmatched,
ghgrp_parent,City of Austin,CITYOFAUSTIN,30257.5,1487169.4819999998,0.0011220855039837485,14.0,unmatched,
ghgrp_parent,THE LYCRA CO LLC,LYCRA,30257.436,31247.631999999998,0.0011220831305731147,5.0,unmatched,
ghgrp_parent,SOUTH CENTRAL IOWA LANDFILL AGENCY INC,SOUTHCENTRALIOWALANDFILLAGENCY,30251.5,30251.5,0.0011218629967368213,8.0,unmatched,
ghgrp_parent,DISTRICT ENERGY ST PAUL INC,DISTRICTENERGYSTPAUL,30241.37,75286.364,0.0011214873303349257,14.0,unmatched,
ghgrp_parent,PITT COUNTY NORTH CAROLINA,PITTCOUNTYNORTHCAROLINA,30229.5,30629.5,0.0011210471368314212,2.0,unmatched,
ghgrp_parent,Kensing LLC,KENSING,30169.836,35773.416,0.0011188345247679762,3.0,unmatched,
ghgrp_parent,HUNT FOREST PRODUCTS LLC,HUNTFORESTPRODUCTS,30154.536,32169.828,0.0011182671312883116,4.0,unmatched,
ghgrp_parent,BAKELITE LLC,BAKELITE,30049.388,30961.684,0.001114367765954993,3.0,unmatched,
ghgrp_parent,MURPHY USA INC,MURPHY,30022.444,748973.779,0.001113368560078125,3.0,unmatched,
ghgrp_parent,DOUGLAS COUNTY NEBRASKA,DOUGLASCOUNTYNEBRASKA,29933.75,87992.75,0.0011100793837849636,13.0,unmatched,
ghgrp_parent,CITY OF RICHLAND WASHINGTON,CITYOFRICHLANDWASHINGTON,29884.75,44471.5,0.0011082622412683905,13.0,unmatched,
ghgrp_parent,CITY PUBLIC SERVICES OF SAN ANTONIO TEXAS,CITYPUBLICOFSANANTONIOTEXAS,29879.5,29879.5,0.0011080675474273293,2.0,unmatched,
ghgrp_parent,CITY OF ST JOSEPH MISSOURI,CITYOFSTJOSEPHMISSOURI,29832.65,29832.65,0.0011063301366742388,2.0,unmatched,
ghgrp_parent,CHOBANI GLOBAL HOLDINGS LLC,CHOBANIGLOBAL,29802.688,29802.688,0.001105219009652166,2.0,unmatched,
ghgrp_parent,HYUNDAI MOTOR AMERICA,HYUNDAIMOTOR,29768.73,32176.568000000003,0.0011039596928036398,13.0,unmatched,
ghgrp_parent,MCELROY TRUCK LINES INC,MCELROYTRUCKLINES,29713.588,29713.588,0.0011019147770352958,3.0,unmatched,
ghgrp_parent,BUREAU OF LAND MANAGEMENT,BUREAUOFLANDMANAGEMENT,29703.4,34418.45,0.0011015369597300133,3.0,unmatched,
ghgrp_parent,FAMILY & ESTATE OF WALTER SCOTT JR,FAMILYESTATEOFWALTERSCOTTJR,29658.644656000004,65112.139384,0.0010998772283335593,3.0,unmatched,
ghgrp_parent,MARCAL MANUFACTURING LLC,MARCALMANUFACTURING,29614.14,65598.668,0.0010982267935865583,13.0,unmatched,
ghgrp_parent,CITY OF UNALASKA ALASKA,CITYOFUNALASKAALASKA,29611.522,29611.522,0.0010981297062578157,2.0,unmatched,
ghgrp_parent,CITY OF ANN ARBOR MICHIGAN,CITYOFANNARBORMICHIGAN,29610.75,29610.75,0.0010981010769920444,2.0,unmatched,
ghgrp_parent,COUNTY OF AMHERST,COUNTYOFAMHERST,29579.5,30036.0,0.0010969421850809647,5.0,unmatched,
ghgrp_parent,MIDSTREAM ENERGY PARTNERS (USA) LLC,MIDSTREAMENERGY,29576.194000000003,31680.093999999997,0.001096819583587908,6.0,unmatched,
ghgrp_parent,CITY OF SAN JOSE CALIFORNIA,CITYOFSANJOSECALIFORNIA,29571.864,29571.864,0.0010966590075247088,2.0,unmatched,
ghgrp_parent,PECHANGA BAND OF LUISENO MISSION INDIANS,PECHANGABANDOFLUISENOMISSIONINDIANS,29564.088,29564.088,0.0010963706381326907,11.0,unmatched,
ghgrp_parent,COMPLETE PAPER INC,COMPLETEPAPER,29542.088,30319.782,0.0010955547782272907,2.0,unmatched,
ghgrp_parent,COUNTY OF DANE PUTLIC WORKS SOLID WASTE DIV,COUNTYOFDANEPUTLICWORKSSOLIDWASTEDIV,29533.948,90238.79000000001,0.0010952529100622926,9.0,unmatched,
ghgrp_parent,METRO NASHVILLE DISTRICT ENERGY SYSTEM,METRONASHVILLEDISTRICTENERGYSYSTEM,29485.14,32850.38,0.0010934428877776216,13.0,unmatched,
ghgrp_parent,MPC GENERATING LLC,MPCGENERATING,29377.487999999998,94465.254,0.001089450662753252,12.0,unmatched,
ghgrp_parent,GENERIS HOLDINGS LP,GENERIS,29374.44,35746.416,0.001089337629071813,4.0,unmatched,
ghgrp_parent,ROUNDTOP ENERGY LLC,ROUNDTOPENERGY,29364.44,29364.44,0.0010889667836602676,1.0,unmatched,
ghgrp_parent,PEL GULF COAST LLC,PELGULFCOAST,29274.577999999998,29274.577999999998,0.0010856342926230374,5.0,unmatched,
ghgrp_parent,CATHOLIC BISHOP OF CHICAGO,CATHOLICBISHOPOFCHICAGO,29263.95,110743.94799999999,0.001085240158119647,4.0,unmatched,
ghgrp_parent,THE WESTERVELT CO INC,WESTERVELT,29222.64,29222.64,0.0010837081957245525,2.0,unmatched,
ghgrp_parent,TOWN OF BABYLON NEW YORK,TOWNOFBABYLONNEWYORK,29149.75,29738.5,0.0010810051035197975,2.0,unmatched,
ghgrp_parent,COUNTY OF PEORIA ILLINOIS,COUNTYOFPEORIAILLINOIS,29087.59,29087.59,0.0010786999284416309,2.0,unmatched,
ghgrp_parent,MALTEUROP NORTH AMERICA INC,MALTEUROPNORTH,29062.64,73542.872,0.0010777746691398248,12.0,unmatched,
ghgrp_parent,LUFF EXPLORATION CO,LUFFEXPLORATION,29040.433999999997,41023.92,0.001076951169818947,13.0,unmatched,
ghgrp_parent,ENTEK INTERNATIONAL LLC,ENTEK,28972.14,29915.088,0.0010744185181653383,11.0,unmatched,
ghgrp_parent,YORK COUNTY SOUTH CAROLINA,YORKCOUNTYSOUTHCAROLINA,28917.0,48485.0,0.0010723736765660763,14.0,unmatched,
ghgrp_parent,Otter Creek Midstream,OTTERCREEKMIDSTREAM,28836.766,28836.766,0.0010693982354910824,1.0,unmatched,
ghgrp_parent,COE BRIDGEWATER LLC C/O THOR EQUITIES LLC,COEBRIDGEWATERCOTHOREQUITIES,28823.59,30274.634,0.00106890960957683,5.0,unmatched,
ghgrp_parent,HOUSTON LBC LP,HOUSTONLBC,28786.392,36594.912,0.0010675301388149631,4.0,unmatched,
ghgrp_parent,KORDSA INC,KORDSA,28776.292,41440.044,0.0010671555849493023,7.0,unmatched,
ghgrp_parent,DEL MONTE FOODS INC,DELMONTEFOODS,28740.192,30055.036,0.001065816833013623,11.0,unmatched,
ghgrp_parent,CHILDREN'S HOSPITAL MEDICAL CENTER,CHILDRENSHOSPITALMEDICALCENTER,28731.292,31675.8,0.0010654867805973476,14.0,unmatched,
ghgrp_parent,HENRY RESOURCES LLC,HENRYRESOURCES,28728.102,63995.498,0.0010653684809110644,8.0,unmatched,
ghgrp_parent,ANADARKO US OFFSHORE CORP,ANADARKOOFFSHORE,28727.9495844,31655.9780856,0.0010653628286484739,9.0,unmatched,
ghgrp_parent,CHEYENNE PETROLEUM CO,CHEYENNEPETROLEUM,28633.120000000003,28633.120000000003,0.0010618461170231234,1.0,unmatched,
ghgrp_parent,DICALITE MANAGEMENT GROUP INC,DICALITEMANAGEMENT,28615.685999999998,29722.670000000002,0.0010611995851326347,5.0,unmatched,
ghgrp_parent,TANGIPAHOA PARISH GOVERNMENT,TANGIPAHOAPARISHGOVERNMENT,28614.25,147874.2,0.0010611463317315368,14.0,unmatched,
ghgrp_parent,REYNOLDS GROUP HOLDINGS INC,REYNOLDS,28594.192,4166269.888,0.0010604024900050589,14.0,unmatched,
ghgrp_parent,DIAMOND GREEN DIESEL,DIAMONDGREENDIESEL,28556.95,28556.95,0.0010590213875233813,1.0,unmatched,
ghgrp_parent,CITY & COUNTY OF DENVER COLORADO,CITYCOUNTYOFDENVERCOLORADO,28551.392,28551.392,0.0010588152716436443,2.0,unmatched,
ghgrp_parent,LEXINGTON AREA SOLID WASTE AGENCY,LEXINGTONAREASOLIDWASTEAGENCY,28431.35,29594.1,0.00105436356915437,11.0,unmatched,
ghgrp_parent,ALABAMA MUNICIPAL ELECTRIC AUTHORITY,ALABAMAMUNICIPALELECTRICAUTHORITY,28403.544,55059.296,0.0010533323964030266,14.0,unmatched,
ghgrp_parent,MICHIGAN MILK PRODUCERS ASSOC,MICHIGANMILKPRODUCERSASSOC,28358.144,31514.032,0.0010516487582346102,9.0,unmatched,
ghgrp_parent,CITY OF GLENDALE CALIFORNIA,CITYOFGLENDALECALIFORNIA,28343.496,72248.58,0.0010511055438757783,2.0,unmatched,
ghgrp_parent,ALGONA MUNICIPAL UTILITIES,ALGONAMUNICIPALUTILITIES,28332.624473999997,142201.993206,0.0010507023783224182,14.0,unmatched,
ghgrp_parent,"Finley Resources, Inc",FINLEYRESOURCES,28221.868000000002,28221.868000000002,0.0010465950253042329,1.0,unmatched,
ghgrp_parent,CITY OF CASA GRANDE,CITYOFCASAGRANDE,28178.5,28178.5,0.0010449867429234423,1.0,unmatched,
ghgrp_parent,SANIMAX USA INC,SANIMAX,28167.244000000002,28254.618,0.0010445693193282069,14.0,unmatched,
ghgrp_parent,MOHEGAN TRIBE OF INDIANS OF CONNECTICUT,MOHEGANTRIBEOFINDIANSOFCONNECTICUT,28107.483999999997,32730.768,0.0010423531471488107,14.0,unmatched,
ghgrp_parent,WINDSET FARMS INC,WINDSETFARMS,28097.544,40696.796,0.0010419845268097349,10.0,unmatched,
ghgrp_parent,INSTANT BRANDS LLC,INSTANTBRANDS,27847.464,27847.464,0.0010327104247578054,3.0,unmatched,
ghgrp_parent,BERKSHIRE POWER CO,BERKSHIREPOWER,27806.744000000002,307982.708,0.0010312003422419923,6.0,unmatched,
ghgrp_parent,NORTHEASTERN UNIVERSITY,NORTHEASTERNUNIVERSITY,27778.844,33735.01,0.0010301656835437802,13.0,unmatched,
ghgrp_parent,FAIRFAX COUNTY GOVERNMENT,FAIRFAXCOUNTYGOVERNMENT,27778.5,80917.25,0.001030152926461623,14.0,unmatched,
ghgrp_parent,COUNTY OF MARATHON,COUNTYOFMARATHON,27742.6,46550.65,0.0010288215914341747,5.0,unmatched,
ghgrp_parent,PRUET PRODUCTION CO,PRUETPRODUCTION,27731.068,171909.412,0.0010283939325055804,13.0,unmatched,
ghgrp_parent,THE UNIVERSITY OF MAINE SYSTEM,UNIVERSITYOFMAINESYSTEM,27604.832,34080.58,0.0010237125283683948,14.0,unmatched,
ghgrp_parent,WIELAND HOLDINGS INC,WIELAND,27572.025999999998,29952.863999999998,0.0010224959329112786,4.0,unmatched,
ghgrp_parent,RIMROCK ENERGY PARTNERS LLC,RIMROCKENERGY,27501.948,29534.698,0.0010198971224362502,4.0,unmatched,
ghgrp_parent,CITY OF MARYVILLE TENNESSEE,CITYOFMARYVILLETENNESSEE,27484.35,27484.35,0.0010192445086810126,2.0,unmatched,
ghgrp_parent,CITY OF ALCOA TENNESSEE,CITYOFALCOATENNESSEE,27484.35,27484.35,0.0010192445086810126,2.0,unmatched,
ghgrp_parent,CHESTER COUNTY SOLID WASTE AUTHORITY,CHESTERCOUNTYSOLIDWASTEAUTHORITY,27368.75,80445.0,0.0010149575357235468,14.0,unmatched,
ghgrp_parent,METROPOLITAN AIRPORTS COMMISSION,METROPOLITANAIRPORTSCOMMISSION,27339.998,29139.688,0.0010138912809962712,13.0,unmatched,
ghgrp_parent,"1876 Resources, LLC",1876RESOURCES,27277.218,27277.218,0.0010115631135025889,1.0,unmatched,
ghgrp_parent,CUB CREEK ENERGY LLC,CUBCREEKENERGY,27277.218,58106.392,0.0010115631135025889,6.0,unmatched,
ghgrp_parent,NORTH AMERICAN HOGANAS,NORTHHOGANAS,27198.292,30463.124,0.0010086361790074248,11.0,unmatched,
ghgrp_parent,High River Resources LLC,HIGHRIVERRESOURCES,27165.876,91189.09999999999,0.001007434046521359,4.0,unmatched,
ghgrp_parent,CITY OF JAMESTOWN NEW YORK,CITYOFJAMESTOWNNEWYORK,27141.2,39969.052,0.0010065189483838292,2.0,unmatched,
ghgrp_parent,DART CONTAINER CORP,DARTCONTAINER,27107.494000000002,62986.60999999999,0.0010052689768396742,14.0,unmatched,
ghgrp_parent,DART CAPITAL DCC LLC,DARTCAPITALDCC,27086.048,39681.492,0.0010044736617700735,14.0,unmatched,
ghgrp_parent,CITY OF TUSCON ENVIRONMENTAL SERVICES,CITYOFTUSCONENVIRONMENTAL,26983.75,35613.75,0.0010006799873790457,6.0,unmatched,
ghgrp_parent,RUMBOLD & KUHN INC,RUMBOLDKUHN,26977.94282,27864.677359999998,0.0010004646307733439,13.0,unmatched,
ghgrp_parent,CITY OF NEWTON IOWA,CITYOFNEWTONIOWA,26974.0,27004.75,0.0010003184131027888,2.0,unmatched,
ghgrp_parent,UNIVERSITY OF VERMONT & STATE AGRICULTURAL COLLEGE,UNIVERSITYOFVERMONTSTATEAGRICULTURALCOLLEGE,26908.246,29770.476,0.0009978799561837126,14.0,unmatched,
ghgrp_parent,EXTEX OPERATING CO,EXTEXOPERATING,26889.552,38373.736,0.0009971866977713695,3.0,unmatched,
ghgrp_parent,SYNTHOMER JEFFERSON HILLS LLC,SYNTHOMERJEFFERSONHILLS,26845.648,40206.348,0.0009955585380765203,2.0,unmatched,
ghgrp_parent,ALLISON TRANSMISSION HOLDINGS INC,ALLISONTRANSMISSION,26842.806,28704.902000000002,0.000995453143810559,13.0,unmatched,
ghgrp_parent,NEW YORK CITY HEALTH & HOSPITALS CORP,NEWYORKCITYHEALTHHOSPITALS,26810.026,29092.221999999998,0.000994237512551513,4.0,unmatched,
ghgrp_parent,ROCHE HOLDINGS INC,ROCHE,26699.5,58605.17,0.0009901387065558652,11.0,unmatched,
ghgrp_parent,CITY OF BEATRICE NEBRASKA,CITYOFBEATRICENEBRASKA,26646.5,26646.5,0.0009881732258746742,3.0,unmatched,
ghgrp_parent,AMF HAWAII INVESTMENTS HOLDINGS LLC,AMFHAWAIIINVESTMENTS,26625.922000000002,26625.922000000002,0.000987410100186796,2.0,unmatched,
ghgrp_parent,JAMES MADISON UNIVERSITY,JAMESMADISONUNIVERSITY,26502.298,38920.798,0.000982825560871106,8.0,unmatched,
ghgrp_parent,CITY OF IOWA CITY IOWA,CITYOFIOWACITYIOWA,26464.948,26464.948,0.0009814404532589836,2.0,unmatched,
ghgrp_parent,HAIER SMART HOME CO LTD,HAIERSMARTHOME,26399.100000000002,30575.484,0.000978998510393039,5.0,unmatched,
ghgrp_parent,FULTON COUNTY DEPARTMENT OF SOLID WASTE,FULTONCOUNTYDEPARTMENTOFSOLIDWASTE,26378.698,34428.848000000005,0.0009782419115844038,14.0,unmatched,
ghgrp_parent,WK Kellogg Co,WKKELLOGG,26356.300000000003,26356.300000000003,0.0009774112920316244,1.0,unmatched,
ghgrp_parent,ENKEI AMERICA INC,ENKEI,26284.951999999997,28573.392,0.0009747653841893295,13.0,unmatched,
ghgrp_parent,VOLVO GROUP TRUCK OPERATIONS,VOLVOTRUCKOPERATIONS,26281.451999999997,28451.592,0.0009746355882952885,3.0,unmatched,
ghgrp_parent,TEKNOR APEX,TEKNORAPEX,26197.552,28143.344,0.0009715241952924221,3.0,unmatched,
ghgrp_parent,Neenah Enterprises Incorperated,NEENAHINCORPERATED,26157.714,26157.714,0.000970046821341907,1.0,unmatched,
ghgrp_parent,GLACIER OIL & GAS CORP,GLACIEROILGAS,26095.804,38757.261999999995,0.000967750917399029,5.0,unmatched,
ghgrp_parent,PAN PACIFIC PRODUCTS,PANPACIFICPRODUCTS,26085.752,26085.752,0.0009673781435913435,2.0,unmatched,
ghgrp_parent,TRC CYPRESS GROUP,TRCCYPRESS,26066.716,41437.054000000004,0.0009666722022659256,14.0,unmatched,
ghgrp_parent,SURRY COUNTY NORTH CAROLINA,SURRYCOUNTYNORTHCAROLINA,26065.5,41722.0,0.0009666271074638816,2.0,unmatched,
ghgrp_parent,MASTRONARDI PRODUCE-USA INC,MASTRONARDIPRODUCE,26031.552,41150.99600000001,0.000965368161460767,9.0,unmatched,
ghgrp_parent,BLACKBRUSH O & G LLC,BLACKBRUSHOG,26024.504,189679.97999999998,0.0009651067896147097,10.0,unmatched,
ghgrp_parent,CLAY ENDICOTT PRODUCTS CO,CLAYENDICOTTPRODUCTS,26019.951999999997,27047.648,0.0009649379807833741,3.0,unmatched,
ghgrp_parent,WAYNE-SANDERSON FARMS,WAYNESANDERSONFARMS,25955.878,28828.378,0.0009625618258934377,2.0,unmatched,
ghgrp_parent,COVESTRO LCC,COVESTROLCC,25942.350000000002,30176.636000000002,0.000962060146220699,5.0,unmatched,
ghgrp_parent,SLANT OPERATING LLC,SLANTOPERATING,25836.628,103332.44200000001,0.000958139494360758,4.0,unmatched,
ghgrp_parent,ICL INDUSTRIAL PRODUCTS,ICLINDUSTRIALPRODUCTS,25828.852,25828.852,0.0009578511249687399,2.0,unmatched,
ghgrp_parent,CLARION ENERGY LLC,CLARIONENERGY,25804.802760000002,30593.70864,0.0009569592699382244,2.0,unmatched,
ghgrp_parent,HOWARD COUNTY OF MARYLAND (INC),HOWARDCOUNTYOFMARYLAND,25772.15,25772.15,0.0009557483573161948,5.0,unmatched,
ghgrp_parent,EMD ACQUISITION LLC,EMDACQUISITION,25740.904,29342.64,0.0009545896137432798,6.0,unmatched,
ghgrp_parent,COUNTY OF SARPY NEBRASKA,COUNTYOFSARPYNEBRASKA,25625.5,91673.7,0.0009503099093558803,5.0,unmatched,
ghgrp_parent,ALPACA ENERGY LLC,ALPACAENERGY,25540.804,25540.804,0.0009471689970582546,1.0,unmatched,
ghgrp_parent,SOUTHEASTERN PENNSYLVANIA TRANSPORTATION AUTHORITY,SOUTHEASTERNPENNSYLVANIATRANSPORTATIONAUTHORITY,25532.748,27695.04,0.0009468702439947136,2.0,unmatched,
ghgrp_parent,NAFTEX OPERATING CO,NAFTEXOPERATING,25528.654,44904.227999999996,0.0009467184198832269,13.0,unmatched,
ghgrp_parent,TRINITY HEALTH CORP,TRINITYHEALTH,25509.604,27761.196,0.0009460119593742327,5.0,unmatched,
ghgrp_parent,GREAT WESTERN MALTING CO,GREATWESTERNMALTING,25508.204,28002.644,0.0009459600410166166,4.0,unmatched,
ghgrp_parent,CLARIANT CORP,CLARIANT,25456.504,29505.388,0.0009440427702389262,9.0,unmatched,
ghgrp_parent,LUPTON VENTURES INC,LUPTONVENTURES,25432.204,29389.739999999998,0.0009431416158888708,5.0,unmatched,
ghgrp_parent,AURUBIS BUFFALO INC,AURUBISBUFFALO,25392.904,36824.511999999995,0.000941684193421497,6.0,unmatched,
ghgrp_parent,JUPITER ALUMINUM CORP,JUPITERALUMINUM,25389.004,27460.496,0.0009415395637109941,4.0,unmatched,
ghgrp_parent,BOARD OF REGENTS OF THE UNIVERSITY OF NEBRASKA,BOARDOFREGENTSOFUNIVERSITYOFNEBRASKA,25371.154,27996.854,0.0009408776046513855,5.0,unmatched,
ghgrp_parent,Cabllo Loco Midstream,CABLLOLOCOMIDSTREAM,25241.638,25241.638,0.000936074563219213,2.0,unmatched,
ghgrp_parent,SEMINOLE PIPELINE CO LLC,SEMINOLEPIPELINE,25204.956000000002,28756.14,0.0009347142280805819,5.0,unmatched,
ghgrp_parent,REVERE COPPER PRODUCTS INC,REVERECOPPERPRODUCTS,25175.802,35912.958000000006,0.0009336330653677622,11.0,unmatched,
ghgrp_parent,OKLAHOMA STATE UNIVERSITY,OKLAHOMASTATEUNIVERSITY,25094.956000000002,36575.716,0.0009306349285535816,14.0,unmatched,
ghgrp_parent,MATERION CORP,MATERION,25060.456000000002,28329.244000000002,0.0009293555118837497,11.0,unmatched,
ghgrp_parent,THE GEORGE WASHINGTON UNIVERSITY,GEORGEWASHINGTONUNIVERSITY,25057.057999999997,35386.68,0.0009292294986129064,14.0,unmatched,
ghgrp_parent,CITY OF WEBSTER CITY IOWA,CITYOFWEBSTERCITYIOWA,25056.06246,26593.835944,0.0009291925794688056,2.0,unmatched,
ghgrp_parent,O-AT-KA MILK PRODUCTS COOPERATIVE INC,OATKAMILKPRODUCTSCOOPERATIVE,25025.156000000003,27787.896,0.0009280464275809941,5.0,unmatched,
ghgrp_parent,CITY OF MEMPHIS TENNESSEE,CITYOFMEMPHISTENNESSEE,25020.6,31000.8,0.000927877470411494,2.0,unmatched,
ghgrp_parent,OMYA INDUSTRIES INC,OMYA,25019.956000000002,33274.0,0.0009278535879669905,13.0,unmatched,
ghgrp_parent,LINCOLN ELECTRIC HOLDINGS INC,LINCOLNELECTRIC,25005.856,32911.326,0.0009273306959367113,14.0,unmatched,
ghgrp_parent,XEROX CORP,XEROX,24998.056,38771.556,0.0009270414365157058,14.0,unmatched,
ghgrp_parent,BROWN UNIVERSITY,BROWNUNIVERSITY,24994.456000000002,31071.99,0.0009269079321675495,10.0,unmatched,
ghgrp_parent,ROCKLAND POWER PARTNERS III LP,ROCKLANDPOWERIII,24906.307999999997,519346.264,0.0009236390040338583,5.0,unmatched,
ghgrp_parent,STATE OF WYOMING,STATEOFWYOMING,24844.260000000002,52624.38,0.0009213379824243009,14.0,unmatched,
ghgrp_parent,FIBER INDUSTRIES LLC,FIBER,24787.556,56791.936,0.0009192351406026734,4.0,unmatched,
ghgrp_parent,DEMENNO KERDOON,DEMENNOKERDOON,24755.556,29501.444000000003,0.0009180484352857279,11.0,unmatched,
ghgrp_parent,NORTHWELL HEALTH INC,NORTHWELLHEALTH,24713.052,27469.18,0.000916472193948495,5.0,unmatched,
ghgrp_parent,WESTCHESTER COUNTY DEPARTMENT OF ENVIRONMENTAL FACILITIES,WESTCHESTERCOUNTYDEPARTMENTOFENVIRONMENTALFACILITIES,24690.55,48989.448000000004,0.0009156377176034353,13.0,unmatched,
ghgrp_parent,M2S GROUP INTERMEDIATE HOLDINGS INC,M2SINTERMEDIATE,24684.158,24684.158,0.0009154006732163754,1.0,unmatched,
ghgrp_parent,ROWAN UNIVERSITY,ROWANUNIVERSITY,24622.908,34537.51,0.0009131292450706592,14.0,unmatched,
ghgrp_parent,MASONITE INTERNATIONAL CORP,MASONITE,24503.196,28615.066,0.000908689780479966,5.0,unmatched,
ghgrp_parent,WORTHINGTON INDUSTRIES INC,WORTHINGTON,24363.156000000003,40110.14896,0.0009034964613366831,13.0,unmatched,
ghgrp_parent,ALTON STEEL INC,ALTONSTEEL,24279.296,65345.11,0.0009003865517154625,14.0,unmatched,
ghgrp_parent,COUNTY OF CROOK OREGON,COUNTYOFCROOKOREGON,24191.75,24191.75,0.0008971399484755465,2.0,unmatched,
ghgrp_parent,ROCHESTER DISTRICT HEATING COOPERATIVE,ROCHESTERDISTRICTHEATINGCOOPERATIVE,24108.66,29259.14,0.0008940585939510151,14.0,unmatched,
ghgrp_parent,SUN CHEMICAL,SUNCHEMICAL,24078.46,31727.88,0.0008929386408081478,3.0,unmatched,
ghgrp_parent,NORTHERN LIGHT HEALTH,NORTHERNLIGHTHEALTH,24023.36,25361.502,0.0008908952825905321,6.0,unmatched,
ghgrp_parent,Los Angeles General Medical Center,LOSANGELESGENERALMEDICALCENTER,23974.46,29227.239999999998,0.0008890818485280747,2.0,unmatched,
ghgrp_parent,CITY OF RICHMOND VIRGINIA,CITYOFRICHMONDVIRGINIA,23971.9,25223.4,0.000888986912102719,2.0,unmatched,
ghgrp_parent,O'BRIEN INDUSTRIAL HOLDING LLC,OBRIENINDUSTRIAL,23923.492,35216.198000000004,0.0008871917236345096,14.0,unmatched,
ghgrp_parent,MEAD JOHNSON & CO LLC,MEADJOHNSON,23910.36,27098.052,0.0008867047294400681,14.0,unmatched,
ghgrp_parent,CITY OF PASADENA CALIFORNIA,CITYOFPASADENACALIFORNIA,23888.612,29051.692,0.0008858982148390391,2.0,unmatched,
ghgrp_parent,OKALOOSA GAS DISTRICT,OKALOOSAGASDISTRICT,23877.45,30656.4,0.000885484277190672,14.0,unmatched,
ghgrp_parent,SAVANT ALASKA LLC,SAVANTALASKA,23787.06,130095.54315000001,0.0008821322055157123,12.0,unmatched,
ghgrp_parent,CITY OF GREENVILLE SOUTH CAROLINA,CITYOFGREENVILLESOUTHCAROLINA,23786.75,27980.0,0.0008821207093079544,2.0,unmatched,
ghgrp_parent,MILAN ENERGY LLC,MILANENERGY,23755.96,23755.96,0.0008809788762858059,1.0,unmatched,
ghgrp_parent,THE CHILDREN'S HOSPITAL OF PHILADELPHIA,CHILDRENSHOSPITALOFPHILADELPHIA,23736.214,34951.564000000006,0.0008802466049361681,14.0,unmatched,
ghgrp_parent,ALLIANCE ENERGY GROUP LLC,ALLIANCEENERGY,23699.76,84219.138,0.0008788947250729203,9.0,unmatched,
ghgrp_parent,DAIMLER TRUCKS NORTH AMERICA LLC,DAIMLERTRUCKSNORTH,23631.106,26323.124,0.0008763487229844959,5.0,unmatched,
ghgrp_parent,MALLINCKRODT INC,MALLINCKRODT,23602.412,47716.06,0.0008752846191606074,14.0,unmatched,
ghgrp_parent,NASSA COUNTY BOARD OF COUNTY COMMISSIONERS,NASSACOUNTYBOARDOFCOUNTYCOMMISSIONERS,23520.5,50992.5,0.0008722469502255559,13.0,unmatched,
ghgrp_parent,AVENAL REGIONAL LANDFILL,AVENALREGIONALLANDFILL,23404.25,74477.25,0.0008679358723163396,9.0,unmatched,
ghgrp_parent,OSCO INDUSTRIES INC,OSCO,23399.444,28975.876,0.0008677576440115508,8.0,unmatched,
ghgrp_parent,GLOUCESTER COUNTY IMPROVEMENT AUTHORITY INC,GLOUCESTERCOUNTYIMPROVEMENTAUTHORITY,23374.8,213998.75,0.0008668437325793382,6.0,unmatched,
ghgrp_parent,RESERVE GROUP MANAGEMENT CO,RESERVEMANAGEMENT,23336.982,25635.58,0.0008654412694019556,5.0,unmatched,
ghgrp_parent,LANDFILL MANAGEMENT CO,LANDFILLMANAGEMENT,23305.85,47168.1,0.0008642867534667321,14.0,unmatched,
ghgrp_parent,COUNTY OF SNOHOMISH WASHINGTON,COUNTYOFSNOHOMISHWASHINGTON,23226.327999999998,33268.2,0.00086133771658504,5.0,unmatched,
ghgrp_parent,KIA MOTORS AMERICA,KIAMOTORS,23188.412,26900.248,0.0008599316191226243,13.0,unmatched,
ghgrp_parent,ALCON LABORATORIES INC,ALCONLABORATORIES,23131.163999999997,34757.318,0.0008578086033106086,13.0,unmatched,
ghgrp_parent,CITY OF ATLANTA GEORGIA,CITYOFATLANTAGEORGIA,23042.75,23307.25,0.0008545298106889704,2.0,unmatched,
ghgrp_parent,PYCO INDUSTRIES INC,PYCO,22957.264,29477.739999999998,0.0008513596016038326,13.0,unmatched,
ghgrp_parent,CITY OF WAYNESBORO VIRGINIA,CITYOFWAYNESBOROVIRGINIA,22752.44543,22752.44543,0.000843763998915452,2.0,unmatched,
ghgrp_parent,QUAD COUNTY ENVIRONMENTAL SOLUTIONS,QUADCOUNTYENVIRONMENTALSOLUTIONS,22717.0,22717.0,0.0008424495214078763,3.0,unmatched,
ghgrp_parent,SRI INTERNATIONAL,SRI,22636.764,25342.704,0.0008394740061637998,11.0,unmatched,
ghgrp_parent,AUSTRALIS TMS INC,AUSTRALISTMS,22613.489999999998,59512.744,0.0008386109005529689,7.0,unmatched,
ghgrp_parent,HUHTAMAKI AMERICAS INC,HUHTAMAKI,22467.162,26759.0,0.0008331843938149063,5.0,unmatched,
ghgrp_parent,COUNTY OF EDDY NEW MEXICO,COUNTYOFEDDYNEWMEXICO,22466.625,22466.625,0.0008331644794163062,2.0,unmatched,
ghgrp_parent,CITY OF CARLSBAD NEW MEXICO,CITYOFCARLSBADNEWMEXICO,22466.625,22466.625,0.0008331644794163062,2.0,unmatched,
ghgrp_parent,PQ HOLDINGS INC,PQ,22438.615999999998,239453.09599999996,0.0008321257785031083,14.0,unmatched,
ghgrp_parent,ERCO (US) HOLDINGS INC,ERCO,22426.468,25872.204,0.0008316752754971631,3.0,unmatched,
ghgrp_parent,PANOLAM INDUSTRIES INTERNATIONAL INC,PANOLAM,22346.172,25271.504,0.0008286975351806173,5.0,unmatched,
ghgrp_parent,COPPER VALLEY ELECTRIC ASSOC INC,COPPERVALLEYELECTRICASSOC,22342.608,24325.322,0.0008285653658759425,9.0,unmatched,
ghgrp_parent,MCMINN COUNTY GOVERNMENT,MCMINNCOUNTYGOVERNMENT,22297.25,33321.5,0.0008268832852582546,14.0,unmatched,
ghgrp_parent,Winnebago County Solid Waste Management Board,WINNEBAGOCOUNTYSOLIDWASTEMANAGEMENTBOARD,22199.362,152934.47999999998,0.0008232531536937182,14.0,unmatched,
ghgrp_parent,METALS RECOVERY HOLDINGS LLC,METALSRECOVERY,22032.620000000003,35932.044,0.0008170696031325266,3.0,unmatched,
ghgrp_parent,PB LEINER USA CORP,PBLEINER,22011.868000000002,25725.204,0.0008163000247344873,4.0,unmatched,
ghgrp_parent,CHALK CLIFF LTD,CHALKCLIFF,21988.668,174645.292,0.0008154396633797018,10.0,unmatched,
ghgrp_parent,WHOLESTONE FARMS COOPERATIVE INC,WHOLESTONEFARMSCOOPERATIVE,21971.768,28920.284,0.0008148129346341897,6.0,unmatched,
ghgrp_parent,BLUE EARTH COUNTY ENVIRONMENTAL SERVICES,BLUEEARTHCOUNTYENVIRONMENTAL,21936.748,29428.1,0.0008135142340029575,14.0,unmatched,
ghgrp_parent,KEYMARK CORP,KEYMARK,21923.368000000002,52524.392,0.0008130180428423098,14.0,unmatched,
ghgrp_parent,WELLHEAD ELECTRIC CO,WELLHEADELECTRIC,21919.936,48627.572,0.0008128907686970673,9.0,unmatched,
ghgrp_parent,US MINERAL PRODUCTS CO INC,MINERALPRODUCTS,21903.494000000002,25260.05,0.0008122810246714043,4.0,unmatched,
ghgrp_parent,KOHLBERG KRAVIS ROBERTS & CO LP,KOHLBERGKRAVISROBERTS,21898.927679999997,23305.586639999998,0.0008121116847894393,6.0,unmatched,
ghgrp_parent,COLUMBIA COUNTY GEORGIA,COLUMBIACOUNTYGEORGIA,21803.0,29329.75,0.000808554250792619,5.0,unmatched,
ghgrp_parent,ELEMENT RESOURCES DE LLC,ELEMENTRESOURCESDE,21664.232,22606.032,0.0008034081031856847,3.0,unmatched,
ghgrp_parent,CONFLUENCE DJ LLC,CONFLUENCEDJ,21608.128,35513.366,0.00080132751208875,3.0,unmatched,
ghgrp_parent,NEWMAN & CO,NEWMAN,21562.768,32024.98,0.0007996453573019794,14.0,unmatched,
ghgrp_parent,COUNTY OF BUTTE,COUNTYOFBUTTE,21525.75,41547.7,0.0007982725617575204,14.0,unmatched,
ghgrp_parent,COUNTY OF LENOIR NORTH CAROLINA,COUNTYOFLENOIRNORTHCAROLINA,21403.25,22658.75,0.0007937297054660883,2.0,unmatched,
ghgrp_parent,Silver Hill Energy Operating LLC,SILVERHILLENERGYOPERATING,21384.664,35377.61,0.0007930404521841898,2.0,unmatched,
ghgrp_parent,SHD OIL & GAS LLC,SHDOILGAS,21373.292,91106.41799999999,0.0007926187267821804,8.0,unmatched,
ghgrp_parent,MPH WATERBURY LLC,MPHWATERBURY,21363.17,23596.41,0.000792243357056614,3.0,unmatched,
ghgrp_parent,ALEXIN LLC,ALEXIN,21295.32,26607.4,0.0007897271709392779,12.0,unmatched,
ghgrp_parent,MISSISSIPPI STATE UNIVERSITY,MISSISSIPPISTATEUNIVERSITY,21269.518,26663.446,0.0007887703156084082,2.0,unmatched,
ghgrp_parent,CITY OF STAUNTON VIRGINIA,CITYOFSTAUNTONVIRGINIA,21243.248455,21243.248455,0.0007877961215857445,2.0,unmatched,
ghgrp_parent,BEAR MOUNTAIN LTD,BEARMOUNTAIN,21205.46,187999.992,0.0007863947540711301,14.0,unmatched,
ghgrp_parent,MIAMI UNIVERSITY,MIAMIUNIVERSITY,21097.32,60733.378,0.0007823844317906773,13.0,unmatched,
ghgrp_parent,PRAIRIE AQUATECH MANUFACTURING LLC,PRAIRIEAQUATECHMANUFACTURING,21065.42,32531.428,0.0007812014349278471,2.0,unmatched,
ghgrp_parent,NORTHWESTERN MEMORIAL HEALTHCARE,NORTHWESTERNMEMORIALHEALTHCARE,20854.318,29949.436,0.0007733728141210396,13.0,unmatched,
ghgrp_parent,READING HEALTH SYSTEM,READINGHEALTHSYSTEM,20806.772,32710.928,0.0007716095925273056,12.0,unmatched,
ghgrp_parent,OK TITLE CLEARING,OKTITLECLEARING,20639.1625,22692.675,0.0007653938711266622,2.0,unmatched,
ghgrp_parent,HOSTER BROTHERS INC,HOSTERBROTHERS,20639.1625,22692.675,0.0007653938711266622,11.0,unmatched,
ghgrp_parent,DOERFLER DUMP LLC,DOERFLERDUMP,20639.1625,21906.5,0.0007653938711266622,8.0,unmatched,
ghgrp_parent,SKANA ALUMINUM CO,SKANAALUMINUM,20464.769999999997,28628.989999999998,0.0007589266052833676,10.0,unmatched,
ghgrp_parent,BLACK BEAR MIDSTREAM HOLDINGS LLC,BLACKBEARMIDSTREAM,20444.902,96992.448,0.000758189809619709,7.0,unmatched,
ghgrp_parent,COUNTY OF KAUAI HAWAII,COUNTYOFKAUAIHAWAII,20432.5,21821.75,0.0007577298871403104,2.0,unmatched,
ghgrp_parent,US PREMIUM BEEF LTD,PREMIUMBEEF,20378.921221200006,22113.7704436,0.0007557429427128916,9.0,unmatched,
ghgrp_parent,G & W ELECTRIC CO,GWELECTRIC,20353.0128,225191.276,0.0007547821408006506,13.0,unmatched,
ghgrp_parent,DIODES INC,DIODES,20237.05797,25447.128773,0.000750482009135447,9.0,unmatched,
ghgrp_parent,COUNTY OF GRANVILLE,COUNTYOFGRANVILLE,20195.5,20195.5,0.0007489408508866824,2.0,unmatched,
ghgrp_parent,NGK NORTH AMERICA INC,NGKNORTH,20167.424,41076.896,0.0007478996653092273,12.0,unmatched,
ghgrp_parent,MAYOR & COUNCIL OF BALTIMORE,MAYORCOUNCILOFBALTIMORE,20112.0,38435.5,0.0007458442917002776,5.0,unmatched,
ghgrp_parent,EAGLE PETROLEUM LLC,EAGLEPETROLEUM,20109.574,31350.181999999997,0.0007457543246034367,9.0,unmatched,
ghgrp_parent,MCKITTRICK LTD,MCKITTRICK,19967.976000000002,179041.57,0.0007405032277450351,14.0,unmatched,
ghgrp_parent,KOSEI AMERICA HOLDINGS INC,KOSEI,19789.776,35814.516,0.0007338947625112945,5.0,unmatched,
ghgrp_parent,CROW WING COUNTY MINNESOTA,CROWWINGCOUNTYMINNESOTA,19777.0,19777.0,0.0007334209704135039,2.0,unmatched,
ghgrp_parent,MASSACHUSETTS PORT AUTHORITY,MASSACHUSETTSPORTAUTHORITY,19750.176000000003,31770.45,0.0007324262146815745,14.0,unmatched,
ghgrp_parent,ROWDY PIPELINE LLC,ROWDYPIPELINE,19701.928,144444.22999999998,0.0007306369597399497,8.0,unmatched,
ghgrp_parent,COUNTY OF LYON MINNESOTA,COUNTYOFLYONMINNESOTA,19681.85,19681.85,0.0007298923763226486,2.0,unmatched,
ghgrp_parent,DIVIDE CREEK GATHERING SYSTEM LLC,DIVIDECREEKGATHERINGSYSTEM,19660.6,33945.628000000004,0.0007291043298231144,8.0,unmatched,
ghgrp_parent,"EAV Operator, LLC",EAVOPERATOR,19611.232,43531.914,0.0007272735401953967,2.0,unmatched,
ghgrp_parent,TELLUS ENERGY GROUP LLC,TELLUSENERGY,19531.888,94745.56999999999,0.0007243311043620302,13.0,unmatched,
ghgrp_parent,COUNTY OF SANTA CRUZ DEPARTMENT OF PUBLIC WORKS,COUNTYOFSANTACRUZDEPARTMENTOFPUBLICWORKS,19457.25,85157.5,0.000721563188379337,13.0,unmatched,
ghgrp_parent,TC INDUSTRIES INC,TC,19443.776,35507.516,0.0007210635112718208,14.0,unmatched,
ghgrp_parent,CENTRAL HUDSON GAS & ELECTRIC CORP,CENTRALHUDSONGASELECTRIC,19048.4984,33809.95,0.0007064048228471496,10.0,unmatched,
ghgrp_parent,Southeastern Public Service Authority,SOUTHEASTERNPUBLICSERVICEAUTHORITY,18953.0,471506.078,0.0007028633085021561,8.0,unmatched,
ghgrp_parent,JMA ENERGY CO LLC,JMAENERGY,18786.318,52079.014,0.0006966819830134336,13.0,unmatched,
ghgrp_parent,CITY OF CLOVIS CALIFORNIA,CITYOFCLOVISCALIFORNIA,18767.25,62892.25,0.0006959748549826987,2.0,unmatched,
ghgrp_parent,COLLEGEVILLE HOLDINGS LLC,COLLEGEVILLE,18761.68,18761.68,0.0006957682940884678,1.0,unmatched,
ghgrp_parent,MIDDLE TENNESSEE NATURAL GAS UTILITY DISTRICT,MIDDLETENNESSEENATURALGASUTILITYDISTRICT,18747.0,137504.25,0.000695223893024319,14.0,unmatched,
ghgrp_parent,SUPERIOR FORGE & STEEL CORP,SUPERIORFORGESTEEL,18662.532000000003,29106.595999999998,0.0006920914360020767,13.0,unmatched,
ghgrp_parent,KCR POWER CO LLC,KCRPOWER,18547.8829,33575.3652,0.0006878397267347947,13.0,unmatched,
ghgrp_parent,MIAMI-DADE WATER & SEWER,MIAMIDADEWATERSEWER,18507.984,26521.311999999998,0.0006863600943357236,5.0,unmatched,
ghgrp_parent,BRAINTREE ELECTRIC LIGHT DEPARTMENT,BRAINTREEELECTRICLIGHTDEPARTMENT,18346.996,66410.75200000001,0.0006803899282243351,14.0,unmatched,
ghgrp_parent,CITY OF GARY INDIANA,CITYOFGARYINDIANA,18343.25,31902.25,0.0006802510095331701,11.0,unmatched,
ghgrp_parent,Van Buren Energy LLC,VANBURENENERGY,18292.02,202608.55599999998,0.0006783511684898226,2.0,unmatched,
ghgrp_parent,CLAYTON DUBILIER & RICE LLC,CLAYTONDUBILIERRICE,18266.06616,26009.953080000003,0.000677388682242224,12.0,unmatched,
ghgrp_parent,ROBERT BOSCH LLC,ROBERTBOSCH,18171.761576,18171.761576,0.0006738914400158135,7.0,unmatched,
ghgrp_parent,CITY OF VICTORIA,CITYOFVICTORIA,18106.25,166545.0,0.0006714619732795422,13.0,unmatched,
ghgrp_parent,IRON PATH CAPITAL,IRONPATHCAPITAL,18072.144,18072.144,0.0006701971679189251,1.0,unmatched,
ghgrp_parent,TYR ENERGY,TYRENERGY,18058.158000000003,1120490.9278799999,0.0006696785035263378,14.0,unmatched,
ghgrp_parent,NEW DALTON HOLDINGS CORP,NEWDALTON,17940.21,27849.345999999998,0.0006653044560662409,5.0,unmatched,
ghgrp_parent,CITY OF RAPID CITY SOUTH DAKOTA,CITYOFRAPIDCITYSOUTHDAKOTA,17861.5,19587.75,0.0006623855318319664,2.0,unmatched,
ghgrp_parent,MONROE COUNTY SOLID WASTE MANAGEMENT DISTRICT,MONROECOUNTYSOLIDWASTEMANAGEMENTDISTRICT,17657.25,37045.5,0.0006548110143011499,14.0,unmatched,
ghgrp_parent,RIDGEWOOD FUND IV KINGSS QUAY LLC,RIDGEWOODFUNDIVKINGSSQUAY,17628.412331,17628.412331,0.0006537415825783182,2.0,unmatched,
ghgrp_parent,CUMBERLAND COUNTY IMPROVEMENT AUTHORITY,CUMBERLANDCOUNTYIMPROVEMENTAUTHORITY,17625.4,61031.7,0.0006536298716653777,14.0,unmatched,
ghgrp_parent,SAPPHIRE POWER HOLDINGS LLC,SAPPHIREPOWER,17607.882,30047.868000000002,0.0006529802246734323,5.0,unmatched,
ghgrp_parent,SPUR ENERGY PARTNERS HOLDINGS LLC,SPURENERGY,17605.882,322949.898,0.0006529060555911231,5.0,unmatched,
ghgrp_parent,SOUTH CENTRAL SOLID WASTE AUTHORITY,SOUTHCENTRALSOLIDWASTEAUTHORITY,17462.0,78286.75,0.0006475702576407244,13.0,unmatched,
ghgrp_parent,TERREBONNE PARISH CONSOLIDATED GOVERNMENT,TERREBONNEPARISHCONSOLIDATEDGOVERNMENT,17218.736,124248.072,0.0006385489238213044,14.0,unmatched,
ghgrp_parent,"Rover Operating, LLC",ROVEROPERATING,17179.104,26557.876,0.0006370791892862671,2.0,unmatched,
ghgrp_parent,CITY OF HUMBOLDT CALIFORNIA,CITYOFHUMBOLDTCALIFORNIA,17004.15,17004.15,0.0006305911004731144,2.0,unmatched,
ghgrp_parent,JERRITT CANYON GOLD LLC,JERRITTCANYONGOLD,16954.350000000002,25878.876,0.0006287442903236179,4.0,unmatched,
ghgrp_parent,HARVEST MIDSTREAM CO,HARVESTMIDSTREAM,16947.163999999997,57084.69,0.0006284778008108812,4.0,unmatched,
ghgrp_parent,CITY OF LOMPOC CALIFORNIA,CITYOFLOMPOCCALIFORNIA,16798.0,16798.0,0.0006229461223141042,2.0,unmatched,
ghgrp_parent,S&C ELECTRIC CO,SCELECTRIC,16732.5252,62458.936,0.0006205180193989184,13.0,unmatched,
ghgrp_parent,US ENERGY DEVELOPMENT CORP,ENERGYDEVELOPMENT,16714.420000000002,53792.494,0.0006198465963644071,4.0,unmatched,
ghgrp_parent,COUNTY OF FULTON GEORGIA,COUNTYOFFULTONGEORGIA,16504.0,17929.0,0.000612043267214667,5.0,unmatched,
ghgrp_parent,NGL ENERGY PARTNERS LP,NGLENERGY,16394.631699999998,17054.802900000002,0.000607987393992314,5.0,unmatched,
ghgrp_parent,Enery Holdings LLC,ENERY,16271.436,16271.436,0.0006034187379856006,5.0,unmatched,
ghgrp_parent,CITY OF CASPER WYOMING,CITYOFCASPERWYOMING,16241.5,70100.5,0.000602308575161598,10.0,unmatched,
ghgrp_parent,WALTER SCOTT JR,WALTERSCOTTJR,16211.8317948,104157.735232,0.000601208343384877,14.0,unmatched,
ghgrp_parent,NEWARK E&P OPERATING LLC,NEWARKEPOPERATING,16191.248000000001,60931.122,0.0006004450027994997,9.0,unmatched,
ghgrp_parent,COUNTY OF LOUDOUN VIRGINIA,COUNTYOFLOUDOUNVIRGINIA,16187.25,36571.0,0.0006002967388039638,6.0,unmatched,
ghgrp_parent,SEKISUI AMERICA CORP,SEKISUI,16155.640000000001,28742.592,0.0005991244964580686,6.0,unmatched,
ghgrp_parent,CITY OF VIRGINIA MINNESOTA,CITYOFVIRGINIAMINNESOTA,16139.140000000001,34524.338,0.0005985126015290185,2.0,unmatched,
ghgrp_parent,SAINT FRANCIS HEALTH SYSTEM INC,SAINTFRANCISHEALTHSYSTEM,16104.588,28496.989999999998,0.0005972312564630465,8.0,unmatched,
ghgrp_parent,STATE OF NEW JERSEY,STATEOFNEWJERSEY,16010.5,30058.25,0.0005937420461548974,5.0,unmatched,
ghgrp_parent,Municipality of Anchorage - Solid Waste Services,MUNICIPALITYOFANCHORAGESOLIDWASTE,15971.25,708883.4,0.0005922864779145813,10.0,unmatched,
ghgrp_parent,FIBREK INC,FIBREK,15751.84,38911.104,0.0005841497587398618,14.0,unmatched,
ghgrp_parent,STEUBEN COUNTY DEPARTMENT OF PUBLIC WORKS,STEUBENCOUNTYDEPARTMENTOFPUBLICWORKS,15690.9,25813.748,0.0005818898268019037,13.0,unmatched,
ghgrp_parent,CITY OF TOLEDO OHIO,CITYOFTOLEDOOHIO,15679.05,15679.05,0.0005814503749892222,2.0,unmatched,
ghgrp_parent,THE GOLDMAN SACHS GROUP INC,GOLDMANSACHS,15642.091199999999,16646.847599999997,0.0005800797748495995,8.0,fund_holding,"named by EPA as the parent but held through managed funds, not consolidated by the listed manager; a carbon price lands on the portfolio company"
ghgrp_parent,OX PAPERBOARD LLC,OXPAPERBOARD,15585.592,34792.92,0.0005779845279420005,13.0,unmatched,
ghgrp_parent,PUGET ENERGY,PUGETENERGY,15536.95,15536.95,0.0005761806616911609,1.0,unmatched,
ghgrp_parent,MASSACHUSETTS MUNICIPAL WHOLESALE ELECTRIC CO,MASSACHUSETTSMUNICIPALWHOLESALEELECTRIC,15502.721045600003,148792.64250719998,0.0005749112966230371,14.0,unmatched,
ghgrp_parent,SKY QUARRY INC,SKYQUARRY,15487.294,16174.482,0.0005743391917155907,2.0,unmatched,
ghgrp_parent,HOUSEHOLD HAZARDOUS MATERIALS,HOUSEHOLDHAZARDOUSMATERIALS,15419.25,49295.35,0.0005718158111972706,5.0,unmatched,
ghgrp_parent,PIVOTAL LNG,PIVOTALLNG,15213.595,15213.595,0.000564189189886132,1.0,unmatched,
ghgrp_parent,SEASIDE LNG,SEASIDELNG,15213.595,15213.595,0.000564189189886132,1.0,unmatched,
ghgrp_parent,LIVE OAK LTD,LIVEOAK,15152.292,186614.896,0.0005619157962597347,14.0,unmatched,
ghgrp_parent,GREAT SALT PLAINS MIDSTREAM HOLDINGS LLC,GREATSALTPLAINSMIDSTREAM,15079.506000000001,24127.75,0.0005592165608472598,4.0,unmatched,
ghgrp_parent,AZTALAN BIO LLC,AZTALANBIO,15063.344,15063.344,0.0005586172004931198,2.0,unmatched,
ghgrp_parent,SANTEE PRINT WORKS INC,SANTEEPRINTWORKS,14983.53,36117.974,0.0005556573349254107,14.0,unmatched,
ghgrp_parent,SIMPLOT BP IDAHO LLC,SIMPLOTBPIDAHO,14919.717,15491.863,0.0005532908591007155,5.0,unmatched,
ghgrp_parent,CAVINESS BP IDAHO LLC,CAVINESSBPIDAHO,14919.717,15491.863,0.0005532908591007155,5.0,unmatched,
ghgrp_parent,GLOBAL CLEAN ENERGY,GLOBALCLEANENERGY,14703.896,17599.036,0.0005452872363441998,2.0,unmatched,
ghgrp_parent,ALKEGEN (FORMERLY UNIFRAX LLC),ALKEGENFORMERLYUNIFRAX,14702.944,15065.844,0.0005452519318610206,2.0,unmatched,
ghgrp_parent,DUPONT TEIJIN FILMS,DUPONTTEIJINFILMS,14690.544,30614.484,0.0005447920835507042,7.0,unmatched,
ghgrp_parent,ILX PROSPECT KINGS QUAY LLC,ILXPROSPECTKINGSQUAY,14610.820169,14610.820169,0.0005418355618589865,2.0,unmatched,
ghgrp_parent,KYOWA HAKKO USA INC,KYOWAHAKKO,14604.496000000001,29446.239999999998,0.0005416010329534377,5.0,unmatched,
ghgrp_parent,CITY OF ORRVILLE OHIO,CITYOFORRVILLEOHIO,14181.534,44620.801999999996,0.0005259156812576275,2.0,unmatched,
ghgrp_parent,ZPZ DELAWARE I LLC,ZPZDELAWAREI,14159.52128,36201.32656,0.000525099349636864,13.0,unmatched,
ghgrp_parent,LP 224 LLC,224,13918.164792999998,25588.686593949922,0.0005161487550617952,13.0,unmatched,
ghgrp_parent,ROCKINGHAM COUNTY VIRGINIA,ROCKINGHAMCOUNTYVIRGINIA,13820.7,33590.4,0.0005125343179346672,12.0,unmatched,
ghgrp_parent,BINDERHOLZ LIVE OAK LLC,BINDERHOLZLIVEOAK,13796.948,18592.18,0.0005116534859131645,5.0,unmatched,
ghgrp_parent,Lake County,LAKECOUNTY,13748.25,41665.5,0.0005098475429280202,9.0,unmatched,
ghgrp_parent,NORTH SHORE E&P,NORTHSHOREEP,13744.300000000001,86477.58,0.0005097010589904598,6.0,unmatched,
ghgrp_parent,CITY OF BRISTOL VA,CITYOFBRISTOLVA,13735.25,13735.25,0.000509365443893011,1.0,unmatched,
ghgrp_parent,HOWARD UNIVERSITY (INC),HOWARDUNIVERSITY,13662.248,25238.476,0.0005066581982196468,6.0,unmatched,
ghgrp_parent,FARBEST FOODS INC,FARBESTFOODS,13561.05,38538.13,0.0005029053168238887,13.0,unmatched,
ghgrp_parent,FREEPORT ELECTRIC,FREEPORTELECTRIC,13412.85,35626.142,0.0004974093878247846,14.0,unmatched,
ghgrp_parent,LIBERTY STEEL GEORGETOWN INC,LIBERTYSTEELGEORGETOWN,13380.900000000001,26580.327999999998,0.000496224536734897,8.0,unmatched,
ghgrp_parent,KREWE ENERGY LLC,KREWEENERGY,13334.458,91036.522,0.0004945022564745973,6.0,unmatched,
ghgrp_parent,BLUECREST ENERGY INC,BLUECRESTENERGY,13239.5,45814.57,0.0004909807826156436,7.0,unmatched,
ghgrp_parent,ONEIDA VALLEY MIDSTREAM LLC,ONEIDAVALLEYMIDSTREAM,13161.356,38632.466,0.0004880828482316627,2.0,unmatched,
ghgrp_parent,ABRAXAS PETROLEUM CORP,ABRAXASPETROLEUM,13059.564,364705.042,0.0004843079386184589,10.0,unmatched,
ghgrp_parent,SOWEGA ENERGY RESOURCES LLC,SOWEGAENERGYRESOURCES,12955.329400000002,84457.7604,0.00048044244630503105,14.0,unmatched,
ghgrp_parent,DOUBLE C LTD,DOUBLEC,12901.152,28703.492000000002,0.0004784333022850845,13.0,unmatched,
ghgrp_parent,HAWKEYE ENERGY GREENPORT LLC,HAWKEYEENERGYGREENPORT,12872.59,40897.636,0.0004773740936206283,14.0,unmatched,
ghgrp_parent,HIGH SIERRA LTD,HIGHSIERRA,12863.352,28843.092,0.00047703150662944266,9.0,unmatched,
ghgrp_parent,ITC INVESTMENT HOLDINGS INC,ITCINVESTMENT,12848.6664,28584.36,0.0004764868978918633,8.0,unmatched,
ghgrp_parent,Aux Sable Midstream LLC,AUXSABLEMIDSTREAM,12824.956,30094.35,0.0004756076085872726,13.0,unmatched,
ghgrp_parent,COUNTY OF KOOTENAI IDAHO,COUNTYOFKOOTENAIIDAHO,12815.55,12815.55,0.0004752587913931729,2.0,unmatched,
ghgrp_parent,TEXAS TRANSMISSION HOLDING CORP,TEXASTRANSMISSION,12765.802365000001,19303.910700000004,0.000473413923175674,13.0,unmatched,
ghgrp_parent,GORHAM ACQUISITION LLC,GORHAMACQUISITION,12626.952,12715.952,0.00046826472110050735,3.0,unmatched,
ghgrp_parent,MUHR UND BENDER KG,MUHRUNDBENDERKG,12577.352,29479.688,0.00046642532785924184,6.0,unmatched,
ghgrp_parent,"CLOVER FLAT LANDFILL, INC",CLOVERFLATLANDFILL,12522.778,67375.426,0.00046440147611027347,14.0,unmatched,
ghgrp_parent,CITY OF TACOMA WASHINGTON,CITYOFTACOMAWASHINGTON,12503.316,13810.554,0.00046367973677032367,2.0,unmatched,
ghgrp_parent,KERN FRONT LTD,KERNFRONT,12448.204,53848.896,0.00046163593353821413,12.0,unmatched,
ghgrp_parent,BRIGHTSOURCE ENERGY INC,BRIGHTSOURCEENERGY,12299.13272,17515.330336,0.0004561076935200929,11.0,unmatched,
ghgrp_parent,COUNTY OF CLARK INDIANA,COUNTYOFCLARKINDIANA,12139.875,12309.375,0.0004502016940485734,2.0,unmatched,
ghgrp_parent,FLOYD COUNTY BOARD OF COMMISSIONER,FLOYDCOUNTYBOARDOFCOMMISSIONER,12139.875,47144.375,0.0004502016940485734,5.0,unmatched,
ghgrp_parent,KINGS WASTE & RECYCLING AUTHORITY,KINGSWASTERECYCLINGAUTHORITY,12133.5,13564.0,0.00044996528009871314,9.0,unmatched,
ghgrp_parent,COUNTY OF WAYNE NORTH CAROLINA,COUNTYOFWAYNENORTHCAROLINA,12110.25,62782.0,0.0004491030645168699,2.0,unmatched,
ghgrp_parent,BADGER CREEK LTD,BADGERCREEK,12077.6,180623.32,0.00044789225424817387,14.0,unmatched,
ghgrp_parent,Lehigh Heavy Forge Corp,LEHIGHHEAVYFORGE,12073.503999999999,12073.503999999999,0.0004477403559676048,1.0,unmatched,
ghgrp_parent,MRP Rocky Road LLC,MRPROCKYROAD,11936.756000000001,11936.756000000001,0.00044266911913380273,1.0,unmatched,
ghgrp_parent,SPENCER MUNICIPAL UTILITIES,SPENCERMUNICIPALUTILITIES,11757.075461999999,59008.990377999995,0.0004360057488276703,14.0,unmatched,
ghgrp_parent,DANSKAMMER ENERGY LLC,DANSKAMMERENERGY,11678.456,63868.422000000006,0.00043309018215358287,10.0,unmatched,
ghgrp_parent,CEDAR FALLS UTILITIES,CEDARFALLSUTILITIES,11652.856,322365.6238892,0.0004321408179000264,9.0,unmatched,
ghgrp_parent,GREATER LEBANON REFUSE AUTHORITY,GREATERLEBANONREFUSEAUTHORITY,11616.348,71854.75,0.0004307869354715561,14.0,unmatched,
ghgrp_parent,PRAIRIE POWER INC,PRAIRIEPOWER,11568.708,75693.148,0.00042902022793095347,14.0,unmatched,
ghgrp_parent,CITY OF LAGRANGE GEORGIA,CITYOFLAGRANGEGEORGIA,11464.75,61739.25,0.0004251649932016089,11.0,unmatched,
ghgrp_parent,Highlander Oil & Gas Assets LLC,HIGHLANDEROILGASASSETS,11189.098079999998,100569.15936,0.0004149425682300385,5.0,unmatched,
ghgrp_parent,DELAWARE MUNICIPAL ELECTRIC COORPORATION,DELAWAREMUNICIPALELECTRICCOORPORATION,11046.996000000001,44012.848000000005,0.00040967277779613173,13.0,unmatched,
ghgrp_parent,Worthington Steel,WORTHINGTONSTEEL,11009.6584,11009.6584,0.00040828813003231963,2.0,unmatched,
ghgrp_parent,ROLLS-ROYCE NORTH AMERICA (USA) HOLDINGS CO,ROLLSROYCENORTH,10942.668,65731.652,0.00040580382178655996,13.0,unmatched,
ghgrp_parent,NOVARTIS CORP,NOVARTIS,10831.208,22226.348,0.000401670378829474,9.0,unmatched,
ghgrp_parent,PITTSFIELD GENERATING CO LP,PITTSFIELDGENERATING,10630.903999999999,81280.59999999999,0.0003942421968980533,7.0,unmatched,
ghgrp_parent,"JOHNSON AND LINDLEY, INC",JOHNSONLINDLEY,10606.413900000001,10975.9368,0.0003933339927767244,14.0,unmatched,
ghgrp_parent,CITY OF NORTHAMPTON MASSACHUSETTS,CITYOFNORTHAMPTONMASSACHUSETTS,10523.0,55032.0,0.0003902406265693129,14.0,unmatched,
ghgrp_parent,GINGERLYNN INC,GINGERLYNN,10319.58125,11346.3375,0.0003826969355633311,11.0,unmatched,
ghgrp_parent,COUNTY OF HAWAII,COUNTYOFHAWAII,10314.0,99166.5,0.00038248995746801234,11.0,unmatched,
ghgrp_parent,CITY OF NASHUA DEPARTMENT OF PUBLIC WORKS,CITYOFNASHUADEPARTMENTOFPUBLICWORKS,10010.7,88301.4,0.00037124221613583783,14.0,unmatched,
ghgrp_parent,XPR RESOURCES LLC,XPRRESOURCES,9941.922,54910.774,0.0003686916155643103,5.0,unmatched,
ghgrp_parent,Pinnacle Midstream II LLC,PINNACLEMIDSTREAMII,9796.376,100149.36,0.0003632941089374303,2.0,unmatched,
ghgrp_parent,PROTEIN PRODUCTS INC,PROTEINPRODUCTS,9686.168,137628.698,0.00035920709582586987,13.0,unmatched,
ghgrp_parent,STATE OF SOUTH CAROLINA,STATEOFSOUTHCAROLINA,9647.663999999999,28146.644,0.00035777919265325513,13.0,unmatched,
ghgrp_parent,CARRERA GAS CO LLC,CARRERAGAS,9630.715,22046.983,0.0003571506467652267,5.0,unmatched,
ghgrp_parent,BCE-MACH III MIDSTREAM HOLDINGS LLC,BCEMACHIIIMIDSTREAM,9630.715,37311.686,0.0003571506467652267,4.0,unmatched,
ghgrp_parent,MELVIN E JUDKINS,MELVINEJUDKINS,9401.75,41532.75,0.0003486595847997755,11.0,unmatched,
ghgrp_parent,COUNTY OF MADISON NEW YORK,COUNTYOFMADISONNEWYORK,9396.65,11608.3,0.00034847045363988735,2.0,unmatched,
ghgrp_parent,HECLA GREENS CREEK MINE,HECLAGREENSCREEKMINE,9391.947999999999,51692.116,0.0003482960821273786,7.0,unmatched,
ghgrp_parent,ELECTRIC TRANSMISSION TEXAS LLC,ELECTRICTRANSMISSIONTEXAS,9348.676102079999,20881.3572,0.0003466913636481289,13.0,unmatched,
ghgrp_parent,AIM Development USA LLC,AIMDEVELOPMENT,9333.708,71277.839,0.0003461362784505378,6.0,unmatched,
ghgrp_parent,SHENANDOAH COUNTY VIRGINIA,SHENANDOAHCOUNTYVIRGINIA,9321.35,9321.35,0.0003456779876909498,7.0,unmatched,
ghgrp_parent,TEXLAND PETROLEUM LP,TEXLANDPETROLEUM,9059.591999999999,32958.442,0.0003359708123674175,9.0,unmatched,
ghgrp_parent,CITY OF LEBANON NEW HAMPSHIRE,CITYOFLEBANONNEWHAMPSHIRE,9028.4,9028.4,0.0003348140713597249,2.0,unmatched,
ghgrp_parent,EDGEMARC ENERGY HOLDINGS LLC,EDGEMARCENERGY,8910.418,82836.986,0.0003304387630252289,7.0,unmatched,
ghgrp_parent,LCRA WHOLESALE ENERGY SERVICES CORP,LCRAWHOLESALEENERGY,8894.0292,56580.5256,0.0003298309918971553,5.0,unmatched,
ghgrp_parent,GOODWAY REFINING LLC,GOODWAYREFINING,8772.054,11539.474,0.000325307597572921,14.0,unmatched,
ghgrp_parent,GREENLEAF ENERGY UNIT 2 LLC,GREENLEAFENERGYUNIT2,8597.568,125370.928,0.00031883686432502845,6.0,unmatched,
ghgrp_parent,MUTUAL MATERIALS CO,MUTUALMATERIALS,8595.668,8595.668,0.0003187664036968348,1.0,unmatched,
ghgrp_parent,CHICAGO WHITE METAL CASTING INC,CHICAGOWHITEMETALCASTING,8583.9264,30458.52,0.0003183309718484146,13.0,unmatched,
ghgrp_parent,PLAINS END FINANCING LLC,PLAINSENDFINANCING,8441.168,19854.824,0.00031303684208845706,8.0,unmatched,
ghgrp_parent,ALGONQUIN POWER SANGER LLC,ALGONQUINPOWERSANGER,8236.619999999999,70675.188,0.0003054512733643765,4.0,unmatched,
ghgrp_parent,WYANDOTTE MUNICIPAL SERVICES,WYANDOTTEMUNICIPAL,8220.019999999999,309153.35,0.00030483566998121096,14.0,unmatched,
ghgrp_parent,WASTE COMMISSION OF SCOTT COUNTY IOWA,WASTECOMMISSIONOFSCOTTCOUNTYIOWA,8185.15,8716.6,0.00030354253203115195,2.0,unmatched,
ghgrp_parent,LOTUS INFRASTRUTURE PARTNERS,LOTUSINFRASTRUTURE,8166.070000000001,8166.070000000001,0.0003028349589859232,5.0,unmatched,
ghgrp_parent,GLAXOSMITHKLINE SL HOLDINGS INC,GLAXOSMITHKLINESL,8129.62,27773.79,0.00030148322746083984,5.0,unmatched,
ghgrp_parent,"QUANTUM RESOURCES MANAGEMENT, LLC",QUANTUMRESOURCESMANAGEMENT,8067.057948000001,351534.97,0.00029916314246873285,14.0,unmatched,
ghgrp_parent,N/A FEDERAL GOVERNMENT,NAFEDERALGOVERNMENT,7830.774,92435.76,0.0002904006606749677,13.0,unmatched,
ghgrp_parent,PENTWATER CAPITAL MANAGEMENT LP,PENTWATERCAPITALMANAGEMENT,7821.0455999999995,8323.423799999999,0.00029003988742479973,8.0,unmatched,
ghgrp_parent,LOOP LLC,LOOP,7756.024,91575.02,0.0002876285912236652,13.0,unmatched,
ghgrp_parent,HUNTSVILLE UTILITIES,HUNTSVILLEUTILITIES,7535.8,12951.6,0.0002794616852324459,14.0,unmatched,
ghgrp_parent,MFP HOLDINGS,MFP,7387.071999999999,7387.071999999999,0.0002739461755956122,1.0,unmatched,
ghgrp_parent,WETT HOLDINGS LLC,WETT,7291.0296,7291.0296,0.0002703844872602306,6.0,unmatched,
ghgrp_parent,CGL HOLDINGS LLC,CGL,7241.4,17891.85,0.00026854399631654684,4.0,unmatched,
ghgrp_parent,CITY OF MESA ARIZONA,CITYOFMESAARIZONA,7136.6,7136.6,0.00026465753640355017,2.0,unmatched,
ghgrp_parent,LONG ISLAND POWER AUTHORITY,LONGISLANDPOWERAUTHORITY,7056.2808,23735.2788,0.0002616789357256498,13.0,unmatched,
ghgrp_parent,AMERICAN NATURAL RESOURCES CO,NATURALRESOURCES,7025.03,994805.8799999999,0.00026052001414693724,4.0,unmatched,
ghgrp_parent,MAGNETAR FINANCIAL LLC,MAGNETARFINANCIAL,6778.23952,9255.062520000001,0.00025136790243482647,8.0,unmatched,
ghgrp_parent,"Reser's Fine Foods, Inc",RESERSFINEFOODS,6717.724,6717.724,0.00024912371214289757,2.0,unmatched,
ghgrp_parent,CITY OF REDLANDS MUNICIPAL UTILITIES DEPARTMENT,CITYOFREDLANDSMUNICIPALUTILITIESDEPARTMENT,6454.25,22130.0,0.0002393528997467441,7.0,unmatched,
ghgrp_parent,31 OFFSHORE LLC,31OFFSHORE,6195.5154,8754.2004,0.00022975784582493847,3.0,unmatched,
ghgrp_parent,CITY OF COLTON CALIFORNIA,CITYOFCOLTONCALIFORNIA,6119.928,7803.571999999999,0.00022695472177887316,2.0,unmatched,
ghgrp_parent,AXEON SPECIALTY PRODUCTS,AXEONSPECIALTYPRODUCTS,5959.360000000001,162162.45200000002,0.00022100013117476962,11.0,unmatched,
ghgrp_parent,CITY OF SANTA MARIA,CITYOFSANTAMARIA,5948.3,41176.25,0.00022058997614960032,14.0,unmatched,
ghgrp_parent,ABB LTD,ABB,5927.9772,70789.44,0.00021983631443662463,13.0,unmatched,
ghgrp_parent,EDGEBORO INC,EDGEBORO,5675.5,80119.25,0.0002104733133226395,9.0,unmatched,
ghgrp_parent,RESOURCE STRATEGIES,RESOURCESTRATEGIES,5477.63194,10057.30927594092,0.00020313546710839885,13.0,unmatched,
ghgrp_parent,RHODE ISLAND RESOURCE RECOVERY CORP,RHODEISLANDRESOURCERECOVERY,5354.146,264556.0,0.00019855604768446075,14.0,unmatched,
ghgrp_parent,LEO RIGNEY,LEORIGNEY,5295.700000000001,9470.85,0.00019638860459214206,11.0,unmatched,
ghgrp_parent,MRYLE ODELL,MRYLEODELL,5295.700000000001,7455.1,0.00019638860459214206,7.0,unmatched,
ghgrp_parent,GEORGE GOODRICH,GEORGEGOODRICH,5295.700000000001,9470.85,0.00019638860459214206,11.0,unmatched,
ghgrp_parent,BILL ODELL,BILLODELL,5295.700000000001,9470.85,0.00019638860459214206,11.0,unmatched,
ghgrp_parent,MILDRED RIGNEY,MILDREDRIGNEY,5295.700000000001,9470.85,0.00019638860459214206,11.0,unmatched,
ghgrp_parent,WASHINGTON COUNTY,WASHINGTONCOUNTY,5288.0,116576.9,0.000196103053625252,14.0,unmatched,
ghgrp_parent,JOYCE ALMQUIST,JOYCEALMQUIST,5159.790625,5673.16875,0.00019134846778166555,2.0,unmatched,
ghgrp_parent,MARKEETA LERAY,MARKEETALERAY,5159.790625,5673.16875,0.00019134846778166555,2.0,unmatched,
ghgrp_parent,PRINCE WILLIAM COUNTY PUBLIC WORKS DEPARTMENT SOLID WASTE DIV,PRINCEWILLIAMCOUNTYPUBLICWORKSDEPARTMENTSOLIDWASTEDIV,4968.4,90262.75,0.0001842508342722583,9.0,unmatched,
ghgrp_parent,LSP-COTTAGE GROVE LLC,LSPCOTTAGEGROVE,4736.41842,4736.41842,0.00017564790382165117,8.0,unmatched,
ghgrp_parent,MISSION CREEK OPCO LLC,MISSIONCREEKOPCO,4681.646,51042.804000000004,0.00017361669375802694,6.0,unmatched,
ghgrp_parent,RUDY RESOURCES LP,RUDYRESOURCES,4506.597187,8279.401746518,0.0001671250888482736,13.0,unmatched,
ghgrp_parent,SAN DIEGO COUNTY DEPARTMENT OF PUBLIC WORKS,SANDIEGOCOUNTYDEPARTMENTOFPUBLICWORKS,4278.25,9842.5,0.00015865693819444674,14.0,unmatched,
ghgrp_parent,NORTHERN NEW ENGLAND ENERGY CORP,NORTHERNNEWENGLANDENERGY,4100.9,4100.9,0.00015207999482068756,14.0,unmatched,
ghgrp_parent,COUNTY OF FRANKLIN SOLID WASTE MANGEMENT AUTHORITY,COUNTYOFFRANKLINSOLIDWASTEMANGEMENTAUTHORITY,3875.298,6696.598,0.00014371364816713914,9.0,unmatched,
ghgrp_parent,JACKSON ENERGY AUTHORITY,JACKSONENERGYAUTHORITY,3799.6,3799.6,0.00014090642257082213,14.0,unmatched,
ghgrp_parent,CMS Generation Filer City Inc.,CMSGENERATIONFILERCITY,3709.57658,324388.371,0.00013756794534695895,7.0,unmatched,
ghgrp_parent,US CERAMICS LLC,CERAMICS,3584.836,40365.448000000004,0.0001329419981743067,5.0,unmatched,
ghgrp_parent,ELK RIVER PUBLIC UTILITY DISTRICT,ELKRIVERPUBLICUTILITYDISTRICT,3403.85,3403.85,0.0001262302154089096,14.0,unmatched,
ghgrp_parent,CLARKE-MOBILE COUNTIES GAS DISTRICT,CLARKEMOBILECOUNTIESGASDISTRICT,3353.35,3353.35,0.00012435744608060492,13.0,unmatched,
ghgrp_parent,NBPCO HOLDINGS LLC,NBPCO,3301.7641287999995,8877.3166872,0.00012244440771709526,13.0,unmatched,
ghgrp_parent,A TIMOSHENKO,ATIMOSHENKO,3176.625,3556.875,0.00011780368054506735,9.0,unmatched,
ghgrp_parent,MPH Oxnard LLC,MPHOXNARD,3043.088,3043.088,0.00011285152217291243,1.0,unmatched,
ghgrp_parent,PENSARELI INC,PENSARELI,2962.9009129999995,5441.50273103346,0.00010987782084499756,13.0,unmatched,
ghgrp_parent,CITY OF WATSONVILLE DEPARTMENT OF PUBLIC WORKS & UTILITIES,CITYOFWATSONVILLEDEPARTMENTOFPUBLICWORKSUTILITIES,2942.0,27150.0,0.00010910272007668143,13.0,unmatched,
ghgrp_parent,GREGORY E ABEL REVOCABLE TRUST,GREGORYEABELREVOCABLETRUST,2932.9646400000006,8242.04296,0.00010876764789691527,3.0,unmatched,
ghgrp_parent,COSMO SPECIALTY FIBERS INC,COSMOSPECIALTYFIBERS,2864.0,518320.806,0.00010621012586662665,2.0,unmatched,
ghgrp_parent,BASIN CREEK POWER SERVICES LLC,BASINCREEKPOWER,2841.6474940000003,3930.676386000001,0.00010538119343796237,11.0,unmatched,
ghgrp_parent,TEX MONCRIEF EXPLORACOUNT II LLC,TEXMONCRIEFEXPLORACOUNTII,2797.2745199999995,18822.99816,0.00010373564205750963,7.0,unmatched,
ghgrp_parent,SEAGRAVE FIRE APPARATUS LLC,SEAGRAVEFIREAPPARATUS,2590.04,2590.04,9.605044497192656e-05,2.0,unmatched,
ghgrp_parent,CITY OF ANAHEIM CALIFORNIA,CITYOFANAHEIMCALIFORNIA,2454.8532,2490.33,9.103710452377486e-05,2.0,unmatched,
ghgrp_parent,CSU TRUSTEES & CSUCI SITE AUTHORITY,CSUTRUSTEESCSUCISITEAUTHORITY,2327.64,106957.796,8.631946137297307e-05,14.0,unmatched,
ghgrp_parent,AIRGAS INC,AIRGAS,2299.24,4004.36,8.526626040418387e-05,14.0,unmatched,
ghgrp_parent,CITY OF LEXINGTON NORTH CAROLINA,CITYOFLEXINGTONNORTHCAROLINA,2286.4,2286.4,8.479009489575948e-05,2.0,unmatched,
ghgrp_parent,UTILITIES BOARD OF THE CITY OF TRUSSVILLE ALABAMA,UTILITIESBOARDOFCITYOFTRUSSVILLEALABAMA,2194.85,2210.45,8.139500515306058e-05,2.0,unmatched,
ghgrp_parent,WESTERN PLACER WASTE MANAGEMENT AUTHORITY,WESTERNPLACERWASTEMANAGEMENTAUTHORITY,2000.0,50275.0,7.416908230909682e-05,12.0,unmatched,
ghgrp_parent,CITY OF NORWICH CONNECTICUT,CITYOFNORWICHCONNECTICUT,1841.7,1849.2,6.829859944433181e-05,2.0,unmatched,
ghgrp_parent,CITY OF UNION SOUTH CAROLINA,CITYOFUNIONSOUTHCAROLINA,1837.95,1837.95,6.815953241500225e-05,3.0,unmatched,
ghgrp_parent,METRO,METRO,1719.75,103390.0,6.377613965053463e-05,14.0,unmatched,
ghgrp_parent,STANTON ENERGY RELIABILITY CENTER LLC,STANTONENERGYRELIABILITYCENTER,1633.744,25613.056,6.0586646603996534e-05,4.0,unmatched,
ghgrp_parent,NATURESWEET USA LLC,NATURESWEET,1621.644,74088.614,6.01379236560265e-05,11.0,unmatched,
ghgrp_parent,CITY OF PAINESVILLE OHIO,CITYOFPAINESVILLEOHIO,1607.066,111462.40000000001,5.9597305215075495e-05,3.0,unmatched,
ghgrp_parent,CITY OF CHARLOTTESVILLE VIRGINIA,CITYOFCHARLOTTESVILLEVIRGINIA,1601.8,1601.8,5.9402018021355646e-05,2.0,unmatched,
ghgrp_parent,CITY OF FAYETTEVILLE TENNESSEE,CITYOFFAYETTEVILLETENNESSEE,1583.65,2522.75,5.872893359940059e-05,13.0,unmatched,
ghgrp_parent,ABF ENTERPRISES,ABF,1559.0701199999999,1664.30376,5.7817400027966724e-05,13.0,unmatched,
ghgrp_parent,ENERGY XXI ONSHORE LLC,ENERGYXXIONSHORE,1554.0414,25142.28984,5.763091225417203e-05,6.0,unmatched,
ghgrp_parent,Green Mountain Power,GREENMOUNTAINPOWER,1503.1285280000002,115252.951936,5.5742831757191784e-05,14.0,unmatched,
ghgrp_parent,ILLINOIS GAS CO,ILLINOISGAS,1490.7,1725.85,5.5281925499085316e-05,13.0,unmatched,
ghgrp_parent,CITY OF FOUNTAIN INN SOUTH CAROLINA,CITYOFFOUNTAININNSOUTHCAROLINA,1485.95,1485.95,5.5105773928601213e-05,2.0,unmatched,
ghgrp_parent,CITY OF OXNARD,CITYOFOXNARD,1477.74,36923.37,5.480130984572237e-05,14.0,unmatched,
ghgrp_parent,CITY OF MURRAY KENTUCKY,CITYOFMURRAYKENTUCKY,1434.3,1434.3,5.319035737796879e-05,2.0,unmatched,
ghgrp_parent,CITY OF BENTON KENTUCKY,CITYOFBENTONKENTUCKY,1397.95,1404.45,5.184233430700095e-05,2.0,unmatched,
ghgrp_parent,SACRAMENTO MUNICIPAL UTILITY DISTRICT,SACRAMENTOMUNICIPALUTILITYDISTRICT,1366.176,1366217.956,5.066401009635633e-05,4.0,unmatched,
ghgrp_parent,Riverside Energy Holdings,RIVERSIDEENERGY,1359.344,1359.344,5.0410648511188456e-05,2.0,unmatched,
ghgrp_parent,CITY OF AUBURN NEW YORK,CITYOFAUBURNNEWYORK,1353.748,1919.398,5.020312341888761e-05,2.0,unmatched,
ghgrp_parent,JAYNE WRIGHTSMAN CO,JAYNEWRIGHTSMAN,1287.058,5175.56476,4.772995536929077e-05,13.0,unmatched,
ghgrp_parent,KEYSTONE SANITARY LANDFILL INC,KEYSTONESANITARYLANDFILL,1212.0,269385.45,4.4946463879312674e-05,14.0,unmatched,
ghgrp_parent,WATERVILLE GAS & OIL CO,WATERVILLEGASOIL,1205.25,1215.0,4.469614322651947e-05,14.0,unmatched,
ghgrp_parent,TOWN OF MIDDLEBOROUGH MASSACHUSETTS,TOWNOFMIDDLEBOROUGHMASSACHUSETTS,1130.95,1216.3,4.194076181873653e-05,2.0,unmatched,
ghgrp_parent,REEDY CREEK IMPROVEMENT DISTRICT,REEDYCREEKIMPROVEMENTDISTRICT,1105.77926,2927.02234,4.100731647531609e-05,14.0,unmatched,
ghgrp_parent,LEGACY RESERVES INC,LEGACYRESERVES,1080.76944,254259.17884,4.007983877625824e-05,7.0,unmatched,
ghgrp_parent,CITY OF PALO ALTO CALIFORNIA,CITYOFPALOALTOCALIFORNIA,1040.75,1040.75,3.859573620659626e-05,2.0,unmatched,
ghgrp_parent,PENROC OIL CORP,PENROCOIL,997.20708,997.20708,3.698096699786705e-05,1.0,unmatched,
ghgrp_parent,ARIEL EXPLORATION INC,ARIELEXPLORATION,997.20708,4209.868,3.698096699786705e-05,13.0,unmatched,
ghgrp_parent,TAUBER OIL CO,TAUBEROIL,964.3901000000001,1003.2237000000001,3.576396435248906e-05,14.0,unmatched,
ghgrp_parent,IL POMODORA INC,ILPOMODORA,910.2076487999999,934.8492231364438,3.375463301110834e-05,13.0,unmatched,
ghgrp_parent,CITY OF SEATTLE (SEATTLE CITY LIGHT DEPARTMENT),CITYOFSEATTLESEATTLECITYLIGHTDEPARTMENT,862.41,3043.8,3.1982079137094094e-05,13.0,unmatched,
ghgrp_parent,MESSER NORTH AMERICA INC,MESSERNORTH,828.284,1039.784,3.0716532085653975e-05,5.0,unmatched,
ghgrp_parent,CITY OF BROKEN ARROW,CITYOFBROKENARROW,762.39,2483.5499999999997,2.8272883330816163e-05,14.0,unmatched,
ghgrp_parent,JAS W GLOVER LTD,JASWGLOVER,736.9175999999999,807.4739999999999,2.7328251064711044e-05,14.0,unmatched,
ghgrp_parent,CITY OF DEMING NEW MEXICO,CITYOFDEMINGNEWMEXICO,715.55,730.55,2.6535843423137117e-05,2.0,unmatched,
ghgrp_parent,CITY OF LAKE WORTH FLORIDA,CITYOFLAKEWORTHFLORIDA,696.848,2044.792,2.5842288334464748e-05,2.0,unmatched,
ghgrp_parent,DABB ENERGY CO,DABBENERGY,643.529,2587.78238,2.3864977684645384e-05,13.0,unmatched,
ghgrp_parent,PORT HAMILTON REFINING & TRANSPORTATION LLLP,PORTHAMILTONREFININGTRANSPORTATIONLLLP,561.944,561.944,2.083943539455155e-05,2.0,unmatched,
ghgrp_parent,CITY OF FORT MORGAN COLORADO,CITYOFFORTMORGANCOLORADO,555.45,555.45,2.0598608384293917e-05,2.0,unmatched,
ghgrp_parent,CITY OF PERRYVILLE MISSOURI,CITYOFPERRYVILLEMISSOURI,552.2,552.2,2.0478083625541634e-05,2.0,unmatched,
ghgrp_parent,CITY OF CAIRO ILLINOIS,CITYOFCAIROILLINOIS,544.95,632.05,2.0209220702171158e-05,2.0,unmatched,
ghgrp_parent,CITY OF JASPER INDIANA,CITYOFJASPERINDIANA,536.1,536.1,1.9881022512953404e-05,3.0,unmatched,
ghgrp_parent,WHITE PINE PRODUCTION LLC,WHITEPINEPRODUCTION,526.55,552.55,1.9526865144927465e-05,2.0,unmatched,
ghgrp_parent,AMERICAS MINING CORP,MINING,445.548,128102.818,1.6522943142326738e-05,14.0,unmatched,
ghgrp_parent,CITY OF RENSSELAER GAS UTILITY,CITYOFRENSSELAERGASUTILITY,420.75,420.75,1.5603320690776244e-05,14.0,unmatched,
ghgrp_parent,UTAH STATE UNIVERSITY,UTAHSTATEUNIVERSITY,399.5,45497.93,1.481527419124209e-05,13.0,unmatched,
ghgrp_parent,NORTEX MIDSTREAM HOLDINGS II LLC,NORTEXMIDSTREAMII,397.97672,534.3100000000001,1.4758784051392189e-05,3.0,unmatched,
ghgrp_parent,BATESVILLE NATURAL GAS,BATESVILLENATURALGAS,388.0,440.6,1.4388801967964783e-05,14.0,unmatched,
ghgrp_parent,CITY OF COVINGTON TENNESSEE,CITYOFCOVINGTONTENNESSEE,360.0,360.0,1.3350434815637429e-05,3.0,unmatched,
ghgrp_parent,VERMONT ELECTRIC POWER CO,VERMONTELECTRICPOWER,337.2576,2432.76,1.2507043346884227e-05,13.0,unmatched,
ghgrp_parent,CLARIOS LLC,CLARIOS,331.648,62596.54,1.2299013904823672e-05,5.0,unmatched,
ghgrp_parent,CAPITAL POWER CORP,CAPITALPOWER,323.62991231999996,3193056.896,1.2001666802273933e-05,8.0,unmatched,
ghgrp_parent,EDP Renewables North America,EDPRENEWABLESNORTH,323.62991231999996,323.62991231999996,1.2001666802273933e-05,1.0,unmatched,
ghgrp_parent,OKLAHOMA TRANSPORTATION AUTHORITY,OKLAHOMATRANSPORTATIONAUTHORITY,296.485,331.975,1.0995010184206286e-05,9.0,unmatched,
ghgrp_parent,ORIGIN MINING CO LLC,ORIGINMINING,260.944,158689.95200000002,9.676988507032482e-06,10.0,unmatched,
ghgrp_parent,OLDHAM FAMILY LLC,OLDHAMFAMILY,249.89110000000002,1073.4304000000002,9.267096782105372e-06,13.0,unmatched,
ghgrp_parent,WTGKS GP LLC,WTGKSGP,240.45382,609.99992,8.917119583558377e-06,13.0,unmatched,
ghgrp_parent,EL PASO CORP,ELPASO,230.55922079999996,3557205.7558702007,8.550182912318212e-06,14.0,unmatched,
ghgrp_parent,LANDRETH CO STOCKHOLDERS,LANDRETHSTOCKHOLDERS,218.62022000000002,350.27085999999997,8.107430545806429e-06,13.0,unmatched,
ghgrp_parent,TERRA-GEN POWER LLC,TERRAGENPOWER,161.1,47636.196,5.974319579997749e-06,14.0,unmatched,
ghgrp_parent,LOS ANGELES DEPARTMENT OF WATER & POWER,LOSANGELESDEPARTMENTOFWATERPOWER,116.25971712,3656671.28552,4.311438264152797e-06,11.0,unmatched,
ghgrp_parent,MGI ENTERPRISES LLC,MGI,94.42999999999999,13580.5096,3.5018932212240065e-06,4.0,unmatched,
ghgrp_parent,MIT PIPELINE INVESTMENT AMERICAS INC,MITPIPELINEINVESTMENT,80.94,11640.4368,3.0016227610491483e-06,4.0,unmatched,
ghgrp_parent,Gevo,GEVO,9.7,39921.45,3.5972004919911957e-07,14.0,unmatched,
ghgrp_parent,CITY OF FULTON MISSOURI,CITYOFFULTONMISSOURI,2.1,1575.944,7.787753642455167e-08,13.0,unmatched,
ghgrp_parent,ARGOS PUERTO RICO CORP,ARGOSPUERTORICO,0.0,263989.036,0.0,6.0,unmatched,
ghgrp_parent,EP RUBY LLC,EPRUBY,0.0,34558.8,0.0,5.0,unmatched,
ghgrp_parent,NET POWER LLC,NETPOWER,0.0,289.048,0.0,3.0,unmatched,
ghgrp_parent,RUBY BLOCKER LLC,RUBYBLOCKER,0.0,34558.8,0.0,5.0,unmatched,
ghgrp_parent,PELICAN RENEWABLES LLC,PELICANRENEWABLES,0.0,0.2,0.0,3.0,unmatched,
ghgrp_parent,,,0.0,72158.98300000001,0.0,1.0,unmatched,
ghgrp_parent,31 GROUP LLC,31,0.0,48070.638,0.0,7.0,unmatched,
ghgrp_parent,3 BEAR DELAWARE OPERATING  NM LLC,3BEARDELAWAREOPERATINGNM,0.0,147385.00199999998,0.0,3.0,unmatched,
ghgrp_parent,3M Center,3MCENTER,0.0,87826.868,0.0,5.0,unmatched,
ghgrp_parent,Abbott Hospitals,ABBOTTHOSPITALS,0.0,117314.526,0.0,3.0,unmatched,
ghgrp_parent,Abbott Labortories,ABBOTTLABORTORIES,0.0,27764.016,0.0,1.0,unmatched,
ghgrp_parent,ABEL GREGORY E,ABELGREGORYE,0.0,595.2338,0.0,2.0,unmatched,
ghgrp_parent,ABENGOA BIOENERGY,ABENGOABIOENERGY,0.0,533075.894,0.0,14.0,unmatched,
ghgrp_parent,Abengoa Bioenergy Corpopration,ABENGOABIOENERGYCORPOPRATION,0.0,112700.176,0.0,1.0,unmatched,
ghgrp_parent,"Abengoa Bioenergy Maple, LLC",ABENGOABIOENERGYMAPLE,0.0,174744.19199999998,0.0,5.0,unmatched,
ghgrp_parent,AbiBow US Inc,ABIBOW,0.0,1659234.2880000002,0.0,1.0,unmatched,
ghgrp_parent,ABIBOW US INC - Catawba Operations,ABIBOWCATAWBAOPERATIONS,0.0,1695845.098,0.0,1.0,unmatched,
ghgrp_parent,"AbiBow U. S., Inc.",ABIBOWUS,0.0,853366.8219999999,0.0,1.0,unmatched,
ghgrp_parent,"Absolute Energy, L.L.C.",ABSOLUTEENERGYLLC,0.0,167270.856,0.0,1.0,unmatched,
ghgrp_parent,Acadian Gas Pipeline System,ACADIANGASPIPELINESYSTEM,0.0,120683.73,0.0,3.0,unmatched,
ghgrp_parent,Access Midstream Partners LP,ACCESSMIDSTREAM,0.0,192492.778,0.0,4.0,unmatched,
ghgrp_parent,"Access Midstream Partners, L.P.",ACCESSMIDSTREAMLP,0.0,1438942.0899999999,0.0,12.0,unmatched,
ghgrp_parent,Accuride Corportion,ACCURIDECORPORTION,0.0,55103.542,0.0,1.0,unmatched,
ghgrp_parent,ACE Cogeneration Company,ACECOGENERATION,0.0,721407.1,0.0,13.0,unmatched,
ghgrp_parent,Acero Junction Inc,ACEROJUNCTION,0.0,33369.824,0.0,1.0,unmatched,
ghgrp_parent,ACI Energy Inc.,ACIENERGY,0.0,357273.842,0.0,13.0,unmatched,
ghgrp_parent,ACMS INC,ACMS,0.0,47097.0,0.0,2.0,unmatched,
ghgrp_parent,AC OCEAN WALK LLC,ACOCEANWALK,0.0,248.346,0.0,8.0,unmatched,
ghgrp_parent,ADA COGEN HOLDINGS LP,ADACOGEN,0.0,100483.8759,0.0,4.0,unmatched,
ghgrp_parent,ADA COUNTY,ADACOUNTY,0.0,185263.848,0.0,8.0,unmatched,
ghgrp_parent,Ada County Solid Waste Management,ADACOUNTYSOLIDWASTEMANAGEMENT,0.0,165358.696,0.0,1.0,unmatched,
ghgrp_parent,ADS WASTE HOLDINGS INC,ADSWASTE,0.0,2521970.4099999997,0.0,14.0,unmatched,
ghgrp_parent,ADVANCED BIOENERGY LLC,ADVANCEDBIOENERGY,0.0,431156.13399999996,0.0,11.0,unmatched,
ghgrp_parent,ADVANCED GRAPHITE MATERIALS LLC,ADVANCEDGRAPHITEMATERIALS,0.0,17952.932,0.0,2.0,unmatched,
ghgrp_parent,ADVANCE ENERGY PARTNERS LLC,ADVANCEENERGY,0.0,148986.984,0.0,5.0,unmatched,
ghgrp_parent,AEIF Linden SPV LLC,AEIFLINDENSPV,0.0,1250332.29,0.0,9.0,unmatched,
ghgrp_parent,AEIF ST JOSEPH HOLDING V LLC,AEIFSTJOSEPHV,0.0,1632480.7904,0.0,3.0,unmatched,
ghgrp_parent,AEP GENERATION RESOURCES INC,AEPGENERATIONRESOURCES,0.0,1728410.236884,0.0,10.0,unmatched,"CAMD still names it as owner of Cardinal Unit 1, but AEP sold that unit to Buckeye Power in August 2022 and GHGRP already books the whole plant to Buckeye"
ghgrp_parent,AERA ENERGY LLC,AERAENERGY,0.0,566135.692,0.0,3.0,unmatched,
ghgrp_parent,"AER NY-Gen, LLC",AERNYGEN,0.0,1885.5690000000002,0.0,4.0,unmatched,
ghgrp_parent,"AES Eastern Energy, LP",AESEASTERNENERGY,0.0,2586570.948,0.0,3.0,unmatched,
ghgrp_parent,"AES Ohio Generation, LLC",AESOHIOGENERATION,0.0,716202.3239,0.0,6.0,unmatched,
ghgrp_parent,AETHON ENERGY,AETHONENERGY,0.0,505787.94999999995,0.0,4.0,unmatched,
ghgrp_parent,AETHON ENERGY OPERATING LLC,AETHONENERGYOPERATING,0.0,568291.198,0.0,1.0,unmatched,
ghgrp_parent,AGAVE ENERGY HOLDINGS,AGAVEENERGY,0.0,83899.12800000001,0.0,10.0,unmatched,
ghgrp_parent,AGC FLAT GLASS NORTH AMERICA,AGCFLATGLASSNORTH,0.0,329697.912,0.0,14.0,unmatched,
ghgrp_parent,AGC GLASS CO NORTH AMERICA,AGCGLASSNORTH,0.0,427772.93799999997,0.0,5.0,unmatched,
ghgrp_parent,Agra Resources LLC,AGRARESOURCES,0.0,66286.4,0.0,1.0,unmatched,
ghgrp_parent,Agra Resources Coop,AGRARESOURCESCOOP,0.0,66192.0,0.0,3.0,unmatched,
ghgrp_parent,Agra Resources Coop dba POET Biorefining Glenville,AGRARESOURCESCOOPDBAPOETBIOREFININGGLENVILLE,0.0,61483.268,0.0,1.0,unmatched,
ghgrp_parent,Agrifos Fertilizer L.L.C.,AGRIFOSFERTILIZERLLC,0.0,49375.132,0.0,2.0,unmatched,
ghgrp_parent,AGRI-MARK INC,AGRIMARK,0.0,26730.992000000002,0.0,13.0,unmatched,
ghgrp_parent,"Agrium U.S., Inc",AGRIUMUS,0.0,1115647.754,0.0,5.0,unmatched,
ghgrp_parent,AGY HOLDING CO,AGY,0.0,13858.812,0.0,14.0,unmatched,
ghgrp_parent,AHLSTROM FILTRATION LLC,AHLSTROMFILTRATION,0.0,28271.944000000003,0.0,6.0,unmatched,
ghgrp_parent,Ahlstrom-Munksj North America Specialty Solutions LLC,AHLSTROMMUNKSJNORTHSPECIALTYSOLUTIONS,0.0,56075.554,0.0,2.0,unmatched,
ghgrp_parent,AHLSTROM-MUNKSJO USA INC,AHLSTROMMUNKSJO,0.0,727294.4140000001,0.0,1.0,unmatched,
ghgrp_parent,AIM Developement USA LLC,AIMDEVELOPEMENT,0.0,228090.81900000002,0.0,3.0,unmatched,
ghgrp_parent,"AIM Midstream Holdings, LLC",AIMMIDSTREAM,0.0,36610.898799999995,0.0,1.0,unmatched,
ghgrp_parent,Aircraft Services Corporation (GE entity),AIRCRAFTGEENTITY,0.0,105073.66799999999,0.0,1.0,unmatched,
ghgrp_parent,AIRCRAFT SERVICES CORP - GENERAL,AIRCRAFTGENERAL,0.0,54429.45,0.0,1.0,unmatched,
ghgrp_parent,Aircraft Services Corporation - General Electric,AIRCRAFTGENERALELECTRIC,0.0,59062.925,0.0,5.0,unmatched,
ghgrp_parent,US Air Force Malmstrom AFB MT,AIRFORCEMALMSTROMAFBMT,0.0,23773.34,0.0,4.0,unmatched,
ghgrp_parent,Air Liquide Large Industries US LP,AIRLIQUIDELARGE,0.0,3778101.808,0.0,5.0,unmatched,
ghgrp_parent,Air Liquide Large Industries U.S. LP,AIRLIQUIDELARGEUS,0.0,1735514.966,0.0,5.0,unmatched,
ghgrp_parent,AJINOMOTO ANIMAL NUTRITION NORTH AMERICA INC,AJINOMOTOANIMALNUTRITIONNORTH,0.0,142605.264,0.0,2.0,unmatched,
ghgrp_parent,"Ajinomoto Heartland, INC",AJINOMOTOHEARTLAND,0.0,140750.32,0.0,7.0,unmatched,
ghgrp_parent,"Ajinomoto U.S.A., Inc.",AJINOMOTOUSA,0.0,111819.428,0.0,1.0,unmatched,
ghgrp_parent,AKA ENERGY GROUP LLC,AKAENERGY,0.0,385442.24,0.0,14.0,unmatched,
ghgrp_parent,AKIN BEENE RESOURCES LLC,AKINBEENERESOURCES,0.0,50123.852,0.0,8.0,unmatched,
ghgrp_parent,"Akron Energy Systems, LLC",AKRONENERGYSYSTEMS,0.0,147541.228,0.0,1.0,unmatched,
ghgrp_parent,AK STEEL CORP,AKSTEEL,0.0,9055077.861039998,0.0,14.0,unmatched,
ghgrp_parent,AKZO NOBEL CHEMICALS INC,AKZONOBEL,0.0,178112.288,0.0,9.0,unmatched,
ghgrp_parent,Akzo Nobel Pulp & Performance Chemicals Inc,AKZONOBELPULPPERFORMANCE,0.0,38589.604,0.0,1.0,unmatched,
ghgrp_parent,Aladdin Mills Inc,ALADDINMILLS,0.0,51947.314,0.0,1.0,unmatched,
ghgrp_parent,Alamance County,ALAMANCECOUNTY,0.0,123568.0,0.0,9.0,unmatched,
ghgrp_parent,"ALASKA ELECTRIC & ENERGY COOPERATIVE, INC",ALASKAELECTRICENERGYCOOPERATIVE,0.0,211840.4,0.0,5.0,unmatched,
ghgrp_parent,Albert Einstein College of Medicine,ALBERTEINSTEINCOLLEGEOFMEDICINE,0.0,44983.246,0.0,9.0,unmatched,
ghgrp_parent,Albiorix Inc.,ALBIORIX,0.0,534108.1,0.0,3.0,unmatched,
ghgrp_parent,ALCAN PRIMARY PRODUCTS CORP,ALCANPRIMARYPRODUCTS,0.0,648215.6240000001,0.0,2.0,unmatched,
ghgrp_parent,"Alcan Rolled Products - Ravenswood, LLC",ALCANROLLEDPRODUCTSRAVENSWOOD,0.0,96422.03600000001,0.0,1.0,unmatched,
ghgrp_parent,AL COGEN LLC,ALCOGEN,0.0,212427.83800000002,0.0,10.0,unmatched,
ghgrp_parent,"AL COGEN PARTNER, LLC",ALCOGENPARTNER,0.0,188247.89424,0.0,1.0,unmatched,
ghgrp_parent,ALERIS INTERNATIONAL INC,ALERIS,0.0,438185.004,0.0,10.0,unmatched,
ghgrp_parent,"Algonquin Gas Transmission, LLC",ALGONQUINGASTRANSMISSION,0.0,366168.246,0.0,5.0,unmatched,
ghgrp_parent,ALGONQUIN POWER FUND (AMERICA) INC,ALGONQUINPOWERFUND,0.0,61806.868,0.0,5.0,unmatched,
ghgrp_parent,ALGONQUIN POWER & UTILITIES CORP,ALGONQUINPOWERUTILITIES,0.0,201660.756,0.0,4.0,unmatched,
ghgrp_parent,"Algonquin Power Windsor Locks, L.L.C.",ALGONQUINPOWERWINDSORLOCKSLLC,0.0,203888.22199999998,0.0,4.0,unmatched,
ghgrp_parent,Alinda Investments LLC,ALINDAINVESTMENTS,0.0,59062.925,0.0,6.0,unmatched,
ghgrp_parent,ALJ REGIONAL HOLDING CO,ALJREGIONAL,0.0,28013.916,0.0,3.0,unmatched,
ghgrp_parent,ALL AMERICAN ASPHALT,ALLASPHALT,0.0,26770.600000000002,0.0,12.0,unmatched,
ghgrp_parent,All American Asphaly,ALLASPHALY,0.0,22152.416,0.0,1.0,unmatched,
ghgrp_parent,"Allegany Generating Station, LLC",ALLEGANYGENERATINGSTATION,0.0,44162.036,0.0,2.0,unmatched,
ghgrp_parent,ALLEGHENY SUPPLY CO LLC,ALLEGHENYSUPPLY,0.0,717402.466,0.0,1.0,unmatched,
ghgrp_parent,ALLEN COUNTY KANSAS,ALLENCOUNTYKANSAS,0.0,68415.468,0.0,9.0,unmatched,
ghgrp_parent,ALLENS INC,ALLENS,0.0,31023.146,0.0,14.0,unmatched,
ghgrp_parent,ALLIANCE COAL LLC,ALLIANCECOAL,0.0,2923573.948,0.0,14.0,unmatched,
ghgrp_parent,"Alliance NYGT, LLC",ALLIANCENYGT,0.0,281.0,0.0,1.0,unmatched,
ghgrp_parent,Alliance Petroleum CORP,ALLIANCEPETROLEUM,0.0,235486.118,0.0,8.0,unmatched,
ghgrp_parent,Alliant Energy Coporation,ALLIANTENERGYCOPORATION,0.0,919058.676,0.0,1.0,unmatched,
ghgrp_parent,ALLIED WASTE TRANSPORATION INC,ALLIEDWASTETRANSPORATION,0.0,8381.364474408001,0.0,6.0,unmatched,
ghgrp_parent,ALL AMERICAN OIL & GAS INC,ALLOILGAS,0.0,210291.12,0.0,6.0,unmatched,
ghgrp_parent,Almatis Burnside Inc.,ALMATISBURNSIDE,0.0,234154.568,0.0,2.0,unmatched,
ghgrp_parent,ALON USA LP,ALON,0.0,1341208.262,0.0,14.0,unmatched,
ghgrp_parent,"Alon USA Energy, Inc",ALONENERGY,0.0,880806.2379999999,0.0,5.0,unmatched,
ghgrp_parent,"AlonUSA Energy, Inc.",ALONUSAENERGY,0.0,535555.634,0.0,5.0,unmatched,
ghgrp_parent,ALPHAGEN POWER LLC,ALPHAGENPOWER,0.0,796050.8,0.0,5.0,unmatched,
ghgrp_parent,ALPHA NATURAL RESOURCES LLC,ALPHANATURALRESOURCES,0.0,4930026.13,0.0,14.0,unmatched,
ghgrp_parent,"Alpha Natural Resoureces, Inc.",ALPHANATURALRESOURECES,0.0,481993.25,0.0,4.0,unmatched,
ghgrp_parent,"ALPINE ENERGY, LLC",ALPINEENERGY,0.0,1344.7724183999999,0.0,13.0,unmatched,
ghgrp_parent,ALSTOM INC,ALSTOM,0.0,48995.668,0.0,7.0,unmatched,
ghgrp_parent,Alstom Grid Inc,ALSTOMGRID,0.0,170.0,0.0,1.0,unmatched,
ghgrp_parent,ALTAGAS RIPON ENERGY INC,ALTAGASRIPONENERGY,0.0,3788.336,0.0,4.0,unmatched,
ghgrp_parent,"Altair Disposal Services, LLC",ALTAIRDISPOSAL,0.0,30362.25,0.0,1.0,unmatched,
ghgrp_parent,ALTA MESA SERVICES LP,ALTAMESA,0.0,593964.078,0.0,13.0,unmatched,
ghgrp_parent,ALTEN LLC,ALTEN,0.0,51139.51,0.0,9.0,unmatched,
ghgrp_parent,ALTIVIA PETROCHEMICALS LLC,ALTIVIAPETROCHEMICALS,0.0,45397.48,0.0,4.0,unmatched,
ghgrp_parent,AL TURI LANDFILL INC,ALTURILANDFILL,0.0,41303.75,0.0,14.0,unmatched,
ghgrp_parent,ALTUS MIDSTREAM LP,ALTUSMIDSTREAM,0.0,71325.93536,0.0,2.0,unmatched,
ghgrp_parent,Alumina Ltd,ALUMINA,0.0,383996.24240000005,0.0,9.0,unmatched,
ghgrp_parent,AMALGAMATED BANK OF CHICAGO,AMALGAMATEDBANKOFCHICAGO,0.0,41437.0,0.0,8.0,unmatched,
ghgrp_parent,The Amalgamated Sugar Companuyy LLC,AMALGAMATEDSUGARCOMPANUYY,0.0,421932.68,0.0,4.0,unmatched,
ghgrp_parent,"Amalgamated Warbasse Houses, Incorporated",AMALGAMATEDWARBASSEHOUSES,0.0,34299.62,0.0,9.0,unmatched,
ghgrp_parent,AMCOL International,AMCOL,0.0,97287.54,0.0,3.0,unmatched,
ghgrp_parent,Ameren Energy Generating Co,AMERENENERGYGENERATING,0.0,6566979.21884,0.0,3.0,unmatched,
ghgrp_parent,Ameresco Chicopee LFGTE,AMERESCOCHICOPEELFGTE,0.0,44456.061117000005,0.0,1.0,unmatched,
ghgrp_parent,AMHERST COUNTY LANDFILL,AMHERSTCOUNTYLANDFILL,0.0,23442.0,0.0,2.0,unmatched,
ghgrp_parent,AMP ANGELINA LLC,AMPANGELINA,0.0,210780.09999999998,0.0,6.0,unmatched,
ghgrp_parent,Ampco - Pittsburgh Securities V Corporation,AMPCOPITTSBURGHSECURITIESV,0.0,34994.18,0.0,1.0,unmatched,
ghgrp_parent,AMP II ETX GATHERING I LLC,AMPIIETXGATHERINGI,0.0,90310.872,0.0,2.0,unmatched,
ghgrp_parent,AMR Corporation,AMR,0.0,53834.01,0.0,4.0,unmatched,
ghgrp_parent,AMSTED RAIL CO INC,AMSTEDRAIL,0.0,27568.696,0.0,8.0,unmatched,
ghgrp_parent,ANCHORAGE MUNICIPALITY OF INC,ANCHORAGEMUNICIPALITYOF,0.0,515812.023,0.0,1.0,unmatched,
ghgrp_parent,ANCHORAGE MUNICIPAL LIGHT & POWER,ANCHORAGEMUNICIPALLIGHTPOWER,0.0,156701.31555999996,0.0,6.0,unmatched,
ghgrp_parent,Andeavor Refining,ANDEAVORREFINING,0.0,4883.086,0.0,1.0,unmatched,
ghgrp_parent,ANDERSON COLUMBIA,ANDERSONCOLUMBIA,0.0,262499.592,0.0,7.0,unmatched,
ghgrp_parent,ANDERSON ENERGY INC,ANDERSONENERGY,0.0,12996.5,0.0,11.0,unmatched,
ghgrp_parent,ANDREWS ENGINEERING INC,ANDREWSENGINEERING,0.0,70530.0,0.0,1.0,unmatched,
ghgrp_parent,Androscogging Vally Regional Disposal District,ANDROSCOGGINGVALLYREGIONALDISPOSALDISTRICT,0.0,22378.1,0.0,3.0,unmatched,
ghgrp_parent,Androscoggin Valley Regional Refuse District,ANDROSCOGGINVALLEYREGIONALREFUSEDISTRICT,0.0,105846.0,0.0,1.0,unmatched,
ghgrp_parent,ANDROSCOGGIN VALLY REGIONAL REFUSE DISPOSAL DISTRICT,ANDROSCOGGINVALLYREGIONALREFUSEDISPOSALDISTRICT,0.0,52119.15,0.0,5.0,unmatched,
ghgrp_parent,ANGELINA COUNTY,ANGELINACOUNTY,0.0,113970.25,0.0,8.0,unmatched,
ghgrp_parent,Angelina Co. Waste Management Center,ANGELINAWASTEMANAGEMENTCENTER,0.0,25267.75,0.0,1.0,unmatched,
ghgrp_parent,"Anheuser-Busch Brewing Properties, LLC",ANHEUSERBUSCHBREWINGPROPERTIES,0.0,26190.758,0.0,1.0,unmatched,
ghgrp_parent,ANHEUSER-BUSCH INBEV,ANHEUSERBUSCHINBEV,0.0,864110.4660000001,0.0,14.0,unmatched,
ghgrp_parent,ANKOR ENERGY LLC,ANKORENERGY,0.0,46715.193999999996,0.0,7.0,unmatched,
ghgrp_parent,ANKOR E&P HOLDINGS CORP,ANKOREP,0.0,41882.854,0.0,3.0,unmatched,
ghgrp_parent,ANNE ARUNDEL COUNTY MARYLAND (DEPT OF PUBLIC WORKS - WASTE MANAGEMENT SERVICES),ANNEARUNDELCOUNTYMARYLANDDEPTOFPUBLICWORKSWASTEMANAGEMENT,0.0,107199.19799999999,0.0,13.0,unmatched,
ghgrp_parent,ANR PIPELINE CO,ANRPIPELINE,0.0,1257779.2480000001,0.0,12.0,unmatched,
ghgrp_parent,ANSCHUTZ EXPLORATION CORP,ANSCHUTZEXPLORATION,0.0,51531.810000000005,0.0,1.0,unmatched,
ghgrp_parent,Antelope Electric Generating Cooperative,ANTELOPEELECTRICGENERATINGCOOPERATIVE,0.0,68047.944,0.0,1.0,unmatched,
ghgrp_parent,Antero Resources Appalachian Corp,ANTERORESOURCESAPPALACHIAN,0.0,516702.206,0.0,3.0,unmatched,
ghgrp_parent,Antero Resources Piceance Corp,ANTERORESOURCESPICEANCE,0.0,130011.846,0.0,2.0,unmatched,
ghgrp_parent,APACHE CORP,APACHE,0.0,3489879.2628296693,0.0,14.0,unmatched,
ghgrp_parent,"APL SouthTex Processing, LP",APLSOUTHTEXPROCESSING,0.0,18875.604000000003,0.0,1.0,unmatched,
ghgrp_parent,Apollo Infra Equity US Fund LP,APOLLOINFRAEQUITYFUND,0.0,641720.1605,0.0,1.0,unmatched,
ghgrp_parent,Appleton Coated LLC,APPLETONCOATED,0.0,319319.68799999997,0.0,5.0,unmatched,
ghgrp_parent,APPLETON PAPERS INC,APPLETONPAPERS,0.0,543702.028,0.0,5.0,unmatched,
ghgrp_parent,APPROACH RESOURCES INC,APPROACHRESOURCES,0.0,173216.506,0.0,13.0,unmatched,
ghgrp_parent,APPVION INC,APPVION,0.0,364909.912,0.0,11.0,unmatched,
ghgrp_parent,APPVION HOLDING COPR,APPVIONCOPR,0.0,289225.722,0.0,1.0,unmatched,
ghgrp_parent,Appvion Operations INC,APPVIONOPERATIONS,0.0,303525.698,0.0,1.0,unmatched,
ghgrp_parent,Arabian American Development Company,ARABIANDEVELOPMENT,0.0,71230.532,0.0,3.0,unmatched,
ghgrp_parent,Aracoma Coal CO LLC,ARACOMACOAL,0.0,119126.25,0.0,4.0,unmatched,
ghgrp_parent,Arapahoe County,ARAPAHOECOUNTY,0.0,13367.008947,0.0,2.0,unmatched,
ghgrp_parent,ARAUCO-USA LLC,ARAUCO,0.0,194938.75,0.0,12.0,unmatched,
ghgrp_parent,"Arbutus Management Holdings, LLC",ARBUTUSMANAGEMENT,0.0,13454.22636,0.0,1.0,unmatched,
ghgrp_parent,"ArcelorMittal Coal Group USA, LLC.",ARCELORMITTALCOAL,0.0,63555.25,0.0,4.0,unmatched,
ghgrp_parent,ArcelorMittal North America Holdings LLC,ARCELORMITTALNORTH,0.0,57855.632000000005,0.0,1.0,unmatched,
ghgrp_parent,ArcelorMittal Tubular Products USA LLC,ARCELORMITTALTUBULARPRODUCTS,0.0,59131.628000000004,0.0,1.0,unmatched,
ghgrp_parent,"Arch Acquisition Holdings, Inc.",ARCHACQUISITION,0.0,21742.518,0.0,12.0,unmatched,
ghgrp_parent,ARCH COAL INC,ARCHCOAL,0.0,3307108.8,0.0,13.0,unmatched,
ghgrp_parent,ARCHDIOCESE OF CHICAGO,ARCHDIOCESEOFCHICAGO,0.0,170389.85,0.0,10.0,unmatched,
ghgrp_parent,ARCHROCK INC,ARCHROCK,0.0,55007.5,0.0,9.0,unmatched,
ghgrp_parent,ARCLIGHT ENERG PARTNERS FUND VII LP,ARCLIGHTENERGFUNDVII,0.0,590550.685,0.0,1.0,unmatched,
ghgrp_parent,Arclight Energy Partners Fund LP,ARCLIGHTENERGYFUND,0.0,7657959.3169338,0.0,1.0,unmatched,
ghgrp_parent,ARCLIGHT ENERGY PARTNERS FUND VIII LP,ARCLIGHTENERGYFUNDVIII,0.0,196967.95799999998,0.0,1.0,unmatched,
ghgrp_parent,ARCO Aluminun,ARCOALUMINUN,0.0,100851.7956,0.0,1.0,unmatched,
ghgrp_parent,Arctic Slope Regional Corporations,ARCTICSLOPEREGIONALCORPORATIONS,0.0,52144.358,0.0,1.0,unmatched,
ghgrp_parent,Ardagh Glass Containers Inc.,ARDAGHGLASSCONTAINERS,0.0,55806.06,0.0,1.0,unmatched,
ghgrp_parent,"Arena Entergy, LLC",ARENAENTERGY,0.0,460.4431084,0.0,4.0,unmatched,
ghgrp_parent,ARENA OFFSHORE LP,ARENAOFFSHORE,0.0,22812.18,0.0,1.0,unmatched,
ghgrp_parent,ARIZONA BOARD OF REGENTS FOR & ON BEHALF OF ARIZONA STATE UNIVERSITY,ARIZONABOARDOFREGENTSFORONBEHALFOFARIZONASTATEUNIVERSITY,0.0,48082.068,0.0,9.0,unmatched,
ghgrp_parent,ARIZONA CHEMICAL CO LLC,ARIZONACHEMICAL,0.0,165706.726,0.0,9.0,unmatched,
ghgrp_parent,ARIZONA ELECTRIC COOPERATIVE CORP,ARIZONAELECTRICCOOPERATIVE,0.0,2928913.4299999997,0.0,8.0,unmatched,
ghgrp_parent,Arizona State Land Department,ARIZONASTATELANDDEPARTMENT,0.0,91325.007375,0.0,2.0,unmatched,
ghgrp_parent,ARKANSAS GLASS CONTAINER CORP,ARKANSASGLASSCONTAINER,0.0,40057.576,0.0,9.0,unmatched,
ghgrp_parent,ARKANSAS OKLAHOMA GAS CORP,ARKANSASOKLAHOMAGAS,0.0,14936.1,0.0,9.0,unmatched,
ghgrp_parent,ARKEMA AMERICAS,ARKEMA,0.0,1434899.2190000003,0.0,14.0,unmatched,
ghgrp_parent,ArkMass,ARKMASS,0.0,96961.9912,0.0,4.0,unmatched,
ghgrp_parent,ARM ENERGY HOLDINGS LLC,ARMENERGY,0.0,84987.808,0.0,2.0,unmatched,
ghgrp_parent,ARMOR ENERGY LLC,ARMORENERGY,0.0,39316.516,0.0,6.0,unmatched,
ghgrp_parent,ARMSTRONG ENERGY INC,ARMSTRONGENERGY,0.0,186461.25,0.0,13.0,unmatched,
ghgrp_parent,US Army Garrison-Redstone Arsenal,ARMYGARRISONREDSTONEARSENAL,0.0,28650.325999999997,0.0,4.0,unmatched,
ghgrp_parent,ARP RANGELY PRODUCTION LLC,ARPRANGELYPRODUCTION,0.0,5022.489750088801,0.0,3.0,unmatched,
ghgrp_parent,"ARROWHEAD PIPELINE, LP",ARROWHEADPIPELINE,0.0,85396.35,0.0,13.0,unmatched,
ghgrp_parent,"Arrowhead Pipeline, L.P.",ARROWHEADPIPELINELP,0.0,58916.03,0.0,1.0,unmatched,
ghgrp_parent,"ARROYO ENERGY, LP",ARROYOENERGY,0.0,920.94252,0.0,6.0,unmatched,
ghgrp_parent,ARSENAL RESOURCES LLC,ARSENALRESOURCES,0.0,64570.83,0.0,3.0,unmatched,
ghgrp_parent,ARTISTIC CARTON CO,ARTISTICCARTON,0.0,25133.756,0.0,9.0,unmatched,
ghgrp_parent,ARUBA PETROLEUM INC,ARUBAPETROLEUM,0.0,269168.072,0.0,13.0,unmatched,
ghgrp_parent,ASAHI GLASS CO,ASAHIGLASS,0.0,126933.05200000001,0.0,5.0,unmatched,
ghgrp_parent,"Ascend Performance Materials Texas, Inc.",ASCENDPERFORMANCEMATERIALSTEXAS,0.0,603350.1799999999,0.0,3.0,unmatched,
ghgrp_parent,ASCENT RESOURCES LLC,ASCENTRESOURCES,0.0,504683.584,0.0,6.0,unmatched,
ghgrp_parent,ASHLAND INC,ASHLAND,0.0,319365.954,0.0,14.0,unmatched,
ghgrp_parent,"Aspen Scrbgrass Participant (Arclight Capital Partners, LLC)",ASPENSCRBGRASSPARTICIPANTARCLIGHTCAPITAL,0.0,306485.0316,0.0,1.0,unmatched,
ghgrp_parent,"Aspen Scrubgrass Participant, LLC(Arclight Capital Partners LLC)",ASPENSCRUBGRASSPARTICIPANTARCLIGHTCAPITAL,0.0,286101.5244,0.0,3.0,unmatched,
ghgrp_parent,ASPEN SCRUBGRASS PARTICIPANT LLC (OLYMPUS POWER LLC),ASPENSCRUBGRASSPARTICIPANTOLYMPUSPOWER,0.0,213950.2188,0.0,7.0,unmatched,
ghgrp_parent,ASRC,ASRC,0.0,143460.72400000002,0.0,8.0,unmatched,
ghgrp_parent,ASRCEX,ASRCEX,0.0,62638.59485,0.0,9.0,unmatched,
ghgrp_parent,"Associated Electric Cooperatie, Inc.",ASSOCIATEDELECTRICCOOPERATIE,0.0,463280.012,0.0,1.0,unmatched,
ghgrp_parent,Astoria Energy LLC,ASTORIAENERGY,0.0,1276885.076,0.0,1.0,unmatched,
ghgrp_parent,ASTORIA ENERGY LLC & ASTORIA ENERGY II LLC,ASTORIAENERGYASTORIAENERGYII,0.0,2584176.432,0.0,3.0,unmatched,
ghgrp_parent,"Astoria Generating Company, L.P.",ASTORIAGENERATINGLP,0.0,1321148.568,0.0,5.0,unmatched,
ghgrp_parent,ASTRA ENERGY HOLDINGS INC,ASTRAENERGY,0.0,169124.218,0.0,14.0,unmatched,
ghgrp_parent,ATC MANAGEMENT INC,ATCMANAGEMENT,0.0,33518.28,0.0,13.0,unmatched,
ghgrp_parent,Athens-Clarke County Unified Government,ATHENSCLARKECOUNTYUNIFIEDGOVERNMENT,0.0,91960.0,0.0,9.0,unmatched,
ghgrp_parent,ATI LADISH LLC,ATILADISH,0.0,67156.69600000001,0.0,5.0,unmatched,
ghgrp_parent,ATLANTIC MUNICIPAL UTILITIES,ATLANTICMUNICIPALUTILITIES,0.0,123546.2192412,0.0,11.0,unmatched,
ghgrp_parent,Atlantic Power (US) GP,ATLANTICPOWERGP,0.0,1150431.4226839999,0.0,4.0,unmatched,
ghgrp_parent,ATLAS ENERGY GROUP LLC,ATLASENERGY,0.0,597715.096,0.0,12.0,unmatched,
ghgrp_parent,"ATLAS PIPELINE PARTNERS, LP",ATLASPIPELINE,0.0,975155.6068,0.0,5.0,unmatched,
ghgrp_parent,"Atlas Pipeline Partners, L.P.",ATLASPIPELINELP,0.0,189848.96000000002,0.0,1.0,unmatched,
ghgrp_parent,ATLAS RESOURCE PARTNERS LP,ATLASRESOURCE,0.0,138193.784,0.0,1.0,unmatched,
ghgrp_parent,"Atlas Resource Partners, L.P.",ATLASRESOURCELP,0.0,49521.015999999996,0.0,1.0,unmatched,
ghgrp_parent,"Atlas Resources Partners, L.P.",ATLASRESOURCESLP,0.0,591083.9739999999,0.0,4.0,unmatched,
ghgrp_parent,ATMEL CORP,ATMEL,0.0,413154.22939999995,0.0,6.0,unmatched,
ghgrp_parent,ATP OIL & GAS CORP,ATPOILGAS,0.0,176191.028,0.0,14.0,unmatched,
ghgrp_parent,ATTIS BIOFUELS LLC,ATTISBIOFUELS,0.0,156363.012,0.0,5.0,unmatched,
ghgrp_parent,"Attn: Manager Global Market Development, Gas and Power Mar",ATTNMANAGERGLOBALMARKETDEVELOPMENTGASPOWERMAR,0.0,7788.173888,0.0,4.0,unmatched,
ghgrp_parent,Aucilla Area Solid Waste Facility,AUCILLAAREASOLIDWASTEFACILITY,0.0,38258.5,0.0,1.0,unmatched,
ghgrp_parent,Augusta-Richmond Georgia,AUGUSTARICHMONDGEORGIA,0.0,251468.0,0.0,9.0,unmatched,
ghgrp_parent,"Augustus Energy Partners, LLC",AUGUSTUSENERGY,0.0,71126.176,0.0,2.0,unmatched,
ghgrp_parent,AUGUSTUS ENERGY RESOURCES LLC,AUGUSTUSENERGYRESOURCES,0.0,53349.56,0.0,5.0,unmatched,
ghgrp_parent,AURIA SOLUTIONS USA INC,AURIASOLUTIONS,0.0,34650.092,0.0,7.0,unmatched,
ghgrp_parent,AURIGA POLYMERS INC,AURIGAPOLYMERS,0.0,117144.30799999999,0.0,5.0,unmatched,
ghgrp_parent,AUSTIN POWDER HOLDINGS CO,AUSTINPOWDER,0.0,114257.024,0.0,3.0,unmatched,
ghgrp_parent,Austin Utilities,AUSTINUTILITIES,0.0,4961.278,0.0,1.0,unmatched,
ghgrp_parent,AUX SABLE,AUXSABLE,0.0,318369.26800000004,0.0,4.0,unmatched,
ghgrp_parent,AVAGO TECHNOLOGIES US INC,AVAGOTECHNOLOGIES,0.0,288703.708578,0.0,1.0,unmatched,
ghgrp_parent,Avago Technologies U.S. Inc.,AVAGOTECHNOLOGIESUS,0.0,213562.45987999998,0.0,4.0,unmatched,
ghgrp_parent,Avant Energy,AVANTENERGY,0.0,152505.814,0.0,1.0,unmatched,
ghgrp_parent,AVENTINE RENEWABLE ENERGY INC,AVENTINERENEWABLEENERGY,0.0,789995.5880000001,0.0,5.0,unmatched,
ghgrp_parent,Aventine Renewable Energy - Aurora West LLC,AVENTINERENEWABLEENERGYAURORAWEST,0.0,72681.476,0.0,2.0,unmatched,
ghgrp_parent,Aventine Renewable Energy - Canton LLC,AVENTINERENEWABLEENERGYCANTON,0.0,3152.842,0.0,12.0,unmatched,
ghgrp_parent,Aventine Renewable Energy - Mt. Vernon LLC,AVENTINERENEWABLEENERGYMTVERNON,0.0,23856.007999999998,0.0,1.0,unmatched,
ghgrp_parent,AVENUE CAPITAL GROUP,AVENUECAPITAL,0.0,258540.78999999998,0.0,7.0,unmatched,
ghgrp_parent,Avista Utilities,AVISTAUTILITIES,0.0,1815218.0622000003,0.0,1.0,unmatched,
ghgrp_parent,"AW Power Holdings, LLC",AWPOWER,0.0,487.8319550000001,0.0,6.0,unmatched,
ghgrp_parent,"Axia Energy II, LLC",AXIAENERGYII,0.0,27892.292,0.0,1.0,unmatched,
ghgrp_parent,AXIALL CORP,AXIALL,0.0,4810307.5192,0.0,7.0,unmatched,
ghgrp_parent,AXIP PRODUCER SERVICES LLC,AXIPPRODUCER,0.0,36864.506,0.0,2.0,unmatched,
ghgrp_parent,AXIUM BNY COGENERATION PARTNERS LLC,AXIUMBNYCOGENERATION,0.0,1048299.7139999999,0.0,3.0,unmatched,
ghgrp_parent,AZURE MIDSTREAM ENERGY LLC,AZUREMIDSTREAMENERGY,0.0,313105.458,0.0,11.0,unmatched,
ghgrp_parent,B-41 Associates,B41ASSOCIATES,0.0,505558.434,0.0,1.0,unmatched,
ghgrp_parent,BABCOCK & BROWN BIOFUELS IBEC HOLDINGS LLC,BABCOCKBROWNBIOFUELSIBEC,0.0,77319.808,0.0,1.0,unmatched,
ghgrp_parent,BADLANDS ENERGY INC,BADLANDSENERGY,0.0,126957.77,0.0,9.0,unmatched,
ghgrp_parent,BAE SYSTEMS HOLDINGS INC.,BAESYSTEMS,0.0,171443.668,0.0,5.0,unmatched,
ghgrp_parent,Baldwin County,BALDWINCOUNTY,0.0,124264.25,0.0,1.0,unmatched,
ghgrp_parent,Ball State University,BALLSTATEUNIVERSITY,0.0,79489.28,0.0,1.0,unmatched,
ghgrp_parent,"Bandera Electric Cooperative, Inc.",BANDERAELECTRICCOOPERATIVE,0.0,166.44,0.0,13.0,unmatched,
ghgrp_parent,BARRICK GOLD CORP,BARRICKGOLD,0.0,1136985.3365,0.0,11.0,unmatched,
ghgrp_parent,Bartholomew County Solid Waste Management District,BARTHOLOMEWCOUNTYSOLIDWASTEMANAGEMENTDISTRICT,0.0,91175.05,0.0,9.0,unmatched,
ghgrp_parent,BARTON COUNTY,BARTONCOUNTY,0.0,36826.25,0.0,12.0,unmatched,
ghgrp_parent,Bartow County Government,BARTOWCOUNTYGOVERNMENT,0.0,16632.5,0.0,14.0,unmatched,
ghgrp_parent,BASIC AMERICAN FOODS,BASICFOODS,0.0,196938.09399999998,0.0,14.0,unmatched,
ghgrp_parent,BASIN ELECTRIC,BASINELECTRIC,0.0,22256336.4830346,0.0,4.0,unmatched,generation and transmission cooperative
ghgrp_parent,BAY COUNTY,BAYCOUNTY,0.0,118968.03400000001,0.0,13.0,unmatched,
ghgrp_parent,"Bay County, Florida",BAYCOUNTYFLORIDA,0.0,112797.66399999999,0.0,1.0,unmatched,
ghgrp_parent,Bayer CropScience LP,BAYERCROPSCIENCE,0.0,219124.44,0.0,2.0,unmatched,
ghgrp_parent,BAYONNE PLANT HOLDING LLC,BAYONNEPLANT,0.0,356159.06799999997,0.0,5.0,unmatched,
ghgrp_parent,BAYOU POWER LLC,BAYOUPOWER,0.0,212427.83800000002,0.0,10.0,unmatched,
ghgrp_parent,BAYOU STEEL GROUP,BAYOUSTEEL,0.0,82503.22,0.0,7.0,unmatched,
ghgrp_parent,Baytex Energy USA,BAYTEXENERGY,0.0,234144.89599999998,0.0,13.0,unmatched,
ghgrp_parent,BBX OPERATING LLC,BBXOPERATING,0.0,98493.65599999999,0.0,10.0,unmatched,
ghgrp_parent,BC Operating INC,BCOPERATING,0.0,304879.548,0.0,8.0,unmatched,
ghgrp_parent,BCP IV GRAFTECH HOLDINGS LP,BCPIVGRAFTECH,0.0,217231.37,0.0,9.0,unmatched,
ghgrp_parent,BD Bayou Steel Holdings LLV,BDBAYOUSTEELLLV,0.0,65487.14,0.0,1.0,unmatched,
ghgrp_parent,BD WHITE BIRCH INVESTMENT LLC,BDWHITEBIRCHINVESTMENT,0.0,182078.896,0.0,5.0,unmatched,
ghgrp_parent,BEACON HEAD INVESTMENTS (USA) LTD,BEACONHEADINVESTMENTS,0.0,1074.5682155999998,0.0,7.0,unmatched,
ghgrp_parent,BEACON WEST ENERGY GROUP LLC,BEACONWESTENERGY,0.0,13560.616,0.0,6.0,unmatched,
ghgrp_parent,Beam Inc.,BEAM,0.0,81496.33000000002,0.0,4.0,unmatched,
ghgrp_parent,"BE Anadarko, LLC",BEANADARKO,0.0,38997.799999999996,0.0,3.0,unmatched,
ghgrp_parent,Bear Island Paper WB LLC,BEARISLANDPAPERWB,0.0,269669.588,0.0,3.0,unmatched,
ghgrp_parent,BEAULIEU GROUP LLC,BEAULIEU,0.0,34774.018,0.0,14.0,unmatched,
ghgrp_parent,BEECHCRAFT CORP,BEECHCRAFT,0.0,31701.88,0.0,5.0,unmatched,
ghgrp_parent,BEECH FORK PROCESSING INC,BEECHFORKPROCESSING,0.0,106733.0,0.0,13.0,unmatched,
ghgrp_parent,"Benedum Gas Partners, LP",BENEDUMGAS,0.0,314292.498,0.0,1.0,unmatched,
ghgrp_parent,BENNETT LUMBER PRODUCTS INC,BENNETTLUMBERPRODUCTS,0.0,15573.536,0.0,6.0,unmatched,
ghgrp_parent,BENNU OIL & GAS LLC,BENNUOILGAS,0.0,67076.996,0.0,11.0,unmatched,
ghgrp_parent,BEOWULF ENERGY,BEOWULFENERGY,0.0,71093.97336,0.0,7.0,unmatched,
ghgrp_parent,BEPCO LP,BEPCO,0.0,1453.4,0.0,7.0,unmatched,
ghgrp_parent,Berkeley County Water and Sanitation,BERKELEYCOUNTYWATERSANITATION,0.0,86955.0,0.0,9.0,unmatched,
ghgrp_parent,"Berkeley Leasing, LLC.",BERKELEYLEASING,0.0,130312.708,0.0,4.0,unmatched,
ghgrp_parent,"BERKSHIRE ADVISERS, INC",BERKSHIREADVISERS,0.0,6127.0614,0.0,6.0,unmatched,
ghgrp_parent,BERRY CORP,BERRY,0.0,1576486.1539999999,0.0,1.0,unmatched,
ghgrp_parent,BERRY PETROLEUM CO,BERRYPETROLEUM,0.0,1802631.952,0.0,14.0,unmatched,
ghgrp_parent,"Bershire Hathaway, Inc.",BERSHIREHATHAWAY,0.0,4313822.20896,0.0,1.0,unmatched,
ghgrp_parent,"BESSE FOREST PRODUCTS, INC",BESSEFORESTPRODUCTS,0.0,26931.26,0.0,14.0,unmatched,
ghgrp_parent,Beta Offshore,BETAOFFSHORE,0.0,44262.108,0.0,1.0,unmatched,
ghgrp_parent,Bethel Utilities Corporation,BETHELUTILITIES,0.0,32922.71,0.0,4.0,unmatched,
ghgrp_parent,"BF BOLTHOUSE HOLDCO, LLC",BFBOLTHOUSEHOLDCO,0.0,29246.530000000002,0.0,3.0,unmatched,
ghgrp_parent,"BFI Waste Systems of North America, LLC",BFIWASTESYSTEMSOFNORTH,0.0,3347.5,0.0,2.0,unmatched,
ghgrp_parent,BHP BILLITON,BHPBILLITON,0.0,2734719.2090359996,0.0,10.0,unmatched,
ghgrp_parent,BHP Billiton New Mexico Coal Inc.,BHPBILLITONNEWMEXICOCOAL,0.0,838324.882,0.0,4.0,unmatched,
ghgrp_parent,BHP Billiton Petroleum Holdings LLC,BHPBILLITONPETROLEUM,0.0,825428.756624,0.0,5.0,unmatched,
ghgrp_parent,BHP BILLITON PETROLEUM (DEEPWATER) INC.,BHPBILLITONPETROLEUMDEEPWATER,0.0,2759.108121,0.0,4.0,unmatched,
ghgrp_parent,BHP Billiton Petroleum (North America) Inc.,BHPBILLITONPETROLEUMNORTH,0.0,1655345.333,0.0,4.0,unmatched,
ghgrp_parent,Bicent (California) LLC,BICENTCALIFORNIA,0.0,291587.558,0.0,1.0,unmatched,
ghgrp_parent,"Bicent (California) Malburg, LLC",BICENTCALIFORNIAMALBURG,0.0,349033.882,0.0,2.0,unmatched,
ghgrp_parent,BICENT (California) POWER LLC,BICENTCALIFORNIAPOWER,0.0,305984.716,0.0,3.0,unmatched,
ghgrp_parent,Bicent Power LLC,BICENTPOWER,0.0,954069.92812,0.0,5.0,unmatched,
ghgrp_parent,BIF II DISTRICT ENERGY HOLDINGS III DELAWARE,BIFIIDISTRICTENERGYIIIDELAWARE,0.0,88763.744,0.0,7.0,unmatched,
ghgrp_parent,BIG ISLAND TRONA CO,BIGISLANDTRONA,0.0,328690.22494,0.0,1.0,unmatched,
ghgrp_parent,Big Island Trona Co (Subsidiary of Anadarko Petroleum Corp.),BIGISLANDTRONASUBSIDIARYOFANADARKOPETROLEUM,0.0,371140.4903976,0.0,1.0,unmatched,
ghgrp_parent,Big Rivers Resources,BIGRIVERSRESOURCES,0.0,84357.132,0.0,2.0,unmatched,
ghgrp_parent,BILL BARRETT CORP,BILLBARRETT,0.0,1186081.38,0.0,14.0,unmatched,
ghgrp_parent,BINGHAMTON BOP LLC,BINGHAMTONBOP,0.0,18212.032000000003,0.0,12.0,unmatched,
ghgrp_parent,BIODYNE INC,BIODYNE,0.0,290335.5,0.0,12.0,unmatched,
ghgrp_parent,BioEnergy Holdings LLC,BIOENERGY,0.0,166302.88,0.0,1.0,unmatched,
ghgrp_parent,BIOFUEL ENERGY CORP,BIOFUELENERGY,0.0,358430.7,0.0,3.0,unmatched,
ghgrp_parent,Biogas Energy Solutions,BIOGASENERGYSOLUTIONS,0.0,5991.488958,0.0,1.0,unmatched,
ghgrp_parent,Bionol Clearfield Holdco LLC,BIONOLCLEARFIELDHOLDCO,0.0,166302.88,0.0,1.0,unmatched,
ghgrp_parent,BISHOP PETROLEUM INC,BISHOPPETROLEUM,0.0,3096.80075041344,0.0,13.0,unmatched,
ghgrp_parent,BISON OIL & GAS II LLC,BISONOILGASII,0.0,35331.672,0.0,4.0,unmatched,
ghgrp_parent,BKK Corportation,BKKCORPORTATION,0.0,340075.25,0.0,1.0,unmatched,
ghgrp_parent,"Black Elk Energy Offshore Operations, LLC",BLACKELKENERGYOFFSHOREOPERATIONS,0.0,2971.79462064,0.0,13.0,unmatched,
ghgrp_parent,Black Hawk County Landfill,BLACKHAWKCOUNTYLANDFILL,0.0,156943.0,0.0,9.0,unmatched,
ghgrp_parent,BLACK HILLS ENERGY,BLACKHILLSENERGY,0.0,615476.5112,0.0,5.0,unmatched,
ghgrp_parent,BLACKJEWEL LLC,BLACKJEWEL,0.0,171367.75,0.0,7.0,unmatched,
ghgrp_parent,"Black River Energy, LLC",BLACKRIVERENERGY,0.0,113804.742,0.0,1.0,unmatched,
ghgrp_parent,THE BLACKSTONE GROUP,BLACKSTONE,0.0,23084.715136,0.0,1.0,fund_holding,"named by EPA as the parent but held through managed funds, not consolidated by the listed manager; a carbon price lands on the portfolio company"
ghgrp_parent,BLACK WARRIOR SOLID WASTE DISPOSAL AUTHORITY,BLACKWARRIORSOLIDWASTEDISPOSALAUTHORITY,0.0,618094.0,0.0,14.0,unmatched,
ghgrp_parent,Blandin Paper Company,BLANDINPAPER,0.0,22810.064,0.0,5.0,unmatched,
ghgrp_parent,Blount County,BLOUNTCOUNTY,0.0,31812.600000000002,0.0,9.0,unmatched,
ghgrp_parent,BLUE DOLPHIN ENERGY CO,BLUEDOLPHINENERGY,0.0,57808.554,0.0,7.0,unmatched,
ghgrp_parent,BLUEFIN RESOURCES LLC,BLUEFINRESOURCES,0.0,30878.388000000003,0.0,6.0,unmatched,
ghgrp_parent,BLUE HERON PAPER CO,BLUEHERONPAPER,0.0,92595.348,0.0,13.0,unmatched,
ghgrp_parent,Blue Horizon Power America Inc,BLUEHORIZONPOWER,0.0,215496.16778400005,0.0,1.0,unmatched,
ghgrp_parent,BLUE ISLAND PHENOL LLC,BLUEISLANDPHENOL,0.0,54403.318,0.0,14.0,unmatched,
ghgrp_parent,BLUE MOUNTAIN MIDSTREAM,BLUEMOUNTAINMIDSTREAM,0.0,43224.443999999996,0.0,5.0,unmatched,
ghgrp_parent,Blue Ridge Mountain Resources,BLUERIDGEMOUNTAINRESOURCES,0.0,63894.004,0.0,1.0,unmatched,
ghgrp_parent,BLUESTONE COKE LLC,BLUESTONECOKE,0.0,102535.53600000001,0.0,4.0,unmatched,
ghgrp_parent,BLUESTONE NATURAL RESOURCES LLC,BLUESTONENATURALRESOURCES,0.0,486020.152,0.0,7.0,unmatched,
ghgrp_parent,BMW OF NORTH AMERICA LLC,BMWOFNORTH,0.0,92426.85800000001,0.0,8.0,unmatched,
ghgrp_parent,Board of Governors of the Colorado State University System,BOARDOFGOVERNORSOFCOLORADOSTATEUNIVERSITYSYSTEM,0.0,51268.808,0.0,9.0,unmatched,
ghgrp_parent,BOARD OF GOVERNORS STATE UNIVERSITY SYSTEM OF FLORIDA,BOARDOFGOVERNORSSTATEUNIVERSITYSYSTEMOFFLORIDA,0.0,22611.706000000002,0.0,5.0,unmatched,
ghgrp_parent,"Board of Regents, University System of GA",BOARDOFREGENTSUNIVERSITYSYSTEMOFGA,0.0,62840.412,0.0,8.0,unmatched,
ghgrp_parent,Board of Trustees,BOARDOFTRUSTEES,0.0,327289.35000000003,0.0,5.0,unmatched,
ghgrp_parent,The Board of Trustees of the University of Illinois,BOARDOFTRUSTEESOFUNIVERSITYOFILLINOIS,0.0,132046.35,0.0,1.0,unmatched,
ghgrp_parent,Board of Water Commissioners,BOARDOFWATERCOMMISSIONERS,0.0,113019.424,0.0,5.0,unmatched,
ghgrp_parent,BOC 220 GULF COAST BASIN ONSHORE,BOC220GULFCOASTBASINONSHORE,0.0,46182.64,0.0,13.0,unmatched,
ghgrp_parent,BOISE INC,BOISE,0.0,2632166.434,0.0,14.0,unmatched,
ghgrp_parent,BONANZA CREEK ENERGY INC,BONANZACREEKENERGY,0.0,440984.12,0.0,14.0,unmatched,
ghgrp_parent,"Boomerang Power, LLC",BOOMERANGPOWER,0.0,64085.964,0.0,1.0,unmatched,
ghgrp_parent,BOPCO LP,BOPCO,0.0,2064516.32,0.0,13.0,unmatched,
ghgrp_parent,BOROUGH OF CHAMBERSBURG,BOROUGHOFCHAMBERSBURG,0.0,71101.0,0.0,14.0,unmatched,
ghgrp_parent,"BOSPOWER PARTNERS, LLC",BOSPOWER,0.0,638950.432,0.0,2.0,unmatched,
ghgrp_parent,Bountiful City,BOUNTIFULCITY,0.0,51871.4,0.0,9.0,unmatched,
ghgrp_parent,BOWIE RESOURCE PARTNERS LLC,BOWIERESOURCE,0.0,581564.9299999999,0.0,11.0,unmatched,
ghgrp_parent,Bowie Resources Partners LLC,BOWIERESOURCES,0.0,417374.0,0.0,1.0,unmatched,
ghgrp_parent,Bowline Energy,BOWLINEENERGY,0.0,187595.47600000002,0.0,3.0,unmatched,
ghgrp_parent,"BP Exploration & Production, Inc.",BPEXPLORATIONPRODUCTION,0.0,32093.2416882,0.0,1.0,unmatched,
ghgrp_parent,BP IV GrafTech Holdings LP,BPIVGRAFTECH,0.0,4776.396,0.0,7.0,unmatched,
ghgrp_parent,BP America Production Company,BPPRODUCTION,0.0,153245.7363618,0.0,5.0,unmatched,
ghgrp_parent,BRADKEN INC,BRADKEN,0.0,28323.5,0.0,13.0,unmatched,
ghgrp_parent,"Bradley County, TN",BRADLEYCOUNTYTN,0.0,221305.5,0.0,9.0,unmatched,
ghgrp_parent,Bravo Natural Gas,BRAVONATURALGAS,0.0,155071.63,0.0,3.0,unmatched,
ghgrp_parent,"Bravo Natural Resources, LLC",BRAVONATURALRESOURCES,0.0,182937.32,0.0,1.0,unmatched,
ghgrp_parent,Brayton Point Holding LLC,BRAYTONPOINT,0.0,3315771.449,0.0,2.0,unmatched,
ghgrp_parent,BRAZOS ELECTRIC POWER COOPERATIVE INC,BRAZOSELECTRICPOWERCOOPERATIVE,0.0,3334756.3275,0.0,14.0,unmatched,
ghgrp_parent,Brazos Midstream,BRAZOSMIDSTREAM,0.0,128057.788,0.0,1.0,unmatched,
ghgrp_parent,BRAZOS SANDY CREEK ELECTRIC COOPERATIVE INC,BRAZOSSANDYCREEKELECTRICCOOPERATIVE,0.0,1619917.841,0.0,10.0,unmatched,
ghgrp_parent,BREITBURN ENERGY CO LP,BREITBURNENERGY,0.0,947248.0800000001,0.0,8.0,unmatched,
ghgrp_parent,BreitBurn Energy Partners L.P.,BREITBURNENERGYLP,0.0,565148.072,0.0,4.0,unmatched,
ghgrp_parent,BREVARD COUNTY BOARD OF COMMISSIONERS,BREVARDCOUNTYBOARDOFCOMMISSIONERS,0.0,553267.0380000001,0.0,10.0,unmatched,
ghgrp_parent,Brevard County Board of County Commissioners,BREVARDCOUNTYBOARDOFCOUNTYCOMMISSIONERS,0.0,264316.128,0.0,1.0,unmatched,
ghgrp_parent,Brick Power Holdings LLC,BRICKPOWER,0.0,650347.792,0.0,1.0,unmatched,
ghgrp_parent,BRIDGESTONE PROCUREMENT HOLDINGS USA INC,BRIDGESTONEPROCUREMENT,0.0,100385.272,0.0,3.0,unmatched,
ghgrp_parent,"Bridgestone Americas Tire Operations, LLC",BRIDGESTONETIREOPERATIONS,0.0,49125.502,0.0,5.0,unmatched,
ghgrp_parent,BRIDGEWOOD CHUNCHULA LLC,BRIDGEWOODCHUNCHULA,0.0,639.5082227099999,0.0,1.0,unmatched,
ghgrp_parent,Brigham Young University,BRIGHAMYOUNGUNIVERSITY,0.0,53521.77,0.0,9.0,unmatched,
ghgrp_parent,"Broad River Power, LLC",BROADRIVERPOWER,0.0,615948.216,0.0,3.0,unmatched,
ghgrp_parent,"Broin Investments III, LLC",BROININVESTMENTSIII,0.0,86764.324,0.0,1.0,unmatched,
ghgrp_parent,BROOKFIELD INFRASTRUCTURE PARTNERS LP,BROOKFIELDINFRASTRUCTURE,0.0,1031133.851,0.0,1.0,unmatched,
ghgrp_parent,BROOKFIELD INFRASTRUCTURE PTNR,BROOKFIELDINFRASTRUCTUREPTNR,0.0,745622.7149999999,0.0,9.0,unmatched,
ghgrp_parent,BROOKFIELD RENEWABLE PARTNERS LP,BROOKFIELDRENEWABLE,0.0,83193.188,0.0,1.0,unmatched,
ghgrp_parent,BROOKFIELD RENEWABLE POWER,BROOKFIELDRENEWABLEPOWER,0.0,30589.088,0.0,3.0,unmatched,
ghgrp_parent,Broome County Division of Solid Waste Management,BROOMECOUNTYDIVISIONOFSOLIDWASTEMANAGEMENT,0.0,24414.1,0.0,2.0,unmatched,
ghgrp_parent,Broome County Division of Solid Waste Managment,BROOMECOUNTYDIVISIONOFSOLIDWASTEMANAGMENT,0.0,87913.5,0.0,1.0,unmatched,
ghgrp_parent,Broome County Division of Sollid Waste Management,BROOMECOUNTYDIVISIONOFSOLLIDWASTEMANAGEMENT,0.0,76539.1,0.0,2.0,unmatched,
ghgrp_parent,Broward County Solid Waste and Recycling Services - Solid Waste Operations Division,BROWARDCOUNTYSOLIDWASTERECYCLINGSOLIDWASTEOPERATIONSDIVISION,0.0,32548.75,0.0,2.0,unmatched,
ghgrp_parent,Brown County,BROWNCOUNTY,0.0,40292.5,0.0,1.0,unmatched,
ghgrp_parent,Brown County Port & Resource Recovery Department,BROWNCOUNTYPORTRESOURCERECOVERYDEPARTMENT,0.0,15120.368,0.0,11.0,unmatched,
ghgrp_parent,Brown County Port & Solid Waste Department,BROWNCOUNTYPORTSOLIDWASTEDEPARTMENT,0.0,26710.104,0.0,3.0,unmatched,
ghgrp_parent,Brown County Port and Solid Wste Department,BROWNCOUNTYPORTSOLIDWSTEDEPARTMENT,0.0,12218.25,0.0,1.0,unmatched,
ghgrp_parent,BROWN COUNTY SOUTH DAKOTA,BROWNCOUNTYSOUTHDAKOTA,0.0,53647.75,0.0,8.0,unmatched,
ghgrp_parent,BROWNSVILLE PUBLIC UTILITIES BOARD,BROWNSVILLEPUBLICUTILITIESBOARD,0.0,850928.0100034,0.0,9.0,unmatched,
ghgrp_parent,Brownsville Public Utility Board,BROWNSVILLEPUBLICUTILITYBOARD,0.0,742596.9442931999,0.0,4.0,unmatched,
ghgrp_parent,BROWN UNIVERSITY IN PROVIDENCE IN THE STATE OF RHODE ISLAND &  PROVIDENCE PLANTATIONS,BROWNUNIVERSITYINPROVIDENCEINSTATEOFRHODEISLANDPROVIDENCEPLANTATIONS,0.0,26681.888,0.0,4.0,unmatched,
ghgrp_parent,BRS INTERMEDIATE HOLDINGS LLC,BRSINTERMEDIATE,0.0,527965.8520000001,0.0,6.0,unmatched,
ghgrp_parent,BRUIN E&P PARTNERS LLC,BRUINEP,0.0,1706650.134,0.0,6.0,unmatched,
ghgrp_parent,"Bruin E&P Operating, LLC",BRUINEPOPERATING,0.0,751377.598,0.0,1.0,unmatched,
ghgrp_parent,BTA,BTA,0.0,6551.25,0.0,12.0,unmatched,
ghgrp_parent,"BTU Solutions Group, LLC",BTUSOLUTIONS,0.0,6219.038,0.0,7.0,unmatched,
ghgrp_parent,"Buchanan Generation, LLC",BUCHANANGENERATION,0.0,15148.243999999999,0.0,5.0,unmatched,
ghgrp_parent,BUCKEYE POLLUTION CONTROL CORP,BUCKEYEPOLLUTIONCONTROL,0.0,93091.25,0.0,12.0,unmatched,
ghgrp_parent,Buckeye Port Reading Terminal LLC,BUCKEYEPORTREADINGTERMINAL,0.0,92597.024,0.0,11.0,unmatched,
ghgrp_parent,BUCKEYE TECHNOLOGIES INC,BUCKEYETECHNOLOGIES,0.0,2248626.058,0.0,3.0,unmatched,
ghgrp_parent,Buckeye Texas Processing LLC,BUCKEYETEXASPROCESSING,0.0,18115.126,0.0,1.0,unmatched,
ghgrp_parent,BUFFALO GULF COAST TERMINALS LLC,BUFFALOGULFCOASTTERMINALS,0.0,65223.104,0.0,8.0,unmatched,
ghgrp_parent,Buncombe County,BUNCOMBECOUNTY,0.0,75631.65,0.0,9.0,unmatched,
ghgrp_parent,Buncombe County Solid Waste Services,BUNCOMBECOUNTYSOLIDWASTE,0.0,6740.0,0.0,14.0,unmatched,
ghgrp_parent,BUNGE LTD,BUNGE,0.0,49812.912000000004,0.0,3.0,unmatched,
ghgrp_parent,Burbank Water and Power,BURBANKWATERPOWER,0.0,11932.508,0.0,13.0,unmatched,
ghgrp_parent,BURLINGTON COUNTY,BURLINGTONCOUNTY,0.0,139365.408,0.0,12.0,unmatched,
ghgrp_parent,Burlington Electric Department,BURLINGTONELECTRICDEPARTMENT,0.0,206058.829,0.0,14.0,unmatched,
ghgrp_parent,BURNETT OIL CO INC,BURNETTOIL,0.0,179520.452,0.0,13.0,unmatched,
ghgrp_parent,BUZZI UNICEM USA,BUZZIUNICEM,0.0,4394850.539000001,0.0,9.0,unmatched,
ghgrp_parent,CABOT OIL & GAS CORP,CABOTOILGAS,0.0,530869.938,0.0,8.0,unmatched,
ghgrp_parent,CAELUS ENERGY LLC,CAELUSENERGY,0.0,35997.1332,0.0,9.0,unmatched,
ghgrp_parent,"Caelus Energy Alaska, LLC",CAELUSENERGYALASKA,0.0,51616.172999999995,0.0,1.0,unmatched,
ghgrp_parent,CAISSE DE DEPOT ET PLACEMENT DU QUEBEC,CAISSEDEDEPOTETPLACEMENTDUQUEBEC,0.0,218714.106,0.0,3.0,unmatched,
ghgrp_parent,Caisse de dpt et placement du Qubec,CAISSEDEDPTETPLACEMENTDUQUBEC,0.0,74860.155,0.0,9.0,unmatched,
ghgrp_parent,"Caithness Energy, LLC",CAITHNESSENERGY,0.0,65100.628000000004,0.0,2.0,unmatched,
ghgrp_parent,Calgon Carbon Corporation,CALGONCARBON,0.0,49804.412000000004,0.0,9.0,unmatched,
ghgrp_parent,CALGREN RENEWABLE FUELS LLC,CALGRENRENEWABLEFUELS,0.0,73425.56,0.0,6.0,unmatched,
ghgrp_parent,CALHOUN POWER CO LLC,CALHOUNPOWER,0.0,190830.466,0.0,11.0,unmatched,
ghgrp_parent,California Department of State Hospitals,CALIFORNIADEPARTMENTOFSTATEHOSPITALS,0.0,3988.0359999999996,0.0,1.0,unmatched,
ghgrp_parent,California Department of Water Resources,CALIFORNIADEPARTMENTOFWATERRESOURCES,0.0,1063336.3572892,0.0,3.0,unmatched,
ghgrp_parent,CALIFORNIA STATE UNIVERSITY,CALIFORNIASTATEUNIVERSITY,0.0,71615.732,0.0,3.0,unmatched,
ghgrp_parent,Calpine Corporatoin,CALPINECORPORATOIN,0.0,699719.208,0.0,1.0,unmatched,
ghgrp_parent,CALUMET LUBRICANTS CO LP,CALUMETLUBRICANTS,0.0,732049.4519999999,0.0,5.0,unmatched,
ghgrp_parent,"Calumet Lubricants Company, L.P.",CALUMETLUBRICANTSLP,0.0,105262.406,0.0,1.0,unmatched,
ghgrp_parent,"Calumet Shreveport Lubricants and Waxes, LLC",CALUMETSHREVEPORTLUBRICANTSWAXES,0.0,369113.596,0.0,1.0,unmatched,
ghgrp_parent,"Calumet Specialty Products Partners, L.P.",CALUMETSPECIALTYPRODUCTSLP,0.0,53549.646,0.0,2.0,unmatched,
ghgrp_parent,Calumet Superior LLC,CALUMETSUPERIOR,0.0,342194.286,0.0,4.0,unmatched,
ghgrp_parent,CALYPSO ENERGY HOLDINGS LLC,CALYPSOENERGY,0.0,8626824.6742448,0.0,8.0,unmatched,
ghgrp_parent,"CAMBRIAN MANAGEMENT, LTD",CAMBRIANMANAGEMENT,0.0,8290.8,0.0,13.0,unmatched,
ghgrp_parent,CAMDEN COUNTY ENERGY RECOVERY CORPORATION,CAMDENCOUNTYENERGYRECOVERY,0.0,269522.11836,0.0,2.0,unmatched,
ghgrp_parent,CAMDEN COUNTY ENERGY RECOVERY ASSOCIATES LP,CAMDENCOUNTYENERGYRECOVERYASSOCIATES,0.0,3111.1939800000005,0.0,4.0,unmatched,
ghgrp_parent,"CAMDEN COUNTY ENERGY RECOVERY ASSOCIATES, L. P.",CAMDENCOUNTYENERGYRECOVERYASSOCIATESLP,0.0,2937.6310399999998,0.0,2.0,unmatched,
ghgrp_parent,CAMDEN PLANT HOLDING LLC,CAMDENPLANT,0.0,253986.608,0.0,5.0,unmatched,
ghgrp_parent,CAMPBELL COUNTY VA,CAMPBELLCOUNTYVA,0.0,36278.9,0.0,13.0,unmatched,
ghgrp_parent,"Campbell County, Virginia",CAMPBELLCOUNTYVIRGINIA,0.0,38665.75,0.0,1.0,unmatched,
ghgrp_parent,CAMPBELL COUNTY WYOMING,CAMPBELLCOUNTYWYOMING,0.0,31391.8,0.0,6.0,unmatched,
ghgrp_parent,Campbell Soup Compnay,CAMPBELLSOUPCOMPNAY,0.0,37398.96,0.0,1.0,unmatched,
ghgrp_parent,CANADA PENSION PLAN INVESTMENT BOARD,CANADAPENSIONPLANINVESTMENTBOARD,0.0,134629.9857,0.0,1.0,unmatched,
ghgrp_parent,Canton Drop Forge,CANTONDROPFORGE,0.0,66821.26,0.0,9.0,unmatched,
ghgrp_parent,CANYON COUNTY,CANYONCOUNTY,0.0,102813.5,0.0,8.0,unmatched,
ghgrp_parent,Canyon County Solid Waste Department,CANYONCOUNTYSOLIDWASTEDEPARTMENT,0.0,71384.0,0.0,1.0,unmatched,
ghgrp_parent,CAPITAL DISTRICT ENERGY CENTRE COGENERATION ASSOCIATES,CAPITALDISTRICTENERGYCENTRECOGENERATIONASSOCIATES,0.0,37094.998,0.0,6.0,unmatched,
ghgrp_parent,Capital Five Investments,CAPITALFIVEINVESTMENTS,0.0,43935.763040000005,0.0,13.0,unmatched,
ghgrp_parent,"Capitol Aggregates, Inc",CAPITOLAGGREGATES,0.0,555638.84,0.0,6.0,unmatched,
ghgrp_parent,Capitol District Energy Center Cogeneration Associates,CAPITOLDISTRICTENERGYCENTERCOGENERATIONASSOCIATES,0.0,32121.872,0.0,1.0,unmatched,
ghgrp_parent,CAPROCK PERMIAN PROCESSING LLC,CAPROCKPERMIANPROCESSING,0.0,370696.552,0.0,7.0,unmatched,
ghgrp_parent,CARAUSTAR INDUSTRIES INC,CARAUSTAR,0.0,113249.578,0.0,6.0,unmatched,
ghgrp_parent,CARBO CERAMICS INC,CARBOCERAMICS,0.0,310638.78,0.0,10.0,unmatched,
ghgrp_parent,CARBON ENERGY CORP,CARBONENERGY,0.0,235227.78399999999,0.0,5.0,unmatched,
ghgrp_parent,CARBON NATURAL GAS CO,CARBONNATURALGAS,0.0,235306.234,0.0,1.0,unmatched,
ghgrp_parent,"Cardinal Cogen, Inc.",CARDINALCOGEN,0.0,243279.78399999999,0.0,1.0,unmatched,
ghgrp_parent,Cardinal FG,CARDINALFG,0.0,95028.0,0.0,1.0,unmatched,
ghgrp_parent,"Cardinal Midstream, LLC",CARDINALMIDSTREAM,0.0,148481.81000000003,0.0,2.0,unmatched,
ghgrp_parent,Cargill Corn Milling,CARGILLCORNMILLING,0.0,55450.116,0.0,4.0,unmatched,
ghgrp_parent,Cargill Incorporate,CARGILLINCORPORATE,0.0,79640.228,0.0,4.0,unmatched,
ghgrp_parent,THE CARLYLE GROUP,CARLYLE,0.0,2321983.696,0.0,3.0,unmatched,
ghgrp_parent,CARMEUSE NORTH AMERICA,CARMEUSENORTH,0.0,1063631.722,0.0,4.0,unmatched,
ghgrp_parent,CAROLINA STALITE CO,CAROLINASTALITE,0.0,151444.536,0.0,9.0,unmatched,
ghgrp_parent,"Carrera Gas Gathering, LLC",CARRERAGASGATHERING,0.0,26447.181999999997,0.0,8.0,unmatched,
ghgrp_parent,Carroll County Government,CARROLLCOUNTYGOVERNMENT,0.0,19639.95,0.0,10.0,unmatched,
ghgrp_parent,Carson Cogeneration Company,CARSONCOGENERATION,0.0,182019.976,0.0,5.0,unmatched,
ghgrp_parent,"Carson Illinois Holdings, LLC",CARSONILLINOIS,0.0,19797.076,0.0,4.0,unmatched,
ghgrp_parent,"Carthage Energy, LLC",CARTHAGEENERGY,0.0,6135.263999999999,0.0,2.0,unmatched,
ghgrp_parent,CARUS GROUP INC,CARUS,0.0,27016.648,0.0,14.0,unmatched,
ghgrp_parent,CARVER-MARION-WAREHAM (CMW) REGIONAL REFUSE DISPOSAL DISTRICT,CARVERMARIONWAREHAMCMWREGIONALREFUSEDISPOSALDISTRICT,0.0,55407.75,0.0,9.0,unmatched,
ghgrp_parent,CARVER MARION WAREHAM REGIONAL REFUSE DISPOSAL DISTRICT,CARVERMARIONWAREHAMREGIONALREFUSEDISPOSALDISTRICT,0.0,48643.6,0.0,3.0,unmatched,
ghgrp_parent,CASCADES TISSUE LLC,CASCADESTISSUE,0.0,28327.944000000003,0.0,3.0,unmatched,
ghgrp_parent,CASTLETON COMMODITIES INTERNATIONAL LLC,CASTLETONCOMMODITIES,0.0,632269.764,0.0,12.0,unmatched,
ghgrp_parent,CATALYST PAPER CORP,CATALYSTPAPER,0.0,866651.134,0.0,2.0,unmatched,
ghgrp_parent,CATALYST PAPER OPERATIONS INC,CATALYSTPAPEROPERATIONS,0.0,1981271.418,0.0,3.0,unmatched,
ghgrp_parent,Catalyst Paper (Snowflake) Inc.,CATALYSTPAPERSNOWFLAKE,0.0,753135.3500000001,0.0,1.0,unmatched,
ghgrp_parent,CATARINA MIDSTREAM LLC,CATARINAMIDSTREAM,0.0,115873.09,0.0,2.0,unmatched,
ghgrp_parent,Catawba County,CATAWBACOUNTY,0.0,92465.988,0.0,9.0,unmatched,
ghgrp_parent,Catoosa County,CATOOSACOUNTY,0.0,25063.546000000002,0.0,14.0,unmatched,
ghgrp_parent,Cavanta Energy Corporation,CAVANTAENERGY,0.0,250418.29200000002,0.0,1.0,unmatched,
ghgrp_parent,"CBEL, Inc.",CBEL,0.0,37942.834,0.0,2.0,unmatched,
ghgrp_parent,CCI Rensselaer LLC,CCIRENSSELAER,0.0,39415.304000000004,0.0,2.0,unmatched,
ghgrp_parent,"CC METALS & ALLOYS, LLC",CCMETALSALLOYS,0.0,399332.634,0.0,5.0,unmatched,
ghgrp_parent,CCRP OPERATING INC,CCRPOPERATING,0.0,36199.588,0.0,5.0,unmatched,
ghgrp_parent,"CCS Mid-Stream Services, LLC",CCSMIDSTREAM,0.0,68539.0,0.0,1.0,unmatched,
ghgrp_parent,CCU Coal & Construction,CCUCOALCONSTRUCTION,0.0,33197.5,0.0,4.0,unmatched,
ghgrp_parent,"CD SEGS VI, INC",CDSEGSVI,0.0,1426.4868966400002,0.0,8.0,unmatched,
ghgrp_parent,Cecil County Board of Commisioners,CECILCOUNTYBOARDOFCOMMISIONERS,0.0,59779.05,0.0,9.0,unmatched,
ghgrp_parent,"Cedar Bay Cogeneration, Inc.",CEDARBAYCOGENERATION,0.0,1456113.0,0.0,4.0,unmatched,
ghgrp_parent,CEDAR BAY OPERATING SERVICES INC,CEDARBAYOPERATING,0.0,658209.5040000001,0.0,9.0,unmatched,
ghgrp_parent,"CEDAR BAYOU FRACTIONATORS, LP",CEDARBAYOUFRACTIONATORS,0.0,606145.936,0.0,4.0,unmatched,
ghgrp_parent,"Cedar Bayou Fractionators, L.P.",CEDARBAYOUFRACTIONATORSLP,0.0,326556.906,0.0,1.0,unmatched,
ghgrp_parent,Cedar Falls Municipal Electric Utility,CEDARFALLSMUNICIPALELECTRICUTILITY,0.0,73351.49399999999,0.0,5.0,unmatched,
ghgrp_parent,Cedar Falls Municipal Gas Utility,CEDARFALLSMUNICIPALGASUTILITY,0.0,1063.05,0.0,5.0,unmatched,
ghgrp_parent,Cedar Falls Municipal Utilities,CEDARFALLSMUNICIPALUTILITIES,0.0,391323.1081364,0.0,5.0,unmatched,
ghgrp_parent,Cedar II Power Corporation,CEDARIIPOWER,0.0,364028.25,0.0,4.0,unmatched,
ghgrp_parent,CEDAR RAPIDS LINN COUNTY,CEDARRAPIDSLINNCOUNTY,0.0,123008.098,0.0,8.0,unmatched,
ghgrp_parent,Cedar Rapids Linn County Solid Waste Agency,CEDARRAPIDSLINNCOUNTYSOLIDWASTEAGENCY,0.0,99132.14800000002,0.0,5.0,unmatched,
ghgrp_parent,Cedars LLC,CEDARS,0.0,331655.5,0.0,3.0,unmatched,
ghgrp_parent,CELERO ENERGY II LP,CELEROENERGYII,0.0,7206.4,0.0,13.0,unmatched,
ghgrp_parent,CELLU TISSUE HOLDINGS INC,CELLUTISSUE,0.0,148931.94400000002,0.0,5.0,unmatched,
ghgrp_parent,CEMEX Construction Materials Atlantic LLC,CEMEXCONSTRUCTIONMATERIALSATLANTIC,0.0,528367.72,0.0,5.0,unmatched,
ghgrp_parent,"Cemex Construction Materials Florida, LLC - Central Power and Lime, LLC",CEMEXCONSTRUCTIONMATERIALSFLORIDACENTRALPOWERLIME,0.0,731190.524,0.0,1.0,unmatched,
ghgrp_parent,"CEMEX de Puerto Rico, Inc.",CEMEXDEPUERTORICO,0.0,395898.592,0.0,5.0,unmatched,
ghgrp_parent,CENTENNIAL RESOURCE PRODUCTION LLC,CENTENNIALRESOURCEPRODUCTION,0.0,389340.602,0.0,5.0,unmatched,
ghgrp_parent,CENTER ETHANOL CO LLC,CENTERETHANOL,0.0,92200.652,0.0,14.0,unmatched,
ghgrp_parent,"CenterPoint Energy Southeastern Pipeline Holdings, LLC",CENTERPOINTENERGYSOUTHEASTERNPIPELINE,0.0,67625.379,0.0,3.0,unmatched,
ghgrp_parent,"CenterPoint Energy Southeastern Pipelines Holding, LLC",CENTERPOINTENERGYSOUTHEASTERNPIPELINES,0.0,81263.994,0.0,4.0,unmatched,
ghgrp_parent,"CenterPoint Energy Southeastern Piplines Holdings, LLC",CENTERPOINTENERGYSOUTHEASTERNPIPLINES,0.0,21040.549,0.0,3.0,unmatched,
ghgrp_parent,Central Disposal,CENTRALDISPOSAL,0.0,24288.25,0.0,1.0,unmatched,
ghgrp_parent,Central Farmers Cooperative,CENTRALFARMERSCOOPERATIVE,0.0,84503.92266,0.0,1.0,unmatched,
ghgrp_parent,CENTRAL INDIANA ETHANOL LLC,CENTRALINDIANAETHANOL,0.0,143130.412,0.0,13.0,unmatched,
ghgrp_parent,Central Iowa Health Corporation,CENTRALIOWAHEALTH,0.0,11855.362000000001,0.0,13.0,unmatched,
ghgrp_parent,CENTRAL MINNESOTA ETHANOL CO-OP,CENTRALMINNESOTAETHANOLOP,0.0,39510.352000000006,0.0,5.0,unmatched,
ghgrp_parent,CENTRAL MN RENEWABLES,CENTRALMNRENEWABLES,0.0,38926.304000000004,0.0,4.0,unmatched,
ghgrp_parent,CENTRAL PLAINS CEMENT CO LLC,CENTRALPLAINSCEMENT,0.0,839257.55,0.0,7.0,unmatched,
ghgrp_parent,"Central Power and Lime, LLC",CENTRALPOWERLIME,0.0,55752.246,0.0,1.0,unmatched,
ghgrp_parent,CENTRAL STATES,CENTRALSTATES,0.0,13567.607605999998,0.0,6.0,unmatched,
ghgrp_parent,CENTRAL VALLEY FINANCING AUTHORITY,CENTRALVALLEYFINANCINGAUTHORITY,0.0,213305.016,0.0,11.0,unmatched,
ghgrp_parent,CENTRAL VERMONT PUBLIC SERVICE CORP,CENTRALVERMONTPUBLICSERVICE,0.0,72646.795628,0.0,2.0,unmatched,
ghgrp_parent,CENTRAL WASTE INC,CENTRALWASTE,0.0,149848.75,0.0,12.0,unmatched,
ghgrp_parent,"Century Brass Works, Inc.",CENTURYBRASSWORKS,0.0,161.7,0.0,2.0,unmatched,
ghgrp_parent,CENTURY CASTINGS CORP,CENTURYCASTINGS,0.0,168.9,0.0,10.0,unmatched,
ghgrp_parent,CERTAINTEED CORP,CERTAINTEED,0.0,114735.416,0.0,5.0,unmatched,
ghgrp_parent,CEXXI INC,CEXXI,0.0,271274.92,0.0,4.0,unmatched,
ghgrp_parent,CF Birchwood Holdings LLC,CFBIRCHWOOD,0.0,47925.838,0.0,3.0,unmatched,
ghgrp_parent,CGAS PROPERTIES LP,CGASPROPERTIES,0.0,39166.44927999999,0.0,9.0,unmatched,
ghgrp_parent,"CGAS Properties, L.P.",CGASPROPERTIESLP,0.0,10314.867359999998,0.0,2.0,unmatched,
ghgrp_parent,CGS SERVICES INC,CGS,0.0,239308.24,0.0,9.0,unmatched,
ghgrp_parent,Chalk Cliff Limited,CHALKCLIFFLIMITED,0.0,176395.34,0.0,4.0,unmatched,
ghgrp_parent,CHALMETTE REFINING LLC,CHALMETTEREFINING,0.0,1833245.47,0.0,11.0,unmatched,
ghgrp_parent,Chanute City of,CHANUTECITYOF,0.0,1601.65,0.0,4.0,unmatched,
ghgrp_parent,Charles City County,CHARLESCITYCOUNTY,0.0,183881.10192300004,0.0,2.0,unmatched,
ghgrp_parent,"Charles County, MD",CHARLESCOUNTYMD,0.0,9097.0,0.0,14.0,unmatched,
ghgrp_parent,"Charleston Clean Energy, LLC",CHARLESTONCLEANENERGY,0.0,125828.139524,0.0,1.0,unmatched,
ghgrp_parent,Charleston County Government,CHARLESTONCOUNTYGOVERNMENT,0.0,123284.25,0.0,9.0,unmatched,
ghgrp_parent,"Charlotte County, Fl",CHARLOTTECOUNTYFL,0.0,581253.75,0.0,9.0,unmatched,
ghgrp_parent,Chautauqua County,CHAUTAUQUACOUNTY,0.0,105905.10399999999,0.0,9.0,unmatched,
ghgrp_parent,"Chemical Lime, Ltd. d/b/a Lhoist North America",CHEMICALLIMEDBALHOISTNORTH,0.0,955484.428,0.0,2.0,unmatched,
ghgrp_parent,"Chemical Lime Company of Alabama, LLC d/b/a Lhoist North America",CHEMICALLIMEOFALABAMADBALHOISTNORTH,0.0,1769374.816,0.0,5.0,unmatched,
ghgrp_parent,Chemical Lime Company of Arizona d/b/a Lhoist North America,CHEMICALLIMEOFARIZONADBALHOISTNORTH,0.0,1535602.864,0.0,1.0,unmatched,
ghgrp_parent,Chemical Lime Company of Arizona d/b/a Lhoist North America of Arizona,CHEMICALLIMEOFARIZONADBALHOISTNORTHOFARIZONA,0.0,748581.594,0.0,1.0,unmatched,
ghgrp_parent,"CHEMICAL LIME Company of Missouri, Inc. d/b/a Lhoist North America",CHEMICALLIMEOFMISSOURIDBALHOISTNORTH,0.0,971654.118,0.0,2.0,unmatched,
ghgrp_parent,"Chemical Lime Company of Virginia, d/b/a Lhoist North America",CHEMICALLIMEOFVIRGINIADBALHOISTNORTH,0.0,593182.616,0.0,1.0,unmatched,
ghgrp_parent,"THE CHEMOURS CO FC, LLC",CHEMOURSFC,0.0,7961482.306526002,0.0,9.0,unmatched,
ghgrp_parent,CHEMTURA CORP,CHEMTURA,0.0,157232.429,0.0,8.0,unmatched,
ghgrp_parent,CH ENERGY GROUP INC,CHENERGY,0.0,35610.0,0.0,3.0,unmatched,
ghgrp_parent,"Cherokee County Cogeneration Partners, LLC",CHEROKEECOUNTYCOGENERATION,0.0,307970.508,0.0,6.0,unmatched,
ghgrp_parent,"CHESAPEAKE MIDSTREAM PARTNERS, LP",CHESAPEAKEMIDSTREAM,0.0,333148.802,0.0,2.0,unmatched,
ghgrp_parent,Chesterfield County,CHESTERFIELDCOUNTY,0.0,21547.75,0.0,14.0,unmatched,
ghgrp_parent,Chevron Corportation,CHEVRONCORPORTATION,0.0,87082.06261911489,0.0,1.0,unmatched,
ghgrp_parent,Chevron Global Power Company,CHEVRONGLOBALPOWER,0.0,1950797.691,0.0,4.0,unmatched,
ghgrp_parent,Chevron Phillips Chemical Company LP,CHEVRONPHILLIPSCHEMICAL,0.0,3694660.17182,0.0,6.0,unmatched,
ghgrp_parent,CHICAGO RIVER MARKETING LLC,CHICAGORIVERMARKETING,0.0,3434.0394416,0.0,8.0,unmatched,
ghgrp_parent,Chisholm Energy Operating LLC,CHISHOLMENERGYOPERATING,0.0,66845.22,0.0,1.0,unmatched,
ghgrp_parent,SE CHOCTAW LLC,CHOCTAW,0.0,4175191.7120000003,0.0,7.0,unmatched,
ghgrp_parent,"Chroma Operating, Inc.",CHROMAOPERATING,0.0,1042.9,0.0,13.0,unmatched,
ghgrp_parent,CHRYSLER GROUP LLC,CHRYSLER,0.0,574449.6379999999,0.0,4.0,unmatched,
ghgrp_parent,"Chugach Electric Association, Inc.",CHUGACHELECTRICASSOCIATION,0.0,1335546.39,0.0,5.0,unmatched,
ghgrp_parent,"CHULA VISTA ENERGY CENTER, LLC",CHULAVISTAENERGYCENTER,0.0,2828.988,0.0,5.0,unmatched,
ghgrp_parent,"CII Solar Power I, INC. Constellation Energy",CIISOLARPOWERICONSTELLATIONENERGY,0.0,1963.83999232,0.0,8.0,unmatched,
ghgrp_parent,CIMAREX ENERGY CO,CIMAREXENERGY,0.0,2245798.08242,0.0,14.0,unmatched,
ghgrp_parent,Cimarex Energy Co #774031,CIMAREXENERGY774031,0.0,1589.30442,0.0,4.0,unmatched,
ghgrp_parent,Cimarex Energy Co. of Colorado,CIMAREXENERGYOFCOLORADO,0.0,364899.276,0.0,3.0,unmatched,
ghgrp_parent,CINER RESOURCES LP,CINERRESOURCES,0.0,395289.63226000004,0.0,3.0,unmatched,
ghgrp_parent,CIP II/AR BRIDGEWATER HOLDINGS LLC,CIPIIARBRIDGEWATER,0.0,30837.674000000003,0.0,6.0,unmatched,
ghgrp_parent,Citrus County Board of County Commission,CITRUSCOUNTYBOARDOFCOUNTYCOMMISSION,0.0,309992.5,0.0,9.0,unmatched,
ghgrp_parent,City  Bryan,CITYBRYAN,0.0,1965.392,0.0,4.0,unmatched,
ghgrp_parent,CITY COUNCIL OF BALTIMORE,CITYCOUNCILOFBALTIMORE,0.0,47212.0,0.0,2.0,unmatched,
ghgrp_parent,CITY & COUNTY OF DENVER,CITYCOUNTYOFDENVER,0.0,132361.444692,0.0,12.0,unmatched,
ghgrp_parent,"City and County of DenverDepartment of Environmental Health, Suite 310",CITYCOUNTYOFDENVERDEPARTMENTOFENVIRONMENTALHEALTHSUITE310,0.0,62157.168000000005,0.0,2.0,unmatched,
ghgrp_parent,"City-County Sanitation, Inc.",CITYCOUNTYSANITATION,0.0,4812.5,0.0,14.0,unmatched,
ghgrp_parent,"City if Fremont, NE",CITYIFFREMONTNE,0.0,585553.7640000001,0.0,4.0,unmatched,
ghgrp_parent,CITY OF AKRON,CITYOFAKRON,0.0,51051.408,0.0,3.0,unmatched,
ghgrp_parent,CITY OF ALAMOGORDO,CITYOFALAMOGORDO,0.0,31028.35,0.0,2.0,unmatched,
ghgrp_parent,CITY OF ALBANY,CITYOFALBANY,0.0,156346.5,0.0,12.0,unmatched,
ghgrp_parent,CITY OF ALBEMARLE,CITYOFALBEMARLE,0.0,59591.75,0.0,11.0,unmatched,
ghgrp_parent,City of Albemarle Landfill,CITYOFALBEMARLELANDFILL,0.0,36605.25,0.0,1.0,unmatched,
ghgrp_parent,CITY OF ALBUQUERQUE,CITYOFALBUQUERQUE,0.0,203360.35,0.0,12.0,unmatched,
ghgrp_parent,CITY OF ALCOA,CITYOFALCOA,0.0,25457.475,0.0,12.0,unmatched,
ghgrp_parent,CITY OF ALEXANDRIA,CITYOFALEXANDRIA,0.0,49744.712,0.0,8.0,unmatched,
ghgrp_parent,CITY OF ALEXANDRIA LA,CITYOFALEXANDRIALA,0.0,87169.872,0.0,8.0,unmatched,
ghgrp_parent,CITY OF AMARILLO,CITYOFAMARILLO,0.0,156988.25,0.0,12.0,unmatched,
ghgrp_parent,CITY OF AMES,CITYOFAMES,0.0,434880.68000000005,0.0,11.0,unmatched,
ghgrp_parent,"City of Ames, IA",CITYOFAMESIA,0.0,1257.02,0.0,1.0,unmatched,
ghgrp_parent,CITY OF ANAHEIM,CITYOFANAHEIM,0.0,58710.24,0.0,10.0,unmatched,
ghgrp_parent,CITY OF ANAHEIM PUBLIC UTILITIES DEPARTMENT,CITYOFANAHEIMPUBLICUTILITIESDEPARTMENT,0.0,425081.97388999996,0.0,9.0,unmatched,
ghgrp_parent,CITY OF ANN ARBOR,CITYOFANNARBOR,0.0,31016.25,0.0,3.0,unmatched,
ghgrp_parent,"City of Ann Arbor, Michigan (municipally owned)",CITYOFANNARBORMICHIGANMUNICIPALLYOWNED,0.0,40430.0,0.0,1.0,unmatched,
ghgrp_parent,CITY OF ANN ARBOR (MUNICIPALLY OWNED),CITYOFANNARBORMUNICIPALLYOWNED,0.0,47651.5,0.0,8.0,unmatched,
ghgrp_parent,CITY OF ATLANTA,CITYOFATLANTA,0.0,85911.75,0.0,14.0,unmatched,
ghgrp_parent,CITY OF ATLANTIC,CITYOFATLANTIC,0.0,68910.88923540001,0.0,1.0,unmatched,
ghgrp_parent,CITY OF AUBURN,CITYOFAUBURN,0.0,24933.3,0.0,12.0,unmatched,
ghgrp_parent,City of Austin Minnesota,CITYOFAUSTINMINNESOTA,0.0,19973.001999999997,0.0,13.0,unmatched,
ghgrp_parent,City of Avenal,CITYOFAVENAL,0.0,87408.5,0.0,1.0,unmatched,
ghgrp_parent,CITY OF BAKERSFIELD,CITYOFBAKERSFIELD,0.0,41968.25,0.0,14.0,unmatched,
ghgrp_parent,City of Bath,CITYOFBATH,0.0,17168.35,0.0,14.0,unmatched,
ghgrp_parent,CITY OF BATON ROUGE,CITYOFBATONROUGE,0.0,462347.25,0.0,4.0,unmatched,
ghgrp_parent,City of Baton Rouge/Parish of East Baton Rouge - Public Works Department,CITYOFBATONROUGEPARISHOFEASTBATONROUGEPUBLICWORKSDEPARTMENT,0.0,377892.3,0.0,8.0,unmatched,
ghgrp_parent,CITY OF BEATRICE,CITYOFBEATRICE,0.0,25275.0,0.0,1.0,unmatched,
ghgrp_parent,CITY OF BENTON,CITYOFBENTON,0.0,1399.2,0.0,12.0,unmatched,
ghgrp_parent,CITY OF BIRMINGHAM,CITYOFBIRMINGHAM,0.0,250425.0,0.0,3.0,unmatched,
ghgrp_parent,"City of Birmingham, AL",CITYOFBIRMINGHAMAL,0.0,282639.75,0.0,9.0,unmatched,
ghgrp_parent,City of Boston,CITYOFBOSTON,0.0,23295.25,0.0,14.0,unmatched,
ghgrp_parent,CITY OF BOUNTIFUL,CITYOFBOUNTIFUL,0.0,56962.9,0.0,3.0,unmatched,
ghgrp_parent,"City of Bozeman, Montana",CITYOFBOZEMANMONTANA,0.0,14778.5,0.0,14.0,unmatched,
ghgrp_parent,CITY OF BRISTOL,CITYOFBRISTOL,0.0,292793.75,0.0,11.0,unmatched,
ghgrp_parent,CITY OF BRISTOL VIRGINIA,CITYOFBRISTOLVIRGINIA,0.0,176165.5,0.0,2.0,unmatched,
ghgrp_parent,CITY OF BRYAN,CITYOFBRYAN,0.0,806606.470702,0.0,14.0,unmatched,
ghgrp_parent,City of Burbank,CITYOFBURBANK,0.0,15852.81,0.0,14.0,unmatched,
ghgrp_parent,"City of Burbank, California",CITYOFBURBANKCALIFORNIA,0.0,640292.8759999999,0.0,1.0,unmatched,
ghgrp_parent,CITY OF CAIRO,CITYOFCAIRO,0.0,668.9,0.0,3.0,unmatched,
ghgrp_parent,CITY OF CAIRO IL,CITYOFCAIROIL,0.0,690.9,0.0,8.0,unmatched,
ghgrp_parent,CITY OF CANTON,CITYOFCANTON,0.0,37615.25,0.0,3.0,unmatched,
ghgrp_parent,City of Canton Sanitary Landfi8ll,CITYOFCANTONSANITARYLANDFI8LL,0.0,28832.75,0.0,1.0,unmatched,
ghgrp_parent,CITY OF CANTON SANITARY LANDFILL,CITYOFCANTONSANITARYLANDFILL,0.0,44383.25,0.0,8.0,unmatched,
ghgrp_parent,CITY OF CARLSBAD,CITYOFCARLSBAD,0.0,23085.75,0.0,6.0,unmatched,
ghgrp_parent,CITY OF CASPER,CITYOFCASPER,0.0,54910.5,0.0,4.0,unmatched,
ghgrp_parent,City of Chandler,CITYOFCHANDLER,0.0,5112.5,0.0,14.0,unmatched,
ghgrp_parent,CITY OF CHANUTE,CITYOFCHANUTE,0.0,179419.39599999998,0.0,12.0,unmatched,
ghgrp_parent,CITY OF CHARLOTTESVILLE,CITYOFCHARLOTTESVILLE,0.0,41026.048,0.0,12.0,unmatched,
ghgrp_parent,CITY OF CHATTANOOGA,CITYOFCHATTANOOGA,0.0,128307.0,0.0,3.0,unmatched,
ghgrp_parent,CITY OF CHEYENNE,CITYOFCHEYENNE,0.0,71991.75,0.0,12.0,unmatched,
ghgrp_parent,CITY OF CLARKSVILLE,CITYOFCLARKSVILLE,0.0,5180.7,0.0,11.0,unmatched,
ghgrp_parent,CITY OF CLOVIS,CITYOFCLOVIS,0.0,75670.0,0.0,12.0,unmatched,
ghgrp_parent,CITY OF COFFEYVILLE,CITYOFCOFFEYVILLE,0.0,56162.340000000004,0.0,11.0,unmatched,
ghgrp_parent,City of Coffeyville Municipal Light & Power,CITYOFCOFFEYVILLEMUNICIPALLIGHTPOWER,0.0,1206.996,0.0,1.0,unmatched,
ghgrp_parent,City of Colton,CITYOFCOLTON,0.0,16539.088,0.0,1.0,unmatched,
ghgrp_parent,CITY OF COLTON CA,CITYOFCOLTONCA,0.0,24003.012000000002,0.0,11.0,unmatched,
ghgrp_parent,CITY OF COLUMBIA MISSOURI,CITYOFCOLUMBIAMISSOURI,0.0,114656.78199999999,0.0,14.0,unmatched,
ghgrp_parent,"City of Columbia, MO",CITYOFCOLUMBIAMO,0.0,75246.04800000001,0.0,5.0,unmatched,
ghgrp_parent,City of Conroe,CITYOFCONROE,0.0,8615.5,0.0,3.0,unmatched,
ghgrp_parent,CITY OF CONWAY,CITYOFCONWAY,0.0,106196.25,0.0,12.0,unmatched,
ghgrp_parent,CITY OF CORPUS CHRISTI TEXAS,CITYOFCORPUSCHRISTITEXAS,0.0,153314.95,0.0,2.0,unmatched,
ghgrp_parent,CITY OF COVINGTON TN,CITYOFCOVINGTONTN,0.0,366.0,0.0,11.0,unmatched,
ghgrp_parent,CITY OF DALTON,CITYOFDALTON,0.0,106457.75374,0.0,2.0,unmatched,
ghgrp_parent,CITY OF DALTON GEORGIA,CITYOFDALTONGEORGIA,0.0,10168.06662,0.0,2.0,unmatched,
ghgrp_parent,CITY OF DECATUR & MORGAN COUNTY,CITYOFDECATURMORGANCOUNTY,0.0,178961.0,0.0,11.0,unmatched,
ghgrp_parent,CITY OF DEMING,CITYOFDEMING,0.0,1451.7,0.0,9.0,unmatched,
ghgrp_parent,CITY OF DENTON,CITYOFDENTON,0.0,726731.4698780001,0.0,14.0,unmatched,
ghgrp_parent,City of Detroit,CITYOFDETROIT,0.0,67075.096,0.0,1.0,unmatched,
ghgrp_parent,City of Detroit - Board of Water Commissioners,CITYOFDETROITBOARDOFWATERCOMMISSIONERS,0.0,130490.708,0.0,1.0,unmatched,
ghgrp_parent,CITY OF DOTHAN AL,CITYOFDOTHANAL,0.0,185332.25,0.0,11.0,unmatched,
ghgrp_parent,CITY OF DOVER,CITYOFDOVER,0.0,134680.89,0.0,14.0,unmatched,
ghgrp_parent,CITY OF DULUTH,CITYOFDULUTH,0.0,69430.576,0.0,8.0,unmatched,
ghgrp_parent,CITY OF DULUTH MN,CITYOFDULUTHMN,0.0,54296.658,0.0,4.0,unmatched,
ghgrp_parent,City of Durham,CITYOFDURHAM,0.0,12379.0,0.0,1.0,unmatched,
ghgrp_parent,City of Durham NC,CITYOFDURHAMNC,0.0,12311.25,0.0,13.0,unmatched,
ghgrp_parent,City of Edinburg,CITYOFEDINBURG,0.0,113954.75,0.0,1.0,unmatched,
ghgrp_parent,CITY OF ELKO,CITYOFELKO,0.0,36925.2,0.0,12.0,unmatched,
ghgrp_parent,CITY OF EL PASO,CITYOFELPASO,0.0,527637.75,0.0,12.0,unmatched,
ghgrp_parent,City of Enid,CITYOFENID,0.0,67719.25,0.0,1.0,unmatched,
ghgrp_parent,CITY OF ESCANABA,CITYOFESCANABA,0.0,123842.1,0.0,14.0,unmatched,
ghgrp_parent,THE CITY OF FARGO,CITYOFFARGO,0.0,205665.0,0.0,12.0,unmatched,
ghgrp_parent,CITY OF FARMINGTON,CITYOFFARMINGTON,0.0,526641.0941000001,0.0,12.0,unmatched,
ghgrp_parent,City of Fitchburg,CITYOFFITCHBURG,0.0,67674.265481,0.0,2.0,unmatched,
ghgrp_parent,CITY OF FLAGSTAFF,CITYOFFLAGSTAFF,0.0,96436.5,0.0,12.0,unmatched,
ghgrp_parent,City of Forth Worth,CITYOFFORTHWORTH,0.0,35726.5,0.0,1.0,unmatched,
ghgrp_parent,CITY OF FORT MORGAN,CITYOFFORTMORGAN,0.0,553.45,0.0,12.0,unmatched,
ghgrp_parent,CITY OF FORT WORTH,CITYOFFORTWORTH,0.0,236407.44135,0.0,12.0,unmatched,
ghgrp_parent,CITY OF FORT WORTH TEXAS ENV,CITYOFFORTWORTHTEXASENV,0.0,33111.75,0.0,1.0,unmatched,
ghgrp_parent,CITY OF FOUNTAIN INN,CITYOFFOUNTAININN,0.0,3002.75,0.0,2.0,unmatched,
ghgrp_parent,CITY OF FREMONT,CITYOFFREMONT,0.0,553501.806,0.0,3.0,unmatched,
ghgrp_parent,"City of Fremont, NE",CITYOFFREMONTNE,0.0,554921.16,0.0,1.0,unmatched,
ghgrp_parent,"City of Fresno, Department of Public Utilities",CITYOFFRESNODEPARTMENTOFPUBLICUTILITIES,0.0,21786.0,0.0,14.0,unmatched,
ghgrp_parent,CITY OF FT SMITH,CITYOFFTSMITH,0.0,145810.5,0.0,12.0,unmatched,
ghgrp_parent,City of Fulton,CITYOFFULTON,0.0,100.4,0.0,1.0,unmatched,
ghgrp_parent,CITY OF GAINESVILLE,CITYOFGAINESVILLE,0.0,1916477.708,0.0,7.0,unmatched,
ghgrp_parent,City of Gainesville / Gainesville Regional Utilities,CITYOFGAINESVILLEGAINESVILLEREGIONALUTILITIES,0.0,1640232.9400000002,0.0,5.0,unmatched,
ghgrp_parent,City of Gardner,CITYOFGARDNER,0.0,1768.5,0.0,14.0,unmatched,
ghgrp_parent,CITY OF GARLAND,CITYOFGARLAND,0.0,1669227.04082,0.0,14.0,unmatched,
ghgrp_parent,City of Gary,CITYOFGARY,0.0,50421.5,0.0,2.0,unmatched,
ghgrp_parent,City of Glasgow,CITYOFGLASGOW,0.0,76450.0,0.0,1.0,unmatched,
ghgrp_parent,CITY OF GLASGOW KY,CITYOFGLASGOWKY,0.0,155375.75,0.0,9.0,unmatched,
ghgrp_parent,CITY OF GLENDALE,CITYOFGLENDALE,0.0,257015.604,0.0,12.0,unmatched,
ghgrp_parent,City of Glendale - Water & Power,CITYOFGLENDALEWATERPOWER,0.0,182873.174,0.0,5.0,unmatched,
ghgrp_parent,CITY OF GLOVERSVILLE,CITYOFGLOVERSVILLE,0.0,50017.25,0.0,12.0,unmatched,
ghgrp_parent,CITY OF GLOVERSVILLE NEW YORK,CITYOFGLOVERSVILLENEWYORK,0.0,16540.5,0.0,2.0,unmatched,
ghgrp_parent,CITY OF GRAND FORKS,CITYOFGRANDFORKS,0.0,96483.04800000001,0.0,3.0,unmatched,
ghgrp_parent,CITY OF GRAND FORKS ND,CITYOFGRANDFORKSND,0.0,94208.098,0.0,8.0,unmatched,
ghgrp_parent,CITY OF GRAND PRAIRIE,CITYOFGRANDPRAIRIE,0.0,279405.25,0.0,12.0,unmatched,
ghgrp_parent,City of Greenville,CITYOFGREENVILLE,0.0,321200.22060000006,0.0,5.0,unmatched,
ghgrp_parent,CITY OF GREENVILLE SC,CITYOFGREENVILLESC,0.0,53900.0,0.0,11.0,unmatched,
ghgrp_parent,CITY OF GREENVILLE TX,CITYOFGREENVILLETX,0.0,268018.8782,0.0,9.0,unmatched,
ghgrp_parent,CITY OF HAMILTON,CITYOFHAMILTON,0.0,216053.598,0.0,14.0,unmatched,
ghgrp_parent,CITY OF HAMPTON,CITYOFHAMPTON,0.0,184638.793665,0.0,12.0,unmatched,
ghgrp_parent,City of Harrisonburg Resource Recovery Facility,CITYOFHARRISONBURGRESOURCERECOVERYFACILITY,0.0,36407.224,0.0,14.0,unmatched,
ghgrp_parent,City of Hastings,CITYOFHASTINGS,0.0,35634.7,0.0,1.0,unmatched,
ghgrp_parent,CITY OF HASTINGS NE,CITYOFHASTINGSNE,0.0,422644.772,0.0,9.0,unmatched,
ghgrp_parent,CITY OF HENDERSON,CITYOFHENDERSON,0.0,2336267.8759999997,0.0,10.0,unmatched,
ghgrp_parent,CITY OF HENDERSON KY,CITYOFHENDERSONKY,0.0,1884290.3159999999,0.0,8.0,unmatched,
ghgrp_parent,CITY OF HIBBING,CITYOFHIBBING,0.0,325340.4,0.0,12.0,unmatched,
ghgrp_parent,CITY OF HIGH POINT,CITYOFHIGHPOINT,0.0,105013.5,0.0,11.0,unmatched,
ghgrp_parent,CITY OF HOLLAND,CITYOFHOLLAND,0.0,378670.896,0.0,3.0,unmatched,
ghgrp_parent,CITY OF HOUSTON,CITYOFHOUSTON,0.0,47979.268,0.0,12.0,unmatched,
ghgrp_parent,CITY OF HUMBOLDT,CITYOFHUMBOLDT,0.0,13776.15,0.0,3.0,unmatched,
ghgrp_parent,City of Hutchinson,CITYOFHUTCHINSON,0.0,13806.948,0.0,14.0,unmatched,
ghgrp_parent,City of Independence,CITYOFINDEPENDENCE,0.0,177257.07200000001,0.0,1.0,unmatched,
ghgrp_parent,CITY OF INDEPENDENCE MISSOURI,CITYOFINDEPENDENCEMISSOURI,0.0,281910.228,0.0,14.0,unmatched,
ghgrp_parent,CITY OF IOWA CITY,CITYOFIOWACITY,0.0,38273.198000000004,0.0,12.0,unmatched,
ghgrp_parent,CITY OF IRVING TX,CITYOFIRVINGTX,0.0,136275.25,0.0,11.0,unmatched,
ghgrp_parent,"City of Jacksonville, FL",CITYOFJACKSONVILLEFL,0.0,136589.797984,0.0,1.0,unmatched,
ghgrp_parent,"City of Jacksonville, Florida",CITYOFJACKSONVILLEFLORIDA,0.0,106557.58700000001,0.0,2.0,unmatched,
ghgrp_parent,"City of Jacksonville, Fl Solid Waste Division",CITYOFJACKSONVILLEFLSOLIDWASTEDIVISION,0.0,75.5,0.0,12.0,unmatched,
ghgrp_parent,CITY OF JAMESTOWN,CITYOFJAMESTOWN,0.0,128707.692,0.0,12.0,unmatched,
ghgrp_parent,CITY OF JANESVILLE,CITYOFJANESVILLE,0.0,156800.75,0.0,12.0,unmatched,
ghgrp_parent,CITY OF JASPER,CITYOFJASPER,0.0,326.298,0.0,14.0,unmatched,
ghgrp_parent,CITY OF JASPER IN,CITYOFJASPERIN,0.0,851.15,0.0,11.0,unmatched,
ghgrp_parent,CITY OF KEARNEY,CITYOFKEARNEY,0.0,23113.5,0.0,12.0,unmatched,
ghgrp_parent,CITY OF KERRVILLE,CITYOFKERRVILLE,0.0,23765.0,0.0,14.0,unmatched,
ghgrp_parent,CITY OF KINGMAN KS,CITYOFKINGMANKS,0.0,4446.376,0.0,14.0,unmatched,
ghgrp_parent,City of LA,CITYOFLA,0.0,175107.5,0.0,5.0,unmatched,
ghgrp_parent,City of Lacy Lakeview,CITYOFLACYLAKEVIEW,0.0,110625.0,0.0,2.0,unmatched,
ghgrp_parent,CITY OF LAGRANGE,CITYOFLAGRANGE,0.0,65658.75,0.0,4.0,unmatched,
ghgrp_parent,CITY OF LAKE HAVASU,CITYOFLAKEHAVASU,0.0,40756.25,0.0,3.0,unmatched,
ghgrp_parent,CITY OF LAKELAND,CITYOFLAKELAND,0.0,2142265.543638,0.0,11.0,unmatched,
ghgrp_parent,City of Lakeland - Lakeland Electric,CITYOFLAKELANDLAKELANDELECTRIC,0.0,2021485.8339,0.0,1.0,unmatched,
ghgrp_parent,CITY OF LAKE WORTH,CITYOFLAKEWORTH,0.0,5735.478,0.0,3.0,unmatched,
ghgrp_parent,City of Lake Worth Utilities,CITYOFLAKEWORTHUTILITIES,0.0,8786.108,0.0,9.0,unmatched,
ghgrp_parent,CITY OF LAS CRUCES NEW MEXICO,CITYOFLASCRUCESNEWMEXICO,0.0,58980.0,0.0,14.0,unmatched,
ghgrp_parent,City of Lawrenceburg Sanitation Department,CITYOFLAWRENCEBURGSANITATIONDEPARTMENT,0.0,17616.0,0.0,13.0,unmatched,
ghgrp_parent,"City of Lawton, Oklahoma",CITYOFLAWTONOKLAHOMA,0.0,141589.25,0.0,4.0,unmatched,
ghgrp_parent,City of Lebanon,CITYOFLEBANON,0.0,46461.7,0.0,14.0,unmatched,
ghgrp_parent,City of Lee's Summit,CITYOFLEESSUMMIT,0.0,42709.2,0.0,1.0,unmatched,
ghgrp_parent,CITY OF LEXINGTON,CITYOFLEXINGTON,0.0,2149.5,0.0,11.0,unmatched,
ghgrp_parent,CITY OF LINCOLN,CITYOFLINCOLN,0.0,174883.798,0.0,3.0,unmatched,
ghgrp_parent,"City of Lincoln, NE",CITYOFLINCOLNNE,0.0,111961.4,0.0,4.0,unmatched,
ghgrp_parent,CITY OF LINDEN,CITYOFLINDEN,0.0,28047.25,0.0,14.0,unmatched,
ghgrp_parent,CITY OF LITTLE ROCK,CITYOFLITTLEROCK,0.0,88704.55,0.0,12.0,unmatched,
ghgrp_parent,CITY OF LOGAN,CITYOFLOGAN,0.0,68816.05,0.0,12.0,unmatched,
ghgrp_parent,CITY OF LOMPOC,CITYOFLOMPOC,0.0,35888.5,0.0,12.0,unmatched,
ghgrp_parent,CITY OF LONG BEACH,CITYOFLONGBEACH,0.0,445147.314,0.0,12.0,unmatched,
ghgrp_parent,CITY OF LOS ANGELES,CITYOFLOSANGELES,0.0,2863135.8092,0.0,3.0,unmatched,
ghgrp_parent,CITY OF LOS ANGELES CA,CITYOFLOSANGELESCA,0.0,200021.0,0.0,7.0,unmatched,
ghgrp_parent,"City of Los Angeles, Department of Airports",CITYOFLOSANGELESDEPARTMENTOFAIRPORTS,0.0,47441.672,0.0,9.0,unmatched,
ghgrp_parent,"City of Los Angeles, Department of Water and Power",CITYOFLOSANGELESDEPARTMENTOFWATERPOWER,0.0,3621252.432,0.0,9.0,unmatched,
ghgrp_parent,City of Marshfield,CITYOFMARSHFIELD,0.0,4439.86,0.0,13.0,unmatched,
ghgrp_parent,CITY OF MARTINSVILLE,CITYOFMARTINSVILLE,0.0,33167.0,0.0,14.0,unmatched,
ghgrp_parent,CITY OF MARYVILLE,CITYOFMARYVILLE,0.0,25457.475,0.0,12.0,unmatched,
ghgrp_parent,CITY OF MEMPHIS,CITYOFMEMPHIS,0.0,29581.35,0.0,3.0,unmatched,
ghgrp_parent,CITY OF MESA,CITYOFMESA,0.0,6777.45,0.0,12.0,unmatched,
ghgrp_parent,City of Midland,CITYOFMIDLAND,0.0,202770.7,0.0,1.0,unmatched,
ghgrp_parent,CITY OF MIDLAND TEXAS,CITYOFMIDLANDTEXAS,0.0,124222.0,0.0,12.0,unmatched,
ghgrp_parent,City of Mobile,CITYOFMOBILE,0.0,24495.607,0.0,1.0,unmatched,
ghgrp_parent,City of Mobile Environmental Services Dept.,CITYOFMOBILEENVIRONMENTALDEPT,0.0,38080.486065000005,0.0,1.0,unmatched,
ghgrp_parent,CITY OF MODESTO,CITYOFMODESTO,0.0,21282.5,0.0,12.0,unmatched,
ghgrp_parent,CITY OF MODESTO CALIFORNIA,CITYOFMODESTOCALIFORNIA,0.0,7032.25,0.0,2.0,unmatched,
ghgrp_parent,CITY OF MONTGOMERY,CITYOFMONTGOMERY,0.0,149389.25,0.0,11.0,unmatched,
ghgrp_parent,"City of Montgomery, Montgomery Alabama",CITYOFMONTGOMERYMONTGOMERYALABAMA,0.0,155646.0,0.0,1.0,unmatched,
ghgrp_parent,CITY OF MORGAN CITY,CITYOFMORGANCITY,0.0,69334.992,0.0,14.0,unmatched,
ghgrp_parent,CITY OF MORRILTON AR,CITYOFMORRILTONAR,0.0,42349.0,0.0,8.0,unmatched,
ghgrp_parent,CITY OF MOUNTAIN VIEW,CITYOFMOUNTAINVIEW,0.0,91015.15,0.0,14.0,unmatched,
ghgrp_parent,City of Mount Pleasant,CITYOFMOUNTPLEASANT,0.0,88327.5,0.0,1.0,unmatched,
ghgrp_parent,CITY OF MURRAY,CITYOFMURRAY,0.0,1412.95,0.0,10.0,unmatched,
ghgrp_parent,City of Murray KY,CITYOFMURRAYKY,0.0,1021.2,0.0,1.0,unmatched,
ghgrp_parent,City of Nacodoches,CITYOFNACODOCHES,0.0,68741.25,0.0,3.0,unmatched,
ghgrp_parent,City of New Albany MS,CITYOFNEWALBANYMS,0.0,2637.0,0.0,13.0,unmatched,
ghgrp_parent,City of Newport News,CITYOFNEWPORTNEWS,0.0,23611.25,0.0,14.0,unmatched,
ghgrp_parent,CITY OF NEW YORK,CITYOFNEWYORK,0.0,124119.87999999999,0.0,3.0,unmatched,
ghgrp_parent,The City of New York c/o DEP Bureau of Wastewater Treatment,CITYOFNEWYORKCODEPBUREAUOFWASTEWATERTREATMENT,0.0,21875.0,0.0,5.0,unmatched,
ghgrp_parent,City of New York Department of Sanitation (DSNY),CITYOFNEWYORKDEPARTMENTOFSANITATIONDSNY,0.0,172828.384,0.0,9.0,unmatched,
ghgrp_parent,CITY OF NORWICH CT,CITYOFNORWICHCT,0.0,4312.45,0.0,11.0,unmatched,
ghgrp_parent,CITY OF ORLANDO,CITYOFORLANDO,0.0,419509.35836199997,0.0,11.0,unmatched,
ghgrp_parent,City of Orlando - OUC,CITYOFORLANDOOUC,0.0,340875.9741,0.0,1.0,unmatched,
ghgrp_parent,CITY OF ORRVILLE,CITYOFORRVILLE,0.0,485938.95,0.0,12.0,unmatched,
ghgrp_parent,CITY OF PAINESVILLE,CITYOFPAINESVILLE,0.0,111374.488,0.0,11.0,unmatched,
ghgrp_parent,CITY OF PALO ALTO,CITYOFPALOALTO,0.0,21667.406000000003,0.0,12.0,unmatched,
ghgrp_parent,CITY OF PAMPA,CITYOFPAMPA,0.0,34629.25,0.0,12.0,unmatched,
ghgrp_parent,CITY OF PASADENA,CITYOFPASADENA,0.0,85480.16399999999,0.0,14.0,unmatched,
ghgrp_parent,City of Pella,CITYOFPELLA,0.0,90966.72200000001,0.0,14.0,unmatched,
ghgrp_parent,CITY OF PENSACOLA,CITYOFPENSACOLA,0.0,118414.25,0.0,12.0,unmatched,
ghgrp_parent,CITY OF PERRYVILLE,CITYOFPERRYVILLE,0.0,544.95,0.0,12.0,unmatched,
ghgrp_parent,CITY OF PHOENIX,CITYOFPHOENIX,0.0,236230.5,0.0,12.0,unmatched,
ghgrp_parent,CITY OF PONCA CITY,CITYOFPONCACITY,0.0,45569.5,0.0,12.0,unmatched,
ghgrp_parent,City of Pulaski Public Works,CITYOFPULASKIPUBLICWORKS,0.0,7073.0,0.0,1.0,unmatched,
ghgrp_parent,City of Pulaski street department,CITYOFPULASKISTREETDEPARTMENT,0.0,6961.0,0.0,13.0,unmatched,
ghgrp_parent,CITY OF RALEIGH,CITYOFRALEIGH,0.0,30018.5,0.0,13.0,unmatched,
ghgrp_parent,CITY OF RAPID CITY,CITYOFRAPIDCITY,0.0,52124.0,0.0,12.0,unmatched,
ghgrp_parent,CITY OF REDDING,CITYOFREDDING,0.0,171016.816,0.0,12.0,unmatched,
ghgrp_parent,City of Redlands Municipal Utilitie Department,CITYOFREDLANDSMUNICIPALUTILITIEDEPARTMENT,0.0,40591.0,0.0,7.0,unmatched,
ghgrp_parent,City of Richland,CITYOFRICHLAND,0.0,37990.25,0.0,1.0,unmatched,
ghgrp_parent,City of Richmond,CITYOFRICHMOND,0.0,324392.294,0.0,12.0,unmatched,
ghgrp_parent,"City of Riversid, Public Utility",CITYOFRIVERSIDPUBLICUTILITY,0.0,10512.516000000001,0.0,1.0,unmatched,
ghgrp_parent,CITY OF RIVERVIEW,CITYOFRIVERVIEW,0.0,422921.1,0.0,12.0,unmatched,
ghgrp_parent,City of Sacramento,CITYOFSACRAMENTO,0.0,19532.5,0.0,14.0,unmatched,
ghgrp_parent,CITY OF SALINA,CITYOFSALINA,0.0,88808.2,0.0,12.0,unmatched,
ghgrp_parent,CITY OF SALLISAW,CITYOFSALLISAW,0.0,125540.0,0.0,12.0,unmatched,
ghgrp_parent,City of San Angelo,CITYOFSANANGELO,0.0,97595.25,0.0,4.0,unmatched,
ghgrp_parent,CITY OF SAN ANGELO LANDFILL,CITYOFSANANGELOLANDFILL,0.0,33716.5,0.0,8.0,unmatched,
ghgrp_parent,CITY OF SAN ANTONIO,CITYOFSANANTONIO,0.0,231102.75,0.0,11.0,unmatched,"municipal (CPS Energy, San Antonio)"
ghgrp_parent,CITY OF SAN JOSE CA,CITYOFSANJOSECA,0.0,29929.859999999997,0.0,6.0,unmatched,
ghgrp_parent,CITY OF SAN MARCOS,CITYOFSANMARCOS,0.0,48329.345120000005,0.0,8.0,unmatched,
ghgrp_parent,City of Santa Clara,CITYOFSANTACLARA,0.0,491310.19800000003,0.0,5.0,unmatched,
ghgrp_parent,CITY OF SANTA CLARA CA,CITYOFSANTACLARACA,0.0,503481.89650000003,0.0,8.0,unmatched,
ghgrp_parent,City of Santa Cruz,CITYOFSANTACRUZ,0.0,11367.75,0.0,14.0,unmatched,
ghgrp_parent,City of Savannah - Refuse Disposal Department,CITYOFSAVANNAHREFUSEDISPOSALDEPARTMENT,0.0,143268.0,0.0,1.0,unmatched,
ghgrp_parent,CITY OF SCOTTSBORO,CITYOFSCOTTSBORO,0.0,38318.75,0.0,7.0,unmatched,
ghgrp_parent,City of Shelby,CITYOFSHELBY,0.0,96842.47,0.0,14.0,unmatched,
ghgrp_parent,CITY OF SHREVEPORT,CITYOFSHREVEPORT,0.0,359193.5,0.0,12.0,unmatched,
ghgrp_parent,CITY OF SIOUX FALLS,CITYOFSIOUXFALLS,0.0,70991.25,0.0,12.0,unmatched,
ghgrp_parent,CITY OF SNYDER,CITYOFSNYDER,0.0,32904.5,0.0,12.0,unmatched,
ghgrp_parent,CITY OF SPOKANE,CITYOFSPOKANE,0.0,252842.822,0.0,12.0,unmatched,
ghgrp_parent,"City of Spokane, WA",CITYOFSPOKANEWA,0.0,10471.0,0.0,13.0,unmatched,
ghgrp_parent,CITY OF SPRINGFIELD,CITYOFSPRINGFIELD,0.0,3130725.508,0.0,12.0,unmatched,
ghgrp_parent,City of Springfield - Deparment of Public Works,CITYOFSPRINGFIELDDEPARMENTOFPUBLICWORKS,0.0,22075.0,0.0,1.0,unmatched,
ghgrp_parent,CITY OF SPRINGFIELD DEPARTMENT OF PUBLIC WORKS,CITYOFSPRINGFIELDDEPARTMENTOFPUBLICWORKS,0.0,23347.5,0.0,12.0,unmatched,
ghgrp_parent,CITY OF STAUNTON,CITYOFSTAUNTON,0.0,29166.110875,0.0,11.0,unmatched,
ghgrp_parent,"City of Staunton, VA",CITYOFSTAUNTONVA,0.0,25598.1144,0.0,1.0,unmatched,
ghgrp_parent,CITY OF ST GEORGE,CITYOFSTGEORGE,0.0,71448.98400000001,0.0,11.0,unmatched,
ghgrp_parent,CITY OF ST JAMES,CITYOFSTJAMES,0.0,66.498,0.0,14.0,unmatched,
ghgrp_parent,CITY OF ST JOSEPH,CITYOFSTJOSEPH,0.0,202913.4,0.0,12.0,unmatched,
ghgrp_parent,City of Sunnyvale,CITYOFSUNNYVALE,0.0,21983.674,0.0,14.0,unmatched,
ghgrp_parent,CITY OF TACOMA,CITYOFTACOMA,0.0,61614.0,0.0,12.0,unmatched,
ghgrp_parent,CITY OF TALLAHASSEE,CITYOFTALLAHASSEE,0.0,1256724.108,0.0,12.0,unmatched,
ghgrp_parent,CITY OF TAMPA,CITYOFTAMPA,0.0,299666.3,0.0,12.0,unmatched,
ghgrp_parent,City of Taunton,CITYOFTAUNTON,0.0,33203.926867,0.0,2.0,unmatched,
ghgrp_parent,City of Temple,CITYOFTEMPLE,0.0,126050.0,0.0,2.0,unmatched,
ghgrp_parent,CITY OF THOMASVILLE,CITYOFTHOMASVILLE,0.0,99867.25,0.0,12.0,unmatched,
ghgrp_parent,CITY OF TIFTON,CITYOFTIFTON,0.0,58890.75,0.0,12.0,unmatched,
ghgrp_parent,CITY OF TOLEDO,CITYOFTOLEDO,0.0,65379.15,0.0,12.0,unmatched,
ghgrp_parent,City of Tucson,CITYOFTUCSON,0.0,62920.0,0.0,4.0,unmatched,
ghgrp_parent,City of Tucson Environmental Services,CITYOFTUCSONENVIRONMENTAL,0.0,178535.75,0.0,10.0,unmatched,
ghgrp_parent,City of Ukiah,CITYOFUKIAH,0.0,26214.25,0.0,14.0,unmatched,
ghgrp_parent,CITY OF UNALASKA,CITYOFUNALASKA,0.0,38764.924,0.0,11.0,unmatched,
ghgrp_parent,CITY OF UNION,CITYOFUNION,0.0,4511.6,0.0,11.0,unmatched,
ghgrp_parent,CITY OF VERMILLION SD,CITYOFVERMILLIONSD,0.0,30997.647999999997,0.0,8.0,unmatched,
ghgrp_parent,CITY OF VERNON,CITYOFVERNON,0.0,265936.664,0.0,12.0,unmatched,
ghgrp_parent,City of Vero Beach,CITYOFVEROBEACH,0.0,35740.956,0.0,14.0,unmatched,
ghgrp_parent,CITY OF VINELAND,CITYOFVINELAND,0.0,144139.816,0.0,14.0,unmatched,
ghgrp_parent,CITY OF VIRGINIA,CITYOFVIRGINIA,0.0,272093.69999999995,0.0,12.0,unmatched,
ghgrp_parent,City of Virginia Beach,CITYOFVIRGINIABEACH,0.0,16039.4,0.0,14.0,unmatched,
ghgrp_parent,CITY OF WATERTOWN,CITYOFWATERTOWN,0.0,37087.5,0.0,9.0,unmatched,
ghgrp_parent,City of Watsonville,CITYOFWATSONVILLE,0.0,9594.5,0.0,1.0,unmatched,
ghgrp_parent,CITY OF WAVERLY,CITYOFWAVERLY,0.0,45298.292292000006,0.0,2.0,unmatched,
ghgrp_parent,CITY OF WAYNESBORO,CITYOFWAYNESBORO,0.0,26318.43434,0.0,11.0,unmatched,
ghgrp_parent,"City of Waynesboro, VA",CITYOFWAYNESBOROVA,0.0,19060.664925,0.0,1.0,unmatched,
ghgrp_parent,CITY OF WEBSTER CITY,CITYOFWEBSTERCITY,0.0,37144.875404000006,0.0,1.0,unmatched,
ghgrp_parent,CITY OF WEST MEMPHIS AR,CITYOFWESTMEMPHISAR,0.0,215249.69882,0.0,11.0,unmatched,
ghgrp_parent,CITY OF WICHITA,CITYOFWICHITA,0.0,211839.85,0.0,12.0,unmatched,
ghgrp_parent,CITY OF WICHITA FALLS,CITYOFWICHITAFALLS,0.0,143776.25,0.0,12.0,unmatched,
ghgrp_parent,CITY OF WILLMAR MINNESOTA,CITYOFWILLMARMINNESOTA,0.0,62764.36,0.0,12.0,unmatched,
ghgrp_parent,CITY OF WILMINGTON,CITYOFWILMINGTON,0.0,40481.600000000006,0.0,11.0,unmatched,
ghgrp_parent,CITY OF WILMINGTON DELAWARE,CITYOFWILMINGTONDELAWARE,0.0,15618.0,0.0,2.0,unmatched,
ghgrp_parent,City of Winfield,CITYOFWINFIELD,0.0,61033.53,0.0,1.0,unmatched,
ghgrp_parent,CITY OF WINFIELD KS,CITYOFWINFIELDKS,0.0,12688.965999999999,0.0,11.0,unmatched,
ghgrp_parent,CITY PUBLIC SERVICES OF SAN ANTONIO,CITYPUBLICOFSANANTONIO,0.0,29165.85,0.0,1.0,unmatched,
ghgrp_parent,CITY UTILITIES OF SPRINGFIELD,CITYUTILITIESOFSPRINGFIELD,0.0,3703407.4059999995,0.0,11.0,unmatched,
ghgrp_parent,CITY WATER & LIGHT OF JONESBORO,CITYWATERLIGHTOFJONESBORO,0.0,1419296.5408,0.0,4.0,unmatched,
ghgrp_parent,"City Water and Light of Jonesboro, AR",CITYWATERLIGHTOFJONESBOROAR,0.0,1620156.3971000002,0.0,4.0,unmatched,
ghgrp_parent,CITY WATER & LIGHT PLANT OF THE CITY OF JONESBORO,CITYWATERLIGHTPLANTOFCITYOFJONESBORO,0.0,1031848.072,0.0,8.0,unmatched,
ghgrp_parent,C-K TECH INC,CKTECH,0.0,746368.0700000001,0.0,9.0,unmatched,
ghgrp_parent,Clariant Corportation,CLARIANTCORPORTATION,0.0,25073.956000000002,0.0,3.0,unmatched,
ghgrp_parent,Clark County,CLARKCOUNTY,0.0,23905.0,0.0,4.0,unmatched,
ghgrp_parent,CLARK COUNTY BOARD OF COMMISSIONERS,CLARKCOUNTYBOARDOFCOMMISSIONERS,0.0,94746.87299999999,0.0,9.0,unmatched,
ghgrp_parent,Clarksdale Public Utilities,CLARKSDALEPUBLICUTILITIES,0.0,17863.732,0.0,1.0,unmatched,
ghgrp_parent,"Classic Hydrocarbons, LLC",CLASSICHYDROCARBONS,0.0,50217.1,0.0,12.0,unmatched,
ghgrp_parent,CLAYTON COUNTY BOARD OF COMMISSIONERS,CLAYTONCOUNTYBOARDOFCOMMISSIONERS,0.0,57709.336,0.0,8.0,unmatched,
ghgrp_parent,Clayton County Transportation and Development Department,CLAYTONCOUNTYTRANSPORTATIONDEVELOPMENTDEPARTMENT,0.0,84461.0,0.0,1.0,unmatched,
ghgrp_parent,CLEAR AIR FORCE STATION,CLEARAIRFORCESTATION,0.0,89909.13,0.0,4.0,unmatched,
ghgrp_parent,Clear Air Force Station - US Air Force,CLEARAIRFORCESTATIONAIRFORCE,0.0,89993.116,0.0,1.0,unmatched,
ghgrp_parent,Clearway Energy LLC dba Energy Center Omaha LLC,CLEARWAYENERGYDBAENERGYCENTEROMAHA,0.0,52836.950000000004,0.0,1.0,unmatched,
ghgrp_parent,CLECO CORP,CLECO,0.0,9506435.8747792,0.0,14.0,unmatched,
ghgrp_parent,CLECO CAJUN LLC,CLECOCAJUN,0.0,172435.808,0.0,2.0,unmatched,
ghgrp_parent,Clemson University,CLEMSONUNIVERSITY,0.0,28186.748,0.0,1.0,unmatched,
ghgrp_parent,CLEO CORPORATE HOLDINGS LLC,CLEOCORPORATE,0.0,2689469.539,0.0,1.0,unmatched,
ghgrp_parent,CLEVELAND CLINIC,CLEVELANDCLINIC,0.0,63033.712,0.0,9.0,unmatched,
ghgrp_parent,CLF PinnOak LLC,CLFPINNOAK,0.0,51319.674,0.0,1.0,unmatched,
ghgrp_parent,CLIFFS NATURAL RESOURCES,CLIFFSNATURALRESOURCES,0.0,5249238.48408,0.0,8.0,unmatched,
ghgrp_parent,"CM Holdings, Inc.",CM,0.0,124259.258,0.0,2.0,unmatched,
ghgrp_parent,CMO INC,CMO,0.0,57850.93,0.0,11.0,unmatched,
ghgrp_parent,CNX Gas Company,CNXGAS,0.0,1243058.9460000002,0.0,4.0,unmatched,
ghgrp_parent,THE AMERICAN COAL CO,COAL,0.0,2062688.7859999998,0.0,11.0,unmatched,
ghgrp_parent,"COAL RIVER MINING, L.L.C.",COALRIVERMININGLLC,0.0,97075.5,0.0,13.0,unmatched,
ghgrp_parent,"Coastal Carolina Clean Power, LLC",COASTALCAROLINACLEANPOWER,0.0,361961.73,0.0,1.0,unmatched,
ghgrp_parent,Cobra Pipeline Co,COBRAPIPELINE,0.0,17047.032,0.0,12.0,unmatched,
ghgrp_parent,Coeur d' Alene Corporation,COEURDALENE,0.0,27303.996000000003,0.0,2.0,unmatched,
ghgrp_parent,"Coffeyville Resources Refining & Marketing, LLC",COFFEYVILLERESOURCESREFININGMARKETING,0.0,935345.648,0.0,3.0,unmatched,
ghgrp_parent,"Coffeyvill Resources Refining & Marketing, LLC",COFFEYVILLRESOURCESREFININGMARKETING,0.0,1026009.81,0.0,2.0,unmatched,
ghgrp_parent,COGENTRIX ENERGY LLC,COGENTRIXENERGY,0.0,4156249.4959999993,0.0,14.0,unmatched,
ghgrp_parent,"Cogentrix Power Holdings III, LLC",COGENTRIXPOWERIII,0.0,43833.388,0.0,11.0,unmatched,
ghgrp_parent,Cogentrix Virginia Leasing Corporation,COGENTRIXVIRGINIALEASING,0.0,483223.77,0.0,1.0,unmatched,
ghgrp_parent,"COG OPERATING, LLC",COGOPERATING,0.0,375722.35,0.0,4.0,unmatched,
ghgrp_parent,"Coleman Oil and Gas, Inc.",COLEMANOILGAS,0.0,12286.15,0.0,12.0,unmatched,
ghgrp_parent,Colgate Energy,COLGATEENERGY,0.0,357663.924,0.0,4.0,unmatched,
ghgrp_parent,Collier County,COLLIERCOUNTY,0.0,63310.133575,0.0,2.0,unmatched,
ghgrp_parent,American Colloid Company,COLLOID,0.0,93618.08,0.0,1.0,unmatched,
ghgrp_parent,COLLUMS LUMBER MILL INC,COLLUMSLUMBERMILL,0.0,56524.288,0.0,13.0,unmatched,
ghgrp_parent,Colmac Clarion,COLMACCLARION,0.0,314698.026,0.0,1.0,unmatched,
ghgrp_parent,Colstrip Energy Limited Partnership,COLSTRIPENERGYLIMITEDPARTNERSHIP,0.0,419389.77,0.0,1.0,unmatched,
ghgrp_parent,"Columbia County, Fl",COLUMBIACOUNTYFL,0.0,53628.5,0.0,8.0,unmatched,
ghgrp_parent,COLUMBIA COUNTY GA,COLUMBIACOUNTYGA,0.0,36375.0,0.0,3.0,unmatched,
ghgrp_parent,"Columbia Gas Transmission, LLC",COLUMBIAGASTRANSMISSION,0.0,247636.816,0.0,1.0,unmatched,
ghgrp_parent,"Columbia Gulf Transmission, LLC",COLUMBIAGULFTRANSMISSION,0.0,666286.24,0.0,1.0,unmatched,
ghgrp_parent,COLUMBIAN CHEMICALS CO,COLUMBIAN,0.0,401614.612,0.0,9.0,unmatched,
ghgrp_parent,COLUMBIA PIPELINE GROUP,COLUMBIAPIPELINE,0.0,710142.8252000001,0.0,2.0,unmatched,
ghgrp_parent,Columbus Consolidated Government,COLUMBUSCONSOLIDATEDGOVERNMENT,0.0,128261.0,0.0,9.0,unmatched,
ghgrp_parent,COMMONWEALTH ENVIRONMENTAL SYSTEMS,COMMONWEALTHENVIRONMENTALSYSTEMS,0.0,1511.144,0.0,14.0,unmatched,
ghgrp_parent,"COMMONWEALTH PLYWOOD CO, LTD",COMMONWEALTHPLYWOOD,0.0,32574.2,0.0,13.0,unmatched,
ghgrp_parent,COMMONWEALTH ROLLED PRODUCTS INC,COMMONWEALTHROLLEDPRODUCTS,0.0,156516.76,0.0,1.0,unmatched,
ghgrp_parent,COMMUNITY ECO POWER LLC,COMMUNITYECOPOWER,0.0,151788.554,0.0,5.0,unmatched,
ghgrp_parent,"COMMUNITY REFUSE SERVICE, INC",COMMUNITYREFUSESERVICE,0.0,127505.848,0.0,5.0,unmatched,
ghgrp_parent,Community Renewable Energy Services Inc.,COMMUNITYRENEWABLEENERGY,0.0,565663.79,0.0,13.0,unmatched,
ghgrp_parent,"Competitive Power Ventures Holdings, LLC",COMPETITIVEPOWERVENTURES,0.0,67440.038,0.0,1.0,unmatched,
ghgrp_parent,USA COMPRESSION PARTNERS LP,COMPRESSION,0.0,52317.051999999996,0.0,10.0,unmatched,
ghgrp_parent,COMVEST US PIPE HOLDINGS LLC,COMVESTPIPE,0.0,21519.6555,0.0,1.0,unmatched,
ghgrp_parent,CONAGRA FOODS INC,CONAGRAFOODS,0.0,559779.7660000001,0.0,14.0,unmatched,
ghgrp_parent,CONAGRA FOODS Packaged Foods LLC,CONAGRAFOODSPACKAGEDFOODS,0.0,164566.58000000002,0.0,4.0,unmatched,
ghgrp_parent,CONCHO RESOURCES INC,CONCHORESOURCES,0.0,2443822.828,0.0,9.0,unmatched,
ghgrp_parent,Connacher Oil and Gas,CONNACHEROILGAS,0.0,131188.012,0.0,1.0,unmatched,
ghgrp_parent,Connecticut Municipal Electric Energy Cooperative,CONNECTICUTMUNICIPALELECTRICENERGYCOOPERATIVE,0.0,9131.052000000001,0.0,14.0,unmatched,
ghgrp_parent,Connecticut Resource Recovery Authority,CONNECTICUTRESOURCERECOVERYAUTHORITY,0.0,2487.76,0.0,1.0,unmatched,
ghgrp_parent,Connecticut Resources Recovery Authority,CONNECTICUTRESOURCESRECOVERYAUTHORITY,0.0,750533.884,0.0,4.0,unmatched,
ghgrp_parent,CONOCO PHILLIPS GOLDEN PASS HOLDINGS LLC,CONOCOPHILLIPSGOLDENPASS,0.0,5487.122512,0.0,4.0,unmatched,
ghgrp_parent,CONOPCO INC,CONOPCO,0.0,27764.196,0.0,4.0,unmatched,
ghgrp_parent,CONSOLIDATED PRECISION PRODUCTS,CONSOLIDATEDPRECISIONPRODUCTS,0.0,152282.832,0.0,8.0,unmatched,
ghgrp_parent,Consolidated WY Municipalities Electric Power System JPB,CONSOLIDATEDWYMUNICIPALITIESELECTRICPOWERSYSTEMJPB,0.0,210750.94212,0.0,5.0,unmatched,
ghgrp_parent,"Constellation Mystic Power, LLC",CONSTELLATIONMYSTICPOWER,0.0,5335351.67,0.0,1.0,unmatched,
ghgrp_parent,"Constellium Rolled Products Ravenswood, LLC",CONSTELLIUMROLLEDPRODUCTSRAVENSWOOD,0.0,123810.38399999999,0.0,4.0,unmatched,
ghgrp_parent,CONTINENTAL BUILDING PRODUCTS OPERATING CO LLC,CONTINENTALBUILDINGPRODUCTSOPERATING,0.0,328747.86400000006,0.0,7.0,unmatched,
ghgrp_parent,CONTINENTAL CARBON CO,CONTINENTALCARBON,0.0,656293.2,0.0,10.0,unmatched,
ghgrp_parent,CONTINENTAL CASTING LLC,CONTINENTALCASTING,0.0,50872.229999999996,0.0,13.0,unmatched,
ghgrp_parent,"Continental Cement Company, LLC",CONTINENTALCEMENT,0.0,365782.3246,0.0,3.0,unmatched,
ghgrp_parent,CONTINENTAL ENERGY SYSTEMS,CONTINENTALENERGYSYSTEMS,0.0,64133.6,0.0,4.0,unmatched,
ghgrp_parent,CONTINENTAL REFINING CO LLC,CONTINENTALREFINING,0.0,16176.307999999999,0.0,12.0,unmatched,
ghgrp_parent,CONTITECH NORTH AMERICA INC,CONTITECHNORTH,0.0,14061.648,0.0,4.0,unmatched,
ghgrp_parent,ContourGlobal,CONTOURGLOBAL,0.0,635477.942,0.0,14.0,unmatched,
ghgrp_parent,CONTURA ENERGY LLC,CONTURAENERGY,0.0,3703222.0919999997,0.0,8.0,unmatched,
ghgrp_parent,"Contura Mining Holding, LLC",CONTURAMINING,0.0,105108.90000000001,0.0,8.0,unmatched,
ghgrp_parent,Conty of Franklin Solid Waste Mangement Authority,CONTYOFFRANKLINSOLIDWASTEMANGEMENTAUTHORITY,0.0,5284.05,0.0,4.0,unmatched,
ghgrp_parent,CONVERGEN ENERGY,CONVERGENENERGY,0.0,201316.656,0.0,3.0,unmatched,
ghgrp_parent,CONWAY CORP OF CONWAY AR,CONWAYOFCONWAYAR,0.0,430499.39764,0.0,9.0,unmatched,
ghgrp_parent,COOK INLET ENERGY LLC,COOKINLETENERGY,0.0,55684.99,0.0,8.0,unmatched,
ghgrp_parent,COOPERATIVE ENERGY,COOPERATIVEENERGY,0.0,3107158.7800000003,0.0,4.0,unmatched,
ghgrp_parent,COOPER TIRE & RUBBER CO,COOPERTIRERUBBER,0.0,114066.62,0.0,13.0,unmatched,
ghgrp_parent,"Copano Energy, L.L.C.",COPANOENERGYLLC,0.0,192882.68,0.0,1.0,unmatched,
ghgrp_parent,Copper Valley Electric Association,COPPERVALLEYELECTRICASSOCIATION,0.0,26760.129999999997,0.0,4.0,unmatched,
ghgrp_parent,COPREX LLC,COPREX,0.0,180929.95899999997,0.0,5.0,unmatched,
ghgrp_parent,Cordia Energy,CORDIAENERGY,0.0,56042.938,0.0,1.0,unmatched,
ghgrp_parent,"Cordillera Energy Partners III, LLC",CORDILLERAENERGYIII,0.0,167058.922,0.0,12.0,unmatched,
ghgrp_parent,Core Appalachia Operating LLC,COREAPPALACHIAOPERATING,0.0,215587.552,0.0,7.0,unmatched,
ghgrp_parent,"CORN, LP",CORN,0.0,175514.32200000001,0.0,9.0,unmatched,
ghgrp_parent,CORNERSTONE CHEMICAL COMPANY,CORNERSTONECHEMICAL,0.0,336938.86,0.0,1.0,unmatched,
ghgrp_parent,CORN PLUS ETHANOL,CORNPLUSETHANOL,0.0,72119.728,0.0,11.0,unmatched,
ghgrp_parent,"Corn Prodcuts International, Inc.",CORNPRODCUTS,0.0,34576.020000000004,0.0,1.0,unmatched,
ghgrp_parent,"CORN PRODUCTS INTERNATIONAL, INC",CORNPRODUCTS,0.0,1012485.6499999999,0.0,2.0,unmatched,
ghgrp_parent,CORONADO COAL LLC,CORONADOCOAL,0.0,1947972.0,0.0,4.0,unmatched,
ghgrp_parent,Coronado Coal II LLC,CORONADOCOALII,0.0,131885.75,0.0,1.0,unmatched,
ghgrp_parent,CORONADO MIDSTREAM LLC,CORONADOMIDSTREAM,0.0,437467.63,0.0,5.0,unmatched,
ghgrp_parent,CORONA ENERGY PARTNERS LTD,CORONAENERGY,0.0,70133.336,0.0,14.0,unmatched,
ghgrp_parent,"CORTERRA ENERGY, LLC",CORTERRAENERGY,0.0,11608.591999999999,0.0,7.0,unmatched,
ghgrp_parent,CORTLAND COUNTY HIGHWAY DEPARTMENT,CORTLANDCOUNTYHIGHWAYDEPARTMENT,0.0,38362.55,0.0,9.0,unmatched,
ghgrp_parent,"CostarMidstream, LLC",COSTARMIDSTREAM,0.0,84450.704,0.0,2.0,unmatched,
ghgrp_parent,Cottage Grove Operating Services LLC,COTTAGEGROVEOPERATING,0.0,1434.3261400000001,0.0,1.0,unmatched,
ghgrp_parent,COULTER COS INC,COULTER,0.0,329697.25,0.0,11.0,unmatched,
ghgrp_parent,"Council Energy, Inc.",COUNCILENERGY,0.0,65869.04400000001,0.0,13.0,unmatched,
ghgrp_parent,COUNCIL OF DORCHESTER COUNTY,COUNCILOFDORCHESTERCOUNTY,0.0,39204.0,0.0,14.0,unmatched,
ghgrp_parent,Counties of Warren / Washington Industrial Development Agency,COUNTIESOFWARRENWASHINGTONINDUSTRIALDEVELOPMENTAGENCY,0.0,149034.94400000002,0.0,1.0,unmatched,
ghgrp_parent,COUNTY OF ADA,COUNTYOFADA,0.0,118935.416,0.0,3.0,unmatched,
ghgrp_parent,COUNTY OF ALAMANCE,COUNTYOFALAMANCE,0.0,127969.0,0.0,3.0,unmatched,
ghgrp_parent,COUNTY OF ALLEN,COUNTYOFALLEN,0.0,71504.89600000001,0.0,3.0,unmatched,
ghgrp_parent,COUNTY OF ANGELINA,COUNTYOFANGELINA,0.0,105041.0,0.0,3.0,unmatched,
ghgrp_parent,COUNTY OF ANNE ARUNDEL,COUNTYOFANNEARUNDEL,0.0,12860.0,0.0,2.0,unmatched,
ghgrp_parent,COUNTY OF AUGUSTA,COUNTYOFAUGUSTA,0.0,60987.686989999995,0.0,11.0,unmatched,
ghgrp_parent,"County of Augusta, VA",COUNTYOFAUGUSTAVA,0.0,47288.470675,0.0,1.0,unmatched,
ghgrp_parent,COUNTY OF BARTHOLOMEW,COUNTYOFBARTHOLOMEW,0.0,93454.6,0.0,3.0,unmatched,
ghgrp_parent,"County of Bedford, Virginia",COUNTYOFBEDFORDVIRGINIA,0.0,35242.5,0.0,6.0,unmatched,
ghgrp_parent,COUNTY OF BLACK HAWK,COUNTYOFBLACKHAWK,0.0,167365.25,0.0,3.0,unmatched,
ghgrp_parent,COUNTY OF BLOUNT,COUNTYOFBLOUNT,0.0,33943.3,0.0,3.0,unmatched,
ghgrp_parent,COUNTY OF BRADLEY TN,COUNTYOFBRADLEYTN,0.0,254658.25,0.0,3.0,unmatched,
ghgrp_parent,COUNTY OF BREVARD,COUNTYOFBREVARD,0.0,573056.564,0.0,1.0,unmatched,
ghgrp_parent,COUNTY OF BUNCOMBE NC,COUNTYOFBUNCOMBENC,0.0,72035.25,0.0,3.0,unmatched,
ghgrp_parent,COUNTY OF CATAWBA,COUNTYOFCATAWBA,0.0,105173.81999999999,0.0,3.0,unmatched,
ghgrp_parent,COUNTY OF CHARLOTTE,COUNTYOFCHARLOTTE,0.0,133503.208,0.0,3.0,unmatched,
ghgrp_parent,COUNTY OF CHAUTAUQUA,COUNTYOFCHAUTAUQUA,0.0,105430.87400000001,0.0,3.0,unmatched,
ghgrp_parent,COUNTY OF CLARK,COUNTYOFCLARK,0.0,72910.823,0.0,3.0,unmatched,
ghgrp_parent,COUNTY OF CLAYTON,COUNTYOFCLAYTON,0.0,51222.758,0.0,3.0,unmatched,
ghgrp_parent,COUNTY OF COLUMBIA,COUNTYOFCOLUMBIA,0.0,51602.25,0.0,3.0,unmatched,
ghgrp_parent,COUNTY OF CORTLAND,COUNTYOFCORTLAND,0.0,32292.8,0.0,3.0,unmatched,
ghgrp_parent,COUNTY OF CRAWFORD,COUNTYOFCRAWFORD,0.0,194891.25,0.0,3.0,unmatched,
ghgrp_parent,COUNTY OF CRISP,COUNTYOFCRISP,0.0,57399.5,0.0,3.0,unmatched,
ghgrp_parent,COUNTY OF CROOK,COUNTYOFCROOK,0.0,30633.0,0.0,3.0,unmatched,
ghgrp_parent,County of Dane Putlic Works Solid Waste Division,COUNTYOFDANEPUTLICWORKSSOLIDWASTEDIVISION,0.0,113351.78,0.0,4.0,unmatched,
ghgrp_parent,COUNTY OF DAVIDSON,COUNTYOFDAVIDSON,0.0,63312.5,0.0,3.0,unmatched,
ghgrp_parent,COUNTY OF DECATUR,COUNTYOFDECATUR,0.0,110010.25,0.0,3.0,unmatched,
ghgrp_parent,COUNTY OF DEKALB,COUNTYOFDEKALB,0.0,320443.856,0.0,3.0,unmatched,
ghgrp_parent,COUNTY OF DESCHUTES,COUNTYOFDESCHUTES,0.0,74154.75,0.0,3.0,unmatched,
ghgrp_parent,COUNTY OF DOUGHERTY,COUNTYOFDOUGHERTY,0.0,125735.25,0.0,3.0,unmatched,
ghgrp_parent,"County of Douglas, NE",COUNTYOFDOUGLASNE,0.0,6110.0,0.0,1.0,unmatched,
ghgrp_parent,COUNTY OF EAGLE,COUNTYOFEAGLE,0.0,57378.25,0.0,3.0,unmatched,
ghgrp_parent,COUNTY OF EDDY,COUNTYOFEDDY,0.0,23085.75,0.0,3.0,unmatched,
ghgrp_parent,COUNTY OF ELKHART,COUNTYOFELKHART,0.0,25835.25,0.0,3.0,unmatched,
ghgrp_parent,COUNTY OF ERIE,COUNTYOFERIE,0.0,140963.75,0.0,3.0,unmatched,
ghgrp_parent,COUNTY OF ESCAMBIA,COUNTYOFESCAMBIA,0.0,231819.25,0.0,3.0,unmatched,
ghgrp_parent,COUNTY OF FRANKLIN,COUNTYOFFRANKLIN,0.0,58828.0,0.0,3.0,unmatched,
ghgrp_parent,County of Franklin Solid Waste Management Authority,COUNTYOFFRANKLINSOLIDWASTEMANAGEMENTAUTHORITY,0.0,5760.8,0.0,1.0,unmatched,
ghgrp_parent,County of Fresno,COUNTYOFFRESNO,0.0,166702.65,0.0,12.0,unmatched,
ghgrp_parent,County of Gloucester,COUNTYOFGLOUCESTER,0.0,140846.954,0.0,1.0,unmatched,
ghgrp_parent,COUNTY OF GREENVILLE,COUNTYOFGREENVILLE,0.0,311628.28599999996,0.0,14.0,unmatched,
ghgrp_parent,COUNTY OF GREENWOOD,COUNTYOFGREENWOOD,0.0,53438.0,0.0,3.0,unmatched,
ghgrp_parent,COUNTY OF HARDIN,COUNTYOFHARDIN,0.0,163600.5,0.0,3.0,unmatched,
ghgrp_parent,COUNTY OF HARFORD,COUNTYOFHARFORD,0.0,54877.55,0.0,3.0,unmatched,
ghgrp_parent,County of Hawaii Department of Environmental Management Solid Waste Div,COUNTYOFHAWAIIDEPARTMENTOFENVIRONMENTALMANAGEMENTSOLIDWASTEDIV,0.0,86915.25,0.0,2.0,unmatched,
ghgrp_parent,COUNTY OF JOHNSTON,COUNTYOFJOHNSTON,0.0,104223.25,0.0,3.0,unmatched,
ghgrp_parent,County of Kane Division of Environmental & Water Resources,COUNTYOFKANEDIVISIONOFENVIRONMENTALWATERRESOURCES,0.0,103087.048,0.0,1.0,unmatched,
ghgrp_parent,COUNTY OF KAUAI,COUNTYOFKAUAI,0.0,71051.63551200001,0.0,8.0,unmatched,
ghgrp_parent,COUNTY OF KERN,COUNTYOFKERN,0.0,49993.5,0.0,4.0,unmatched,
ghgrp_parent,COUNTY OF KING,COUNTYOFKING,0.0,245041.598,0.0,3.0,unmatched,
ghgrp_parent,COUNTY OF KINGS,COUNTYOFKINGS,0.0,3047.5,0.0,1.0,unmatched,
ghgrp_parent,COUNTY OF KNOX,COUNTYOFKNOX,0.0,79561.45,0.0,3.0,unmatched,
ghgrp_parent,COUNTY OF KOOTENAI,COUNTYOFKOOTENAI,0.0,70135.5,0.0,3.0,unmatched,
ghgrp_parent,COUNTY OF LA CROSSE,COUNTYOFLACROSSE,0.0,56905.9,0.0,3.0,unmatched,
ghgrp_parent,COUNTY OF LAKE,COUNTYOFLAKE,0.0,134679.5,0.0,4.0,unmatched,
ghgrp_parent,COUNTY OF LAMAR,COUNTYOFLAMAR,0.0,58768.75,0.0,3.0,unmatched,
ghgrp_parent,COUNTY OF LANE,COUNTYOFLANE,0.0,27398.5,0.0,3.0,unmatched,
ghgrp_parent,COUNTY OF LARIMER,COUNTYOFLARIMER,0.0,48978.812000000005,0.0,3.0,unmatched,
ghgrp_parent,COUNTY OF LAURENS,COUNTYOFLAURENS,0.0,32538.75,0.0,3.0,unmatched,
ghgrp_parent,COUNTY OF LEA,COUNTYOFLEA,0.0,40751.0,0.0,3.0,unmatched,
ghgrp_parent,COUNTY OF LEFLORE,COUNTYOFLEFLORE,0.0,92810.75,0.0,3.0,unmatched,
ghgrp_parent,COUNTY OF LENOIR,COUNTYOFLENOIR,0.0,26884.5,0.0,3.0,unmatched,
ghgrp_parent,COUNTY OF LEWIS & CLARK,COUNTYOFLEWISCLARK,0.0,32418.5,0.0,5.0,unmatched,
ghgrp_parent,COUNTY OF LINN,COUNTYOFLINN,0.0,127399.44799999999,0.0,3.0,unmatched,
ghgrp_parent,INC COUNTY OF LOS ALAMOS,COUNTYOFLOSALAMOS,0.0,246573.09124799998,0.0,3.0,unmatched,
ghgrp_parent,INC COUNTY OF LOS ALAMOS NEW MEXICO,COUNTYOFLOSALAMOSNEWMEXICO,0.0,159892.80398599998,0.0,2.0,unmatched,
ghgrp_parent,COUNTY OF LOS ANGELES,COUNTYOFLOSANGELES,0.0,474465.882,0.0,3.0,unmatched,
ghgrp_parent,COUNTY OF LOUDON,COUNTYOFLOUDON,0.0,158385.75,0.0,3.0,unmatched,
ghgrp_parent,COUNTY OF LYCOMING,COUNTYOFLYCOMING,0.0,221668.494,0.0,12.0,unmatched,
ghgrp_parent,COUNTY OF LYON,COUNTYOFLYON,0.0,70537.6,0.0,3.0,unmatched,
ghgrp_parent,COUNTY OF MADERA,COUNTYOFMADERA,0.0,81110.25,0.0,3.0,unmatched,
ghgrp_parent,COUNTY OF MADISON,COUNTYOFMADISON,0.0,10578.7,0.0,3.0,unmatched,
ghgrp_parent,COUNTY OF MARICOPA,COUNTYOFMARICOPA,0.0,79038.5,0.0,3.0,unmatched,
ghgrp_parent,COUNTY OF MARION,COUNTYOFMARION,0.0,46934.75,0.0,3.0,unmatched,
ghgrp_parent,COUNTY OF MAUI,COUNTYOFMAUI,0.0,64050.0,0.0,12.0,unmatched,
ghgrp_parent,COUNTY OF MESA,COUNTYOFMESA,0.0,95504.55,0.0,3.0,unmatched,
ghgrp_parent,COUNTY OF MIAMI-DADE,COUNTYOFMIAMIDADE,0.0,1116865.762,0.0,2.0,unmatched,
ghgrp_parent,COUNTY OF MIAMI-DADE WASTE MANAGEMENT,COUNTYOFMIAMIDADEWASTEMANAGEMENT,0.0,1106099.602,0.0,1.0,unmatched,
ghgrp_parent,COUNTY OF MOHAVE,COUNTYOFMOHAVE,0.0,27046.192,0.0,4.0,unmatched,
ghgrp_parent,COUNTY OF MONMOUTH,COUNTYOFMONMOUTH,0.0,345988.35,0.0,3.0,unmatched,
ghgrp_parent,County of Monroe,COUNTYOFMONROE,0.0,211429.2348,0.0,2.0,unmatched,
ghgrp_parent,County of Montrose,COUNTYOFMONTROSE,0.0,61353.257475,0.0,2.0,unmatched,
ghgrp_parent,COUNTY OF MORRISON,COUNTYOFMORRISON,0.0,20116.7,0.0,5.0,unmatched,
ghgrp_parent,COUNTY OF MURRAY,COUNTYOFMURRAY,0.0,56202.75,0.0,3.0,unmatched,
ghgrp_parent,COUNTY OF MUSCATINE,COUNTYOFMUSCATINE,0.0,42418.0,0.0,3.0,unmatched,
ghgrp_parent,COUNTY OF MUSKEGON,COUNTYOFMUSKEGON,0.0,74406.9,0.0,3.0,unmatched,
ghgrp_parent,COUNTY OF NEW HANOVER,COUNTYOFNEWHANOVER,0.0,67967.25,0.0,3.0,unmatched,
ghgrp_parent,COUNTY OF OLMSTED,COUNTYOFOLMSTED,0.0,136912.738,0.0,3.0,unmatched,
ghgrp_parent,COUNTY OF ONSLOW,COUNTYOFONSLOW,0.0,77298.25,0.0,3.0,unmatched,
ghgrp_parent,County of Orange,COUNTYOFORANGE,0.0,937026.0,0.0,5.0,unmatched,
ghgrp_parent,COUNTY OF ORANGE CA,COUNTYOFORANGECA,0.0,1034290.234,0.0,7.0,unmatched,
ghgrp_parent,COUNTY OF ORANGE NY,COUNTYOFORANGENY,0.0,67478.298,0.0,11.0,unmatched,
ghgrp_parent,"County of Orange, OC Waste & Recycling",COUNTYOFORANGEOCWASTERECYCLING,0.0,312902.25,0.0,5.0,unmatched,
ghgrp_parent,COUNTY OF ORANGE VA,COUNTYOFORANGEVA,0.0,28845.25,0.0,7.0,unmatched,
ghgrp_parent,COUNTY OF OSWEGO,COUNTYOFOSWEGO,0.0,104707.39,0.0,3.0,unmatched,
ghgrp_parent,COUNTY OF OUTAGAMIE,COUNTYOFOUTAGAMIE,0.0,70712.85,0.0,3.0,unmatched,
ghgrp_parent,COUNTY OF PEORIA,COUNTYOFPEORIA,0.0,35665.84,0.0,3.0,unmatched,
ghgrp_parent,COUNTY OF PINELLAS,COUNTYOFPINELLAS,0.0,1178584.678,0.0,3.0,unmatched,
ghgrp_parent,COUNTY OF POLK,COUNTYOFPOLK,0.0,570810.746,0.0,1.0,unmatched,
ghgrp_parent,County of Riverside,COUNTYOFRIVERSIDE,0.0,214819.25,0.0,14.0,unmatched,
ghgrp_parent,COUNTY OF ROANOKE,COUNTYOFROANOKE,0.0,122456.25,0.0,5.0,unmatched,
ghgrp_parent,COUNTY OF SAMPSON NORTH CAROLINA,COUNTYOFSAMPSONNORTHCAROLINA,0.0,24291.0,0.0,5.0,unmatched,
ghgrp_parent,COUNTY OF SAN BERNADINO SOLID WASTE MANAGEMENT DIV,COUNTYOFSANBERNADINOSOLIDWASTEMANAGEMENTDIV,0.0,72287.75,0.0,1.0,unmatched,
ghgrp_parent,COUNTY OF SAN BERNARDINO SOLID WASTE MANAGEMENT DIV,COUNTYOFSANBERNARDINOSOLIDWASTEMANAGEMENTDIV,0.0,306126.55,0.0,9.0,unmatched,
ghgrp_parent,County of San Bernardino Solid Waste Management Division,COUNTYOFSANBERNARDINOSOLIDWASTEMANAGEMENTDIVISION,0.0,247199.0,0.0,5.0,unmatched,
ghgrp_parent,COUNTY OF SAN JOAQUIN,COUNTYOFSANJOAQUIN,0.0,222292.5,0.0,9.0,unmatched,
ghgrp_parent,"County of Santa Cruz, Departrment of Public Works",COUNTYOFSANTACRUZDEPARTRMENTOFPUBLICWORKS,0.0,31615.0,0.0,1.0,unmatched,
ghgrp_parent,COUNTY OF SARASOTA,COUNTYOFSARASOTA,0.0,160843.5,0.0,3.0,unmatched,
ghgrp_parent,COUNTY OF SHASTA,COUNTYOFSHASTA,0.0,112098.0,0.0,12.0,unmatched,
ghgrp_parent,County of Sonoma,COUNTYOFSONOMA,0.0,190187.546,0.0,4.0,unmatched,
ghgrp_parent,"County of Sonoma, Dept of Public Works",COUNTYOFSONOMADEPTOFPUBLICWORKS,0.0,78298.57800000001,0.0,1.0,unmatched,
ghgrp_parent,COUNTY OF STANISLAUS CA,COUNTYOFSTANISLAUSCA,0.0,21282.5,0.0,12.0,unmatched,
ghgrp_parent,COUNTY OF STANISLAUS CALIFORNIA,COUNTYOFSTANISLAUSCALIFORNIA,0.0,7032.25,0.0,2.0,unmatched,
ghgrp_parent,COUNTY OF WAYNE,COUNTYOFWAYNE,0.0,65855.75,0.0,12.0,unmatched,
ghgrp_parent,COUNTY OF WEBER,COUNTYOFWEBER,0.0,44854.2,0.0,3.0,unmatched,
ghgrp_parent,COUNTY OF WHITESIDE,COUNTYOFWHITESIDE,0.0,112557.5,0.0,12.0,unmatched,
ghgrp_parent,County Solid Waste Department,COUNTYSOLIDWASTEDEPARTMENT,0.0,58145.25,0.0,3.0,unmatched,
ghgrp_parent,COVANCE INC,COVANCE,0.0,49819.91,0.0,6.0,unmatched,
ghgrp_parent,Covance Laboratories Inc,COVANCELABORATORIES,0.0,26463.300000000003,0.0,1.0,unmatched,
ghgrp_parent,COVANTA ENERGY,COVANTAENERGY,0.0,10713461.06258,0.0,14.0,unmatched,private equity (EQT Infrastructure)
ghgrp_parent,Cove Landfill of Bad Axe Inc.,COVELANDFILLOFBADAXE,0.0,55238.0,0.0,3.0,unmatched,
ghgrp_parent,COVEY PARK ENERGY,COVEYPARKENERGY,0.0,634259.8840000001,0.0,9.0,unmatched,
ghgrp_parent,COWLES PUBLISHING CO,COWLESPUBLISHING,0.0,36151.924,0.0,14.0,unmatched,
ghgrp_parent,COWLITZ COUNTY,COWLITZCOUNTY,0.0,311557.068,0.0,12.0,unmatched,
ghgrp_parent,Cowtown Gas Processing Partners L.P.,COWTOWNGASPROCESSINGLP,0.0,148591.44,0.0,1.0,unmatched,
ghgrp_parent,Cowtown Pipeline Partners L.P.,COWTOWNPIPELINELP,0.0,48478.416,0.0,1.0,unmatched,
ghgrp_parent,"Cox Oil Offshore, LLC",COXOILOFFSHORE,0.0,185953.3145913712,0.0,1.0,unmatched,
ghgrp_parent,"CP Crane Power, LLC",CPCRANEPOWER,0.0,368375.076,0.0,1.0,unmatched,
ghgrp_parent,CPI USA North Carolina LLC,CPINORTHCAROLINA,0.0,1145220.02,0.0,8.0,unmatched,
ghgrp_parent,CPI Power (US) GP,CPIPOWERGP,0.0,1774437.2948979998,0.0,1.0,unmatched,
ghgrp_parent,CPV Fairview LLC,CPVFAIRVIEW,0.0,263081.788,0.0,1.0,unmatched,
ghgrp_parent,"CPV Maryland, LLC",CPVMARYLAND,0.0,1427146.0320000001,0.0,1.0,unmatched,
ghgrp_parent,"CPV Sentinel, LLC",CPVSENTINEL,0.0,185499.76,0.0,1.0,unmatched,
ghgrp_parent,CPV SHORE LLC,CPVSHORE,0.0,1738161.808,0.0,2.0,unmatched,
ghgrp_parent,Craighead Co. Solid Waste Disposal Authority,CRAIGHEADSOLIDWASTEDISPOSALAUTHORITY,0.0,89856.75,0.0,9.0,unmatched,
ghgrp_parent,"CRAWFISH COGEN, LLC",CRAWFISHCOGEN,0.0,231603.642,0.0,4.0,unmatched,
ghgrp_parent,Crawford County Board of Commissioners,CRAWFORDCOUNTYBOARDOFCOMMISSIONERS,0.0,177389.85,0.0,9.0,unmatched,
ghgrp_parent,CRAWFORDSVILLE ELECTRIC LIGHT & POWER,CRAWFORDSVILLEELECTRICLIGHTPOWER,0.0,886.8199999999999,0.0,3.0,unmatched,
ghgrp_parent,CRAWFORDSVILLE ENERGY LLC,CRAWFORDSVILLEENERGY,0.0,36998.89,0.0,11.0,unmatched,
ghgrp_parent,"C/R ENERGY JADE, LLC",CRENERGYJADE,0.0,2314527.67,0.0,2.0,unmatched,
ghgrp_parent,Crescent Point Energy U.S. Corporation,CRESCENTPOINTENERGYUS,0.0,164822.602,0.0,3.0,unmatched,
ghgrp_parent,CRESTONE ENERGY VENTURES LLC,CRESTONEENERGYVENTURES,0.0,111.696,0.0,4.0,unmatched,
ghgrp_parent,CRESTONE GATHERING SERVICES LLC,CRESTONEGATHERING,0.0,28.64,0.0,4.0,unmatched,
ghgrp_parent,CRESTONE PEAK RESOURCES LLC,CRESTONEPEAKRESOURCES,0.0,411622.734,0.0,5.0,unmatched,
ghgrp_parent,CRESTWOOD APPALACHIA PIPELINE LLC,CRESTWOODAPPALACHIAPIPELINE,0.0,66885.148,0.0,1.0,unmatched,
ghgrp_parent,"Crestwood Biofuels Investors, LLC",CRESTWOODBIOFUELSINVESTORS,0.0,40984.146,0.0,1.0,unmatched,
ghgrp_parent,CRESTWOOD MARCELLUS MIDSTREAM LLC,CRESTWOODMARCELLUSMIDSTREAM,0.0,67449.99600000001,0.0,1.0,unmatched,
ghgrp_parent,CRESTWOOD MIDSTREAM PARTNERS LP,CRESTWOODMIDSTREAM,0.0,1038268.9439999999,0.0,13.0,unmatched,
ghgrp_parent,CRH AMERICAS MATERIALS INC,CRHMATERIALS,0.0,4246858.494,0.0,2.0,unmatched,
ghgrp_parent,CRIMSON ENERGY PARTNERS IV LLC,CRIMSONENERGYIV,0.0,50794.094,0.0,4.0,unmatched,
ghgrp_parent,Crisp County Board of Commissioners,CRISPCOUNTYBOARDOFCOMMISSIONERS,0.0,55587.0,0.0,9.0,unmatched,
ghgrp_parent,CRISTAL USA INC,CRISTAL,0.0,476771.75999999995,0.0,8.0,unmatched,
ghgrp_parent,CRITTENDEN COUNTY,CRITTENDENCOUNTY,0.0,67157.35,0.0,1.0,unmatched,
ghgrp_parent,"Crockett Cogeneration, A California Limited Partnership",CROCKETTCOGENERATIONACALIFORNIALIMITEDPARTNERSHIP,0.0,830720.42,0.0,5.0,unmatched,
ghgrp_parent,CROCKETT COGENERATION A CALIFORNIA LTD PTNR,CROCKETTCOGENERATIONACALIFORNIAPTNR,0.0,791209.8200000001,0.0,1.0,unmatched,
ghgrp_parent,Croda Inc,CRODA,0.0,47899.026,0.0,1.0,unmatched,
ghgrp_parent,Crook County Government,CROOKCOUNTYGOVERNMENT,0.0,34329.0,0.0,9.0,unmatched,
ghgrp_parent,Crosstex CCNG Processing Ltd.,CROSSTEXCCNGPROCESSING,0.0,141313.438,0.0,5.0,unmatched,
ghgrp_parent,"Crosstex LIG, LLC",CROSSTEXLIG,0.0,57264.24,0.0,5.0,unmatched,
ghgrp_parent,Crosstex North Texas Gathering LP,CROSSTEXNORTHTEXASGATHERING,0.0,333690.04000000004,0.0,14.0,unmatched,
ghgrp_parent,"Crosstex North Texas Pipeline, LP",CROSSTEXNORTHTEXASPIPELINE,0.0,81882.81,0.0,5.0,unmatched,
ghgrp_parent,CROSSTEX PERMIAN LLC,CROSSTEXPERMIAN,0.0,92875.76000000001,0.0,3.0,unmatched,
ghgrp_parent,"Crosstex Processing Services, LLC",CROSSTEXPROCESSING,0.0,371520.602,0.0,14.0,unmatched,
ghgrp_parent,Crown Energy Partners LLC,CROWNENERGY,0.0,29547.548,0.0,13.0,unmatched,
ghgrp_parent,CROW WING COUNTY,CROWWINGCOUNTY,0.0,85999.93400000001,0.0,12.0,unmatched,
ghgrp_parent,C&T Enterprises,CT,0.0,771.6,0.0,14.0,unmatched,
ghgrp_parent,Curators of the University of Missouri,CURATORSOFUNIVERSITYOFMISSOURI,0.0,322103.834,0.0,9.0,unmatched,
ghgrp_parent,Cureton Front Range LLC,CURETONFRONTRANGE,0.0,80053.432,0.0,2.0,unmatched,
ghgrp_parent,CURETON MIDSTREAM LLC,CURETONMIDSTREAM,0.0,30147.438,0.0,2.0,unmatched,
ghgrp_parent,"CVR Partners, LP",CVR,0.0,2801427.1880000005,0.0,1.0,unmatched,
ghgrp_parent,"CXA SUNDEVIL HOLDINGS CO, INC",CXASUNDEVIL,0.0,1457913.522,0.0,2.0,unmatched,
ghgrp_parent,DAIMLER NA CORP,DAIMLERNA,0.0,34418.522,0.0,1.0,unmatched,
ghgrp_parent,DAIMLER NORTH AMERICA CORP,DAIMLERNORTH,0.0,88479.606,0.0,10.0,unmatched,
ghgrp_parent,"DairiConcepts, LLC",DAIRICONCEPTS,0.0,29829.88,0.0,1.0,unmatched,
ghgrp_parent,Dairland Power Cooperative,DAIRLANDPOWERCOOPERATIVE,0.0,17557.682,0.0,4.0,unmatched,
ghgrp_parent,DAK AMERICAS LLC,DAK,0.0,605746.3259999999,0.0,14.0,unmatched,
ghgrp_parent,DAKOTA COAL CO,DAKOTACOAL,0.0,201703.802,0.0,9.0,unmatched,
ghgrp_parent,Dal-Tile Group,DALTILE,0.0,113120.12400000001,0.0,2.0,unmatched,
ghgrp_parent,DALTON UTILITIES,DALTONUTILITIES,0.0,320620.08462,0.0,10.0,unmatched,
ghgrp_parent,Dalton-Whitfield Regional Solid Waste Management Authority,DALTONWHITFIELDREGIONALSOLIDWASTEMANAGEMENTAUTHORITY,0.0,164957.0,0.0,10.0,unmatched,
ghgrp_parent,Dane County,DANECOUNTY,0.0,85129.11,0.0,1.0,unmatched,
ghgrp_parent,DARIGOLD INC,DARIGOLD,0.0,38345.2,0.0,3.0,unmatched,
ghgrp_parent,DARLING INTERNATIONAL INC,DARLING,0.0,145526.312,0.0,4.0,unmatched,
ghgrp_parent,Dart Container of Michigan LLC,DARTCONTAINEROFMICHIGAN,0.0,1563.26016,0.0,5.0,unmatched,
ghgrp_parent,DARTMOUTH POWER ASSOCIATES L P,DARTMOUTHPOWERASSOCIATESLP,0.0,68407.15,0.0,8.0,unmatched,
ghgrp_parent,Dart Oil & Gas Corp,DARTOILGAS,0.0,119327.526,0.0,8.0,unmatched,
ghgrp_parent,DAVID ALMQUIST,DAVIDALMQUIST,0.0,5480.608,0.0,7.0,unmatched,
ghgrp_parent,DAVID B ALMQUIST,DAVIDBALMQUIST,0.0,3878.17344,0.0,2.0,unmatched,
ghgrp_parent,Davidson County Integrated Solid Waste Management Dept.,DAVIDSONCOUNTYINTEGRATEDSOLIDWASTEMANAGEMENTDEPT,0.0,55004.5,0.0,9.0,unmatched,
ghgrp_parent,DAVIESS COUNTY,DAVIESSCOUNTY,0.0,205903.4,0.0,3.0,unmatched,
ghgrp_parent,Daviess County Fiscal Court,DAVIESSCOUNTYFISCALCOURT,0.0,142735.7,0.0,9.0,unmatched,
ghgrp_parent,DAVIS GAS PROCESSING INC,DAVISGASPROCESSING,0.0,184734.342,0.0,8.0,unmatched,
ghgrp_parent,Day-Glo Color,DAYGLOCOLOR,0.0,2748.84,0.0,1.0,unmatched,
ghgrp_parent,"DB GOAL LINE, LLC",DBGOALLINE,0.0,91173.30948,0.0,6.0,unmatched,
ghgrp_parent,DCP GCX PIPELINE LLC,DCPGCXPIPELINE,0.0,40695.8165,0.0,1.0,unmatched,
ghgrp_parent,DE3 OPERATING LLC,DE3OPERATING,0.0,342710.66599999997,0.0,6.0,unmatched,
ghgrp_parent,DECATUR COUNTY,DECATURCOUNTY,0.0,114250.75,0.0,9.0,unmatched,
ghgrp_parent,DECATUR ENERGY LLC,DECATURENERGY,0.0,594110.548,0.0,1.0,unmatched,
ghgrp_parent,DECKER ENERGY,DECKERENERGY,0.0,278871.1,0.0,8.0,unmatched,
ghgrp_parent,DEERFIELD PRODUCTION & REFINING INC,DEERFIELDPRODUCTIONREFINING,0.0,16598.824,0.0,12.0,unmatched,
ghgrp_parent,Deer Park Refining Limited Partnership,DEERPARKREFININGLIMITEDPARTNERSHIP,0.0,4506097.558,0.0,1.0,unmatched,
ghgrp_parent,"DEFFENBAUGH INDUSTRIES, INC",DEFFENBAUGH,0.0,968139.938,0.0,5.0,unmatched,
ghgrp_parent,DEKALB COUNTY PUBLIC WORKS DEPARTMENT OF SANITATIN DIV,DEKALBCOUNTYPUBLICWORKSDEPARTMENTOFSANITATINDIV,0.0,318236.21599999996,0.0,4.0,unmatched,
ghgrp_parent,DeKalb County Public Works Department of Sanitatin Division,DEKALBCOUNTYPUBLICWORKSDEPARTMENTOFSANITATINDIVISION,0.0,262975.534,0.0,4.0,unmatched,
ghgrp_parent,DeKalb County Public Works Department Sanitation Division,DEKALBCOUNTYPUBLICWORKSDEPARTMENTSANITATIONDIVISION,0.0,203332.068,0.0,1.0,unmatched,
ghgrp_parent,"Delano Energy Center, LLC",DELANOENERGYCENTER,0.0,17111.436,0.0,11.0,unmatched,
ghgrp_parent,"Delaware Basin Investment Group, LLC",DELAWAREBASININVESTMENT,0.0,40603.32,0.0,1.0,unmatched,
ghgrp_parent,Delaware City Refining Company,DELAWARECITYREFINING,0.0,2255247.1520000002,0.0,2.0,unmatched,
ghgrp_parent,Delaware County Solid Waste Authority,DELAWARECOUNTYSOLIDWASTEAUTHORITY,0.0,151372.95,0.0,9.0,unmatched,
ghgrp_parent,Delaware Municiple Electric Corporation,DELAWAREMUNICIPLEELECTRIC,0.0,16844.43,0.0,1.0,unmatched,
ghgrp_parent,Del Monte Corporation,DELMONTE,0.0,31307.23,0.0,3.0,unmatched,
ghgrp_parent,Delta Petroleum Corporation,DELTAPETROLEUM,0.0,27921.050000000003,0.0,1.0,unmatched,
ghgrp_parent,DELTECH CORP,DELTECH,0.0,113148.524,0.0,7.0,unmatched,
ghgrp_parent,DELTECH ACQUISITION CORP,DELTECHACQUISITION,0.0,108575.606,0.0,5.0,unmatched,
ghgrp_parent,DE MENNO-KERDOON TRADING CO,DEMENNOKERDOONTRADING,0.0,25476.404,0.0,1.0,unmatched,
ghgrp_parent,DEMMER CORP,DEMMER,0.0,1559.744,0.0,13.0,unmatched,
ghgrp_parent,Denver City Energy Associates,DENVERCITYENERGYASSOCIATES,0.0,535364.1660000001,0.0,2.0,unmatched,
ghgrp_parent,Department of the Air Force,DEPARTMENTOFAIRFORCE,0.0,25116.868,0.0,1.0,unmatched,
ghgrp_parent,US Department of the Army,DEPARTMENTOFARMY,0.0,48526.694,0.0,5.0,unmatched,
ghgrp_parent,US Department of Defense,DEPARTMENTOFDEFENSE,0.0,50170.7,0.0,3.0,unmatched,
ghgrp_parent,Department of Defense - US Army,DEPARTMENTOFDEFENSEARMY,0.0,31995.814,0.0,3.0,unmatched,
ghgrp_parent,Department of Energy,DEPARTMENTOFENERGY,0.0,129500.492,0.0,5.0,unmatched,
ghgrp_parent,Department of the Navy,DEPARTMENTOFNAVY,0.0,29279.438,0.0,4.0,unmatched,
ghgrp_parent,"Department of Sanitation Services, City of Dallas, Texas",DEPARTMENTOFSANITATIONCITYOFDALLASTEXAS,0.0,475340.25,0.0,1.0,unmatched,
ghgrp_parent,US DEPT OF THE ARMY,DEPTOFARMY,0.0,42061.054,0.0,1.0,unmatched,
ghgrp_parent,Deschutes County,DESCHUTESCOUNTY,0.0,89525.0,0.0,1.0,unmatched,
ghgrp_parent,DESCHUTES COUNTY OREGON,DESCHUTESCOUNTYOREGON,0.0,72194.5,0.0,8.0,unmatched,
ghgrp_parent,DE SHAW & CO,DESHAW,0.0,203694.64961059997,0.0,5.0,unmatched,
ghgrp_parent,"D.E. Shaw Synoptic Acquisition, LLC",DESHAWSYNOPTICACQUISITION,0.0,96923.1780972,0.0,5.0,unmatched,
ghgrp_parent,DE SHAW SYNOPTIC ACQUISITION I LLC,DESHAWSYNOPTICACQUISITIONI,0.0,76795.60728839999,0.0,2.0,unmatched,
ghgrp_parent,"DE Shaw Synoptic Axquistion I, LLC",DESHAWSYNOPTICAXQUISTIONI,0.0,151305.676233,0.0,1.0,unmatched,
ghgrp_parent,"DE Shaw Synotic Acquisition 1, LLC",DESHAWSYNOTICACQUISITION1,0.0,97956.48408,0.0,1.0,unmatched,
ghgrp_parent,Des Moines County Regional Solid Waste Commission,DESMOINESCOUNTYREGIONALSOLIDWASTECOMMISSION,0.0,61007.55,0.0,9.0,unmatched,
ghgrp_parent,Destin Pipeline Company LLC,DESTINPIPELINE,0.0,35716.66,0.0,3.0,unmatched,
ghgrp_parent,Detroit Renewable Energy LLC,DETROITRENEWABLEENERGY,0.0,414400.56,0.0,1.0,unmatched,
ghgrp_parent,DETROIT RENEWABLE RESOURCES LLC,DETROITRENEWABLERESOURCES,0.0,576030.7365000001,0.0,13.0,unmatched,
ghgrp_parent,DEVRO INC,DEVRO,0.0,29204.684,0.0,11.0,unmatched,
ghgrp_parent,"DGP TAURUS FIELD SERVICES, LP",DGPTAURUSFIELD,0.0,31041.354,0.0,7.0,unmatched,
ghgrp_parent,DGP TAURUS GP HOLDING LLC,DGPTAURUSGP,0.0,28646.665999999997,0.0,1.0,unmatched,
ghgrp_parent,Diamond Generating Corporation,DIAMONDGENERATING,0.0,2335773.818432379,0.0,6.0,unmatched,
ghgrp_parent,Diamond Generation Corp,DIAMONDGENERATION,0.0,124621.164,0.0,1.0,unmatched,
ghgrp_parent,DICALITE MINERALS CORP,DICALITEMINERALS,0.0,33306.770000000004,0.0,9.0,unmatched,
ghgrp_parent,DIGERONIMO AGGREGATES LLC,DIGERONIMOAGGREGATES,0.0,34367.748,0.0,14.0,unmatched,
ghgrp_parent,DISCOVERY NATURAL RESOURCES LLC,DISCOVERYNATURALRESOURCES,0.0,139819.868,0.0,5.0,unmatched,
ghgrp_parent,DISTRICT ENERGY CORP,DISTRICTENERGY,0.0,2134.692,0.0,14.0,unmatched,
ghgrp_parent,Diversified Oil & Gas,DIVERSIFIEDOILGAS,0.0,857835.2119999999,0.0,1.0,unmatched,
ghgrp_parent,Dixie Chemical Company,DIXIECHEMICAL,0.0,37739.808000000005,0.0,1.0,unmatched,
ghgrp_parent,DJ RESOURCES LLC,DJRESOURCES,0.0,32999.653999999995,0.0,11.0,unmatched,
ghgrp_parent,DJR Operating LLC - San Juan Basin Oil & Gas Production,DJROPERATINGSANJUANBASINOILGASPRODUCTION,0.0,125264.65,0.0,1.0,unmatched,
ghgrp_parent,US DOE,DOE,0.0,34572.162,0.0,1.0,unmatched,
ghgrp_parent,US DOE-ID Operations Office,DOEIDOPERATIONSOFFICE,0.0,21508.78,0.0,13.0,unmatched,
ghgrp_parent,DOERFIER DUMP,DOERFIERDUMP,0.0,22692.675,0.0,1.0,unmatched,
ghgrp_parent,"Doerfler Dump, L.L.C.",DOERFLERDUMPLLC,0.0,17483.503125000003,0.0,2.0,unmatched,
ghgrp_parent,Doe Run Resources Company,DOERUNRESOURCES,0.0,125279.93,0.0,1.0,unmatched,
ghgrp_parent,Dofasco Holdings Inc.,DOFASCO,0.0,64382.407999999996,0.0,4.0,unmatched,
ghgrp_parent,Dofasco Holdings Inc. [dba. ArcelorMittal Tubular Products USA Corporation],DOFASCODBAARCELORMITTALTUBULARPRODUCTS,0.0,62354.912,0.0,1.0,unmatched,
ghgrp_parent,"DOMTAR PAPER CO, LLC",DOMTARPAPER,0.0,4512966.434,0.0,5.0,unmatched,
ghgrp_parent,Doswell Limited Partnership,DOSWELLLIMITEDPARTNERSHIP,0.0,1754230.13,0.0,4.0,unmatched,
ghgrp_parent,Double C Limited,DOUBLECLIMITED,0.0,101377.216,0.0,1.0,unmatched,
ghgrp_parent,Dougherty County Board of Commissioners,DOUGHERTYCOUNTYBOARDOFCOMMISSIONERS,0.0,115238.75,0.0,9.0,unmatched,
ghgrp_parent,DOUGLAS COUNTY,DOUGLASCOUNTY,0.0,46227.0,0.0,2.0,unmatched,
ghgrp_parent,Douglas County Public Works,DOUGLASCOUNTYPUBLICWORKS,0.0,88514.5,0.0,8.0,unmatched,
ghgrp_parent,Doyon Properties Inc.,DOYONPROPERTIES,0.0,235540.3,0.0,4.0,unmatched,
ghgrp_parent,Doyon Utilities,DOYONUTILITIES,0.0,373470.864,0.0,1.0,unmatched,
ghgrp_parent,"DPL Energy, LLC",DPLENERGY,0.0,158906.16,0.0,4.0,unmatched,
ghgrp_parent,DRT AMERICA INC,DRT,0.0,246094.342,0.0,3.0,unmatched,
ghgrp_parent,Drummond Dolomite,DRUMMONDDOLOMITE,0.0,191357.50400000002,0.0,4.0,unmatched,
ghgrp_parent,"DSM Nutritional Products, LLC.",DSMNUTRITIONALPRODUCTS,0.0,27736.368000000002,0.0,4.0,unmatched,
ghgrp_parent,DSM PHARMACEUTICAL PRODUCTS,DSMPHARMACEUTICALPRODUCTS,0.0,32319.12,0.0,1.0,unmatched,
ghgrp_parent,DSM PHARMACEUTICALS INC,DSMPHARMACEUTICALS,0.0,10773.859999999999,0.0,4.0,unmatched,
ghgrp_parent,DSM PHARMACEUTICALS PRODUCT,DSMPHARMACEUTICALSPRODUCT,0.0,37422.727999999996,0.0,4.0,unmatched,
ghgrp_parent,Dubuque Metropolitan Area Solid Waste Agency,DUBUQUEMETROPOLITANAREASOLIDWASTEAGENCY,0.0,72174.0,0.0,9.0,unmatched,
ghgrp_parent,Duferco US Investment Corp.,DUFERCOINVESTMENT,0.0,149407.44,0.0,1.0,unmatched,
ghgrp_parent,DUKE ENERGY MIAMI FORT LLC,DUKEENERGYMIAMIFORT,0.0,4467513.163824,0.0,1.0,unmatched,
ghgrp_parent,DUKE ENERGY ZIMMER LLC,DUKEENERGYZIMMER,0.0,3049826.7907800004,0.0,1.0,unmatched,
ghgrp_parent,DUNN PAPER INC,DUNNPAPER,0.0,102818.362,0.0,14.0,unmatched,
ghgrp_parent,DUONIX BEATRICE LP,DUONIXBEATRICE,0.0,4760.9878432,0.0,8.0,unmatched,
ghgrp_parent,Duonix Beatrice General Partners LLC,DUONIXBEATRICEGENERAL,0.0,673.71048,0.0,2.0,unmatched,
ghgrp_parent,DUPONT TEIJIN FILMS US LIMITED PARTNERSHIP,DUPONTTEIJINFILMSLIMITEDPARTNERSHIP,0.0,38120.256,0.0,4.0,unmatched,
ghgrp_parent,DUQUESNE GENERATION LLC,DUQUESNEGENERATION,0.0,721137.8080408,0.0,5.0,unmatched,
ghgrp_parent,DUQUESNE LIGHT CO,DUQUESNELIGHT,0.0,76019.76,0.0,13.0,unmatched,
ghgrp_parent,Duquesne University,DUQUESNEUNIVERSITY,0.0,584.238,0.0,3.0,unmatched,
ghgrp_parent,DURAND GLASS MANUFACTURING CO INC,DURANDGLASSMANUFACTURING,0.0,95125.112,0.0,8.0,unmatched,
ghgrp_parent,"Dynamic Offshore Resources, LLC",DYNAMICOFFSHORERESOURCES,0.0,287524.202,0.0,3.0,unmatched,
ghgrp_parent,"Dynegy, Stuart, LLC",DYNEGYSTUART,0.0,798054.01806,0.0,6.0,unmatched,
ghgrp_parent,"EagleClaw Mistream Services, LLC",EAGLECLAWMISTREAM,0.0,38996.1344,0.0,1.0,unmatched,
ghgrp_parent,Eagle County,EAGLECOUNTY,0.0,48050.0,0.0,2.0,unmatched,
ghgrp_parent,EAGLE COUNTY GOVERNMENT,EAGLECOUNTYGOVERNMENT,0.0,53327.5,0.0,6.0,unmatched,
ghgrp_parent,Eagle County Solid Waste and Recycling,EAGLECOUNTYSOLIDWASTERECYCLING,0.0,45817.25,0.0,1.0,unmatched,
ghgrp_parent,American Eagle Energy,EAGLEENERGY,0.0,47356.788,0.0,3.0,unmatched,
ghgrp_parent,"EAGLE ROCK ENERGY PARTNERS, LP",EAGLEROCKENERGY,0.0,333827.7475,0.0,8.0,unmatched,
ghgrp_parent,"EAGLE ROCK FIELD SERVICES, LP",EAGLEROCKFIELD,0.0,32734.176,0.0,4.0,unmatched,
ghgrp_parent,"EAGLE ROCK FIELD SERVICES, L.P.",EAGLEROCKFIELDLP,0.0,105389.35200000001,0.0,5.0,unmatched,
ghgrp_parent,"Eagle Rock GOM, L.P.",EAGLEROCKGOMLP,0.0,6753.3533138,0.0,4.0,unmatched,
ghgrp_parent,"Eagle Rock Operating, L.P.",EAGLEROCKOPERATINGLP,0.0,38451.36,0.0,1.0,unmatched,
ghgrp_parent,EARTHSTONE ENERGY INC,EARTHSTONEENERGY,0.0,539621.23,0.0,5.0,unmatched,
ghgrp_parent,EARTHSTONE OPERATING LLC,EARTHSTONEOPERATING,0.0,72018.426,0.0,4.0,unmatched,
ghgrp_parent,East Bay Regional Parks District,EASTBAYREGIONALPARKSDISTRICT,0.0,13965.455775,0.0,1.0,unmatched,
ghgrp_parent,Eastern Connecticut Resource Recovery Authority,EASTERNCONNECTICUTRESOURCERECOVERYAUTHORITY,0.0,176790.144,0.0,1.0,unmatched,
ghgrp_parent,Eastern Generation Holdings LLC,EASTERNGENERATION,0.0,2043670.5060000003,0.0,1.0,unmatched,
ghgrp_parent,EASTERN LARAMIE COUNTY SOLID WASTE DISPOSAL DISTRICT,EASTERNLARAMIECOUNTYSOLIDWASTEDISPOSALDISTRICT,0.0,4228.75,0.0,7.0,unmatched,
ghgrp_parent,"East Jordan Iron Works, Inc.",EASTJORDANIRONWORKS,0.0,55169.924,0.0,1.0,unmatched,
ghgrp_parent,EAST JORDAN IRON WORKS INC (DBA EJ USA INC ),EASTJORDANIRONWORKSDBAEJ,0.0,72630.00799999999,0.0,13.0,unmatched,
ghgrp_parent,EASTMAN KODAK CO,EASTMANKODAK,0.0,1072278.662,0.0,14.0,unmatched,
ghgrp_parent,"East Tennessee Natural Gas, LLC",EASTTENNESSEENATURALGAS,0.0,30459.688,0.0,4.0,unmatched,
ghgrp_parent,"East Texas Electrical Cooperative, Inc.",EASTTEXASELECTRICALCOOPERATIVE,0.0,37744.56,0.0,1.0,unmatched,
ghgrp_parent,EAST WEST COPOLYMER & RUBBER LLC,EASTWESTCOPOLYMERRUBBER,0.0,61513.968,0.0,10.0,unmatched,
ghgrp_parent,Ebensburg Generation LLC,EBENSBURGGENERATION,0.0,420519.56635000004,0.0,1.0,unmatched,
ghgrp_parent,E&B Natural Resources,EBNATURALRESOURCES,0.0,56471.5,0.0,1.0,unmatched,
ghgrp_parent,ECLIPSE RESOURCES CORP,ECLIPSERESOURCES,0.0,143146.168,0.0,7.0,unmatched,
ghgrp_parent,Ecobat,ECOBAT,0.0,60381.39,0.0,1.0,unmatched,
ghgrp_parent,"ECO BAT INDIANA, LLC",ECOBATINDIANA,0.0,71991.632,0.0,5.0,unmatched,
ghgrp_parent,"ECO BAT NEW YORK, LLC",ECOBATNEWYORK,0.0,83213.67599999999,0.0,4.0,unmatched,
ghgrp_parent,ECO-BAT NORTH AMERICA,ECOBATNORTH,0.0,112440.768,0.0,5.0,unmatched,
ghgrp_parent,ECOM ATLANTIC INC,ECOMATLANTIC,0.0,46513.128000000004,0.0,10.0,unmatched,
ghgrp_parent,ECO SERVICES OPERATIONS LLC,ECOOPERATIONS,0.0,84924.28,0.0,5.0,unmatched,
ghgrp_parent,ECP LLC,ECP,0.0,163529.66600000003,0.0,1.0,unmatched,
ghgrp_parent,EDDY COUNTY,EDDYCOUNTY,0.0,17578.375,0.0,3.0,unmatched,
ghgrp_parent,"EDF Trading Resources, LLC",EDFTRADINGRESOURCES,0.0,47886.486,0.0,11.0,unmatched,
ghgrp_parent,Edgeboro Inc. -  the Parent Company of the Reporting Entity (Edgeboro Disposal Inc.),EDGEBOROPARENTOFREPORTINGENTITYEDGEBORODISPOSAL,0.0,44636.25,0.0,5.0,unmatched,
ghgrp_parent,Edgecombe County Solid Waste Department,EDGECOMBECOUNTYSOLIDWASTEDEPARTMENT,0.0,24583.5,0.0,14.0,unmatched,
ghgrp_parent,"Edgecombe Manager, LLC",EDGECOMBEMANAGER,0.0,160696.72,0.0,6.0,unmatched,
ghgrp_parent,Edgewood Energy LLC,EDGEWOODENERGY,0.0,78258.1,0.0,1.0,unmatched,
ghgrp_parent,Edison Mission Energy Company,EDISONMISSIONENERGY,0.0,1950797.691,0.0,4.0,unmatched,
ghgrp_parent,EFFINGHAM COUNTY POWER LLC,EFFINGHAMCOUNTYPOWER,0.0,1120787.696,0.0,11.0,unmatched,
ghgrp_parent,EFH Corp.,EFH,0.0,78222.378396,0.0,7.0,unmatched,
ghgrp_parent,EFS MIDSTREAM LLC,EFSMIDSTREAM,0.0,484482.448,0.0,3.0,unmatched,
ghgrp_parent,EFS-N LLC,EFSN,0.0,10865780.848000001,0.0,8.0,unmatched,private fund vehicle
ghgrp_parent,"Egan Hub Storage, LLC",EGANHUBSTORAGE,0.0,55862.754,0.0,5.0,unmatched,
ghgrp_parent,E I DU PONT DE NEMOURS & CO,EIDUPONTDENEMOURS,0.0,13445923.656989202,0.0,14.0,blocked,"legacy DuPont. Four fifths of the 12.8 MMT this string carries in 2014 sits at plants that went to Chemours in the 2015 spin (Louisville Works 6.0 MMT, Washington Works, Chambers Works, DeLisle, Fayetteville, Johnsonville) and most of the rest is Sabine River Works, which went to Dow. DuPont de Nemours (DD) owns almost none of it, so the string is left unmatched and DD carries only the sites EPA files under DUPONT DE NEMOURS INC"
ghgrp_parent,E.I. DUPONT DE NEMOURS & CO INC HIGHLAND,EIDUPONTDENEMOURSHIGHLAND,0.0,8983.356,0.0,10.0,unmatched,
ghgrp_parent,"EIF Berkshire Holdings, LLC",EIFBERKSHIRE,0.0,476933.53199999995,0.0,8.0,unmatched,
ghgrp_parent,"EIF BNY, LLC",EIFBNY,0.0,1088797.8399999999,0.0,5.0,unmatched,
ghgrp_parent,"EIF BNY II, LLC",EIFBNYII,0.0,579218.181136,0.0,3.0,unmatched,
ghgrp_parent,EIF CHANNELVIEW LLC,EIFCHANNELVIEW,0.0,3244642.228,0.0,8.0,unmatched,
ghgrp_parent,"EIF Mojave Holdings, LLC",EIFMOJAVE,0.0,198166.704,0.0,1.0,unmatched,
ghgrp_parent,"EIF MORGANTOWN HOLDINGS, LLC",EIFMORGANTOWN,0.0,315653.501,0.0,7.0,unmatched,
ghgrp_parent,EIF NEC LLC,EIFNEC,0.0,1797311.34,0.0,7.0,unmatched,
ghgrp_parent,EIF NORTHAMPTON LP LLC,EIFNORTHAMPTON,0.0,470325.016,0.0,5.0,unmatched,
ghgrp_parent,EIF NORTHAMPTON GP LLC,EIFNORTHAMPTONGP,0.0,470325.016,0.0,5.0,unmatched,
ghgrp_parent,EIF OREGON LLC,EIFOREGON,0.0,1027353.818,0.0,4.0,unmatched,
ghgrp_parent,EIF US Power Fund IV LP,EIFPOWERFUNDIV,0.0,268764.883416,0.0,1.0,unmatched,
ghgrp_parent,EKA CHEMICALS INC,EKA,0.0,39608.0,0.0,5.0,unmatched,
ghgrp_parent,"EL CAJON ENERGY, LLC",ELCAJONENERGY,0.0,23077.564,0.0,5.0,unmatched,
ghgrp_parent,"Eleanor Whitcomb, Robert Keady, & Linda K. Boyd Trustees",ELEANORWHITCOMBROBERTKEADYLINDAKBOYDTRUSTEES,0.0,2437.5500542269997,0.0,10.0,unmatched,
ghgrp_parent,Elementis PLC,ELEMENTIS,0.0,197300.018,0.0,1.0,unmatched,
ghgrp_parent,ELEMENTIS GLOBAL LLC,ELEMENTISGLOBAL,0.0,152469.03600000002,0.0,4.0,unmatched,
ghgrp_parent,ELEMENTIS WORLDWIDE,ELEMENTISWORLDWIDE,0.0,164366.55000000002,0.0,8.0,unmatched,
ghgrp_parent,Element Resources LLC,ELEMENTRESOURCES,0.0,23146.132,0.0,1.0,unmatched,
ghgrp_parent,Elevate Midstream Partners,ELEVATEMIDSTREAM,0.0,40872.72,0.0,1.0,unmatched,
ghgrp_parent,ELGIN ENERGY CENTER LLC,ELGINENERGYCENTER,0.0,310837.948,0.0,7.0,unmatched,
ghgrp_parent,ELI LILLY & CO MASTER TRUST FOR EMPLOYEE BENEFITS,ELILILLYMASTERTRUSTFOREMPLOYEEBENEFITS,0.0,24082.843999999997,0.0,1.0,unmatched,
ghgrp_parent,Elkhart County Landfill,ELKHARTCOUNTYLANDFILL,0.0,25424.25,0.0,9.0,unmatched,
ghgrp_parent,Elk Petroleum Madden Gas & CO2 LLC,ELKPETROLEUMMADDENGASCO2,0.0,100024.4107957757,0.0,1.0,unmatched,
ghgrp_parent,Elliott Construction Company,ELLIOTTCONSTRUCTION,0.0,30629.75,0.0,2.0,unmatched,
ghgrp_parent,"Elm Ridge Exploration Company, LLC",ELMRIDGEEXPLORATION,0.0,113064.284,0.0,3.0,unmatched,
ghgrp_parent,ELMWOOD PARK POWER LLC,ELMWOODPARKPOWER,0.0,77789.31199999999,0.0,5.0,unmatched,
ghgrp_parent,"El Paso E&P Company, LP",ELPASOEP,0.0,730985.042,0.0,1.0,unmatched,
ghgrp_parent,"El Paso Midstream Investment Company, LLC",ELPASOMIDSTREAMINVESTMENT,0.0,25137.850000000002,0.0,2.0,unmatched,
ghgrp_parent,"El Paso Pipeline Partners, LP.",ELPASOPIPELINE,0.0,79210.386,0.0,3.0,unmatched,
ghgrp_parent,"El Paso Pipeline Partners, L.P.",ELPASOPIPELINELP,0.0,1403195.014,0.0,12.0,unmatched,
ghgrp_parent,"El Paso Pipelines Partners, L.P.",ELPASOPIPELINESLP,0.0,29700.800000000003,0.0,3.0,unmatched,
ghgrp_parent,EL PASO RUBY HOLDING CO LLC,ELPASORUBY,0.0,10431.938,0.0,4.0,unmatched,
ghgrp_parent,"El Paso Ruby Holding Company, L.L.C.",ELPASORUBYLLC,0.0,16652.566,0.0,2.0,unmatched,
ghgrp_parent,"E. Marcellus Asset Company, LLC",EMARCELLUSASSET,0.0,165848.124,0.0,2.0,unmatched,
ghgrp_parent,EMERA US HOLDINGS INC,EMERA,0.0,2066325.992,0.0,6.0,unmatched,
ghgrp_parent,EMERALD PERFORMANCE MATERIALS LLC,EMERALDPERFORMANCEMATERIALS,0.0,127061.584,0.0,12.0,unmatched,
ghgrp_parent,Emera U.S. Holdings Inc.,EMERAUS,0.0,1181684.872,0.0,2.0,unmatched,
ghgrp_parent,"Empeco IV, LLC and USPF II Ferndale Holdings, LLC",EMPECOIVUSPFIIFERNDALE,0.0,218011.89874533121,0.0,2.0,unmatched,
ghgrp_parent,THE EMPIRE DISTRICT ELECTRIC CO,EMPIREDISTRICTELECTRIC,0.0,3801372.963888,0.0,10.0,unmatched,
ghgrp_parent,ENABLE MIDSTREAM PARTNERS LP,ENABLEMIDSTREAM,0.0,4703819.531418,0.0,11.0,unmatched,
ghgrp_parent,Enbridge Energy Partners LP,ENBRIDGEENERGY,0.0,640570.914,0.0,10.0,unmatched,
ghgrp_parent,"Enbridge Energy Partners, L.P.",ENBRIDGEENERGYLP,0.0,1147987.6620000002,0.0,5.0,unmatched,
ghgrp_parent,ENBRIDGE ENERGY MANAGEMENT,ENBRIDGEENERGYMANAGEMENT,0.0,2008161.4679999999,0.0,9.0,unmatched,
ghgrp_parent,"Enbridge Energy Patners, L.P.",ENBRIDGEENERGYPATNERSLP,0.0,45909.238,0.0,1.0,unmatched,
ghgrp_parent,"Enbridg Energy Partners, L.P.",ENBRIDGENERGYLP,0.0,32744.948,0.0,3.0,unmatched,
ghgrp_parent,Enbridge (U.S.) Inc.,ENBRIDGEUS,0.0,288484.638,0.0,1.0,unmatched,
ghgrp_parent,ENCANA OIL & GAS (USA) INC,ENCANAOILGAS,0.0,1601343.94,0.0,14.0,unmatched,
ghgrp_parent,Endicott Clay Products Co,ENDICOTTCLAYPRODUCTS,0.0,26982.648,0.0,3.0,unmatched,
ghgrp_parent,ENERGEN CORP,ENERGEN,0.0,784024.83,0.0,14.0,unmatched,
ghgrp_parent,Energetix LLC,ENERGETIX,0.0,73060.02399999999,0.0,2.0,unmatched,
ghgrp_parent,Energy Capital Partners,ENERGYCAPITAL,0.0,1440599.514,0.0,3.0,unmatched,
ghgrp_parent,"Energy Capital Partners III, LLC",ENERGYCAPITALIII,0.0,20936.672,0.0,8.0,unmatched,
ghgrp_parent,ENERGY CAPITOL PARTNERS LLC,ENERGYCAPITOL,0.0,8740220.038,0.0,10.0,unmatched,
ghgrp_parent,"Energy Capitol Partners III, LLC.",ENERGYCAPITOLIII,0.0,635019.068,0.0,1.0,unmatched,
ghgrp_parent,ENERGY HARBOR CORP,ENERGYHARBOR,0.0,13754182.828000002,0.0,2.0,blocked,"Vistra bought Energy Harbor's nuclear and retail business in March 2024 and explicitly did not buy the coal fleet. The only two facilities EPA files under this name are W H Sammis and Pleasants Power Station, both already sold to third parties before the deal, so sending this string to VST added 13.75 MMT to Vistra's 2022 history that Vistra never owned"
ghgrp_parent,ENERGY MANAGEMENT INC,ENERGYMANAGEMENT,0.0,874979.736,0.0,3.0,unmatched,
ghgrp_parent,Energy Corporation of America,ENERGYOF,0.0,95278.398,0.0,8.0,unmatched,
ghgrp_parent,"ENERGY PARTNERS OF DELAWARE, LTD",ENERGYOFDELAWARE,0.0,95923.224,0.0,2.0,unmatched,
ghgrp_parent,"Energy Operations Group, LLC",ENERGYOPERATIONS,0.0,189899.38400000002,0.0,13.0,unmatched,
ghgrp_parent,"Energy Power Investment CO, LLC",ENERGYPOWERINVESTMENT,0.0,122520.35600000001,0.0,9.0,unmatched,
ghgrp_parent,ENERGYQUEST II LLC,ENERGYQUESTII,0.0,44716.84,0.0,13.0,unmatched,
ghgrp_parent,"Energy Resource Technology, Inc.",ENERGYRESOURCETECHNOLOGY,0.0,91876.52,0.0,4.0,unmatched,
ghgrp_parent,ENERGY SYSTEMS CO,ENERGYSYSTEMS,0.0,57741.432,0.0,3.0,unmatched,
ghgrp_parent,"EnergyTransfer Partners, L.P.",ENERGYTRANSFERLP,0.0,27103.948,0.0,1.0,unmatched,
ghgrp_parent,ENERGY XXI,ENERGYXXI,0.0,55057.408,0.0,1.0,unmatched,
ghgrp_parent,ENERGY XXI GOM LLC,ENERGYXXIGOM,0.0,456887.114,0.0,14.0,unmatched,
ghgrp_parent,"Enerprise Field Services, LLC",ENERPRISEFIELD,0.0,443347.322,0.0,1.0,unmatched,
ghgrp_parent,"Enerven Compression, LLC",ENERVENCOMPRESSION,0.0,95530.548,0.0,1.0,unmatched,
ghgrp_parent,"Enervest Management Partners, Ltd.",ENERVESTMANAGEMENT,0.0,3578697.226,0.0,2.0,unmatched,
ghgrp_parent,"Enervest Operating, L.L.C.",ENERVESTOPERATINGLLC,0.0,973000.908,0.0,4.0,unmatched,
ghgrp_parent,ENGIE HOLDINGS INC,ENGIE,0.0,257601.11400000003,0.0,2.0,unmatched,
ghgrp_parent,ENGIE NORTH AMERICA,ENGIENORTH,0.0,711346.48,0.0,3.0,unmatched,
ghgrp_parent,ENI US OPERATING CO INC,ENIOPERATING,0.0,238159.75400000002,0.0,13.0,unmatched,
ghgrp_parent,Eni US Operting Company Incorporated,ENIOPERTING,0.0,82890.322,0.0,4.0,unmatched,
ghgrp_parent,"EnLink North Texas Gathering, LP",ENLINKNORTHTEXASGATHERING,0.0,313449.736,0.0,9.0,unmatched,
ghgrp_parent,"EnLink North Texas Pipeline, LP",ENLINKNORTHTEXASPIPELINE,0.0,52377.382,0.0,1.0,unmatched,
ghgrp_parent,"EnLink Permian, LLC",ENLINKPERMIAN,0.0,87270.576,0.0,1.0,unmatched,
ghgrp_parent,"EnLink Texas Processing, LP",ENLINKTEXASPROCESSING,0.0,104503.26999999999,0.0,1.0,unmatched,
ghgrp_parent,ENOGEX HOLDINGS LLC,ENOGEX,0.0,223397.4138771121,0.0,3.0,unmatched,
ghgrp_parent,ENPOWER CORP,ENPOWER,0.0,168625.235,0.0,14.0,unmatched,
ghgrp_parent,Enpowercorp,ENPOWERCORP,0.0,173708.196,0.0,4.0,unmatched,
ghgrp_parent,US ENRICHMENT CORP,ENRICHMENT,0.0,83364.44,0.0,4.0,unmatched,
ghgrp_parent,ENRIDGE INC,ENRIDGE,0.0,27761.496,0.0,4.0,unmatched,
ghgrp_parent,ENSIGN NATURAL RESOURCES LLC,ENSIGNNATURALRESOURCES,0.0,261277.026,0.0,5.0,unmatched,
ghgrp_parent,Entegra Power Group,ENTEGRAPOWER,0.0,4958206.716,0.0,13.0,unmatched,
ghgrp_parent,ENTERPRISE LLC,ENTERPRISE,0.0,53191.931904000005,0.0,4.0,unmatched,
ghgrp_parent,"Enterprise Field Services, LLC",ENTERPRISEFIELD,0.0,976563.3119999998,0.0,5.0,unmatched,
ghgrp_parent,"Enterprise Gas Processing, LLC",ENTERPRISEGASPROCESSING,0.0,1898974.5466963998,0.0,14.0,unmatched,
ghgrp_parent,"Enterprise Hydrocarbons, LP",ENTERPRISEHYDROCARBONS,0.0,423142.3823594471,0.0,5.0,unmatched,
ghgrp_parent,"Enterprise Hydrocarbons, L.P.",ENTERPRISEHYDROCARBONSLP,0.0,628208.022,0.0,5.0,unmatched,
ghgrp_parent,"Enterprise Products Operating, LLC",ENTERPRISEPRODUCTSOPERATING,0.0,2328034.8825000003,0.0,5.0,unmatched,
ghgrp_parent,"Enterprise Products Operating, L.P.",ENTERPRISEPRODUCTSOPERATINGLP,0.0,35317.016,0.0,1.0,unmatched,
ghgrp_parent,"Enterprise South Texas Gathering, LP",ENTERPRISESOUTHTEXASGATHERING,0.0,23410.812,0.0,4.0,unmatched,
ghgrp_parent,"Enterprise South Texas Gathering, L.P.",ENTERPRISESOUTHTEXASGATHERINGLP,0.0,25068.757999999998,0.0,1.0,unmatched,
ghgrp_parent,ENVEN ENERGY CORP,ENVENENERGY,0.0,203589.52280099998,0.0,7.0,unmatched,
ghgrp_parent,ENVEN ENERGY VENTURES LLC,ENVENENERGYVENTURES,0.0,54571.746999999996,0.0,3.0,unmatched,
ghgrp_parent,"ENVIRONMENTAL LOGISTICS SERVICES, LLC",ENVIRONMENTALLOGISTICS,0.0,414912.25,0.0,5.0,unmatched,
ghgrp_parent,ENVIRO SOLUTIONS INC,ENVIROSOLUTIONS,0.0,329245.5,0.0,8.0,unmatched,
ghgrp_parent,EOG Y Resources Inc,EOGYRESOURCES,0.0,263289.67,0.0,8.0,unmatched,
ghgrp_parent,"EOR Energy Services, LLC",EORENERGY,0.0,13261.283880000003,0.0,5.0,unmatched,
ghgrp_parent,EPD HOLDINGS INC,EPD,0.0,14734.643999999998,0.0,5.0,unmatched,
ghgrp_parent,EP ENERGY E&P CO LP,EPENERGYEP,0.0,2566576.9280000003,0.0,12.0,unmatched,
ghgrp_parent,"EPL OIL & GAS, INC.",EPLOILGAS,0.0,248288.56,0.0,3.0,unmatched,
ghgrp_parent,EP MANAGEMENT CORP,EPMANAGEMENT,0.0,69002.69200000001,0.0,10.0,unmatched,
ghgrp_parent,"Epsilon Power Partners, LLC (Atlantic Power Generation",EPSILONPOWERATLANTICPOWERGENERATION,0.0,574493.8308,0.0,7.0,unmatched,
ghgrp_parent,EQ - THE ENVIRONMENTAL QUALITY CO,EQENVIRONMENTALQUALITY,0.0,24800.394,0.0,14.0,unmatched,
ghgrp_parent,Equal Energy,EQUALENERGY,0.0,55136.872,0.0,13.0,unmatched,
ghgrp_parent,Equilon Enterprises LLC dba Shell Oil Products US,EQUILONDBASHELLOILPRODUCTS,0.0,2370044.356,0.0,6.0,unmatched,
ghgrp_parent,EQUINOR GULF OF MEXICO LLC,EQUINORGULFOFMEXICO,0.0,92446.580626,0.0,1.0,unmatched,
ghgrp_parent,EQUIPOWER RESOURCES CORP,EQUIPOWERRESOURCES,0.0,10060245.182,0.0,5.0,unmatched,
ghgrp_parent,Equity Charter Municipalities,EQUITYCHARTERMUNICIPALITIES,0.0,65021.947140000004,0.0,7.0,unmatched,
ghgrp_parent,"Equus Power 1, LP",EQUUSPOWER1,0.0,38166.408,0.0,1.0,unmatched,
ghgrp_parent,ERAMET MARIETTA INC,ERAMETMARIETTA,0.0,191157.22400000002,0.0,9.0,unmatched,
ghgrp_parent,ERG RESOURCES LLC,ERGRESOURCES,0.0,64743.048,0.0,6.0,unmatched,
ghgrp_parent,ERIE COKE CORP,ERIECOKE,0.0,59725.156,0.0,13.0,unmatched,
ghgrp_parent,Erie County Board of Commissioners,ERIECOUNTYBOARDOFCOMMISSIONERS,0.0,138151.25,0.0,9.0,unmatched,
ghgrp_parent,ERP COMPLIANT FUELS LLC,ERPCOMPLIANTFUELS,0.0,1262607.964,0.0,9.0,unmatched,
ghgrp_parent,Ervin Industires Inc,ERVININDUSTIRES,0.0,18521.451999999997,0.0,13.0,unmatched,
ghgrp_parent,Escambia Asset Co. LLC,ESCAMBIAASSET,0.0,357847.4763388,0.0,9.0,unmatched,
ghgrp_parent,Escambia County Board of County Commissioners,ESCAMBIACOUNTYBOARDOFCOUNTYCOMMISSIONERS,0.0,243746.55,0.0,9.0,unmatched,
ghgrp_parent,ESCAMBIA COUNTY ENVIRONMENTAL CORP,ESCAMBIACOUNTYENVIRONMENTAL,0.0,108640.0,0.0,11.0,unmatched,
ghgrp_parent,"ESCAMBIA OPERATING COMPANY, LLC",ESCAMBIAOPERATING,0.0,50818.8677472,0.0,13.0,unmatched,
ghgrp_parent,"ESCONDIDO ENERGY CENTER, LLC",ESCONDIDOENERGYCENTER,0.0,10429.812,0.0,5.0,unmatched,
ghgrp_parent,Escondido Resources,ESCONDIDORESOURCES,0.0,84084.15,0.0,1.0,unmatched,
ghgrp_parent,Essity Professional Hygiene North America LLC,ESSITYPROFESSIONALHYGIENENORTH,0.0,225997.972,0.0,1.0,unmatched,
ghgrp_parent,ESSROC CEMENT CO,ESSROCCEMENT,0.0,2961965.9280000003,0.0,8.0,unmatched,
ghgrp_parent,Essroc Italcementi Group,ESSROCITALCEMENTI,0.0,1551785.4020000002,0.0,5.0,unmatched,
ghgrp_parent,ETHANOL2000 LLP dba Poet Biorefining Binghal Lake,ETHANOL2000DBAPOETBIOREFININGBINGHALLAKE,0.0,28208.99216,0.0,4.0,unmatched,
ghgrp_parent,"EUROFRESH, INC",EUROFRESH,0.0,82075.174,0.0,3.0,unmatched,
ghgrp_parent,EVERGREEN ENTERPRISE HOLDINGS LLC,EVERGREENENTERPRISE,0.0,384193.74000000005,0.0,4.0,unmatched,
ghgrp_parent,"Evergreen Enterprise Holdings LLC, a Georgia LLC",EVERGREENENTERPRISEAGEORGIA,0.0,496178.712,0.0,8.0,unmatched,
ghgrp_parent,Everyware Global,EVERYWAREGLOBAL,0.0,183977.836,0.0,3.0,unmatched,
ghgrp_parent,Evonik Degussa Corporation,EVONIKDEGUSSA,0.0,268952.446,0.0,4.0,unmatched,
ghgrp_parent,Evonik Goldschmidt Corporation,EVONIKGOLDSCHMIDT,0.0,157149.198,0.0,4.0,unmatched,
ghgrp_parent,"EVONIK STOCKHAUSEN, LLC",EVONIKSTOCKHAUSEN,0.0,26836.698,0.0,2.0,unmatched,
ghgrp_parent,Evraz Inc. NA,EVRAZNA,0.0,390273.708,0.0,14.0,unmatched,
ghgrp_parent,EWP AMERICA INC,EWP,0.0,39018.604,0.0,11.0,unmatched,
ghgrp_parent,EXCALIBUR POWER LLC,EXCALIBURPOWER,0.0,1270074.9567999998,0.0,7.0,unmatched,
ghgrp_parent,Excide Technologies,EXCIDETECHNOLOGIES,0.0,26612.754,0.0,1.0,unmatched,
ghgrp_parent,"EXCO/HGI JV Assets, LLC",EXCOHGIJVASSETS,0.0,263984.132,0.0,1.0,unmatched,
ghgrp_parent,EXIDE TECHNOLOGIES,EXIDETECHNOLOGIES,0.0,195765.668,0.0,14.0,unmatched,
ghgrp_parent,EXPERA SPECIALTY SOLUTIONS LLC,EXPERASPECIALTYSOLUTIONS,0.0,1823768.986,0.0,11.0,unmatched,
ghgrp_parent,"EXTERRAN HOLDINGS, INC",EXTERRAN,0.0,134565.956,0.0,14.0,unmatched,
ghgrp_parent,"Exterran Holdins, Inc.",EXTERRANHOLDINS,0.0,25909.254,0.0,1.0,unmatched,
ghgrp_parent,EXTRACTION OIL & GAS INC,EXTRACTIONOILGAS,0.0,625836.512,0.0,5.0,unmatched,
ghgrp_parent,Exxon Mobile Production Company,EXXONMOBILEPRODUCTION,0.0,22008.893176200003,0.0,2.0,unmatched,
ghgrp_parent,EXXONMOBIL PRODUCTION COMPANY - Joint Interest US,EXXONMOBILPRODUCTIONJOINTINTEREST,0.0,21392.8423604,0.0,4.0,unmatched,
ghgrp_parent,FAIRBANKS NORTH STAR BOROUGH,FAIRBANKSNORTHSTARBOROUGH,0.0,287329.506,0.0,9.0,unmatched,
ghgrp_parent,Fairfax Country Government,FAIRFAXCOUNTRYGOVERNMENT,0.0,26836.5,0.0,4.0,unmatched,
ghgrp_parent,FAIRMOUNT MINERALS LTD.,FAIRMOUNTMINERALS,0.0,58762.979999999996,0.0,4.0,unmatched,
ghgrp_parent,FAIRMOUNT SANTROL INC,FAIRMOUNTSANTROL,0.0,134083.78600000002,0.0,5.0,unmatched,
ghgrp_parent,FAIRWAY RESOURCES LLC,FAIRWAYRESOURCES,0.0,267542.766,0.0,7.0,unmatched,
ghgrp_parent,"Famcor Oil, Inc.",FAMCOROIL,0.0,298741.37600000005,0.0,13.0,unmatched,
ghgrp_parent,FARMLAND FOODS INC,FARMLANDFOODS,0.0,87148.522,0.0,4.0,unmatched,
ghgrp_parent,Fauquier County,FAUQUIERCOUNTY,0.0,66747.5,0.0,1.0,unmatched,
ghgrp_parent,"Fauquier County, Virginia",FAUQUIERCOUNTYVIRGINIA,0.0,65323.0,0.0,13.0,unmatched,
ghgrp_parent,Fayette County SLF & Recycling,FAYETTECOUNTYSLFRECYCLING,0.0,9610.0,0.0,13.0,unmatched,
ghgrp_parent,Fayette County Transfer Station,FAYETTECOUNTYTRANSFERSTATION,0.0,9982.25,0.0,1.0,unmatched,
ghgrp_parent,FCA US LLC,FCA,0.0,594589.5599999999,0.0,6.0,unmatched,
ghgrp_parent,"Felix Energy, LLC",FELIXENERGY,0.0,28214.3,0.0,10.0,unmatched,
ghgrp_parent,FELIX ENERGY HOLDINGS II LLC,FELIXENERGYII,0.0,333604.568,0.0,6.0,unmatched,
ghgrp_parent,FIBERWEB INC,FIBERWEB,0.0,94636.044,0.0,8.0,unmatched,
ghgrp_parent,Fibrek U.S. Inc.,FIBREKUS,0.0,54334.3,0.0,2.0,unmatched,
ghgrp_parent,FIELDWOOD HOLDINGS LLC,FIELDWOOD,0.0,758566.0942362695,0.0,5.0,unmatched,
ghgrp_parent,FIELDWOOD ENERGY LLC,FIELDWOODENERGY,0.0,980784.7223003936,0.0,11.0,unmatched,
ghgrp_parent,"FIML Natural Resources, LLC",FIMLNATURALRESOURCES,0.0,126641.23,0.0,3.0,unmatched,
ghgrp_parent,Finkl-Steel,FINKLSTEEL,0.0,37284.376000000004,0.0,1.0,unmatched,
ghgrp_parent,Firebird Energy LLC,FIREBIRDENERGY,0.0,47164.63,0.0,3.0,unmatched,
ghgrp_parent,"Firestone Polymers, LLC",FIRESTONEPOLYMERS,0.0,160550.294,0.0,8.0,unmatched,
ghgrp_parent,FIRST QUALITY ENTERPRISES INC,FIRSTQUALITY,0.0,436381.97400000005,0.0,4.0,unmatched,
ghgrp_parent,"First Reserve Fund XI, L.P.",FIRSTRESERVEFUNDXILP,0.0,2815535.3363574,0.0,4.0,unmatched,
ghgrp_parent,FIVE PART DEVELOPMENT LLC,FIVEPARTDEVELOPMENT,0.0,53030.0,0.0,6.0,unmatched,
ghgrp_parent,FLAKEBOARD AMERICA LTD,FLAKEBOARD,0.0,230783.53600000002,0.0,10.0,unmatched,
ghgrp_parent,Flakeboard  America Limited,FLAKEBOARDLIMITED,0.0,78727.052,0.0,1.0,unmatched,
ghgrp_parent,FLAMBEAU RIVER PAPERS LLC,FLAMBEAURIVERPAPERS,0.0,225051.81199999998,0.0,9.0,unmatched,
ghgrp_parent,FLATHEAD COUNTY SOLID WASTE,FLATHEADCOUNTYSOLIDWASTE,0.0,25313.302,0.0,14.0,unmatched,
ghgrp_parent,Florida Crystals Corporation,FLORIDACRYSTALS,0.0,1393446.17,0.0,9.0,unmatched,
ghgrp_parent,FLORIDA GAS TRANSMISSION COMPANY,FLORIDAGASTRANSMISSION,0.0,766513.37,0.0,14.0,unmatched,
ghgrp_parent,"Florida Power Development (FPD), LLC",FLORIDAPOWERDEVELOPMENTFPD,0.0,172068.058,0.0,12.0,unmatched,
ghgrp_parent,FLORIDA STATE UNIVERSITY,FLORIDASTATEUNIVERSITY,0.0,30712.681999999997,0.0,9.0,unmatched,
ghgrp_parent,Floyd County Board of Commissioners,FLOYDCOUNTYBOARDOFCOMMISSIONERS,0.0,83514.25,0.0,9.0,unmatched,
ghgrp_parent,FL Rich Gas Services LP,FLRICHGAS,0.0,86625.01199999999,0.0,1.0,unmatched,
ghgrp_parent,FMC Corporation,FMC,0.0,2544528.346,0.0,7.0,unmatched,
ghgrp_parent,FMC Corporate,FMCCORPORATE,0.0,51200.2,0.0,1.0,unmatched,
ghgrp_parent,FOOTPRINT POWER SALEM HARBOR DEVELOPMENT LP,FOOTPRINTPOWERSALEMHARBORDEVELOPMENT,0.0,453589.56,0.0,5.0,unmatched,
ghgrp_parent,Footprint Power Salem Harbor Operations LLC,FOOTPRINTPOWERSALEMHARBOROPERATIONS,0.0,376651.30799999996,0.0,12.0,unmatched,
ghgrp_parent,Ford County,FORDCOUNTY,0.0,20839.25,0.0,13.0,unmatched,
ghgrp_parent,Ford County Government,FORDCOUNTYGOVERNMENT,0.0,15949.75,0.0,1.0,unmatched,
ghgrp_parent,Forest Oil Corporation,FORESTOIL,0.0,711871.516,0.0,13.0,unmatched,
ghgrp_parent,Forest Preserve District of Dupage county,FORESTPRESERVEDISTRICTOFDUPAGECOUNTY,0.0,166598.05272500002,0.0,5.0,unmatched,
ghgrp_parent,FOREST VIEW LANDFILL LLC,FORESTVIEWLANDFILL,0.0,7312.5,0.0,10.0,unmatched,
ghgrp_parent,FORGE ENERGY II,FORGEENERGYII,0.0,126615.94,0.0,3.0,unmatched,
ghgrp_parent,"Formosa Hydrocarbons Company, Inc.",FORMOSAHYDROCARBONS,0.0,111374.872,0.0,5.0,unmatched,
ghgrp_parent,FORTERRA INC,FORTERRA,0.0,276485.96400000004,0.0,8.0,unmatched,
ghgrp_parent,FORTIGEN LLC,FORTIGEN,0.0,62500.716,0.0,3.0,unmatched,
ghgrp_parent,Fortistar Biomass Group,FORTISTARBIOMASS,0.0,220627.796,0.0,4.0,unmatched,
ghgrp_parent,Fortistar Channelview LLC,FORTISTARCHANNELVIEW,0.0,307008.23720000003,0.0,3.0,unmatched,
ghgrp_parent,Fortistar Methane Group,FORTISTARMETHANE,0.0,56662.393431,0.0,1.0,unmatched,
ghgrp_parent,"Fortistar North Tonawanda, Inc.",FORTISTARNORTHTONAWANDA,0.0,20224.322,0.0,1.0,unmatched,
ghgrp_parent,FORTRESS INVESTMENT GROUP,FORTRESSINVESTMENT,0.0,39801.2435584,0.0,14.0,unmatched,
ghgrp_parent,Fortress Transportation & Infrastructure Investors LLC,FORTRESSTRANSPORTATIONINFRASTRUCTUREINVESTORS,0.0,152640.10286400001,0.0,1.0,unmatched,
ghgrp_parent,Fortune Brands Corp.,FORTUNEBRANDS,0.0,64055.00199999999,0.0,1.0,unmatched,
ghgrp_parent,FOSTER POULTRY FARMS,FOSTERPOULTRYFARMS,0.0,112518.578,0.0,9.0,unmatched,
ghgrp_parent,FOSTER WHEELER POWER SYSTEMS,FOSTERWHEELERPOWERSYSTEMS,0.0,215255.51640000002,0.0,11.0,unmatched,
ghgrp_parent,Fostoria Ethanol LLC,FOSTORIAETHANOL,0.0,102902.012,0.0,4.0,unmatched,
ghgrp_parent,FOUNDATION ENERGY CO,FOUNDATIONENERGY,0.0,358760.282,0.0,9.0,unmatched,
ghgrp_parent,"Four Corners Aquisition, LLC",FOURCORNERSAQUISITION,0.0,438998.96138000005,0.0,1.0,unmatched,
ghgrp_parent,FOUR CORNERS AQUISITIONS LLC,FOURCORNERSAQUISITIONS,0.0,425354.66351200006,0.0,2.0,unmatched,
ghgrp_parent,FOUR WINDS MIDSTREAM LLC,FOURWINDSMIDSTREAM,0.0,109511.6,0.0,8.0,unmatched,
ghgrp_parent,FOX RIVER VALLEY ETHANOL LLC,FOXRIVERVALLEYETHANOL,0.0,86934.572,0.0,6.0,unmatched,
ghgrp_parent,FPLE FORNEY LLC,FPLEFORNEY,0.0,3707516.46,0.0,5.0,unmatched,
ghgrp_parent,FPLE LAMAR POWER (PARIS),FPLELAMARPOWERPARIS,0.0,2052790.292,0.0,5.0,unmatched,
ghgrp_parent,FPL Energy Lamar Power,FPLENERGYLAMARPOWER,0.0,2703777.08,0.0,1.0,unmatched,
ghgrp_parent,"FPL Energy Operation Services, Inc",FPLENERGYOPERATION,0.0,232614.088,0.0,2.0,unmatched,
ghgrp_parent,Franklin County,FRANKLINCOUNTY,0.0,56284.0,0.0,9.0,unmatched,
ghgrp_parent,Franklin County Solid Waste Department,FRANKLINCOUNTYSOLIDWASTEDEPARTMENT,0.0,12217.5,0.0,14.0,unmatched,
ghgrp_parent,FRED WEBER INC,FREDWEBER,0.0,251527.26,0.0,14.0,unmatched,
ghgrp_parent,FREEPORT LNG DEVELOPMENT LP,FREEPORTLNGDEVELOPMENT,0.0,456600.19800000003,0.0,8.0,unmatched,
ghgrp_parent,"Freeport-McMoran Copper & Gold Energy Services, LLC",FREEPORTMCMORANCOPPERGOLDENERGY,0.0,261686.38100399997,0.0,1.0,unmatched,
ghgrp_parent,Freescale Semiconductor,FREESCALESEMICONDUCTOR,0.0,376107.327913,0.0,4.0,unmatched,
ghgrp_parent,FRESENIUS MEDICAL CARE NORTH AMERICA,FRESENIUSMEDICALCARENORTH,0.0,68328.992,0.0,8.0,unmatched,
ghgrp_parent,Fresno Cogen Inc,FRESNOCOGEN,0.0,3158.151,0.0,10.0,unmatched,
ghgrp_parent,"Fresno Cogeneration Partners, LP",FRESNOCOGENERATION,0.0,21571.472,0.0,3.0,unmatched,
ghgrp_parent,Fresno Power Investors LP,FRESNOPOWERINVESTORS,0.0,9474.453,0.0,10.0,unmatched,
ghgrp_parent,FRIENDSWOOD ENERGY GENCO LLC,FRIENDSWOODENERGYGENCO,0.0,48249.272,0.0,3.0,unmatched,
ghgrp_parent,"FR Onshore AIV, L.P.",FRONSHOREAIVLP,0.0,932478.7581105999,0.0,4.0,unmatched,
ghgrp_parent,FRONTERA GENERATION LP,FRONTERAGENERATION,0.0,1427414.16,0.0,8.0,unmatched,
ghgrp_parent,Frontier Ethanol dba POET Biorefining- Gowrie,FRONTIERETHANOLDBAPOETBIOREFININGGOWRIE,0.0,104499.456,0.0,5.0,unmatched,
ghgrp_parent,Frontier Refining & Marketing,FRONTIERREFININGMARKETING,0.0,2082636.6600000001,0.0,1.0,unmatched,
ghgrp_parent,FTL Capital Partners LLC,FTLCAPITAL,0.0,89785.242,0.0,7.0,unmatched,
ghgrp_parent,FUEL,FUEL,0.0,146620.94,0.0,1.0,unmatched,
ghgrp_parent,Fuels Acquisition Company,FUELSACQUISITION,0.0,3584.8827280000005,0.0,13.0,unmatched,
ghgrp_parent,FUJIFILM HOLDINGS AMERICA CORP,FUJIFILM,0.0,36676.262,0.0,14.0,unmatched,
ghgrp_parent,"American Fuji Seal, Inc.",FUJISEAL,0.0,5448.432,0.0,13.0,unmatched,
ghgrp_parent,Fulton County Georgia,FULTONCOUNTYGEORGIA,0.0,27233.5,0.0,9.0,unmatched,
ghgrp_parent,"Fusion Paperboard - Connecticut, LLC",FUSIONPAPERBOARDCONNECTICUT,0.0,97865.73199999999,0.0,14.0,unmatched,
ghgrp_parent,FUYAO GLASS ILLINOIS INC,FUYAOGLASSILLINOIS,0.0,191368.51200000002,0.0,4.0,unmatched,
ghgrp_parent,G2X ENERGY,G2XENERGY,0.0,57640.896,0.0,5.0,unmatched,
ghgrp_parent,GALESI GROUP,GALESI,0.0,611632.524,0.0,7.0,unmatched,
ghgrp_parent,GALEY & LORD INDUSTRIES LLC,GALEYLORD,0.0,28164.052,0.0,13.0,unmatched,
ghgrp_parent,"Gallatin County, Montana",GALLATINCOUNTYMONTANA,0.0,25268.25,0.0,1.0,unmatched,
ghgrp_parent,Garco Energy LLC,GARCOENERGY,0.0,3610.586,0.0,1.0,unmatched,
ghgrp_parent,"Garland Power & Light, City of Garland",GARLANDPOWERLIGHTCITYOFGARLAND,0.0,98938.584,0.0,1.0,unmatched,
ghgrp_parent,Garrett County General Services Department,GARRETTCOUNTYGENERALDEPARTMENT,0.0,42331.5,0.0,1.0,unmatched,
ghgrp_parent,Gary-Williams Energy Corporation,GARYWILLIAMSENERGY,0.0,462877.724,0.0,1.0,unmatched,
ghgrp_parent,THE GAS BOARD OF THE CITY OF BOAZ,GASBOARDOFCITYOFBOAZ,0.0,1068.8,0.0,14.0,unmatched,
ghgrp_parent,"Gasco Energy, Inc.",GASCOENERGY,0.0,65301.498,0.0,13.0,unmatched,
ghgrp_parent,GAS NATURAL INC,GASNATURAL,0.0,3197.55,0.0,14.0,unmatched,
ghgrp_parent,Gas Tranmission Service CO LLC,GASTRANMISSIONSERVICE,0.0,35197.422,0.0,1.0,unmatched,
ghgrp_parent,Gas Transmission Services Company LLC,GASTRANSMISSION,0.0,34552.126000000004,0.0,3.0,unmatched,
ghgrp_parent,Gas Transmission Northwest LLC,GASTRANSMISSIONNORTHWEST,0.0,559895.784,0.0,1.0,unmatched,
ghgrp_parent,GAS TRANSMISSION SERVICE CO LLC,GASTRANSMISSIONSERVICE,0.0,41570.306,0.0,5.0,unmatched,
ghgrp_parent,Gateway Gathering & Marketing,GATEWAYGATHERINGMARKETING,0.0,49462.426,0.0,1.0,unmatched,
ghgrp_parent,"GBC Metals, LLC",GBCMETALS,0.0,46592.12,0.0,1.0,unmatched,
ghgrp_parent,GCC America,GCC,0.0,494530.0,0.0,1.0,unmatched,
ghgrp_parent,GCC A,GCCA,0.0,244862.59399999998,0.0,1.0,unmatched,
ghgrp_parent,"GCC Rio Grande, INc.",GCCRIOGRANDE,0.0,621877.1399999999,0.0,5.0,unmatched,
ghgrp_parent,"GDF SUEZ Energy Generation NA, Inc.",GDFSUEZENERGYGENERATIONNA,0.0,1939246.306,0.0,2.0,unmatched,
ghgrp_parent,GDF SUEZ ENERGY NA INC,GDFSUEZENERGYNA,0.0,2062515.1579999998,0.0,2.0,unmatched,
ghgrp_parent,GDF SUEZ ENERGY NORTH AMERICA INC,GDFSUEZENERGYNORTH,0.0,15863421.72224,0.0,14.0,unmatched,foreign-listed parent (Engie)
ghgrp_parent,"GDF SUEZ Energy North Amarica, Inc",GDFSUEZENERGYNORTHAMARICA,0.0,580045.4,0.0,1.0,unmatched,
ghgrp_parent,"GDF SUEZ North America, Inc.",GDFSUEZNORTH,0.0,2196673.4560000002,0.0,4.0,unmatched,
ghgrp_parent,GE,GE,0.0,217022.89500000002,0.0,2.0,unmatched,
ghgrp_parent,GE Commercial Finance - Energy Financial Services,GECOMMERCIALFINANCEENERGYFINANCIAL,0.0,22898.316,0.0,1.0,unmatched,
ghgrp_parent,GE Energy Financial Services,GEENERGYFINANCIAL,0.0,411960.567,0.0,14.0,unmatched,
ghgrp_parent,GEISINGER HEALTH SYSTEMS FOUNDATION,GEISINGERHEALTHSYSTEMSFOUNDATION,0.0,35916.164000000004,0.0,7.0,unmatched,
ghgrp_parent,GELITA NA INC,GELITANA,0.0,36689.712,0.0,1.0,unmatched,
ghgrp_parent,GENENTECH INC,GENENTECH,0.0,37690.708000000006,0.0,9.0,unmatched,
ghgrp_parent,GENERAL CABLE CORP,GENERALCABLE,0.0,31586.212,0.0,10.0,unmatched,
ghgrp_parent,General Chemical (Soda Ash) Partners,GENERALCHEMICALSODAASH,0.0,1229673.5055,0.0,1.0,unmatched,
ghgrp_parent,General Electric Credit Corporation,GENERALELECTRICCREDIT,0.0,14047.8028,0.0,4.0,unmatched,
ghgrp_parent,GENERIS BUYER INC,GENERISBUYER,0.0,23961.06,0.0,1.0,unmatched,
ghgrp_parent,"Geneva Energy, LLC",GENEVAENERGY,0.0,39420.806,0.0,13.0,unmatched,
ghgrp_parent,GENEVA NITROGEN LLC,GENEVANITROGEN,0.0,86197.788,0.0,14.0,unmatched,
ghgrp_parent,"GenOn Sabine (Delaware), Inc. (a wholly owned indirect subsidiary of NRG Energy, Inc.)",GENONSABINEDELAWAREAWHOLLYOWNEDINDIRECTSUBSIDIARYOFNRGENERGY,0.0,219608.80760000003,0.0,2.0,unmatched,
ghgrp_parent,"GenOn Sabine (Texas), Inc. (a wholly owned indirect subsidiary of NRG Energy, Inc.)",GENONSABINETEXASAWHOLLYOWNEDINDIRECTSUBSIDIARYOFNRGENERGY,0.0,4481.812400000001,0.0,2.0,unmatched,
ghgrp_parent,GEO R BROWN PARTNERSHIP LP,GEORBROWNPARTNERSHIP,0.0,1744.4283394864,0.0,4.0,unmatched,
ghgrp_parent,GEO R BROWN PTNR LP,GEORBROWNPTNR,0.0,1448.0741278084001,0.0,9.0,unmatched,
ghgrp_parent,George R Brown Partnership LP,GEORGERBROWNPARTNERSHIP,0.0,1047.2965248256,0.0,1.0,unmatched,
ghgrp_parent,GEORGETOWN COUNTY SOUTH CAROLINA,GEORGETOWNCOUNTYSOUTHCAROLINA,0.0,67400.0,0.0,8.0,unmatched,
ghgrp_parent,Georgia Energy Cooperative,GEORGIAENERGYCOOPERATIVE,0.0,63339.616,0.0,5.0,unmatched,
ghgrp_parent,GEORGIA GULF CORP,GEORGIAGULF,0.0,1587951.214,0.0,5.0,unmatched,
ghgrp_parent,Georgia Pacific LLC,GEORGIAPACIFIC,0.0,1493907.494,0.0,1.0,unmatched,
ghgrp_parent,GEORGIA TRANSMISSION CORP,GEORGIATRANSMISSION,0.0,201524.64,0.0,13.0,unmatched,
ghgrp_parent,GERDAU AMERISTEEL US INC,GERDAUAMERISTEEL,0.0,994773.998,0.0,5.0,unmatched,
ghgrp_parent,Gerdau Ameristeel U.S. Inc.,GERDAUAMERISTEELUS,0.0,94590.992,0.0,1.0,unmatched,
ghgrp_parent,Gerdau Macsteel Inc.,GERDAUMACSTEEL,0.0,112636.152,0.0,1.0,unmatched,
ghgrp_parent,Gerdau Special Steel North America,GERDAUSPECIALSTEELNORTH,0.0,132702.02000000002,0.0,5.0,unmatched,
ghgrp_parent,GERRESHEIMER GLASS INC,GERRESHEIMERGLASS,0.0,32260.86,0.0,6.0,unmatched,
ghgrp_parent,"Gibson City Energy Center, LLC",GIBSONCITYENERGYCENTER,0.0,75005.172,0.0,1.0,unmatched,
ghgrp_parent,GILBERTON POWER CO,GILBERTONPOWER,0.0,966312.014,0.0,6.0,unmatched,
ghgrp_parent,"Giles Holdings, L.P.",GILESLP,0.0,112577.5,0.0,2.0,unmatched,
ghgrp_parent,GIP-B1 MASTER PTNR LP,GIPB1MASTERPTNR,0.0,5165.9310000000005,0.0,2.0,unmatched,
ghgrp_parent,GIP-B1 MASTER PTNR LP & GIP-C HOLDING PTNR LP & GLOBAL INFRASTRUCTURE PTNR-A LP,GIPB1MASTERPTNRGIPCPTNRGLOBALINFRASTRUCTUREPTNRA,0.0,10431.938,0.0,2.0,unmatched,
ghgrp_parent,"GIP Channelview Acquisition Partners,L.P.",GIPCHANNELVIEWACQUISITIONLP,0.0,2763074.1348,0.0,3.0,unmatched,
ghgrp_parent,GLACIAL LAKES ENERGY LLC,GLACIALLAKESENERGY,0.0,370258.056,0.0,1.0,unmatched,
ghgrp_parent,GLANBIA FOODS INC,GLANBIAFOODS,0.0,59729.474,0.0,9.0,unmatched,
ghgrp_parent,GLAXOSMITHKLINE,GLAXOSMITHKLINE,0.0,71439.64,0.0,14.0,unmatched,
ghgrp_parent,GLENCORE USA LLC,GLENCORE,0.0,3682.948,0.0,14.0,unmatched,
ghgrp_parent,"GLenns Ferry Holding, LLC",GLENNSFERRY,0.0,26.6,0.0,4.0,unmatched,
ghgrp_parent,"Global Brass and Copper, Inc",GLOBALBRASSCOPPER,0.0,57218.784,0.0,13.0,unmatched,
ghgrp_parent,"Global Equipment International, LLC",GLOBALEQUIPMENT,0.0,125.3,0.0,3.0,unmatched,
ghgrp_parent,Global Infrastructure Partners - A,GLOBALINFRASTRUCTUREA,0.0,16652.566,0.0,2.0,unmatched,
ghgrp_parent,Gloucester County,GLOUCESTERCOUNTY,0.0,185375.3489,0.0,2.0,unmatched,
ghgrp_parent,GLOUCESTER COUNTY IMPROVEMENT AUTHORITY (GCIA),GLOUCESTERCOUNTYIMPROVEMENTAUTHORITYGCIA,0.0,79184.0,0.0,8.0,unmatched,
ghgrp_parent,"GM Cereals Properties, LLC",GMCEREALSPROPERTIES,0.0,41654.49600000001,0.0,1.0,unmatched,
ghgrp_parent,"GNA FINANCING, INC",GNAFINANCING,0.0,51904.496,0.0,5.0,unmatched,
ghgrp_parent,Golden Aluminum Inc,GOLDENALUMINUM,0.0,27236.648,0.0,1.0,unmatched,
ghgrp_parent,GOLDEN GATE SET PETROLEUM PARTNERS OF NEVADA LLC,GOLDENGATESETPETROLEUMOFNEVADA,0.0,4679.588000000001,0.0,9.0,unmatched,
ghgrp_parent,GOLDEN PASS LNG TERMINAL INVESTMENTS LLC,GOLDENPASSLNGTERMINALINVESTMENTS,0.0,2.9920000000000004,0.0,13.0,unmatched,
ghgrp_parent,Golden Valley Electric Association,GOLDENVALLEYELECTRICASSOCIATION,0.0,608851.01,0.0,1.0,unmatched,
ghgrp_parent,GOODRICH CORP,GOODRICH,0.0,35570.11,0.0,10.0,unmatched,
ghgrp_parent,GOODRICH PETROLEUM CORP,GOODRICHPETROLEUM,0.0,144694.212,0.0,13.0,unmatched,
ghgrp_parent,GOOGLE,GOOGLE,0.0,21651.714284,0.0,6.0,unmatched,
ghgrp_parent,GORDON COUNTY BOARD OF COMMISSIONERS,GORDONCOUNTYBOARDOFCOMMISSIONERS,0.0,218048.25,0.0,1.0,unmatched,
ghgrp_parent,"Gordon County, GA",GORDONCOUNTYGA,0.0,159606.75,0.0,9.0,unmatched,
ghgrp_parent,GORES GROUP,GORES,0.0,1186972.0219999999,0.0,11.0,unmatched,
ghgrp_parent,GOVERNMENT OF ABU DHABI,GOVERNMENTOFABUDHABI,0.0,684584.0741368,0.0,5.0,unmatched,
ghgrp_parent,GRACE PACIFIC LLC,GRACEPACIFIC,0.0,48803.7468,0.0,9.0,unmatched,
ghgrp_parent,GRAMERCY HOLDINGS LLC,GRAMERCY,0.0,780325.564,0.0,1.0,unmatched,
ghgrp_parent,GRAND HAVEN BOARD OF LIGHT & POWER,GRANDHAVENBOARDOFLIGHTPOWER,0.0,604399.396,0.0,14.0,unmatched,
ghgrp_parent,Grand Island Area Solid Waste Agency,GRANDISLANDAREASOLIDWASTEAGENCY,0.0,71422.55,0.0,1.0,unmatched,
ghgrp_parent,Grand River Asphalt,GRANDRIVERASPHALT,0.0,191357.50400000002,0.0,4.0,unmatched,
ghgrp_parent,Granger Electric Company,GRANGERELECTRIC,0.0,15101.5665,0.0,1.0,unmatched,
ghgrp_parent,"Granger Holdings II, LLC",GRANGERII,0.0,196182.1998,0.0,5.0,unmatched,
ghgrp_parent,"Granger III & Associates, INC",GRANGERIIIASSOCIATES,0.0,130311.62700000001,0.0,1.0,unmatched,
ghgrp_parent,"Granite Ridge Energy, LLC",GRANITERIDGEENERGY,0.0,1910339.42,0.0,5.0,unmatched,
ghgrp_parent,GRANITI FIANDRE SPA,GRANITIFIANDRESPA,0.0,36175.65,0.0,5.0,unmatched,
ghgrp_parent,GRANT COUNTY,GRANTCOUNTY,0.0,51555.5,0.0,10.0,unmatched,
ghgrp_parent,"Graphic Packagine International, Inc.",GRAPHICPACKAGINE,0.0,133324.448,0.0,1.0,unmatched,
ghgrp_parent,GRAVITY MIDSTREAM LLC,GRAVITYMIDSTREAM,0.0,8959.616,0.0,5.0,unmatched,
ghgrp_parent,Greater New Bedford Regional Refuse Management District,GREATERNEWBEDFORDREGIONALREFUSEMANAGEMENTDISTRICT,0.0,23599.75,0.0,14.0,unmatched,
ghgrp_parent,GREAT LAKES CASTINGS LLC,GREATLAKESCASTINGS,0.0,26525.886000000002,0.0,3.0,unmatched,
ghgrp_parent,Great Lakes Gas Transmission Company,GREATLAKESGASTRANSMISSION,0.0,430045.03,0.0,13.0,unmatched,
ghgrp_parent,Great Lakes Gas Transmission Limited Partnership,GREATLAKESGASTRANSMISSIONLIMITEDPARTNERSHIP,0.0,719277.4439999999,0.0,1.0,unmatched,
ghgrp_parent,"Great Plains Ethanol, dba POET Biorefining-Chancellor",GREATPLAINSETHANOLDBAPOETBIOREFININGCHANCELLOR,0.0,270527.214,0.0,3.0,unmatched,
ghgrp_parent,"Great Point Power Hamakua Holdings, LLC",GREATPOINTPOWERHAMAKUA,0.0,165991.85,0.0,5.0,unmatched,
ghgrp_parent,GREAT SALT PLAINS HOLDING LLC,GREATSALTPLAINS,0.0,38996.138,0.0,1.0,unmatched,
ghgrp_parent,"GREC Holdings, LLC",GREC,0.0,65780.78,0.0,1.0,unmatched,
ghgrp_parent,GREDE HOLDINGS LLC,GREDE,0.0,124727.464,0.0,10.0,unmatched,
ghgrp_parent,GREENLEAF ENERGY UNIT 1 LLC,GREENLEAFENERGYUNIT1,0.0,19856.076,0.0,2.0,unmatched,
ghgrp_parent,GREENLEAF ENERGY UNIT (1 OR 2) LLC,GREENLEAFENERGYUNIT1OR2,0.0,145596.44,0.0,7.0,unmatched,
ghgrp_parent,GREEN PLAINS RENEWABLE ENERGY INC,GREENPLAINSRENEWABLEENERGY,0.0,1932970.1359999997,0.0,14.0,unmatched,
ghgrp_parent,"Green Power Solutiona of Georgia, LLC",GREENPOWERSOLUTIONAOFGEORGIA,0.0,241384.72696,0.0,1.0,unmatched,
ghgrp_parent,GREENVILLE SERVICE CO INC,GREENVILLESERVICE,0.0,38902.08,0.0,5.0,unmatched,
ghgrp_parent,Greenway Capital LP,GREENWAYCAPITAL,0.0,576.0224604,0.0,8.0,unmatched,
ghgrp_parent,Greenwood County,GREENWOODCOUNTY,0.0,52667.75,0.0,9.0,unmatched,
ghgrp_parent,GREG ABEL,GREGABEL,0.0,11412.542199999998,0.0,7.0,unmatched,
ghgrp_parent,"Gregory Power Partners, LP",GREGORYPOWER,0.0,1724398.28,0.0,3.0,unmatched,
ghgrp_parent,GREKA,GREKA,0.0,24008.616,0.0,4.0,unmatched,
ghgrp_parent,GREKA INTEGRATED INC,GREKAINTEGRATED,0.0,24172.744000000002,0.0,9.0,unmatched,
ghgrp_parent,Griffin Pipe Products Co. Inc.,GRIFFINPIPEPRODUCTS,0.0,123416.89,0.0,5.0,unmatched,
ghgrp_parent,GS ELECTRIC GENERATING COOPERATIVE,GSELECTRICGENERATINGCOOPERATIVE,0.0,535364.1660000001,0.0,2.0,unmatched,
ghgrp_parent,GSOI Blackstone Debt Funds Management LLC,GSOIBLACKSTONEDEBTFUNDSMANAGEMENT,0.0,21482.963303999997,0.0,1.0,unmatched,
ghgrp_parent,GSO Special Situation Fund LP,GSOSPECIALSITUATIONFUND,0.0,5300.8352192,0.0,13.0,unmatched,
ghgrp_parent,GSO Special Situations Fund LP,GSOSPECIALSITUATIONSFUND,0.0,39738.388858239996,0.0,13.0,unmatched,
ghgrp_parent,GTL RESOURCES USA INC,GTLRESOURCES,0.0,184180.24599999998,0.0,4.0,unmatched,
ghgrp_parent,Guadalupe Power Partners,GUADALUPEPOWER,0.0,910503.8010000001,0.0,2.0,unmatched,
ghgrp_parent,"Guadalupe Power Partners, LP Calpine Corporation",GUADALUPEPOWERCALPINE,0.0,1400714.585,0.0,1.0,unmatched,
ghgrp_parent,GUARDIAN INDUSTRIES CORP,GUARDIAN,0.0,841699.0139999999,0.0,14.0,unmatched,
ghgrp_parent,Guardian Energy Management,GUARDIANENERGYMANAGEMENT,0.0,173614.096,0.0,1.0,unmatched,
ghgrp_parent,GUARDIAN HANKINSON LLC,GUARDIANHANKINSON,0.0,189458.436,0.0,6.0,unmatched,
ghgrp_parent,GUARDIAN LIMA LLC,GUARDIANLIMA,0.0,94356.144,0.0,7.0,unmatched,
ghgrp_parent,"Guardian Lime, LLC",GUARDIANLIME,0.0,49486.764,0.0,1.0,unmatched,
ghgrp_parent,GULF PINE ENERGY LP,GULFPINEENERGY,0.0,85349.688,0.0,4.0,unmatched,
ghgrp_parent,GULF PINE ENERGY OPERATING LLC,GULFPINEENERGYOPERATING,0.0,89595.96399999999,0.0,2.0,unmatched,
ghgrp_parent,Gulfport Energy Corporation,GULFPORTENERGY,0.0,473460.006,0.0,14.0,unmatched,
ghgrp_parent,GUNNISON ENERGY CORP,GUNNISONENERGY,0.0,288485.462,0.0,12.0,unmatched,
ghgrp_parent,"GWF ENERGY, LLC",GWFENERGY,0.0,946904.8939999999,0.0,2.0,unmatched,
ghgrp_parent,"GWF Power Systems, L.P.",GWFPOWERSYSTEMSLP,0.0,949283.038,0.0,13.0,unmatched,
ghgrp_parent,"GWF Power Sytems, L.P.",GWFPOWERSYTEMSLP,0.0,24314.0,0.0,12.0,unmatched,
ghgrp_parent,US GYPSUM,GYPSUM,0.0,30925.984,0.0,10.0,unmatched,
ghgrp_parent,HABERSHAM COUNTY,HABERSHAMCOUNTY,0.0,32734.0,0.0,3.0,unmatched,
ghgrp_parent,HABERSHAM COUNTY BOARD OF COMMISSIONERS,HABERSHAMCOUNTYBOARDOFCOMMISSIONERS,0.0,36010.5,0.0,8.0,unmatched,
ghgrp_parent,HAIER US APPLIANCE SOLUTIONS INC,HAIERAPPLIANCESOLUTIONS,0.0,29036.34,0.0,3.0,unmatched,
ghgrp_parent,Halcon Resources Corporation,HALCONRESOURCES,0.0,1186406.702,0.0,13.0,unmatched,
ghgrp_parent,HALL COUNTY GEORGIA,HALLCOUNTYGEORGIA,0.0,83212.25,0.0,14.0,unmatched,
ghgrp_parent,HAMBLEN COUNTY MORRISTOWN SOLID WASTE AUTHORITY,HAMBLENCOUNTYMORRISTOWNSOLIDWASTEAUTHORITY,0.0,66944.5,0.0,6.0,unmatched,
ghgrp_parent,Hamblen County Solid Waste System,HAMBLENCOUNTYSOLIDWASTESYSTEM,0.0,95294.75,0.0,1.0,unmatched,
ghgrp_parent,HANCOCK COUNTY LANDFILL,HANCOCKCOUNTYLANDFILL,0.0,84658.25,0.0,14.0,unmatched,
ghgrp_parent,HANFORD LP,HANFORD,0.0,119128.0,0.0,13.0,unmatched,
ghgrp_parent,Hanford L.P.,HANFORDLP,0.0,222947.8,0.0,1.0,unmatched,
ghgrp_parent,HANKINSON RENEWABLE ENERGY LLC,HANKINSONRENEWABLEENERGY,0.0,182577.31199999998,0.0,3.0,unmatched,
ghgrp_parent,Harford County Government,HARFORDCOUNTYGOVERNMENT,0.0,72384.4,0.0,9.0,unmatched,
ghgrp_parent,The Harrisburg Authority,HARRISBURGAUTHORITY,0.0,276657.586,0.0,4.0,unmatched,
ghgrp_parent,The Harrison County Coal Co,HARRISONCOUNTYCOAL,0.0,1981593.632,0.0,1.0,unmatched,
ghgrp_parent,HARSCO CORP,HARSCO,0.0,6749.523999999999,0.0,14.0,unmatched,
ghgrp_parent,HARVEST ENERGY INC,HARVESTENERGY,0.0,2912.0996940000005,0.0,13.0,unmatched,
ghgrp_parent,Hastings Utilities - City of Hastings (HU-WEC1),HASTINGSUTILITIESCITYOFHASTINGSHUWEC1,0.0,477081.4855,0.0,4.0,unmatched,
ghgrp_parent,"Hastings Utilities / City of Hastings, NE",HASTINGSUTILITIESCITYOFHASTINGSNE,0.0,1778.0300000000002,0.0,4.0,unmatched,
ghgrp_parent,Hastings Utilities (HU) / City of Hastings Nebraska,HASTINGSUTILITIESHUCITYOFHASTINGSNEBRASKA,0.0,535.6,0.0,1.0,unmatched,
ghgrp_parent,Hastings Utilities (HU-WEC1) / City of Hastings Nebraska,HASTINGSUTILITIESHUWEC1CITYOFHASTINGSNEBRASKA,0.0,619719.1140000001,0.0,1.0,unmatched,
ghgrp_parent,Hat Creek Energy LLC,HATCREEKENERGY,0.0,787.9942803999999,0.0,1.0,unmatched,
ghgrp_parent,"Haverhill Chemicals, LLC",HAVERHILL,0.0,39968.89,0.0,4.0,unmatched,
ghgrp_parent,"Hawaii Electric Light Company, Inc.",HAWAIIELECTRICLIGHT,0.0,466167.23199999996,0.0,9.0,unmatched,
ghgrp_parent,"Hawaii Independent Energy, LLC",HAWAIIINDEPENDENTENERGY,0.0,560169.496,0.0,3.0,unmatched,
ghgrp_parent,HAWKWOOD ENERGY MANAGEMENT LLC,HAWKWOODENERGYMANAGEMENT,0.0,191885.984,0.0,2.0,unmatched,
ghgrp_parent,HAWKWOOD ENERGY MANAGEMENT LLC 220,HAWKWOODENERGYMANAGEMENT220,0.0,194833.96,0.0,5.0,unmatched,
ghgrp_parent,HAYWOOD COUNTY NORTH CAROLINA,HAYWOODCOUNTYNORTHCAROLINA,0.0,74998.25,0.0,8.0,unmatched,
ghgrp_parent,HEARTLAND CONSUMERS POWER DISTRICT,HEARTLANDCONSUMERSPOWERDISTRICT,0.0,408897.73266,0.0,8.0,unmatched,
ghgrp_parent,Hecla Greens Creek Mining Company,HECLAGREENSCREEKMINING,0.0,28610.738,0.0,6.0,unmatched,
ghgrp_parent,HEI,HEI,0.0,224951.398,0.0,2.0,unmatched,
ghgrp_parent,"Helis Oil and Gas Company, LLC",HELISOILGAS,0.0,101563.79000000001,0.0,13.0,unmatched,
ghgrp_parent,"Helis Oil and Gas Company, L.L.C.",HELISOILGASLLC,0.0,39130.714,0.0,2.0,unmatched,
ghgrp_parent,Henderson County,HENDERSONCOUNTY,0.0,14666.0,0.0,14.0,unmatched,
ghgrp_parent,Henderson Municipal Power and Light,HENDERSONMUNICIPALPOWERLIGHT,0.0,2357185.45,0.0,1.0,unmatched,
ghgrp_parent,HENNEPIN COUNTY,HENNEPINCOUNTY,0.0,374040.678,0.0,3.0,unmatched,
ghgrp_parent,Hennepin County Environmental Services,HENNEPINCOUNTYENVIRONMENTAL,0.0,373367.322,0.0,8.0,unmatched,
ghgrp_parent,HENRICO COUNTY DEPARTMENT OF PUBLIC WORKS,HENRICOCOUNTYDEPARTMENTOFPUBLICWORKS,0.0,39113.25,0.0,14.0,unmatched,
ghgrp_parent,"Henry County, Board of Commissioners",HENRYCOUNTYBOARDOFCOMMISSIONERS,0.0,30518.1,0.0,1.0,unmatched,
ghgrp_parent,HENRY COUNTY COMMISSIONERS,HENRYCOUNTYCOMMISSIONERS,0.0,30357.85,0.0,13.0,unmatched,
ghgrp_parent,HERCULES CEMENT HOLDING CO,HERCULESCEMENT,0.0,6697.248200000001,0.0,5.0,unmatched,
ghgrp_parent,"HERITAGE ENVIRONMENTAL SERVICES, LLC",HERITAGEENVIRONMENTAL,0.0,3016.646,0.0,14.0,unmatched,
ghgrp_parent,Hermes Consolidated Inc.,HERMESCONSOLIDATED,0.0,120737.384,0.0,1.0,unmatched,
ghgrp_parent,"Hernando County, Fl",HERNANDOCOUNTYFL,0.0,138363.0,0.0,9.0,unmatched,
ghgrp_parent,"HERON LAKE BIOENERGY, LLC",HERONLAKEBIOENERGY,0.0,160572.36000000002,0.0,9.0,unmatched,
ghgrp_parent,Hess Corproation,HESSCORPROATION,0.0,523448.92,0.0,1.0,unmatched,
ghgrp_parent,Hess North Dakota Export Logistics LLC,HESSNORTHDAKOTAEXPORTLOGISTICS,0.0,25424.604,0.0,1.0,unmatched,
ghgrp_parent,HEXION LLC,HEXION,0.0,83884.484,0.0,9.0,unmatched,
ghgrp_parent,"Hibbing Taconite Company, A Joint Venture",HIBBINGTACONITEAJOINTVENTURE,0.0,285282.25999999995,0.0,4.0,unmatched,
ghgrp_parent,HIBERNIA RESOURCES III LLC,HIBERNIARESOURCESIII,0.0,105972.716,0.0,5.0,unmatched,
ghgrp_parent,"Hickory Run Holdings, LLC",HICKORYRUN,0.0,5422.179999999999,0.0,1.0,unmatched,
ghgrp_parent,Hi-Crush Blair LLC,HICRUSHBLAIR,0.0,28383.944000000003,0.0,1.0,unmatched,
ghgrp_parent,H.I.G. BBC Holdings Corporation,HIGBBC,0.0,369020.546,0.0,6.0,unmatched,
ghgrp_parent,HIGHPOINT RESOURCES CORP,HIGHPOINTRESOURCES,0.0,361879.92,0.0,3.0,unmatched,
ghgrp_parent,HIGH SIERRA LIMITED,HIGHSIERRALIMITED,0.0,24385.208,0.0,5.0,unmatched,
ghgrp_parent,HIGHSTAR CAPITAL,HIGHSTARCAPITAL,0.0,1644130.4058400001,0.0,6.0,unmatched,
ghgrp_parent,Highstar IV GWF Holdings LLC,HIGHSTARIVGWF,0.0,364726.1,0.0,2.0,unmatched,
ghgrp_parent,"Highstar IV SWG Holdings, LLC",HIGHSTARIVSWG,0.0,418637.0,0.0,1.0,unmatched,
ghgrp_parent,HIGHSTAR LINDEN CIV A LLC,HIGHSTARLINDENCIVA,0.0,288684.22110894,0.0,11.0,unmatched,
ghgrp_parent,HIGHSTAR LINDEN CIV B LLC,HIGHSTARLINDENCIVB,0.0,288684.22110894,0.0,11.0,unmatched,
ghgrp_parent,HIGHSTAR LINDEN MAIN INTERCO LLC,HIGHSTARLINDENMAININTERCO,0.0,275973.3430488,0.0,11.0,unmatched,
ghgrp_parent,HIGHSTAR LINDEN PRISM/IV-A INTERCO LLC,HIGHSTARLINDENPRISMIVAINTERCO,0.0,396990.50473332003,0.0,11.0,unmatched,
ghgrp_parent,Hiland Partners LP,HILAND,0.0,218044.06000000003,0.0,5.0,unmatched,
ghgrp_parent,"Hilcorp Alaska, LLC",HILCORPALASKA,0.0,1564139.7097552,0.0,7.0,unmatched,
ghgrp_parent,"Hilcorp North Slope, LLC",HILCORPNORTHSLOPE,0.0,50371.3906902,0.0,2.0,unmatched,
ghgrp_parent,"Hill-Lake Gas Storage, LLC",HILLLAKEGASSTORAGE,0.0,30641.5,0.0,1.0,unmatched,
ghgrp_parent,HILLSBORO ENERGY LLC,HILLSBOROENERGY,0.0,72068.25,0.0,3.0,unmatched,
ghgrp_parent,HILLSBOROUGH COUNTY,HILLSBOROUGHCOUNTY,0.0,162090.45,0.0,12.0,unmatched,
ghgrp_parent,Hillsborough County Board of County Commissioners,HILLSBOROUGHCOUNTYBOARDOFCOUNTYCOMMISSIONERS,0.0,7208.25,0.0,14.0,unmatched,
ghgrp_parent,HINKLE OIL & GAS INC,HINKLEOILGAS,0.0,73697.436,0.0,7.0,unmatched,
ghgrp_parent,HITACHI AMERICA LTD,HITACHI,0.0,58351.688,0.0,8.0,unmatched,
ghgrp_parent,Hoeganaes Corporation,HOEGANAES,0.0,66157.77799999999,0.0,9.0,unmatched,
ghgrp_parent,HOLCIM (US) INC,HOLCIM,0.0,9881101.998,0.0,14.0,unmatched,
ghgrp_parent,Holcim (US) Inc. - Corporate Office,HOLCIMCORPORATEOFFICE,0.0,731696.622,0.0,1.0,unmatched,
ghgrp_parent,HOLLAND BOARD OF PUBLIC WORKS,HOLLANDBOARDOFPUBLICWORKS,0.0,373298.816,0.0,14.0,unmatched,
ghgrp_parent,"Holy Cross Electric Association, Inc.",HOLYCROSSELECTRICASSOCIATION,0.0,274419.39553415996,0.0,1.0,unmatched,
ghgrp_parent,Home Grown Fuels,HOMEGROWNFUELS,0.0,8847.5663476,0.0,8.0,unmatched,
ghgrp_parent,HOMER ELECTRIC ASSOCIATION,HOMERELECTRICASSOCIATION,0.0,27363.896,0.0,1.0,unmatched,
ghgrp_parent,HONEYWELL Resins & Chemicals LLC,HONEYWELLRESINS,0.0,153116.62399999998,0.0,4.0,unmatched,
ghgrp_parent,HOOD CONTAINER OF LOUISIANA LLC,HOODCONTAINEROFLOUISIANA,0.0,650379.726,0.0,4.0,unmatched,
ghgrp_parent,Hoosier Energy,HOOSIERENERGY,0.0,148640.812,0.0,1.0,unmatched,
ghgrp_parent,Hoover Energy Partners LP,HOOVERENERGY,0.0,209878.91799999998,0.0,4.0,unmatched,
ghgrp_parent,"Horizon Ethanol, LLC dba POET Biorefining - Jewell",HORIZONETHANOLDBAPOETBIOREFININGJEWELL,0.0,103814.408,0.0,4.0,unmatched,
ghgrp_parent,HORSEHEAD HOLDING CORP,HORSEHEAD,0.0,1417445.276,0.0,14.0,unmatched,
ghgrp_parent,HOUWELING CALIFORNIA HOLDINGS INC,HOUWELINGCALIFORNIA,0.0,40780.796,0.0,5.0,unmatched,
ghgrp_parent,"Houweling Nurseries Oxnard, Inc.",HOUWELINGNURSERIESOXNARD,0.0,29378.14,0.0,1.0,unmatched,
ghgrp_parent,HOUWELING UTAH HOLDINGS INC,HOUWELINGUTAH,0.0,42367.892,0.0,2.0,unmatched,
ghgrp_parent,HOVENSA LLC,HOVENSA,0.0,5250184.374000001,0.0,6.0,unmatched,
ghgrp_parent,Howard County,HOWARDCOUNTY,0.0,26501.25,0.0,12.0,unmatched,
ghgrp_parent,"Howard County, Maryland",HOWARDCOUNTYMARYLAND,0.0,38350.004,0.0,9.0,unmatched,
ghgrp_parent,HOWARD MIDSTREAM ENERGY PARTNERS LLC,HOWARDMIDSTREAMENERGY,0.0,114199.802,0.0,4.0,unmatched,
ghgrp_parent,HPJV1 LLC,HPJV1,0.0,277464.53380000003,0.0,3.0,unmatched,
ghgrp_parent,HRM RESOURCES LLC,HRMRESOURCES,0.0,87611.692,0.0,4.0,unmatched,
ghgrp_parent,"HRM Resources III, LLC",HRMRESOURCESIII,0.0,84753.958,0.0,1.0,unmatched,
ghgrp_parent,Huber Equity Corporation,HUBEREQUITY,0.0,100733.92,0.0,4.0,unmatched,
ghgrp_parent,HUHTAMAKI NORTH AMERICA INC,HUHTAMAKINORTH,0.0,26855.148,0.0,5.0,unmatched,
ghgrp_parent,Humboldt Utilities,HUMBOLDTUTILITIES,0.0,412.9,0.0,9.0,unmatched,
ghgrp_parent,HUMBOLDT WASTE MANAGMENT AUTHORITY,HUMBOLDTWASTEMANAGMENTAUTHORITY,0.0,27079.0,0.0,8.0,unmatched,
ghgrp_parent,HUNTER RIDGE ENERGY SERVICES LLC,HUNTERRIDGEENERGY,0.0,70916.932,0.0,12.0,unmatched,
ghgrp_parent,HUNTINGTON ENERGY LLC,HUNTINGTONENERGY,0.0,23139.9,0.0,9.0,unmatched,
ghgrp_parent,"Huntington Energy, L.L.C",HUNTINGTONENERGYLLC,0.0,21101.05,0.0,1.0,unmatched,
ghgrp_parent,Hunt Oil Company,HUNTOIL,0.0,7067.3402352,0.0,13.0,unmatched,
ghgrp_parent,"HUNTSMAN ADVANCED MATERIALS AMERICAS, LLC",HUNTSMANADVANCEDMATERIALS,0.0,17224.782000000003,0.0,1.0,unmatched,
ghgrp_parent,Huntsman P&A Investments LLC,HUNTSMANPAINVESTMENTS,0.0,129465.53,0.0,1.0,unmatched,
ghgrp_parent,HUNTSVILLE SOLID WASTE DISPOSAL AUTHORITY,HUNTSVILLESOLIDWASTEDISPOSALAUTHORITY,0.0,208898.186,0.0,8.0,unmatched,
ghgrp_parent,HURON REAL ESTATE ASSOCIATES LLC,HURONREALESTATEASSOCIATES,0.0,46234.572,0.0,12.0,unmatched,
ghgrp_parent,HUSKY ENERGY INC,HUSKYENERGY,0.0,1039867.353,0.0,11.0,unmatched,
ghgrp_parent,Hutchinson Technology Inc.,HUTCHINSONTECHNOLOGY,0.0,12954.923999999999,0.0,13.0,unmatched,
ghgrp_parent,Hutchinson Utilities Commission,HUTCHINSONUTILITIESCOMMISSION,0.0,5131.932,0.0,1.0,unmatched,
ghgrp_parent,HYDE PARK HOLDINGS LLC,HYDEPARK,0.0,352809.769,0.0,9.0,unmatched,
ghgrp_parent,"Hyde Park Holdings, L.L.C.",HYDEPARKLLC,0.0,354718.155,0.0,4.0,unmatched,
ghgrp_parent,Hydro Extrusion North America,HYDROEXTRUSIONNORTH,0.0,51162.956,0.0,1.0,unmatched,
ghgrp_parent,"Hyundai Motor Manufacturing Alabama, LLC",HYUNDAIMOTORMANUFACTURINGALABAMA,0.0,36173.954,0.0,5.0,unmatched,
ghgrp_parent,IBERDROLA USA INC,IBERDROLA,0.0,1232454.586,0.0,14.0,unmatched,
ghgrp_parent,Iberdrola Renewables LLC,IBERDROLARENEWABLES,0.0,1171481.4560000002,0.0,5.0,unmatched,
ghgrp_parent,ICL NORTH AMERICA INC,ICLNORTH,0.0,73336.764,0.0,1.0,unmatched,
ghgrp_parent,ICL Performance Products LP,ICLPERFORMANCEPRODUCTS,0.0,44268.768,0.0,1.0,unmatched,
ghgrp_parent,ICL-PPLP (ICL PERFORMANCE PRODUCTS LP),ICLPPLPICLPERFORMANCEPRODUCTS,0.0,52107.77,0.0,8.0,unmatched,
ghgrp_parent,IDAHO POWER,IDAHOPOWER,0.0,5472198.7024091985,0.0,11.0,unmatched,
ghgrp_parent,IDAHO REGIONAL SOLID WASTE DISTRICT,IDAHOREGIONALSOLIDWASTEDISTRICT,0.0,21533.35,0.0,1.0,unmatched,
ghgrp_parent,"Idaho Regional Waste Services, LLC",IDAHOREGIONALWASTE,0.0,49195.5,0.0,1.0,unmatched,
ghgrp_parent,"Idaho Waste Services, INC",IDAHOWASTE,0.0,62151.25,0.0,1.0,unmatched,
ghgrp_parent,IDAHO WASTE SYSTEMS INC,IDAHOWASTESYSTEMS,0.0,59146.0,0.0,8.0,unmatched,
ghgrp_parent,IESI Corporation,IESI,0.0,784741.8500000001,0.0,5.0,unmatched,
ghgrp_parent,IESI AR LANDFILL CORP,IESIARLANDFILL,0.0,80038.0,0.0,4.0,unmatched,
ghgrp_parent,IESI LA CORP,IESILA,0.0,149104.0,0.0,4.0,unmatched,
ghgrp_parent,IESI LA LANDFILL CORP,IESILALANDFILL,0.0,285036.8,0.0,4.0,unmatched,
ghgrp_parent,IESI MO CORP,IESIMO,0.0,97096.35,0.0,4.0,unmatched,
ghgrp_parent,"IIG Minwool, LLC",IIGMINWOOL,0.0,25637.708,0.0,1.0,unmatched,
ghgrp_parent,IKOMAT INDUSTRIES,IKOMAT,0.0,16404.538,0.0,11.0,unmatched,
ghgrp_parent,Imerys Carbonates LLC,IMERYSCARBONATES,0.0,32500.328,0.0,1.0,unmatched,
ghgrp_parent,Imerys Clays Inc,IMERYSCLAYS,0.0,84263.71599999999,0.0,1.0,unmatched,
ghgrp_parent,"Imerys Filtration Minerals, Inc.",IMERYSFILTRATIONMINERALS,0.0,51324.256,0.0,3.0,unmatched,
ghgrp_parent,Imerys S.A.,IMERYSSA,0.0,87537.62,0.0,4.0,unmatched,
ghgrp_parent,IMG MIDSTREAM LLC,IMGMIDSTREAM,0.0,145968.35199999998,0.0,7.0,unmatched,
ghgrp_parent,Imperial Sugar Co.,IMPERIALSUGAR,0.0,303871.018,0.0,13.0,unmatched,
ghgrp_parent,Imperium Grays Harbor,IMPERIUMGRAYSHARBOR,0.0,11058.108,0.0,11.0,unmatched,
ghgrp_parent,INCOBRASA NORTH AMERICA LTD,INCOBRASANORTH,0.0,40242.148,0.0,8.0,unmatched,
ghgrp_parent,INDECK-Corinth Limited Partnership,INDECKCORINTHLIMITEDPARTNERSHIP,0.0,392826.744,0.0,5.0,unmatched,
ghgrp_parent,"Indeck Energy-Alexandria, LLC",INDECKENERGYALEXANDRIA,0.0,292021.60000000003,0.0,3.0,unmatched,
ghgrp_parent,"Indeck Energy Services of Silver Springs, Inc.",INDECKENERGYOFSILVERSPRINGS,0.0,6179.376,0.0,1.0,unmatched,
ghgrp_parent,Indeck-Oswego Limited Partnership,INDECKOSWEGOLIMITEDPARTNERSHIP,0.0,32927.908,0.0,5.0,unmatched,
ghgrp_parent,Indeck-Yerkes Limited Partnership,INDECKYERKESLIMITEDPARTNERSHIP,0.0,55898.538,0.0,5.0,unmatched,
ghgrp_parent,Indiana Municipal Power,INDIANAMUNICIPALPOWER,0.0,828341.41173,0.0,4.0,unmatched,
ghgrp_parent,Indiana Municipal Power Agency (IMPA 100% owns GT2 and GT3),INDIANAMUNICIPALPOWERAGENCYIMPA100OWNSGT2GT3,0.0,56018.042,0.0,5.0,unmatched,
ghgrp_parent,INDIANA UNIVERSITY,INDIANAUNIVERSITY,0.0,184764.008,0.0,9.0,unmatched,
ghgrp_parent,INDIAN RIVER COUNTY,INDIANRIVERCOUNTY,0.0,62952.5,0.0,12.0,unmatched,
ghgrp_parent,INDIGO MINERALS LLC,INDIGOMINERALS,0.0,658125.716,0.0,13.0,unmatched,
ghgrp_parent,Indigo Resources LLC,INDIGORESOURCES,0.0,130387.81400000001,0.0,1.0,unmatched,
ghgrp_parent,"Individual Investors (JJ Fair, Jim Rice, Ron Watkins, Rich Weiss)",INDIVIDUALINVESTORSJJFAIRJIMRICERONWATKINSRICHWEISS,0.0,1826.1014100000002,0.0,2.0,unmatched,
ghgrp_parent,INDORAMA VENTURES INVESTMENT USA,INDORAMAVENTURESINVESTMENT,0.0,47534.026000000005,0.0,1.0,unmatched,
ghgrp_parent,Indorama Ventures Oxides LLC,INDORAMAVENTURESOXIDES,0.0,1292196.12,0.0,1.0,unmatched,
ghgrp_parent,INEOS ABS (USA) Corporation,INEOSABS,0.0,91554.56,0.0,1.0,unmatched,
ghgrp_parent,INEOS US I Inc,INEOSI,0.0,2421109.4400000004,0.0,1.0,unmatched,
ghgrp_parent,INEOS Joliet US Holdco LLC,INEOSJOLIETHOLDCO,0.0,106249.256,0.0,1.0,unmatched,
ghgrp_parent,INEOS Nitriles USA LLC,INEOSNITRILES,0.0,131449.504,0.0,1.0,unmatched,
ghgrp_parent,"INEOS NOVA, LLC",INEOSNOVA,0.0,322969.03,0.0,1.0,unmatched,
ghgrp_parent,"INERGY MIDSTREAM, LLC",INERGYMIDSTREAM,0.0,78079.622,0.0,3.0,unmatched,
ghgrp_parent,Inergy Propane LP,INERGYPROPANE,0.0,30069.636000000002,0.0,1.0,unmatched,
ghgrp_parent,Inergy West Coast LLC,INERGYWESTCOAST,0.0,36636.87,0.0,4.0,unmatched,
ghgrp_parent,INFINEON TECHNOLOGIES AMERICAS CORP,INFINEONTECHNOLOGIES,0.0,42561.477364,0.0,9.0,unmatched,
ghgrp_parent,"Ingevity SC, LLC",INGEVITYSC,0.0,21037.306,0.0,1.0,unmatched,
ghgrp_parent,"Inland Empire Energy Center, LLC",INLANDEMPIREENERGYCENTER,0.0,1312274.8360000001,0.0,1.0,unmatched,
ghgrp_parent,INNOVIA FILMS INC,INNOVIAFILMS,0.0,42155.992,0.0,6.0,unmatched,
ghgrp_parent,INPEX AMERICAS INC,INPEX,0.0,223299.674,0.0,5.0,unmatched,
ghgrp_parent,"Integrated Device Technology, Inc.",INTEGRATEDDEVICETECHNOLOGY,0.0,49855.058115,0.0,1.0,unmatched,
ghgrp_parent,Intel Copororation,INTELCOPORORATION,0.0,36061.164000000004,0.0,1.0,unmatched,
ghgrp_parent,INTERLOCK INDS INC,INTERLOCKINDS,0.0,36576.112,0.0,7.0,unmatched,
ghgrp_parent,INTERMOUNTAIN RURAL ELEC ASSN,INTERMOUNTAINRURALELECASSN,0.0,1236491.0727251999,0.0,11.0,unmatched,
ghgrp_parent,INTER-POWER/AHL/CON PARTNERS LP,INTERPOWERAHLCON,0.0,1108072.274,0.0,10.0,unmatched,
ghgrp_parent,"Inter-Power/AhlCon Partners, L.P.",INTERPOWERAHLCONLP,0.0,976733.4979999999,0.0,1.0,unmatched,
ghgrp_parent,Intersil CORP,INTERSIL,0.0,17291.562788,0.0,4.0,unmatched,
ghgrp_parent,INTERSTATE RESOURCES INC,INTERSTATERESOURCES,0.0,602300.29,0.0,9.0,unmatched,
ghgrp_parent,Interstate Waste Services,INTERSTATEWASTE,0.0,59319.100000000006,0.0,2.0,unmatched,
ghgrp_parent,INTREPID POTASH INC,INTREPIDPOTASH,0.0,105413.038,0.0,14.0,unmatched,
ghgrp_parent,Invenergy Investment Company LLC,INVENERGYINVESTMENT,0.0,325285.444,0.0,5.0,unmatched,
ghgrp_parent,IOTC,IOTC,0.0,19494.388,0.0,3.0,unmatched,
ghgrp_parent,Iowa Army Ammunition Plant,IOWAARMYAMMUNITIONPLANT,0.0,59438.138,0.0,4.0,unmatched,
ghgrp_parent,IOWA ETHANOL LLC D.B.A. POET Biorefining - Hanlontown,IOWAETHANOLDBAPOETBIOREFININGHANLONTOWN,0.0,85380.128,0.0,5.0,unmatched,
ghgrp_parent,IOWA FERTILIZER CO LLC,IOWAFERTILIZER,0.0,1684329.35,0.0,2.0,unmatched,
ghgrp_parent,IOWA STATE UNIVERSITY,IOWASTATEUNIVERSITY,0.0,331111.12,0.0,9.0,unmatched,
ghgrp_parent,"IOWA WASTE SYSTEMS, INC",IOWAWASTESYSTEMS,0.0,80660.7,0.0,7.0,unmatched,
ghgrp_parent,"IPR-GDF SUEZ Energy North America, Inc.",IPRGDFSUEZENERGYNORTH,0.0,2217251.958,0.0,5.0,unmatched,
ghgrp_parent,"IPR-GDF SUEZ North America, Inc.",IPRGDFSUEZNORTH,0.0,13421726.81954,0.0,5.0,unmatched,
ghgrp_parent,IPSCO TUBULARS LLC,IPSCOTUBULARS,0.0,139883.604,0.0,10.0,unmatched,
ghgrp_parent,IREDELL COUNTY,IREDELLCOUNTY,0.0,166253.26,0.0,12.0,unmatched,
ghgrp_parent,IRONCLAD ENERGY PARTNERS LLC,IRONCLADENERGY,0.0,617803.5560000001,0.0,5.0,unmatched,
ghgrp_parent,"Irving Tissue, Inc.",IRVINGTISSUE,0.0,32249.028,0.0,8.0,unmatched,
ghgrp_parent,IRWS LLC,IRWS,0.0,65363.5,0.0,3.0,unmatched,
ghgrp_parent,"ISLAND ENERGY SERVICES, LLC",ISLANDENERGY,0.0,504886.928,0.0,1.0,unmatched,
ghgrp_parent,ISLAND ENERGY INVESTOR HOLDINGS LLC,ISLANDENERGYINVESTOR,0.0,476522.754,0.0,7.0,unmatched,
ghgrp_parent,ISOLATEK INTERNATIONAL,ISOLATEK,0.0,26220.792,0.0,10.0,unmatched,
ghgrp_parent,ISP Chemicals LLC,ISP,0.0,107541.48,0.0,1.0,unmatched,
ghgrp_parent,ISP CHEMCO LLC,ISPCHEMCO,0.0,106903.53199999999,0.0,5.0,unmatched,
ghgrp_parent,ISQ OREGON LLC,ISQOREGON,0.0,1027353.818,0.0,3.0,unmatched,
ghgrp_parent,"ISQ Oregon (Acquisition), LLC",ISQOREGONACQUISITION,0.0,492307.1,0.0,1.0,unmatched,
ghgrp_parent,ITC Holdings Corp,ITC,0.0,71715.12,0.0,8.0,unmatched,
ghgrp_parent,ITOCHU INTERNATIONAL INC,ITOCHU,0.0,1156733.4904999998,0.0,2.0,unmatched,
ghgrp_parent,"Jackson County, Michigan",JACKSONCOUNTYMICHIGAN,0.0,53477.018,0.0,12.0,unmatched,
ghgrp_parent,JAGGED PEAK ENERGY LLC,JAGGEDPEAKENERGY,0.0,576628.8200000001,0.0,8.0,unmatched,
ghgrp_parent,JAMES HARDIE BUILDING PRODUCTS INC,JAMESHARDIEBUILDINGPRODUCTS,0.0,121597.56800000001,0.0,9.0,unmatched,
ghgrp_parent,JAMES LAKE MIDSTREAM LLC,JAMESLAKEMIDSTREAM,0.0,248977.78000000003,0.0,9.0,unmatched,
ghgrp_parent,James River Coal Company,JAMESRIVERCOAL,0.0,227346.5,0.0,13.0,unmatched,
ghgrp_parent,JAMES RIVER COGENERATION CO,JAMESRIVERCOGENERATION,0.0,700687.4539999999,0.0,2.0,unmatched,
ghgrp_parent,"JAMES RIVER GENCO, LLC",JAMESRIVERGENCO,0.0,527313.0160000001,0.0,3.0,unmatched,
ghgrp_parent,JAMES VALLEY ETHANOL,JAMESVALLEYETHANOL,0.0,90548.96,0.0,9.0,unmatched,
ghgrp_parent,Jasa Hill Holding Company,JASAHILL,0.0,44949.932637000005,0.0,2.0,unmatched,
ghgrp_parent,Jay-Bee Oil & Gas Wellsites,JAYBEEOILGASWELLSITES,0.0,30388.408000000003,0.0,1.0,unmatched,
ghgrp_parent,JAZZ SEMICONDUCTOR INC,JAZZSEMICONDUCTOR,0.0,121614.900009,0.0,4.0,unmatched,
ghgrp_parent,JBS USA LLC,JBS,0.0,860139.0020000001,0.0,14.0,unmatched,
ghgrp_parent,JBS USA FOOD CO,JBSFOOD,0.0,597514.462,0.0,1.0,unmatched,
ghgrp_parent,J CLEO THOMPSON & JAMES CLEO THOMPSON JR LP,JCLEOTHOMPSONJAMESCLEOTHOMPSONJR,0.0,23846.9,0.0,8.0,unmatched,
ghgrp_parent,"J. Cleo Thompson & James Cleo Thompson, Jr. L.P.",JCLEOTHOMPSONJAMESCLEOTHOMPSONJRLP,0.0,38339.65,0.0,5.0,unmatched,
ghgrp_parent,JEA,JEA,0.0,12657958.529199999,0.0,14.0,unmatched,"municipal (Jacksonville, Florida)"
ghgrp_parent,Jefferies Financial Group Inc,JEFFERIESFINANCIAL,0.0,43644.25266723,0.0,1.0,unmatched,
ghgrp_parent,JEFFERSON COUNTY,JEFFERSONCOUNTY,0.0,16624.5,0.0,14.0,unmatched,
ghgrp_parent,"Jefferson County, AL",JEFFERSONCOUNTYAL,0.0,264080.25,0.0,9.0,unmatched,
ghgrp_parent,Jefferson Davis Landfill Commission,JEFFERSONDAVISLANDFILLCOMMISSION,0.0,9432.5,0.0,1.0,unmatched,
ghgrp_parent,JEFFERSON PARISH DAVIS LANDFILL,JEFFERSONPARISHDAVISLANDFILL,0.0,80408.25,0.0,7.0,unmatched,
ghgrp_parent,Jera Power Linden HD LLC,JERAPOWERLINDENHD,0.0,1136009.3859588362,0.0,1.0,unmatched,
ghgrp_parent,JFE Holdings,JFE,0.0,83825.75799999999,0.0,1.0,unmatched,
ghgrp_parent,JKLM ENERGY LLC,JKLMENERGY,0.0,59930.294,0.0,7.0,unmatched,
ghgrp_parent,J.L. French Automotive Castings Inc.,JLFRENCHAUTOMOTIVECASTINGS,0.0,35946.048,0.0,3.0,unmatched,
ghgrp_parent,J.L. French Corporation Gateway,JLFRENCHGATEWAY,0.0,33088.662,0.0,1.0,unmatched,
ghgrp_parent,JOE JENKINS,JOEJENKINS,0.0,4401.075,0.0,9.0,unmatched,
ghgrp_parent,JOHN SEXTON CONTRACTORS,JOHNSEXTONCONTRACTORS,0.0,41049.125,0.0,3.0,unmatched,
ghgrp_parent,John Sexton Sand & Gravel,JOHNSEXTONSANDGRAVEL,0.0,8134.9,0.0,2.0,unmatched,
ghgrp_parent,The Johns Hopkins Hospital,JOHNSHOPKINSHOSPITAL,0.0,69133.182,0.0,2.0,unmatched,
ghgrp_parent,"Johnson Controls Battery Group, Inc.",JOHNSONCONTROLSBATTERY,0.0,49358.704,0.0,2.0,unmatched,
ghgrp_parent,Johnston County Department of Public Utilities,JOHNSTONCOUNTYDEPARTMENTOFPUBLICUTILITIES,0.0,99062.0,0.0,8.0,unmatched,
ghgrp_parent,Johnston County Department of Solid Waste Services,JOHNSTONCOUNTYDEPARTMENTOFSOLIDWASTE,0.0,59490.25,0.0,1.0,unmatched,
ghgrp_parent,JOINT SOLID WASTE DISPOSAL BOARD CITY & COUNT OF PEORIA,JOINTSOLIDWASTEDISPOSALBOARDCITYCOUNTOFPEORIA,0.0,98199.34000000001,0.0,8.0,unmatched,
ghgrp_parent,"Joint Solid Waste Disposal Board, City and County of Peoria",JOINTSOLIDWASTEDISPOSALBOARDCITYCOUNTYOFPEORIA,0.0,139322.05,0.0,1.0,unmatched,
ghgrp_parent,JONAH ENERGY HOLDINGS LLC,JONAHENERGY,0.0,405304.298,0.0,6.0,unmatched,
ghgrp_parent,JONAH GAS GATHERING CO,JONAHGASGATHERING,0.0,507788.934,0.0,14.0,unmatched,
ghgrp_parent,"Jones Lang LaSalle at Beaumont Health System, L.L.C.",JONESLANGLASALLEATBEAUMONTHEALTHSYSTEMLLC,0.0,29571.636000000002,0.0,3.0,unmatched,
ghgrp_parent,"Jones Lang LaSalle at Beaunont Health System, L.L.C.",JONESLANGLASALLEATBEAUNONTHEALTHSYSTEMLLC,0.0,30379.724000000002,0.0,1.0,unmatched,
ghgrp_parent,JONES SANITATION,JONESSANITATION,0.0,106009.65,0.0,12.0,unmatched,
ghgrp_parent,JOSH BRAY DBA SANITATION SOLUTIONS,JOSHBRAYDBASANITATIONSOLUTIONS,0.0,74393.0,0.0,6.0,unmatched,
ghgrp_parent,JOY GLOBAL INC,JOYGLOBAL,0.0,80481.32,0.0,14.0,unmatched,
ghgrp_parent,JP MASCARO & SONS,JPMASCAROSONS,0.0,31536.0,0.0,4.0,unmatched,
ghgrp_parent,J-POWER USA,JPOWER,0.0,70377.388,0.0,5.0,unmatched,
ghgrp_parent,"J-POWER USA Generation, L.P.",JPOWERGENERATIONLP,0.0,1857923.11552,0.0,5.0,unmatched,
ghgrp_parent,J.R. Simplo Company,JRSIMPLO,0.0,97639.53600000001,0.0,1.0,unmatched,
ghgrp_parent,JW CHILDS LP,JWCHILDS,0.0,40894.946,0.0,14.0,unmatched,
ghgrp_parent,J-W Operating Company,JWOPERATING,0.0,149348.434,0.0,13.0,unmatched,
ghgrp_parent,JX NIPPON CHEMICAL TEXAS INC,JXNIPPONCHEMICALTEXAS,0.0,54346.096,0.0,8.0,unmatched,
ghgrp_parent,KAAPA Ethanol Ravenna LLC,KAAPAETHANOLRAVENNA,0.0,92614.202,0.0,1.0,unmatched,
ghgrp_parent,"Kaiser Group International, Inc.",KAISER,0.0,786.496,0.0,13.0,unmatched,
ghgrp_parent,KAISER ALUMINUM FABRICATED PRODUCTS LLC,KAISERALUMINUMFABRICATEDPRODUCTS,0.0,161676.89200000002,0.0,10.0,unmatched,
ghgrp_parent,KAISER-FRANCIS OIL CO,KAISERFRANCISOIL,0.0,842079.74,0.0,8.0,unmatched,
ghgrp_parent,Kalaeloa Partners L.P.,KALAELOALP,0.0,953701.27,0.0,1.0,unmatched,
ghgrp_parent,KaMin Holdo LLC,KAMINHOLDO,0.0,27548.496,0.0,1.0,unmatched,
ghgrp_parent,KAMO Power,KAMOPOWER,0.0,1552017.8464000002,0.0,5.0,unmatched,
ghgrp_parent,Kane County,KANECOUNTY,0.0,205142.454,0.0,2.0,unmatched,
ghgrp_parent,Kaneka Nutrients LP,KANEKANUTRIENTS,0.0,1575.05,0.0,1.0,unmatched,
ghgrp_parent,KANEKA TEXAS CORP,KANEKATEXAS,0.0,48548.9,0.0,12.0,unmatched,
ghgrp_parent,Kansas City Power & Light Company - Greater Missouri Operations Company,KANSASCITYPOWERLIGHTGREATERMISSOURIOPERATIONS,0.0,1183438.7448,0.0,5.0,unmatched,
ghgrp_parent,"Kansas Ethanol, L.L.C.",KANSASETHANOLLLC,0.0,57611.53200000001,0.0,1.0,unmatched,
ghgrp_parent,Kansas State University,KANSASSTATEUNIVERSITY,0.0,41466.344,0.0,1.0,unmatched,
ghgrp_parent,KapStone Paper,KAPSTONEPAPER,0.0,2077705.294,0.0,1.0,unmatched,
ghgrp_parent,KASH OIL & GAS - BASIN 220,KASHOILGASBASIN220,0.0,41501.439999999995,0.0,13.0,unmatched,
ghgrp_parent,KENAMERICAN RESOURCES INC,KENAMERICANRESOURCES,0.0,230276.25,0.0,6.0,unmatched,
ghgrp_parent,"Kendall Green Energy Holdings, LLC",KENDALLGREENENERGY,0.0,765369.816,0.0,1.0,unmatched,
ghgrp_parent,KENT COUNTY DEPARTMENT OF PUBLIC WORKS,KENTCOUNTYDEPARTMENTOFPUBLICWORKS,0.0,274837.298,0.0,5.0,unmatched,
ghgrp_parent,KENT COUNTY MICHIGAN DEPARTMENT OF PUBLIC WORKS,KENTCOUNTYMICHIGANDEPARTMENTOFPUBLICWORKS,0.0,404165.47,0.0,8.0,unmatched,
ghgrp_parent,Kern County Public Works Department,KERNCOUNTYPUBLICWORKSDEPARTMENT,0.0,54323.25,0.0,4.0,unmatched,
ghgrp_parent,Kern County Waste Management Department,KERNCOUNTYWASTEMANAGEMENTDEPARTMENT,0.0,112682.25,0.0,13.0,unmatched,
ghgrp_parent,KERN FRONT COGENERATION PL,KERNFRONTCOGENERATIONPL,0.0,10272.612000000001,0.0,2.0,unmatched,
ghgrp_parent,Kern Oil & Refining Company,KERNOILREFINING,0.0,172774.59,0.0,9.0,unmatched,
ghgrp_parent,KEYCON POWER HOLDINGS LLC,KEYCONPOWER,0.0,3697722.4373407997,0.0,3.0,unmatched,
ghgrp_parent,"Key Ingredients, Inc.",KEYINGREDIENTS,0.0,15905.94,0.0,1.0,unmatched,
ghgrp_parent,Key Production Co.,KEYPRODUCTION,0.0,42711.97,0.0,3.0,unmatched,
ghgrp_parent,KeySpan Corporation,KEYSPAN,0.0,345474.0,0.0,5.0,unmatched,
ghgrp_parent,KEYSPAN ENERGY CORPORATION,KEYSPANENERGY,0.0,264418.3,0.0,5.0,unmatched,
ghgrp_parent,KeySpan Gas East Corporation,KEYSPANGASEAST,0.0,2857480.392,0.0,1.0,unmatched,
ghgrp_parent,KGen Power Corporation,KGENPOWER,0.0,799361.6880000001,0.0,3.0,unmatched,
ghgrp_parent,KILBARGER CONSTRUCTION INC,KILBARGERCONSTRUCTION,0.0,137525.0,0.0,10.0,unmatched,
ghgrp_parent,"Kimberly-Clark Corporation, Owensboro Operations",KIMBERLYCLARKOWENSBOROOPERATIONS,0.0,89329.16,0.0,1.0,unmatched,
ghgrp_parent,Kimberly-Clark Corporation - World Headquarters,KIMBERLYCLARKWORLDHEADQUARTERS,0.0,150389.0,0.0,1.0,unmatched,
ghgrp_parent,Kimble Sanitayr Landfill,KIMBLESANITAYRLANDFILL,0.0,656659.5,0.0,1.0,unmatched,
ghgrp_parent,Kinder Morgan Battleground Oil LLC,KINDERMORGANBATTLEGROUNDOIL,0.0,19684.508800000003,0.0,1.0,unmatched,
ghgrp_parent,KINDER MORGAN ENERGY PTNR LP,KINDERMORGANENERGYPTNR,0.0,51755.7,0.0,1.0,unmatched,
ghgrp_parent,"Kinder Morgan Engergy Partners, L.P.",KINDERMORGANENGERGYLP,0.0,13565.262,0.0,1.0,unmatched,
ghgrp_parent,KINDER MORGAN OPERATING LP,KINDERMORGANOPERATING,0.0,42219.0,0.0,1.0,unmatched,
ghgrp_parent,"KINDER MORGAN OPERATING LP ""A""",KINDERMORGANOPERATINGA,0.0,134594.2142089093,0.0,4.0,unmatched,
ghgrp_parent,Kinder Morgan Operating Limited Partnership,KINDERMORGANOPERATINGLIMITEDPARTNERSHIP,0.0,26041.91,0.0,1.0,unmatched,
ghgrp_parent,"Kinder Morgan Operating Limited Partnership ""A""",KINDERMORGANOPERATINGLIMITEDPARTNERSHIPA,0.0,112109.54999999999,0.0,4.0,unmatched,
ghgrp_parent,"Kinder Morgan Operating Partnership ""A""",KINDERMORGANOPERATINGPARTNERSHIPA,0.0,40648.125,0.0,1.0,unmatched,
ghgrp_parent,KINDER MORGAN SNG OPERATOR LLC,KINDERMORGANSNGOPERATOR,0.0,60652.45,0.0,2.0,unmatched,
ghgrp_parent,"Kinder Morgan SNG Operator LLC, a Delaware LLC",KINDERMORGANSNGOPERATORADELAWARE,0.0,19665.083,0.0,1.0,unmatched,
ghgrp_parent,Kinder Morgan W2E Pipeline LLC,KINDERMORGANW2EPIPELINE,0.0,361859.91799999995,0.0,2.0,unmatched,
ghgrp_parent,"Kinder Morgen Energy Partners, L.P.",KINDERMORGENENERGYLP,0.0,38779.87,0.0,3.0,unmatched,
ghgrp_parent,"Kinder Morgn Energy Partners, L.P.",KINDERMORGNENERGYLP,0.0,86612.952,0.0,1.0,unmatched,
ghgrp_parent,KINETICA PARTNERS LLC,KINETICA,0.0,212263.946,0.0,11.0,unmatched,
ghgrp_parent,King County,KINGCOUNTY,0.0,157622.092,0.0,1.0,unmatched,
ghgrp_parent,KING COUNTY SOLID WASTE DIV,KINGCOUNTYSOLIDWASTEDIV,0.0,77623.996,0.0,4.0,unmatched,
ghgrp_parent,King County Solid Waste Division,KINGCOUNTYSOLIDWASTEDIVISION,0.0,164017.096,0.0,4.0,unmatched,
ghgrp_parent,"Kingfisher Midstream, LLC",KINGFISHERMIDSTREAM,0.0,52994.174,0.0,2.0,unmatched,
ghgrp_parent,"King George County, Virginia",KINGGEORGECOUNTYVIRGINIA,0.0,325670.758605,0.0,2.0,unmatched,
ghgrp_parent,"KINGSBURG ENERGY, LLC",KINGSBURGENERGY,0.0,580.29632,0.0,6.0,unmatched,
ghgrp_parent,Kings River Conservation District,KINGSRIVERCONSERVATIONDISTRICT,0.0,140045.532,0.0,5.0,unmatched,
ghgrp_parent,"KiOR, Inc",KIOR,0.0,11082.21,0.0,11.0,unmatched,
ghgrp_parent,KKR & CO INC,KKR,0.0,134377.88199999998,0.0,5.0,fund_holding,"named by EPA as the parent but held through managed funds, not consolidated by the listed manager; a carbon price lands on the portfolio company"
ghgrp_parent,Klausner Holding USA INC,KLAUSNER,0.0,31191.532,0.0,1.0,unmatched,
ghgrp_parent,KLEEN ENERGY HOLDINGS LLC,KLEENENERGY,0.0,1698568.226,0.0,10.0,unmatched,
ghgrp_parent,KMCO LLC,KMCO,0.0,73414.62400000001,0.0,13.0,unmatched,
ghgrp_parent,"KMCO, L.P.",KMCOLP,0.0,36605.712,0.0,1.0,unmatched,
ghgrp_parent,KMG CHEMICALS INC,KMG,0.0,1429.644,0.0,14.0,unmatched,
ghgrp_parent,KNAUF INSULATION GMBH,KNAUFINSULATIONGMBH,0.0,179508.71600000001,0.0,14.0,unmatched,
ghgrp_parent,Knox County Landfill,KNOXCOUNTYLANDFILL,0.0,82723.75,0.0,9.0,unmatched,
ghgrp_parent,"Koch Exploration Company, LLC",KOCHEXPLORATION,0.0,7365.8992259999995,0.0,4.0,unmatched,
ghgrp_parent,Kodiak Oil& Gas Corp.,KODIAKOILGAS,0.0,957008.326,0.0,13.0,unmatched,
ghgrp_parent,KOMATSU AMERICA CORP,KOMATSU,0.0,5259.378000000001,0.0,4.0,unmatched,
ghgrp_parent,Kootenai County,KOOTENAICOUNTY,0.0,88796.648,0.0,9.0,unmatched,
ghgrp_parent,KORT INVESTMENTS LLC,KORTINVESTMENTS,0.0,70725.98400000001,0.0,9.0,unmatched,
ghgrp_parent,"KPAQ INDUSTRIES, LLC",KPAQ,0.0,544263.42,0.0,5.0,unmatched,
ghgrp_parent,KRAKEN OIL & GAS LLC,KRAKENOILGAS,0.0,841210.932,0.0,7.0,unmatched,
ghgrp_parent,KRAKEN OIL & GAS III LLC,KRAKENOILGASIII,0.0,191258.37399999998,0.0,5.0,unmatched,
ghgrp_parent,KRATON CHEMICAL CO LLC,KRATONCHEMICAL,0.0,251930.232,0.0,1.0,unmatched,
ghgrp_parent,KRATON POLYMERS US LLC,KRATONPOLYMERS,0.0,272015.978,0.0,4.0,unmatched,
ghgrp_parent,"Kraton Polymers U.S., LLC",KRATONPOLYMERSUS,0.0,334390.76200000005,0.0,5.0,unmatched,
ghgrp_parent,"KRONOS Louisiana, Inc.",KRONOSLOUISIANA,0.0,201825.752,0.0,9.0,unmatched,
ghgrp_parent,K+S MONTANA HOLDINGS LLC,KSMONTANA,0.0,155585.41600000003,0.0,2.0,unmatched,
ghgrp_parent,KYOEI STEEL LTD,KYOEISTEEL,0.0,47553.691999999995,0.0,1.0,unmatched,
ghgrp_parent,KYOWA HAKKO BIO,KYOWAHAKKOBIO,0.0,31062.184,0.0,9.0,unmatched,
ghgrp_parent,Lackawanna Transport Company,LACKAWANNATRANSPORT,0.0,18767.75,0.0,13.0,unmatched,
ghgrp_parent,THE LACLEDE GROUP INC,LACLEDE,0.0,399974.55,0.0,6.0,unmatched,
ghgrp_parent,"La Crosse County, Wisconsin",LACROSSECOUNTYWISCONSIN,0.0,46762.45,0.0,9.0,unmatched,
ghgrp_parent,LAFARGEHOLCIM NORTH AMERICA INC,LAFARGEHOLCIMNORTH,0.0,1792093.716,0.0,1.0,unmatched,
ghgrp_parent,LAFARGE MIDWEST INC,LAFARGEMIDWEST,0.0,2673132.144,0.0,1.0,unmatched,
ghgrp_parent,Lafarge NA Inc.,LAFARGENA,0.0,658459.548,0.0,1.0,unmatched,
ghgrp_parent,LAFARGE NORTH AMERICA INC,LAFARGENORTH,0.0,7001419.672,0.0,14.0,unmatched,
ghgrp_parent,Lafayette Utilities System,LAFAYETTEUTILITIESSYSTEM,0.0,588109.22,0.0,14.0,unmatched,
ghgrp_parent,Lake County Board of County Commissioners (A Political Subdivision of the State of Florida),LAKECOUNTYBOARDOFCOUNTYCOMMISSIONERSAPOLITICALSUBDIVISIONOFSTATEOFFLORIDA,0.0,59135.75,0.0,5.0,unmatched,
ghgrp_parent,LAKE COUNTY BOARD OF COUNTY COMMISSIONERS (A POLITICAL SUBDIV OF THE STATE OF FLORIDA),LAKECOUNTYBOARDOFCOUNTYCOMMISSIONERSAPOLITICALSUBDIVOFSTATEOFFLORIDA,0.0,51601.75,0.0,4.0,unmatched,
ghgrp_parent,LAKE COUNTY DEPT OF UTILITY,LAKECOUNTYDEPTOFUTILITY,0.0,99710.0,0.0,8.0,unmatched,
ghgrp_parent,Lake County Dept of Utilityes,LAKECOUNTYDEPTOFUTILITYES,0.0,83420.4,0.0,1.0,unmatched,
ghgrp_parent,"Lake County, Montana",LAKECOUNTYMONTANA,0.0,9653.25,0.0,14.0,unmatched,
ghgrp_parent,LAKE HAVASU CITY,LAKEHAVASUCITY,0.0,33814.0,0.0,6.0,unmatched,
ghgrp_parent,"LAKESIDE ENERGY, LLC",LAKESIDEENERGY,0.0,32931.532,0.0,14.0,unmatched,
ghgrp_parent,Lamar County Regional Solid Waste Authority,LAMARCOUNTYREGIONALSOLIDWASTEAUTHORITY,0.0,51636.25,0.0,9.0,unmatched,
ghgrp_parent,Lamar Light and Power,LAMARLIGHTPOWER,0.0,211416.494,0.0,14.0,unmatched,
ghgrp_parent,"LAMB-WESTON/MIDWEST, INC",LAMBWESTONMIDWEST,0.0,25250.648,0.0,6.0,unmatched,
ghgrp_parent,LANCASTER COUNTY SOLID WASTE MANAGEMENT AUTHORITY,LANCASTERCOUNTYSOLIDWASTEMANAGEMENTAUTHORITY,0.0,703758.0279999999,0.0,9.0,unmatched,
ghgrp_parent,Landfill of North Iowa,LANDFILLOFNORTHIOWA,0.0,78814.75,0.0,9.0,unmatched,
ghgrp_parent,LAND & LAKES CO,LANDLAKES,0.0,244923.75,0.0,14.0,unmatched,
ghgrp_parent,LAND RECLAMATION CO INC,LANDRECLAMATION,0.0,20348.4,0.0,4.0,unmatched,
ghgrp_parent,Lane County,LANECOUNTY,0.0,179807.0,0.0,9.0,unmatched,
ghgrp_parent,"L'Anse Warden Electric CO, LLC",LANSEWARDENELECTRIC,0.0,168472.316,0.0,1.0,unmatched,
ghgrp_parent,LA PALOMA GENERATING CO LLC,LAPALOMAGENERATING,0.0,2532227.916,0.0,7.0,unmatched,
ghgrp_parent,LA PAZ COUNTY,LAPAZCOUNTY,0.0,52458.3,0.0,12.0,unmatched,
ghgrp_parent,LaPorte Methanol Company,LAPORTEMETHANOL,0.0,40507.1,0.0,4.0,unmatched,
ghgrp_parent,LARAMIE ENERGY II LLC,LARAMIEENERGYII,0.0,442301.4920000001,0.0,5.0,unmatched,
ghgrp_parent,LAREDO ENERGY LLC,LAREDOENERGY,0.0,116449.926,0.0,8.0,unmatched,
ghgrp_parent,"Larimer County, a political subdivision of the state of Colorado",LARIMERCOUNTYAPOLITICALSUBDIVISIONOFSTATEOFCOLORADO,0.0,36453.212,0.0,5.0,unmatched,
ghgrp_parent,LARIMER COUNTY A POLITICAL SUBDIV OF THE STATE OF COLORADO,LARIMERCOUNTYAPOLITICALSUBDIVOFSTATEOFCOLORADO,0.0,42463.062000000005,0.0,4.0,unmatched,
ghgrp_parent,LARRY HALL,LARRYHALL,0.0,29926.51415,0.0,11.0,unmatched,
ghgrp_parent,LaSalle Parish Police Jury,LASALLEPARISHPOLICEJURY,0.0,144008.0,0.0,1.0,unmatched,
ghgrp_parent,LAURENS COUNTY SOLID WASTE MANAGEMENT AUTHORITY,LAURENSCOUNTYSOLIDWASTEMANAGEMENTAUTHORITY,0.0,27777.5,0.0,3.0,unmatched,
ghgrp_parent,Lavaca Midstream LLC,LAVACAMIDSTREAM,0.0,134493.66199999998,0.0,1.0,unmatched,
ghgrp_parent,Lawrence County Solid Waste,LAWRENCECOUNTYSOLIDWASTE,0.0,18298.25,0.0,1.0,unmatched,
ghgrp_parent,LAZARUS ENERGY HOLDINGS LLC,LAZARUSENERGY,0.0,23441.841999999997,0.0,5.0,unmatched,
ghgrp_parent,LBC Houston LP,LBCHOUSTON,0.0,26945.4,0.0,1.0,unmatched,
ghgrp_parent,LCRA Transmission Services Corp,LCRATRANSMISSION,0.0,20766.24,0.0,1.0,unmatched,
ghgrp_parent,LDH Rensselaer LLC,LDHRENSSELAER,0.0,33595.976,0.0,1.0,unmatched,
ghgrp_parent,LEA COUNTY NM,LEACOUNTYNM,0.0,34009.5,0.0,5.0,unmatched,
ghgrp_parent,LEE COUNTY PUBLIC UTILITIES DEPARTMENT,LEECOUNTYPUBLICUTILITIESDEPARTMENT,0.0,580645.452,0.0,8.0,unmatched,
ghgrp_parent,LEED PETROLEUM LLC,LEEDPETROLEUM,0.0,10352.4457984,0.0,13.0,unmatched,
ghgrp_parent,Leflore County Municipal Solid Waste Landfill,LEFLORECOUNTYMUNICIPALSOLIDWASTELANDFILL,0.0,88200.75,0.0,9.0,unmatched,
ghgrp_parent,LEGACY RESERVES OPERATING LP,LEGACYRESERVESOPERATING,0.0,313046.47462,0.0,8.0,unmatched,
ghgrp_parent,LEGEND NATURAL GAS LLC,LEGENDNATURALGAS,0.0,852634.4700000001,0.0,13.0,unmatched,
ghgrp_parent,LEHIGH CEMENT CO LLC,LEHIGHCEMENT,0.0,2253761.53,0.0,9.0,unmatched,
ghgrp_parent,Lehigh Cement LLC New York and Delaware,LEHIGHCEMENTNEWYORKDELAWARE,0.0,324442.776,0.0,1.0,unmatched,
ghgrp_parent,LEHIGH HANSON INC,LEHIGHHANSON,0.0,7250744.348,0.0,10.0,unmatched,
ghgrp_parent,LENOIR COUNTY,LENOIRCOUNTY,0.0,42417.0,0.0,8.0,unmatched,
ghgrp_parent,Lenoir County Landfill,LENOIRCOUNTYLANDFILL,0.0,44905.0,0.0,1.0,unmatched,
ghgrp_parent,Le Norman Operating LLC,LENORMANOPERATING,0.0,162378.44,0.0,13.0,unmatched,
ghgrp_parent,LEON COUNTY FL,LEONCOUNTYFL,0.0,103701.25,0.0,12.0,unmatched,
ghgrp_parent,"Leone Industries, Inc.",LEONE,0.0,53786.652,0.0,2.0,unmatched,
ghgrp_parent,LES,LES,0.0,32094.878075,0.0,1.0,unmatched,
ghgrp_parent,LEUCADIA NATIONAL CORP,LEUCADIANATIONAL,0.0,131494.21246799998,0.0,13.0,unmatched,
ghgrp_parent,Lewis & Clark County,LEWISCLARKCOUNTY,0.0,21480.75,0.0,4.0,unmatched,
ghgrp_parent,"Lewis & Clark County, Montana",LEWISCLARKCOUNTYMONTANA,0.0,19159.25,0.0,12.0,unmatched,
ghgrp_parent,LEWIS CLARK RECYCLING & DISPOSAL LLC,LEWISCLARKRECYCLINGDISPOSAL,0.0,63359.5,0.0,3.0,unmatched,
ghgrp_parent,"Lewis Energy Group, L.P.",LEWISENERGYLP,0.0,1244930.978,0.0,4.0,unmatched,
ghgrp_parent,Lexington County Public Works Department,LEXINGTONCOUNTYPUBLICWORKSDEPARTMENT,0.0,29490.5,0.0,14.0,unmatched,
ghgrp_parent,"LG&E and KU Energy, LLC-Subpart DD SF6",LGEKUENERGYSUBPARTDDSF6,0.0,95338.2,0.0,4.0,unmatched,
ghgrp_parent,"Lhoist North America of Alabama, LLC",LHOISTNORTHOFALABAMA,0.0,847059.946,0.0,3.0,unmatched,
ghgrp_parent,Lhoist North America of Arizona,LHOISTNORTHOFARIZONA,0.0,838478.45,0.0,4.0,unmatched,
ghgrp_parent,"Lhoist North America of Missouri, Inc.",LHOISTNORTHOFMISSOURI,0.0,1105013.306,0.0,3.0,unmatched,
ghgrp_parent,"Lhoist North America of Texas, Ltd.",LHOISTNORTHOFTEXAS,0.0,1109684.778,0.0,3.0,unmatched,
ghgrp_parent,Libbey Glass LLC,LIBBEYGLASS,0.0,58866.808,0.0,1.0,unmatched,
ghgrp_parent,LIBERTY ELECTRIC POWER,LIBERTYELECTRICPOWER,0.0,1657367.908,0.0,8.0,unmatched,
ghgrp_parent,LIBERTY UTILITIES (NEW ENGLAND NATURAL GAS COMPANY) CORP,LIBERTYUTILITIESNEWENGLANDNATURALGAS,0.0,32038.2,0.0,2.0,unmatched,
ghgrp_parent,LIME ROCK RESOURCES,LIMEROCKRESOURCES,0.0,225375.339625,0.0,4.0,unmatched,
ghgrp_parent,"Lime Rock Resources III-A, LP",LIMEROCKRESOURCESIIIA,0.0,93573.262,0.0,1.0,unmatched,
ghgrp_parent,LIME ROCK RESOURCES IV-A LP,LIMEROCKRESOURCESIVA,0.0,275116.364,0.0,1.0,unmatched,
ghgrp_parent,"Limetree Bay Ventures, LLC",LIMETREEBAYVENTURES,0.0,901885.792,0.0,1.0,unmatched,
ghgrp_parent,LINCOLN COUNTY,LINCOLNCOUNTY,0.0,47622.0,0.0,12.0,unmatched,
ghgrp_parent,Lincoln Electric Sytem,LINCOLNELECTRICSYTEM,0.0,402.246,0.0,13.0,unmatched,
ghgrp_parent,"LINCOLN PAPER & TISSUE, LLC",LINCOLNPAPERTISSUE,0.0,648938.5079999999,0.0,14.0,unmatched,
ghgrp_parent,LINDE GAS NA LLC,LINDEGASNA,0.0,915.2860000000001,0.0,1.0,unmatched,
ghgrp_parent,LINDSAY GOLDBERG LLC,LINDSAYGOLDBERG,0.0,1197102.176,0.0,5.0,unmatched,
ghgrp_parent,Linear Technology Corporation,LINEARTECHNOLOGY,0.0,53620.000199999995,0.0,13.0,unmatched,
ghgrp_parent,"Linncolnland Agri-Energy, LLC",LINNCOLNLANDAGRIENERGY,0.0,79973.7,0.0,8.0,unmatched,
ghgrp_parent,LINN ENERGY,LINNENERGY,0.0,3742536.4999599997,0.0,13.0,unmatched,
ghgrp_parent,LION COPOLMER HOLDINGS LLC,LIONCOPOLMER,0.0,4209.73,0.0,3.0,unmatched,
ghgrp_parent,Lion Oil Company,LIONOIL,0.0,402778.858,0.0,1.0,unmatched,
ghgrp_parent,"LITTLE SIOUX CORN PROCESSORS, LLLP",LITTLESIOUXCORNPROCESSORSLLLP,0.0,167124.91999999998,0.0,7.0,unmatched,
ghgrp_parent,LIVINGSTON COUNTY MICHIGAN,LIVINGSTONCOUNTYMICHIGAN,0.0,21252.25,0.0,14.0,unmatched,
ghgrp_parent,LLC,LLC,0.0,20721.372,0.0,1.0,unmatched,
ghgrp_parent,"LLOG Exploration Offshore, L.L.C.",LLOGEXPLORATIONOFFSHORELLC,0.0,100422.32,0.0,1.0,unmatched,
ghgrp_parent,Local County Government,LOCALCOUNTYGOVERNMENT,0.0,120846.75,0.0,1.0,unmatched,
ghgrp_parent,Local Government,LOCALGOVERNMENT,0.0,48894.9,0.0,1.0,unmatched,
ghgrp_parent,LOCKPORT LP LLC,LOCKPORT,0.0,398091.18866399996,0.0,10.0,unmatched,
ghgrp_parent,"Lockport Energy Associates, LP.",LOCKPORTENERGYASSOCIATES,0.0,31102.188,0.0,1.0,unmatched,
ghgrp_parent,LOCKPORT POWER COGENERATION LLC,LOCKPORTPOWERCOGENERATION,0.0,188202.64366799998,0.0,10.0,unmatched,
ghgrp_parent,LODERS CROKLAAN USALLC,LODERSCROKLAANUSALLC,0.0,48631.316,0.0,4.0,unmatched,
ghgrp_parent,loe,LOE,0.0,178608.16199999998,0.0,4.0,unmatched,
ghgrp_parent,LOGANSPORT MUNICIPAL UTILITIES,LOGANSPORTMUNICIPALUTILITIES,0.0,229084.87,0.0,14.0,unmatched,
ghgrp_parent,LOGOS RESOURCES II LLC,LOGOSRESOURCESII,0.0,384986.55799999996,0.0,2.0,unmatched,
ghgrp_parent,LONESTAR RESOURCES US INC,LONESTARRESOURCES,0.0,121586.77,0.0,8.0,unmatched,
ghgrp_parent,LONGFELLOW ENERGY LP,LONGFELLOWENERGY,0.0,138973.002,0.0,8.0,unmatched,
ghgrp_parent,LONG ISLAND JEWISH MEDICAL CENTER,LONGISLANDJEWISHMEDICALCENTER,0.0,31935.61,0.0,3.0,unmatched,
ghgrp_parent,"LONGVIEW FIBER PAPER & PACKAGING, INC",LONGVIEWFIBERPAPERPACKAGING,0.0,1672806.154,0.0,2.0,unmatched,
ghgrp_parent,LONZA,LONZA,0.0,54826.844000000005,0.0,2.0,unmatched,
ghgrp_parent,LOPEZ FOODS INC,LOPEZFOODS,0.0,5606.94,0.0,14.0,unmatched,
ghgrp_parent,LOS ALAMOS COUNTY DEPARTMENT OF PUBLIC UTILITIES,LOSALAMOSCOUNTYDEPARTMENTOFPUBLICUTILITIES,0.0,270771.25218,0.0,9.0,unmatched,
ghgrp_parent,Los Alamos County Utilities,LOSALAMOSCOUNTYUTILITIES,0.0,260153.86782000004,0.0,5.0,unmatched,
ghgrp_parent,Los Angeles County,LOSANGELESCOUNTY,0.0,204604.028,0.0,9.0,unmatched,
ghgrp_parent,Los Angeles County Sanitation District,LOSANGELESCOUNTYSANITATIONDISTRICT,0.0,198386.11000000002,0.0,1.0,unmatched,
ghgrp_parent,LOS ANGELES COUNTY SANITATION DISTRICTS,LOSANGELESCOUNTYSANITATIONDISTRICTS,0.0,1433245.858,0.0,14.0,unmatched,
ghgrp_parent,LOUDON COUNTY SOLID WASTE DISPOSAL COMMISSION,LOUDONCOUNTYSOLIDWASTEDISPOSALCOMMISSION,0.0,150843.5,0.0,9.0,unmatched,
ghgrp_parent,"Loudoun County Department of General Services, Division of Waste Management",LOUDOUNCOUNTYDEPARTMENTOFGENERALDIVISIONOFWASTEMANAGEMENT,0.0,12255.75,0.0,2.0,unmatched,
ghgrp_parent,LOUDOUN COUNTY DEPARTMENT OF GENERAL SERVICES DIVISON OF WASTE MANAGMENT,LOUDOUNCOUNTYDEPARTMENTOFGENERALDIVISONOFWASTEMANAGMENT,0.0,32932.25,0.0,6.0,unmatched,
ghgrp_parent,Louis Dreyfus Agricultural Industries LLC,LOUISDREYFUSAGRICULTURAL,0.0,67301.19600000001,0.0,1.0,unmatched,
ghgrp_parent,LOUIS DREYFUS COMMODITIES LLC,LOUISDREYFUSCOMMODITIES,0.0,651657.184,0.0,9.0,unmatched,
ghgrp_parent,Louis Dreyfus Highbridge Energy LLC,LOUISDREYFUSHIGHBRIDGEENERGY,0.0,19609.526,0.0,1.0,unmatched,
ghgrp_parent,LOUIS DREYFUS CO NORTH AMERICA LLCC,LOUISDREYFUSNORTHLLCC,0.0,502861.9452978,0.0,1.0,unmatched,
ghgrp_parent,LOUISIANA IRON WORKS INC,LOUISIANAIRONWORKS,0.0,6715.07304,0.0,10.0,unmatched,
ghgrp_parent,LOWELL BROIN,LOWELLBROIN,0.0,716.6478,0.0,3.0,unmatched,
ghgrp_parent,"LOWELL COGENERATION CO, LP",LOWELLCOGENERATION,0.0,3317.634,0.0,13.0,unmatched,
ghgrp_parent,"Lowell Cogeneration Company, L.P.",LOWELLCOGENERATIONLP,0.0,997.142,0.0,1.0,unmatched,
ghgrp_parent,LOYOLA UNIVERSITY HEALTH SYSTEM,LOYOLAUNIVERSITYHEALTHSYSTEM,0.0,41117.296,0.0,9.0,unmatched,
ghgrp_parent,L.P. Gill Incorporated,LPGILL,0.0,111417.95,0.0,5.0,unmatched,
ghgrp_parent,LS POWER GROUP,LSPOWER,0.0,7976172.152472001,0.0,13.0,unmatched,
ghgrp_parent,"LS Power Developement, LLC",LSPOWERDEVELOPEMENT,0.0,39417.504,0.0,1.0,unmatched,
ghgrp_parent,LSP-WHITEWATER LP,LSPWHITEWATER,0.0,423370.702,0.0,11.0,unmatched,
ghgrp_parent,"LSP-Whitewater, Limited Partnership",LSPWHITEWATERLIMITEDPARTNERSHIP,0.0,301281.03599999996,0.0,1.0,unmatched,
ghgrp_parent,The Lubrizol Corporation,LUBRIZOL,0.0,165371.968,0.0,1.0,unmatched,
ghgrp_parent,Lucid Energy Artesia,LUCIDENERGYARTESIA,0.0,48261.454,0.0,1.0,unmatched,
ghgrp_parent,LUCID ENERGY DELAWARE,LUCIDENERGYDELAWARE,0.0,775000.246,0.0,3.0,unmatched,
ghgrp_parent,LUCID ENERGY WESTEX LLC,LUCIDENERGYWESTEX,0.0,284337.45800000004,0.0,10.0,unmatched,
ghgrp_parent,LUCITE INTERNATIONAL INC,LUCITE,0.0,228655.03999999998,0.0,14.0,unmatched,
ghgrp_parent,"Lufkin Industries, Inc.",LUFKIN,0.0,58926.044,0.0,14.0,unmatched,
ghgrp_parent,LUXE ENERGY LLC,LUXEENERGY,0.0,212469.166,0.0,5.0,unmatched,
ghgrp_parent,LYDA HUNT BUNKER TRUST-MARY MORELAND HUNT,LYDAHUNTBUNKERTRUSTMARYMORELANDHUNT,0.0,6121.948,0.0,12.0,unmatched,
ghgrp_parent,Lyon County,LYONCOUNTY,0.0,21845.25,0.0,1.0,unmatched,
ghgrp_parent,LYON COUNTY MINNESOTA,LYONCOUNTYMINNESOTA,0.0,68165.65,0.0,8.0,unmatched,
ghgrp_parent,LYONDELLBASSELL,LYONDELLBASSELL,0.0,7830312.772000001,0.0,9.0,unmatched,
ghgrp_parent,M3 OHIO GATHERING LLC,M3OHIOGATHERING,0.0,49305.683999999994,0.0,11.0,unmatched,
ghgrp_parent,M5 Midstream LLC,M5MIDSTREAM,0.0,162152.904,0.0,1.0,unmatched,
ghgrp_parent,MACHGEN LLC,MACHGEN,0.0,3722112.9560000002,0.0,5.0,unmatched,
ghgrp_parent,MACKINAW POWER,MACKINAWPOWER,0.0,12511.68,0.0,2.0,unmatched,
ghgrp_parent,MACLAND DISPOSAL CENTER COMMERCIAL & INDUSTRIAL LANDFILL,MACLANDDISPOSALCENTERCOMMERCIALINDUSTRIALLANDFILL,0.0,115001.5,0.0,7.0,unmatched,
ghgrp_parent,MACPHERSON ENERGY CORP,MACPHERSONENERGY,0.0,151177.684,0.0,5.0,unmatched,
ghgrp_parent,"Macpherson Green Power Company, LLC",MACPHERSONGREENPOWER,0.0,359570.23699999996,0.0,4.0,unmatched,
ghgrp_parent,MACPHERSON OIL CO,MACPHERSONOIL,0.0,462544.72599999997,0.0,14.0,unmatched,
ghgrp_parent,MACQUARIE INFRASTRUCTURE CO LLC,MACQUARIEINFRASTRUCTURE,0.0,421581.21,0.0,12.0,unmatched,
ghgrp_parent,MACQUARIE INFRASTRUCTURE AND REAL ASSETS,MACQUARIEINFRASTRUCTUREREALASSETS,0.0,29738.174,0.0,1.0,unmatched,
ghgrp_parent,MADERA COUNTY PUBLIC WORKS,MADERACOUNTYPUBLICWORKS,0.0,90878.5,0.0,5.0,unmatched,
ghgrp_parent,Madera Disposal Systems,MADERADISPOSALSYSTEMS,0.0,26210.0,0.0,4.0,unmatched,
ghgrp_parent,"Madill Gas Processing Company, L.L.C.",MADILLGASPROCESSINGLLC,0.0,18729.954,0.0,1.0,unmatched,
ghgrp_parent,The Madison County Department of Solid Waste and Sanitation,MADISONCOUNTYDEPARTMENTOFSOLIDWASTESANITATION,0.0,28528.05,0.0,1.0,unmatched,
ghgrp_parent,MADISON COUNTY DEPT OF SOLID WASTE & SANITATION,MADISONCOUNTYDEPTOFSOLIDWASTESANITATION,0.0,22262.6,0.0,8.0,unmatched,
ghgrp_parent,Madison Gas and Electric Co.,MADISONGASELECTRIC,0.0,635525.6376,0.0,12.0,unmatched,
ghgrp_parent,Madison Paper Industies,MADISONPAPERINDUSTIES,0.0,82779.40400000001,0.0,4.0,unmatched,
ghgrp_parent,MAERSK OIL GULF OF MEXICO FOUR LLC,MAERSKOILGULFOFMEXICOFOUR,0.0,9170.692200000001,0.0,4.0,unmatched,
ghgrp_parent,MAERSK OIL HOUSTON INC,MAERSKOILHOUSTON,0.0,9474.6903,0.0,1.0,unmatched,
ghgrp_parent,MAGELLAN PROCESSING HOLDINGS LP,MAGELLANPROCESSING,0.0,78700.29800000001,0.0,3.0,unmatched,
ghgrp_parent,MAGNA POWERTRAIN,MAGNAPOWERTRAIN,0.0,24325.208,0.0,13.0,unmatched,
ghgrp_parent,MAGNESIUM PRODUCTS OF AMERICA,MAGNESIUMPRODUCTSOF,0.0,167675.0271,0.0,13.0,unmatched,
ghgrp_parent,Magnolia Oil & Gas Operating LLC,MAGNOLIAOILGASOPERATING,0.0,421109.058,0.0,1.0,unmatched,
ghgrp_parent,Magnum Hunter Resources Corporation,MAGNUMHUNTERRESOURCES,0.0,56560.902,0.0,13.0,unmatched,
ghgrp_parent,MAGRETECH LLC,MAGRETECH,0.0,273485.09800000006,0.0,2.0,unmatched,
ghgrp_parent,MAGTFTC MCAGCC Twentynine Palms,MAGTFTCMCAGCCTWENTYNINEPALMS,0.0,36190.564000000006,0.0,1.0,unmatched,
ghgrp_parent,Mainline Generation LLC,MAINLINEGENERATION,0.0,47441.624,0.0,1.0,unmatched,
ghgrp_parent,MALAGA POWER LLC,MALAGAPOWER,0.0,56284.691999999995,0.0,6.0,unmatched,
ghgrp_parent,MALLARD EXPLORATION LLC,MALLARDEXPLORATION,0.0,48405.104,0.0,4.0,unmatched,
ghgrp_parent,MALTEUROP GROUPE,MALTEUROPGROUPE,0.0,14687.844,0.0,1.0,unmatched,
ghgrp_parent,MALT-O-MEAL CO,MALTOMEAL,0.0,39077.104,0.0,5.0,unmatched,
ghgrp_parent,Manatee County Government,MANATEECOUNTYGOVERNMENT,0.0,246835.0,0.0,9.0,unmatched,
ghgrp_parent,"Manistique Holdings, LLC",MANISTIQUE,0.0,182646.732,0.0,1.0,unmatched,
ghgrp_parent,"Manistique Acquisition, LLC",MANISTIQUEACQUISITION,0.0,213201.926,0.0,3.0,unmatched,
ghgrp_parent,"Manti Exploration Operating, LLC",MANTIEXPLORATIONOPERATING,0.0,66942.454,0.0,13.0,unmatched,
ghgrp_parent,MANULIFE FINANCIAL CORP,MANULIFEFINANCIAL,0.0,189572.8381536,0.0,1.0,unmatched,
ghgrp_parent,MAPLE ENERGY HOLDINGS LLC,MAPLEENERGY,0.0,333334.40599999996,0.0,3.0,unmatched,
ghgrp_parent,Marathon,MARATHON,0.0,83991.222,0.0,1.0,blocked,the bare name does not distinguish Marathon Petroleum from Marathon Oil
ghgrp_parent,"Marathon Alaska Production, LLC",MARATHONALASKAPRODUCTION,0.0,26522.049034,0.0,2.0,unmatched,
ghgrp_parent,Marathon County,MARATHONCOUNTY,0.0,25326.5,0.0,1.0,unmatched,
ghgrp_parent,MARATHON COUNTY SOLID WASTE DEPARTMENT,MARATHONCOUNTYSOLIDWASTEDEPARTMENT,0.0,95391.1,0.0,8.0,unmatched,
ghgrp_parent,Marathon Renewable Fuels,MARATHONRENEWABLEFUELS,0.0,243561.4466336,0.0,4.0,unmatched,
ghgrp_parent,"Marazzi USA, Inc.",MARAZZI,0.0,100467.872,0.0,2.0,unmatched,
ghgrp_parent,"Marcal Paper Mills Holding Company, LLC",MARCALPAPERMILLS,0.0,58077.306,0.0,1.0,unmatched,
ghgrp_parent,MARICOPA COUNTY,MARICOPACOUNTY,0.0,102294.5,0.0,8.0,unmatched,
ghgrp_parent,Maricopa County Solid Waste,MARICOPACOUNTYSOLIDWASTE,0.0,80349.0,0.0,4.0,unmatched,
ghgrp_parent,Maricopa County solid Waste Managment,MARICOPACOUNTYSOLIDWASTEMANAGMENT,0.0,33250.0,0.0,1.0,unmatched,
ghgrp_parent,US Marine Corps,MARINECORPS,0.0,21427.62,0.0,12.0,unmatched,
ghgrp_parent,MARION COUNTY,MARIONCOUNTY,0.0,45748.75,0.0,6.0,unmatched,
ghgrp_parent,The Marion County Coal Co,MARIONCOUNTYCOAL,0.0,2380935.894,0.0,1.0,unmatched,
ghgrp_parent,Marion County Landfill,MARIONCOUNTYLANDFILL,0.0,43586.0,0.0,1.0,unmatched,
ghgrp_parent,Marion Ethanol LLC d/b/a Poet Biorefining - Marion,MARIONETHANOLDBAPOETBIOREFININGMARION,0.0,106673.446,0.0,4.0,unmatched,
ghgrp_parent,"Maritimes & Northeast Pipeline, LLC",MARITIMESNORTHEASTPIPELINE,0.0,30947.386000000002,0.0,4.0,unmatched,
ghgrp_parent,MAR-JAC HOLDINGS INC,MARJAC,0.0,15488.336,0.0,11.0,unmatched,
ghgrp_parent,MARKEETA ANNE LERAY,MARKEETAANNELERAY,0.0,25502.567530000004,0.0,6.0,unmatched,
ghgrp_parent,Markeeta Anne LeRay & Okla Title Clearing Corp,MARKEETAANNELERAYOKLATITLECLEARING,0.0,27371.176000000003,0.0,3.0,unmatched,
ghgrp_parent,"MARKWEST ENERGY PARTNERS, LP",MARKWESTENERGY,0.0,2177887.0004,0.0,14.0,unmatched,
ghgrp_parent,"MarkWest Energy Partners, L.P.",MARKWESTENERGYLP,0.0,823053.678,0.0,1.0,unmatched,
ghgrp_parent,"MARLIN MIDSTREAM, LLC",MARLINMIDSTREAM,0.0,96304.402,0.0,13.0,unmatched,
ghgrp_parent,Marquette County Solid Waste Management Authority,MARQUETTECOUNTYSOLIDWASTEMANAGEMENTAUTHORITY,0.0,85.398,0.0,14.0,unmatched,
ghgrp_parent,MARQUIS ENERGY LLC,MARQUISENERGY,0.0,674025.46,0.0,12.0,unmatched,
ghgrp_parent,The Marshall County Coal Co,MARSHALLCOUNTYCOAL,0.0,2313961.358,0.0,1.0,unmatched,
ghgrp_parent,Marshall Durbin Food Processing Company,MARSHALLDURBINFOODPROCESSING,0.0,23679.884,0.0,2.0,unmatched,
ghgrp_parent,MARSHALL MUNICIPAL UTILITIES,MARSHALLMUNICIPALUTILITIES,0.0,37433.392,0.0,14.0,unmatched,
ghgrp_parent,MARSH OIL & GAS COMPANY,MARSHOILGAS,0.0,13681.85,0.0,12.0,unmatched,
ghgrp_parent,MARTIN COUNTY BOARD OF COUNTY COMMISSIONERS,MARTINCOUNTYBOARDOFCOUNTYCOMMISSIONERS,0.0,13027.0,0.0,14.0,unmatched,
ghgrp_parent,MARTINEZ REFINING CO LLC,MARTINEZREFINING,0.0,3228239.9620000003,0.0,2.0,unmatched,
ghgrp_parent,Martin Midstream Partners L.P.,MARTINMIDSTREAMLP,0.0,29918.287,0.0,1.0,unmatched,
ghgrp_parent,Marubeni Oil & Gas USA LLC,MARUBENIOILGAS,0.0,6449.76575,0.0,1.0,unmatched,
ghgrp_parent,MARUBENI POWER AMERICA INC,MARUBENIPOWER,0.0,662235.830432,0.0,4.0,unmatched,
ghgrp_parent,"Marubeni Power America, Inc. (c/o Corporation Trust Center)",MARUBENIPOWERCOTRUSTCENTER,0.0,319123.8778,0.0,5.0,unmatched,
ghgrp_parent,Mary Hamon Montgomery,MARYHAMONMONTGOMERY,0.0,967.9186663283199,0.0,1.0,unmatched,
ghgrp_parent,MARYLAND ENVIRONMENTAL SERVICE,MARYLANDENVIRONMENTALSERVICE,0.0,102072.5,0.0,8.0,unmatched,
ghgrp_parent,Maryland Environmental Service (Independent State Agency),MARYLANDENVIRONMENTALSERVICEINDEPENDENTSTATEAGENCY,0.0,94638.5,0.0,1.0,unmatched,
ghgrp_parent,Mason County Fiscal Court,MASONCOUNTYFISCALCOURT,0.0,16014.2,0.0,14.0,unmatched,
ghgrp_parent,MASONITE NORTH AMERICA,MASONITENORTH,0.0,28661.737999999998,0.0,3.0,unmatched,
ghgrp_parent,Massachusettes Institute of Technology,MASSACHUSETTESINSTITUTEOFTECHNOLOGY,0.0,154241.712,0.0,1.0,unmatched,
ghgrp_parent,MASSACHUSETTS WATER RESOURCES AUTHORITY,MASSACHUSETTSWATERRESOURCESAUTHORITY,0.0,66768.27,0.0,14.0,unmatched,
ghgrp_parent,MATADOR PRODUCTION CO,MATADORPRODUCTION,0.0,493557.576,0.0,7.0,unmatched,
ghgrp_parent,MATANUSKA-SUSITNA BOROUGH EMPLOYEE'S ASSOC,MATANUSKASUSITNABOROUGHEMPLOYEESASSOC,0.0,44219.5,0.0,3.0,unmatched,
ghgrp_parent,MATERIALS INNOVATION & RECYCLING AUTHORITY,MATERIALSINNOVATIONRECYCLINGAUTHORITY,0.0,673269.304,0.0,10.0,unmatched,
ghgrp_parent,INTERNATIONAL MATEX TANK TERMINALS,MATEXTANKTERMINALS,0.0,54582.632000000005,0.0,7.0,unmatched,
ghgrp_parent,MATT BREWING CO INC,MATTBREWING,0.0,5424.3,0.0,14.0,unmatched,
ghgrp_parent,MAUI ELECTRIC CO LTD,MAUIELECTRIC,0.0,798077.01,0.0,9.0,unmatched,
ghgrp_parent,MAXIM POWER USA INC,MAXIMPOWER,0.0,220691.10987920003,0.0,8.0,unmatched,
ghgrp_parent,"Maxim Power (USA), Inc. [Registered Agent: The Corporation Trust Company of Nevada]",MAXIMPOWERREGISTEREDAGENTTRUSTOFNEVADA,0.0,177600.36599999998,0.0,14.0,unmatched,
ghgrp_parent,"MAXIMUS COFFEE GROUP, LLC",MAXIMUSCOFFEE,0.0,47122.188,0.0,3.0,unmatched,
ghgrp_parent,"MAXIMUS COFFEE GROUP, L.P",MAXIMUSCOFFEELP,0.0,47736.492,0.0,1.0,unmatched,
ghgrp_parent,"MAYFLOWER ENERGY PARTNERS, LLC",MAYFLOWERENERGY,0.0,244439.07400000002,0.0,8.0,unmatched,
ghgrp_parent,Mayor and City Council of Baltimore,MAYORCITYCOUNCILOFBALTIMORE,0.0,146410.0,0.0,7.0,unmatched,
ghgrp_parent,MAZDA MOTOR CORP,MAZDAMOTOR,0.0,26850.886208006552,0.0,9.0,unmatched,
ghgrp_parent,MCCAIN FOODS USA INC,MCCAINFOODS,0.0,244234.554,0.0,10.0,unmatched,
ghgrp_parent,MCCARTHY BUSH CORP,MCCARTHYBUSH,0.0,364424.768,0.0,14.0,unmatched,
ghgrp_parent,McElvain Energy Inc,MCELVAINENERGY,0.0,32759.501999999997,0.0,6.0,unmatched,
ghgrp_parent,MCLEOD HEALTH,MCLEODHEALTH,0.0,10666.052,0.0,14.0,unmatched,
ghgrp_parent,MECHEL BLUESTONE INC,MECHELBLUESTONE,0.0,36952.14,0.0,14.0,unmatched,
ghgrp_parent,MECKLENBURG COUNTY,MECKLENBURGCOUNTY,0.0,30375.75,0.0,14.0,unmatched,
ghgrp_parent,MEDUSA SPAR LLC,MEDUSASPAR,0.0,42488.0475,0.0,9.0,unmatched,
ghgrp_parent,MELROSE INDUSTRIES PLC,MELROSE,0.0,51040.638,0.0,4.0,unmatched,
ghgrp_parent,MELVIN JUDKINS,MELVINJUDKINS,0.0,16085.25,0.0,1.0,unmatched,
ghgrp_parent,MEMORIAL PRODUCTION PARTNERS LLC,MEMORIALPRODUCTION,0.0,52957.907999999996,0.0,2.0,unmatched,
ghgrp_parent,"Memorial Production Operating, LLC",MEMORIALPRODUCTIONOPERATING,0.0,132826.576,0.0,4.0,unmatched,
ghgrp_parent,"Memphis Light, Gas and Water",MEMPHISLIGHTGASWATER,0.0,169.8,0.0,1.0,unmatched,
ghgrp_parent,MEMPHIS LIGHT GAS & WATER DIV,MEMPHISLIGHTGASWATERDIV,0.0,38894.25,0.0,8.0,unmatched,
ghgrp_parent,MEPCO INTERMEDIATE HOLDINGS LLC,MEPCOINTERMEDIATE,0.0,328580.0,0.0,13.0,unmatched,
ghgrp_parent,Mercator Minerals Ltd,MERCATORMINERALS,0.0,152922.022,0.0,3.0,unmatched,
ghgrp_parent,Merced County Regional Waste Management,MERCEDCOUNTYREGIONALWASTEMANAGEMENT,0.0,43085.0,0.0,4.0,unmatched,
ghgrp_parent,MERCED COUNTY WASTE MANAGEMENT AUTHORITY,MERCEDCOUNTYWASTEMANAGEMENTAUTHORITY,0.0,29657.75,0.0,5.0,unmatched,
ghgrp_parent,MERCER LIME CO,MERCERLIME,0.0,215387.856,0.0,13.0,unmatched,
ghgrp_parent,Mercer Lime & Stone,MERCERLIMESTONE,0.0,207997.726,0.0,1.0,unmatched,
ghgrp_parent,MERCURIA ENERGY GROUP HOLDING LTD,MERCURIAENERGY,0.0,129632.612,0.0,5.0,unmatched,
ghgrp_parent,MERCURIA ENERGY TRADING INC,MERCURIAENERGYTRADING,0.0,104229.208,0.0,5.0,unmatched,
ghgrp_parent,"Meridian Land CO, LLC",MERIDIANLAND,0.0,107175.75,0.0,1.0,unmatched,
ghgrp_parent,MERION INNOVATION I LLC & MERION INNOVATION III LLC,MERIONINNOVATIONIMERIONINNOVATIONIII,0.0,11960.956,0.0,5.0,unmatched,
ghgrp_parent,MERISOL USA LLC,MERISOL,0.0,65169.404,0.0,3.0,unmatched,
ghgrp_parent,Merisol Limited Partnership,MERISOLLIMITEDPARTNERSHIP,0.0,68520.59199999999,0.0,1.0,unmatched,
ghgrp_parent,Mesa County,MESACOUNTY,0.0,77177.5,0.0,8.0,unmatched,
ghgrp_parent,Mesa County Government,MESACOUNTYGOVERNMENT,0.0,72319.0,0.0,1.0,unmatched,
ghgrp_parent,MESQUITE ENERGY INC,MESQUITEENERGY,0.0,1073973.288,0.0,4.0,unmatched,
ghgrp_parent,METHANEX FORTIER INC,METHANEXFORTIER,0.0,856185.348,0.0,6.0,unmatched,
ghgrp_parent,Metropolitan Airports Commissions,METROPOLITANAIRPORTSCOMMISSIONS,0.0,23312.412,0.0,1.0,unmatched,
ghgrp_parent,Mewbourne Oil CO,MEWBOURNEOIL,0.0,839387.0700000001,0.0,5.0,unmatched,
ghgrp_parent,Mexichem S.A.B. de C.V.,MEXICHEMSABDECV,0.0,69889.71,0.0,2.0,unmatched,
ghgrp_parent,M&G CHEMICALS SA,MG,0.0,46479.524000000005,0.0,3.0,unmatched,
ghgrp_parent,M&G FINANZIARIA INDUSTRIALE SPA,MGFINANZIARIAINDUSTRIALESPA,0.0,46156.876,0.0,5.0,unmatched,
ghgrp_parent,MGPI PROCESSING INC,MGPIPROCESSING,0.0,139751.47400000002,0.0,1.0,unmatched,
ghgrp_parent,MIAMI-DADE COUNTY,MIAMIDADECOUNTY,0.0,29699.793999999998,0.0,1.0,unmatched,
ghgrp_parent,Miami-Dade County Department of Soild Waste Magement,MIAMIDADECOUNTYDEPARTMENTOFSOILDWASTEMAGEMENT,0.0,718802.988,0.0,1.0,unmatched,
ghgrp_parent,Miami-Dade County Department of Solid Waste,MIAMIDADECOUNTYDEPARTMENTOFSOLIDWASTE,0.0,112945.5,0.0,1.0,unmatched,
ghgrp_parent,MIAMI-DADE COUNTY DEPARTMENT OF SOLID WASTE MANAGEMENT,MIAMIDADECOUNTYDEPARTMENTOFSOLIDWASTEMANAGEMENT,0.0,1096323.1439999999,0.0,9.0,unmatched,
ghgrp_parent,Miami Dade Public Works and Waste Management Department,MIAMIDADEPUBLICWORKSWASTEMANAGEMENTDEPARTMENT,0.0,235195.0,0.0,5.0,unmatched,
ghgrp_parent,MIAMI DADE WATER & SEWER DEPARTMENT,MIAMIDADEWATERSEWERDEPARTMENT,0.0,31656.3,0.0,1.0,unmatched,
ghgrp_parent,MICHELIN NA INC,MICHELINNA,0.0,88963.006,0.0,1.0,unmatched,
ghgrp_parent,"michigan ethanol, LLC DBA POET biorefining- Caro",MICHIGANETHANOLDBAPOETBIOREFININGCARO,0.0,86138.876,0.0,5.0,unmatched,
ghgrp_parent,Michigan Milk Producers Association,MICHIGANMILKPRODUCERSASSOCIATION,0.0,27720.496,0.0,1.0,unmatched,
ghgrp_parent,MICHIGAN SOUTH CENTRAL POWER AGENCY,MICHIGANSOUTHCENTRALPOWERAGENCY,0.0,418740.724,0.0,14.0,unmatched,
ghgrp_parent,Michigan State Government,MICHIGANSTATEGOVERNMENT,0.0,565918.058,0.0,1.0,unmatched,
ghgrp_parent,MICOAST ENERGY LLC,MICOASTENERGY,0.0,34639.72,0.0,1.0,unmatched,
ghgrp_parent,Micrel Semiconductor Inc,MICRELSEMICONDUCTOR,0.0,25629.128,0.0,1.0,unmatched,
ghgrp_parent,Microfabrica,MICROFABRICA,0.0,11.4,0.0,10.0,unmatched,
ghgrp_parent,MIDAMERICAN FUNDING LLC,MIDAMERICANFUNDING,0.0,821869.68,0.0,1.0,unmatched,
ghgrp_parent,MIDCOAST ENERGY LLC,MIDCOASTENERGY,0.0,1723212.0899999996,0.0,7.0,unmatched,
ghgrp_parent,MIDCONTINENT EXPRESS PIPELINE LLC,MIDCONTINENTEXPRESSPIPELINE,0.0,136883.691984,0.0,1.0,unmatched,
ghgrp_parent,MIDDLEBOROUGH GAS & ELECTRIC DEPARTMENT,MIDDLEBOROUGHGASELECTRICDEPARTMENT,0.0,1896.3,0.0,9.0,unmatched,
ghgrp_parent,MIDDLE RIVER POWER II LLC,MIDDLERIVERPOWERII,0.0,1381567.6160000002,0.0,5.0,unmatched,
ghgrp_parent,MIDDLE RIVER POWER III LLC,MIDDLERIVERPOWERIII,0.0,418707.60000000003,0.0,1.0,unmatched,
ghgrp_parent,Middlesex Utilities Authority,MIDDLESEXUTILITIESAUTHORITY,0.0,364350.45,0.0,1.0,unmatched,
ghgrp_parent,"Mid-American Engergy Holdings, Co.",MIDENGERGY,0.0,47033.824,0.0,1.0,unmatched,
ghgrp_parent,"MID GEORGIA COGEN, LP",MIDGEORGIACOGEN,0.0,185773.212,0.0,3.0,unmatched,
ghgrp_parent,"Mid-Georgia Cogeneration, LP",MIDGEORGIACOGENERATION,0.0,130565.084,0.0,1.0,unmatched,
ghgrp_parent,"MID KANSAS ELECTRIC CO, LLC",MIDKANSASELECTRIC,0.0,504457.5940000001,0.0,14.0,unmatched,
ghgrp_parent,"MIDLAND OIL AND GAS, INC",MIDLANDOILGAS,0.0,4290.1,0.0,13.0,unmatched,
ghgrp_parent,MidMar Gas LLC,MIDMARGAS,0.0,300098.314,0.0,2.0,unmatched,
ghgrp_parent,Mid-America Packaging LLC,MIDPACKAGING,0.0,310544.22,0.0,1.0,unmatched,
ghgrp_parent,MIDSHIP PIPELINE CO LLC,MIDSHIPPIPELINE,0.0,25816.863999999998,0.0,1.0,unmatched,
ghgrp_parent,"Midsouth Holding, LLC",MIDSOUTH,0.0,1662.294,0.0,2.0,unmatched,
ghgrp_parent,"MIDSTATES PETROLEUM COMPANY, LLC",MIDSTATESPETROLEUM,0.0,353532.448,0.0,13.0,unmatched,
ghgrp_parent,AMERICAN MIDSTREAM PARTNERS LP,MIDSTREAM,0.0,276037.72,0.0,13.0,unmatched,
ghgrp_parent,"AMERICAN MIDSTREAM GP, LLC",MIDSTREAMGP,0.0,107371.46,0.0,2.0,unmatched,
ghgrp_parent,"Milagro Exploration, LLC",MILAGROEXPLORATION,0.0,169209.97999999998,0.0,13.0,unmatched,
ghgrp_parent,"MILLENNIUM INORGANIC CHEMICALS, INC",MILLENNIUMINORGANIC,0.0,475582.064,0.0,2.0,unmatched,
ghgrp_parent,MILLERCOORS LLC,MILLERCOORS,0.0,482517.064,0.0,14.0,unmatched,
ghgrp_parent,MILLER ENERGY CO II LLC,MILLERENERGYII,0.0,21743.146,0.0,3.0,unmatched,
ghgrp_parent,"Mincorp, Inc.",MINCORP,0.0,29410.0,0.0,14.0,unmatched,
ghgrp_parent,MINNESOTA POLLUTION CONTROL AGENCY,MINNESOTAPOLLUTIONCONTROLAGENCY,0.0,117129.75,0.0,14.0,unmatched,
ghgrp_parent,MISSION ENERGY NEW YORK,MISSIONENERGYNEWYORK,0.0,1077666.654,0.0,3.0,unmatched,
ghgrp_parent,MISSION SOLAR ENERGY LLC,MISSIONSOLARENERGY,0.0,11567.943000000001,0.0,10.0,unmatched,
ghgrp_parent,Mississiippi County,MISSISSIIPPICOUNTY,0.0,69400.6,0.0,1.0,unmatched,
ghgrp_parent,MISSISSIPPI COUNTY,MISSISSIPPICOUNTY,0.0,92409.85,0.0,11.0,unmatched,
ghgrp_parent,MISSISSIPPI LIME CO,MISSISSIPPILIME,0.0,3398280.766,0.0,10.0,unmatched,
ghgrp_parent,"Missouri Ethanol, LLC d/b/a POET Biorefining - Laddonia",MISSOURIETHANOLDBAPOETBIOREFININGLADDONIA,0.0,59903.03,0.0,1.0,unmatched,
ghgrp_parent,Missouri Joint Municipal Electic Utility Commissions,MISSOURIJOINTMUNICIPALELECTICUTILITYCOMMISSIONS,0.0,443008.8373116,0.0,1.0,unmatched,
ghgrp_parent,Missouri Joint Municipal Electric Utility Commissions,MISSOURIJOINTMUNICIPALELECTRICUTILITYCOMMISSIONS,0.0,734971.4021760001,0.0,4.0,unmatched,
ghgrp_parent,MISSOURI RIVER RESOURCES,MISSOURIRIVERRESOURCES,0.0,21478.608,0.0,3.0,unmatched,
ghgrp_parent,MISSOURI RIVER RESOURCES ND LLC,MISSOURIRIVERRESOURCESND,0.0,18516.788,0.0,5.0,unmatched,
ghgrp_parent,"Mistersky Power Station, City of Detroit",MISTERSKYPOWERSTATIONCITYOFDETROIT,0.0,3.384,0.0,13.0,unmatched,
ghgrp_parent,MITSUBISHI MATERIALS CORP,MITSUBISHIMATERIALS,0.0,1355159.264,0.0,8.0,unmatched,
ghgrp_parent,MITSUBISHI POLYCRYSTALLINE SILICON AMERICA CORP,MITSUBISHIPOLYCRYSTALLINESILICON,0.0,36189.064000000006,0.0,8.0,unmatched,
ghgrp_parent,MITSUBISHI POLYESTER FILM INC,MITSUBISHIPOLYESTERFILM,0.0,42325.462,0.0,11.0,unmatched,
ghgrp_parent,MIZKAN GROUP COMP,MIZKANCOMP,0.0,27495.796,0.0,10.0,unmatched,
ghgrp_parent,MLCJR LLC,MLCJR,0.0,24588.60588,0.0,1.0,unmatched,
ghgrp_parent,MMGJ COLORADO LLC,MMGJCOLORADO,0.0,4434.534990824401,0.0,7.0,unmatched,
ghgrp_parent,Mobile Producing Texas & New Mexico Inc,MOBILEPRODUCINGTEXASNEWMEXICO,0.0,1589.30442,0.0,4.0,unmatched,
ghgrp_parent,MOBIL PRODUCING TEXAS & NEW MEXICO,MOBILPRODUCINGTEXASNEWMEXICO,0.0,2716.6815600000004,0.0,7.0,unmatched,
ghgrp_parent,MOHAVE COUNTY,MOHAVECOUNTY,0.0,25349.45,0.0,1.0,unmatched,
ghgrp_parent,MOHAWK FINE PAPERS INC,MOHAWKFINEPAPERS,0.0,30982.484,0.0,14.0,unmatched,
ghgrp_parent,"Molycorp Minerals, LLC",MOLYCORPMINERALS,0.0,85502.726,0.0,5.0,unmatched,
ghgrp_parent,MOMENTIVE,MOMENTIVE,0.0,25756.752,0.0,3.0,unmatched,
ghgrp_parent,MOMENTIVE PERFORMANCE MATERIALS HOLDINGS LLC,MOMENTIVEPERFORMANCEMATERIALS,0.0,262582.416,0.0,14.0,unmatched,
ghgrp_parent,Monadnock Resources LLC,MONADNOCKRESOURCES,0.0,88153.41,0.0,6.0,unmatched,
ghgrp_parent,MONARCH NATURAL GAS LLC,MONARCHNATURALGAS,0.0,52897.060000000005,0.0,13.0,unmatched,
ghgrp_parent,MONCRIEF PARTNERS LP,MONCRIEF,0.0,37027.83416651982,0.0,6.0,unmatched,
ghgrp_parent,"Moncrief Partners, L.P.",MONCRIEFLP,0.0,44641.6431005025,0.0,5.0,unmatched,
ghgrp_parent,MONDI NORTH AMERICA,MONDINORTH,0.0,277896.6,0.0,4.0,unmatched,
ghgrp_parent,Monmouth County Board of Chosen Freeholders,MONMOUTHCOUNTYBOARDOFCHOSENFREEHOLDERS,0.0,431786.918,0.0,9.0,unmatched,
ghgrp_parent,MONOMOY CAPITAL PARTNERS LLC,MONOMOYCAPITAL,0.0,176389.11599999998,0.0,1.0,unmatched,
ghgrp_parent,Monomoy Captial Partners,MONOMOYCAPTIAL,0.0,143526.036,0.0,1.0,unmatched,
ghgrp_parent,The Monongalia County Coal Co,MONONGALIACOUNTYCOAL,0.0,1614418.192,0.0,1.0,unmatched,
ghgrp_parent,MONSANTO CO,MONSANTO,0.0,883477.524,0.0,8.0,unmatched,
ghgrp_parent,MONTAGE RESOURCES CORP,MONTAGERESOURCES,0.0,30792.918,0.0,5.0,unmatched,
ghgrp_parent,MONTANA DAKOTA UTILITIES CO,MONTANADAKOTAUTILITIES,0.0,242324.9305,0.0,11.0,unmatched,
ghgrp_parent,"Montana Refining Company, Inc.",MONTANAREFINING,0.0,147742.83000000002,0.0,1.0,unmatched,
ghgrp_parent,MONTANA WASTE SYSTEMS INC,MONTANAWASTESYSTEMS,0.0,93669.1,0.0,9.0,unmatched,
ghgrp_parent,Montefiore Medical Center,MONTEFIOREMEDICALCENTER,0.0,61528.39,0.0,9.0,unmatched,
ghgrp_parent,MONTEREY COAL,MONTEREYCOAL,0.0,124092.94799999999,0.0,1.0,unmatched,
ghgrp_parent,MONTEREY COAL RESOURCES LLC,MONTEREYCOALRESOURCES,0.0,144153.766,0.0,3.0,unmatched,
ghgrp_parent,Montgomery County Division of Solid Waste Services,MONTGOMERYCOUNTYDIVISIONOFSOLIDWASTE,0.0,101164.11200000001,0.0,14.0,unmatched,
ghgrp_parent,Montgomery Regional Solid Waste Authority,MONTGOMERYREGIONALSOLIDWASTEAUTHORITY,0.0,18042.21,0.0,14.0,unmatched,
ghgrp_parent,Montmorency-Oscoda-Alpena Waste Managemen Authority,MONTMORENCYOSCODAALPENAWASTEMANAGEMENAUTHORITY,0.0,57123.25,0.0,1.0,unmatched,
ghgrp_parent,MOON HINES TIGRETT OPERATING CO LLC,MOONHINESTIGRETTOPERATING,0.0,31886.792,0.0,13.0,unmatched,
ghgrp_parent,MORGAN FOODS INC,MORGANFOODS,0.0,30858.384,0.0,14.0,unmatched,
ghgrp_parent,MORGAN STANLEY,MORGANSTANLEY,0.0,111479.898,0.0,14.0,fund_holding,"named by EPA as the parent but held through managed funds, not consolidated by the listed manager; a carbon price lands on the portfolio company"
ghgrp_parent,Morgan Stanley - Infrastructure Fund,MORGANSTANLEYINFRASTRUCTUREFUND,0.0,15265.544000000002,0.0,1.0,unmatched,
ghgrp_parent,Morgan Stanley IP  Southern Star LLC,MORGANSTANLEYIPSOUTHERNSTAR,0.0,249581.36599999998,0.0,4.0,unmatched,
ghgrp_parent,Morrison County,MORRISONCOUNTY,0.0,33945.5,0.0,9.0,unmatched,
ghgrp_parent,Mort,MORT,0.0,107485.69,0.0,4.0,unmatched,
ghgrp_parent,MORTON SALT INC,MORTONSALT,0.0,418901.27800000005,0.0,11.0,unmatched,
ghgrp_parent,"MOSTOLLER LANDFILL, INC",MOSTOLLERLANDFILL,0.0,94765.25,0.0,5.0,unmatched,
ghgrp_parent,MOTIVA ENTERPRISES LLC,MOTIVA,0.0,9826787.464,0.0,7.0,unmatched,
ghgrp_parent,MOTORSPORT AFTERMARKET GROUP INC.,MOTORSPORTAFTERMARKET,0.0,129.648,0.0,14.0,unmatched,
ghgrp_parent,MOUNTAIN CREEK POWER LLC,MOUNTAINCREEKPOWER,0.0,286934.23600000003,0.0,2.0,unmatched,
ghgrp_parent,"Mountaineer Keystone Holdings,  LLC",MOUNTAINEERKEYSTONE,0.0,171809.878,0.0,12.0,unmatched,
ghgrp_parent,MOUNTAIN STATE CARBON LLC,MOUNTAINSTATECARBON,0.0,279192.09400000004,0.0,7.0,unmatched,
ghgrp_parent,MOUNTAIRE FARMS,MOUNTAIREFARMS,0.0,150101.394,0.0,8.0,unmatched,
ghgrp_parent,MOUNT VERNON MILLS INC,MOUNTVERNONMILLS,0.0,197735.11800000002,0.0,9.0,unmatched,
ghgrp_parent,MP GULF OF MEXICO LLC,MPGULFOFMEXICO,0.0,27512.0766,0.0,1.0,unmatched,
ghgrp_parent,"MPIH, Inc.",MPIH,0.0,173589.686,0.0,2.0,unmatched,
ghgrp_parent,MSR PUBLIC POWER AGENCY,MSRPUBLICPOWERAGENCY,0.0,1070777.2245299998,0.0,8.0,unmatched,
ghgrp_parent,Mubea INC,MUBEA,0.0,28949.14,0.0,2.0,unmatched,
ghgrp_parent,"Mueller Water Products, Inc.",MUELLERWATERPRODUCTS,0.0,184310.21199999997,0.0,2.0,unmatched,
ghgrp_parent,Municipal Electric Authority of Georgia (MEAG Power),MUNICIPALELECTRICAUTHORITYOFGEORGIAMEAGPOWER,0.0,416561.15599999996,0.0,1.0,unmatched,
ghgrp_parent,Municipality of Anchorage,MUNICIPALITYOFANCHORAGE,0.0,1007547.2980000001,0.0,9.0,unmatched,
ghgrp_parent,Municipality of Anchorage - Soild Waste Services,MUNICIPALITYOFANCHORAGESOILDWASTE,0.0,139852.5,0.0,1.0,unmatched,
ghgrp_parent,Municipality of Anchorage - Solid Waste Servieces,MUNICIPALITYOFANCHORAGESOLIDWASTESERVIECES,0.0,323157.0,0.0,1.0,unmatched,
ghgrp_parent,Municipality of Cabo Rojo,MUNICIPALITYOFCABOROJO,0.0,25499.65,0.0,13.0,unmatched,
ghgrp_parent,MUNICIPALITY OF MAYAGUEZ,MUNICIPALITYOFMAYAGUEZ,0.0,101279.0,0.0,10.0,unmatched,
ghgrp_parent,Municipality of San Juan,MUNICIPALITYOFSANJUAN,0.0,149275.75,0.0,9.0,unmatched,
ghgrp_parent,Municipality of Toa Alta,MUNICIPALITYOFTOAALTA,0.0,88192.35,0.0,14.0,unmatched,
ghgrp_parent,MUNICIPALITY OF TOA BAJA,MUNICIPALITYOFTOABAJA,0.0,190279.7,0.0,14.0,unmatched,
ghgrp_parent,MUNICIPALITY OF YAUCO,MUNICIPALITYOFYAUCO,0.0,81909.75,0.0,13.0,unmatched,
ghgrp_parent,MUNICIPAL LIGHT & POWER,MUNICIPALLIGHTPOWER,0.0,66809.74670999999,0.0,13.0,unmatched,
ghgrp_parent,Municpal Electric Authority of Georgia,MUNICPALELECTRICAUTHORITYOFGEORGIA,0.0,898952.6145600001,0.0,4.0,unmatched,
ghgrp_parent,"MURPHY EXPLORATION (ALASKA), INC",MURPHYEXPLORATIONALASKA,0.0,5239.058467999999,0.0,4.0,unmatched,
ghgrp_parent,"Murray County, GA",MURRAYCOUNTYGA,0.0,66104.5,0.0,9.0,unmatched,
ghgrp_parent,MURRAY ENERGY HOLDINGS CO,MURRAYENERGY,0.0,7885040.046,0.0,9.0,unmatched,
ghgrp_parent,"Murray Kentucky Energy, Inc",MURRAYKENTUCKYENERGY,0.0,138874.75,0.0,1.0,unmatched,
ghgrp_parent,MURRAY AMERICAN RESOURCES INC,MURRAYRESOURCES,0.0,139633.5,0.0,5.0,unmatched,
ghgrp_parent,Muscatine County Solid Waste Agency,MUSCATINECOUNTYSOLIDWASTEAGENCY,0.0,49600.6,0.0,1.0,unmatched,
ghgrp_parent,MUSCATINE COUNTY SOLID WASTE MANAGEMENT AGENCY,MUSCATINECOUNTYSOLIDWASTEMANAGEMENTAGENCY,0.0,49319.1,0.0,8.0,unmatched,
ghgrp_parent,MUSCATINE FOODS CORP,MUSCATINEFOODS,0.0,1262264.97,0.0,3.0,unmatched,
ghgrp_parent,Muskegon County Department of Public Works,MUSKEGONCOUNTYDEPARTMENTOFPUBLICWORKS,0.0,61777.616,0.0,9.0,unmatched,
ghgrp_parent,MUSKEGON DEVELOPMENT CO,MUSKEGONDEVELOPMENT,0.0,84557.552,0.0,13.0,unmatched,
ghgrp_parent,Myrle Odell,MYRLEODELL,0.0,59466.597875,0.0,5.0,unmatched,
ghgrp_parent,"NA INDUSTRIES, INC",NA,0.0,98830.27599999998,0.0,6.0,unmatched,
ghgrp_parent,"Nadel and Gussman HEYCO, LLC",NADELGUSSMANHEYCO,0.0,9274.15,0.0,13.0,unmatched,
ghgrp_parent,Nan Ya Plastics Corporation of America,NANYAPLASTICSOF,0.0,154589.012,0.0,1.0,unmatched,
ghgrp_parent,Napa Vallejo Waste Management Authority,NAPAVALLEJOWASTEMANAGEMENTAUTHORITY,0.0,51675.5,0.0,1.0,unmatched,
ghgrp_parent,Nassau County Board of County Commissioners,NASSAUCOUNTYBOARDOFCOUNTYCOMMISSIONERS,0.0,47275.5,0.0,1.0,unmatched,
ghgrp_parent,NATGAS HOLDINGS 2 LLC C/O STARWOOD ENERGY GROUP,NATGAS2COSTARWOODENERGY,0.0,270199.95200000005,0.0,2.0,unmatched,
ghgrp_parent,NATIONAL BEEF PACKING CO LLC,NATIONALBEEFPACKING,0.0,123514.28571855999,0.0,5.0,unmatched,
ghgrp_parent,National Cement Company of Alabama,NATIONALCEMENTOFALABAMA,0.0,1514985.802,0.0,4.0,unmatched,
ghgrp_parent,NATIONAL COOPERATIVE REFINERY ASSOC,NATIONALCOOPERATIVEREFINERYASSOC,0.0,1046084.3599999999,0.0,4.0,unmatched,
ghgrp_parent,National Cooperative Refining Ass,NATIONALCOOPERATIVEREFININGASS,0.0,897904.4099999999,0.0,1.0,unmatched,
ghgrp_parent,National Fuel,NATIONALFUEL,0.0,286391.37,0.0,1.0,unmatched,
ghgrp_parent,National Grid Holdings 2 LLC,NATIONALGRID2,0.0,52809.9,0.0,5.0,unmatched,
ghgrp_parent,National Grid Generation LLC,NATIONALGRIDGENERATION,0.0,4441026.6680000005,0.0,1.0,unmatched,
ghgrp_parent,National Grid Glenwood Energy Center,NATIONALGRIDGLENWOODENERGYCENTER,0.0,55976.036,0.0,1.0,unmatched,
ghgrp_parent,National Grid NE Holdings 2 LLC,NATIONALGRIDNE2,0.0,468762.0,0.0,5.0,unmatched,
ghgrp_parent,National Grid Port Jefferson Energy Center LLC,NATIONALGRIDPORTJEFFERSONENERGYCENTER,0.0,393448.396,0.0,1.0,unmatched,
ghgrp_parent,National Gypsum CO,NATIONALGYPSUM,0.0,791217.272,0.0,1.0,unmatched,
ghgrp_parent,NATIONAL OILWELL VARCO LP,NATIONALOILWELLVARCO,0.0,29120.64,0.0,13.0,unmatched,
ghgrp_parent,NATURAL GAS PARTNERS,NATURALGAS,0.0,126415.23,0.0,8.0,unmatched,
ghgrp_parent,Natural Soda,NATURALSODA,0.0,53868.450000000004,0.0,8.0,unmatched,
ghgrp_parent,Navajo Nation Oil and Gas,NAVAJONATIONOILGAS,0.0,175145.336,0.0,1.0,unmatched,
ghgrp_parent,NAVAJO TRASITIONAL ENERGY CO LLC,NAVAJOTRASITIONALENERGY,0.0,619248.8325600001,0.0,2.0,unmatched,
ghgrp_parent,Naval Submarine Base New London,NAVALSUBMARINEBASENEWLONDON,0.0,34061.82,0.0,1.0,unmatched,
ghgrp_parent,NAVISTAR INTERNATIONAL CORP,NAVISTAR,0.0,40947.902,0.0,14.0,unmatched,
ghgrp_parent,Navitas Midstream Midland Basin LLC,NAVITASMIDSTREAMMIDLANDBASIN,0.0,40409.416,0.0,1.0,unmatched,
ghgrp_parent,Navy,NAVY,0.0,34498.682,0.0,5.0,unmatched,
ghgrp_parent,NBL MIDSTREAM HOLDINGS LLC,NBLMIDSTREAM,0.0,68619.13,0.0,3.0,unmatched,
ghgrp_parent,NEATON AUTO PRODUCTS MANUFACTURING INC,NEATONAUTOPRODUCTSMANUFACTURING,0.0,24982.492,0.0,13.0,unmatched,
ghgrp_parent,Nebraska Energy LLC,NEBRASKAENERGY,0.0,32197.228,0.0,2.0,unmatched,
ghgrp_parent,"NEDAK ETHANOL, LLC",NEDAKETHANOL,0.0,61559.072,0.0,3.0,unmatched,
ghgrp_parent,NEENAH PAPER INC,NEENAHPAPER,0.0,184942.98,0.0,10.0,unmatched,
ghgrp_parent,NEI,NEI,0.0,74330.54,0.0,4.0,unmatched,
ghgrp_parent,NESTLE PURINA PETCARE CO,NESTLEPURINAPETCARE,0.0,135333.782,0.0,9.0,unmatched,
ghgrp_parent,NEVADA ENERGY,NEVADAENERGY,0.0,1949074.7889800002,0.0,14.0,unmatched,
ghgrp_parent,THE NEWARK GROUP INC,NEWARK,0.0,148138.07400000002,0.0,5.0,unmatched,
ghgrp_parent,Newark Bay Cogeneration Partnership LP,NEWARKBAYCOGENERATIONPARTNERSHIP,0.0,171385.164,0.0,1.0,unmatched,
ghgrp_parent,NEWARK BAY COGENERATION PTNR LP,NEWARKBAYCOGENERATIONPTNR,0.0,401112.364,0.0,4.0,unmatched,
ghgrp_parent,NEW DALTON FOUNDRY LLC,NEWDALTONFOUNDRY,0.0,29293.269999999997,0.0,3.0,unmatched,
ghgrp_parent,New Energy Corp.,NEWENERGY,0.0,261555.89,0.0,5.0,unmatched,
ghgrp_parent,NEWFIELD EXPLORATION CO,NEWFIELDEXPLORATION,0.0,1410421.1679999998,0.0,13.0,unmatched,
ghgrp_parent,New Hanover County,NEWHANOVERCOUNTY,0.0,203182.53,0.0,14.0,unmatched,
ghgrp_parent,New Jersey Meadowlands Commission,NEWJERSEYMEADOWLANDSCOMMISSION,0.0,98145.0,0.0,14.0,unmatched,
ghgrp_parent,Newmont USA Limited,NEWMONTLIMITED,0.0,81506.5,0.0,1.0,unmatched,
ghgrp_parent,NEW NGC INC,NEWNGC,0.0,786914.6320000001,0.0,9.0,unmatched,
ghgrp_parent,NewPage Holding Corporation,NEWPAGE,0.0,8636369.884000001,0.0,14.0,unmatched,
ghgrp_parent,NEW PE HOLD CO LLC,NEWPEHOLD,0.0,201884.588,0.0,8.0,unmatched,
ghgrp_parent,Newport Fab LLC,NEWPORTFAB,0.0,113240.8233054,0.0,4.0,unmatched,
ghgrp_parent,NEW RIVER SOLID WASTE ASSOCIATION,NEWRIVERSOLIDWASTEASSOCIATION,0.0,47797.75,0.0,1.0,unmatched,
ghgrp_parent,NEWTON MCDONALD COUNTY LANDFILL INC,NEWTONMCDONALDCOUNTYLANDFILL,0.0,35630.0,0.0,10.0,unmatched,
ghgrp_parent,NEW YORK CITY,NEWYORKCITY,0.0,23385.0,0.0,9.0,unmatched,
ghgrp_parent,NEW YORK CITY DEPARTMENT OF ENVIRONMENTAL PROTECTION,NEWYORKCITYDEPARTMENTOFENVIRONMENTALPROTECTION,0.0,42740.75,0.0,5.0,unmatched,
ghgrp_parent,New York Poweer Authority,NEWYORKPOWEERAUTHORITY,0.0,44820.683999999994,0.0,4.0,unmatched,
ghgrp_parent,NEW YORK STATE GOVERNMENT,NEWYORKSTATEGOVERNMENT,0.0,83497.822,0.0,9.0,unmatched,
ghgrp_parent,NEXEN PETROLEUM USA INC,NEXENPETROLEUM,0.0,604.837256976,0.0,1.0,unmatched,
ghgrp_parent,"NFG Midstream Trout Run, LLC",NFGMIDSTREAMTROUTRUN,0.0,31285.931999999997,0.0,9.0,unmatched,
ghgrp_parent,NFR Energy LLC,NFRENERGY,0.0,338016.242,0.0,3.0,unmatched,
ghgrp_parent,"NGC INDUSTRIES, INC",NGC,0.0,85829.076,0.0,5.0,unmatched,
ghgrp_parent,NGK NA INC,NGKNA,0.0,36805.612,0.0,1.0,unmatched,
ghgrp_parent,NGL VENTURES LLC,NGLVENTURES,0.0,20923.840512000002,0.0,13.0,unmatched,
ghgrp_parent,"Niagara Mohawk Holdings, Inc.",NIAGARAMOHAWK,0.0,253429.27,0.0,5.0,unmatched,
ghgrp_parent,"Nicor, Inc",NICOR,0.0,25551.104,0.0,1.0,unmatched,
ghgrp_parent,NINE POINT ENERGY HOLDINGS INC,NINEPOINTENERGY,0.0,305920.936,0.0,4.0,unmatched,
ghgrp_parent,NIPPON STEEL USA,NIPPONSTEEL,0.0,51009.175800000005,0.0,8.0,unmatched,
ghgrp_parent,Niska Gas Storage,NISKAGASSTORAGE,0.0,35848.898,0.0,6.0,unmatched,
ghgrp_parent,NISSAN NA INC,NISSANNA,0.0,71531.87999999999,0.0,1.0,unmatched,
ghgrp_parent,NLMK Pennsylvania,NLMKPENNSYLVANIA,0.0,150747.44,0.0,1.0,unmatched,
ghgrp_parent,NOBLE AMERICAS CORP,NOBLE,0.0,113021.024,0.0,12.0,unmatched,
ghgrp_parent,None,NONE,0.0,788394.16,0.0,4.0,unmatched,
ghgrp_parent,NON-EXXONMOBIL CORP,NONEXXONMOBIL,0.0,36998.421200000004,0.0,2.0,unmatched,
ghgrp_parent,Non-ExxonMobil Interests,NONEXXONMOBILINTERESTS,0.0,33780.48868,0.0,3.0,unmatched,
ghgrp_parent,Nonpareil Corp,NONPAREIL,0.0,40114.100000000006,0.0,3.0,unmatched,
ghgrp_parent,Noranda Alumina LLC,NORANDAALUMINA,0.0,826482.682,0.0,5.0,unmatched,
ghgrp_parent,Noranda Aluminum Holding Corporation,NORANDAALUMINUM,0.0,1680031.424,0.0,7.0,unmatched,
ghgrp_parent,NORESCO,NORESCO,0.0,25588.504,0.0,14.0,unmatched,
ghgrp_parent,NORFOLK SOUTHERN RAILWAY CORP,NORFOLKSOUTHERNRAILWAY,0.0,60781.194,0.0,13.0,unmatched,
ghgrp_parent,"North Baja Pipeline, LLC",NORTHBAJAPIPELINE,0.0,30641.800000000003,0.0,1.0,unmatched,
ghgrp_parent,NORTH CAROLINA EASTERN MUNICIPAL POWER AGENCY,NORTHCAROLINAEASTERNMUNICIPALPOWERAGENCY,0.0,1314409.6095604002,0.0,7.0,unmatched,
ghgrp_parent,NORTH CAROLINA STATE UNIVERSITY,NORTHCAROLINASTATEUNIVERSITY,0.0,101257.84000000001,0.0,8.0,unmatched,
ghgrp_parent,North Chicago Energy Trust,NORTHCHICAGOENERGYTRUST,0.0,43075.172000000006,0.0,1.0,unmatched,
ghgrp_parent,NORTH DAKOTA UNIVERSITY SYSTEM (STATE BOARD OF HIGHER EDUCATION),NORTHDAKOTAUNIVERSITYSYSTEMSTATEBOARDOFHIGHEREDUCATION,0.0,81966.224,0.0,8.0,unmatched,
ghgrp_parent,Northeast Arkansas Regional Solid Waste Management District,NORTHEASTARKANSASREGIONALSOLIDWASTEMANAGEMENTDISTRICT,0.0,77565.25,0.0,1.0,unmatched,
ghgrp_parent,"NORTHEAST ENERGY ASSOCIATES, LP",NORTHEASTENERGYASSOCIATES,0.0,433650.39,0.0,5.0,unmatched,
ghgrp_parent,Northeast Missouri Grain LLC d.b.a. POET Biorefining- Macon,NORTHEASTMISSOURIGRAINDBAPOETBIOREFININGMACON,0.0,85348.372,0.0,5.0,unmatched,
ghgrp_parent,Northeast Nebraska Solid Coalition,NORTHEASTNEBRASKASOLIDCOALITION,0.0,47291.35,0.0,1.0,unmatched,
ghgrp_parent,NORTHEAST OHIO REGIONAL SEWER DISTRICT,NORTHEASTOHIOREGIONALSEWERDISTRICT,0.0,67268.848,0.0,11.0,unmatched,
ghgrp_parent,"North American Energy Alliacne, LLC",NORTHENERGYALLIACNE,0.0,87199.9,0.0,1.0,unmatched,
ghgrp_parent,North American Energy Alliance,NORTHENERGYALLIANCE,0.0,1128917.558,0.0,1.0,unmatched,
ghgrp_parent,NORTHERN BORDER PIPELINE CO,NORTHERNBORDERPIPELINE,0.0,1191451.368,0.0,8.0,unmatched,
ghgrp_parent,NORTHERN COLORADO OIL & GAS HOLDINGS LLC,NORTHERNCOLORADOOILGAS,0.0,345260.83,0.0,13.0,unmatched,
ghgrp_parent,Northern Growers LLC,NORTHERNGROWERS,0.0,79214.74147919999,0.0,7.0,unmatched,
ghgrp_parent,NORTHERN PIPELINE BORDER CO,NORTHERNPIPELINEBORDER,0.0,120428.198,0.0,4.0,unmatched,
ghgrp_parent,"Northern Star Generation, L.L.C.",NORTHERNSTARGENERATIONLLC,0.0,365274.58800000005,0.0,5.0,unmatched,
ghgrp_parent,NORTHERN TIER ENERGY LLC,NORTHERNTIERENERGY,0.0,848232.968,0.0,6.0,unmatched,
ghgrp_parent,Norther Star Generation LLC,NORTHERSTARGENERATION,0.0,148381.104,0.0,1.0,unmatched,
ghgrp_parent,North Manchester Ethanol LLC,NORTHMANCHESTERETHANOL,0.0,53631.848,0.0,1.0,unmatched,
ghgrp_parent,North Manchester Ethanol d/b/a POET Biorefining,NORTHMANCHESTERETHANOLDBAPOETBIOREFINING,0.0,106230.6,0.0,5.0,unmatched,
ghgrp_parent,"North Pacific Paper CO, LLC",NORTHPACIFICPAPER,0.0,37297.86,0.0,1.0,unmatched,
ghgrp_parent,North Star BlueScope LLC,NORTHSTARBLUESCOPE,0.0,279465.324,0.0,1.0,unmatched,
ghgrp_parent,NORTH STAR BLUESCOPE STEEL LLC,NORTHSTARBLUESCOPESTEEL,0.0,316080.424,0.0,9.0,unmatched,
ghgrp_parent,"Northstar Ethanol, LLC",NORTHSTARETHANOL,0.0,111172.34,0.0,5.0,unmatched,
ghgrp_parent,NORTHWESTERN CORP DBA NORTHWESTERN ENERGY,NORTHWESTERNDBANORTHWESTERNENERGY,0.0,1662560.6712639998,0.0,10.0,unmatched,
ghgrp_parent,NORTHWESTERN ENERGY CORP,NORTHWESTERNENERGY,0.0,2395611.24291922,0.0,14.0,unmatched,
ghgrp_parent,NORTHWOODS ENERGY LLC,NORTHWOODSENERGY,0.0,55584.886,0.0,6.0,unmatched,
ghgrp_parent,NOVA CHEMICALS INC,NOVA,0.0,650784.2370472,0.0,7.0,unmatched,
ghgrp_parent,NOVARTIS PHARMACEUTICALS CORP,NOVARTISPHARMACEUTICALS,0.0,30051.138,0.0,5.0,unmatched,
ghgrp_parent,Novelis Incorporation,NOVELISINCORPORATION,0.0,48858.015999999996,0.0,1.0,unmatched,
ghgrp_parent,NOVO OIL & GAS LLC,NOVOOILGAS,0.0,124810.142,0.0,3.0,unmatched,
ghgrp_parent,"NP Resources Holdings, LLC",NPRESOURCES,0.0,25463.844,0.0,4.0,unmatched,
ghgrp_parent,"NRG Yield, Inc.",NRGYIELD,0.0,59571.138,0.0,2.0,unmatched,
ghgrp_parent,NSTAR,NSTAR,0.0,148650.018,0.0,2.0,unmatched,
ghgrp_parent,NTE CAROLINAS HOLDINGS LLC,NTECAROLINAS,0.0,1091988.504,0.0,2.0,unmatched,
ghgrp_parent,NTE OHIO HOLDINGS LLC,NTEOHIO,0.0,1247728.0760000001,0.0,3.0,unmatched,
ghgrp_parent,"Nuevo Midstream, LLC",NUEVOMIDSTREAM,0.0,142741.114,0.0,1.0,unmatched,
ghgrp_parent,NUMAKE-2 LLC,NUMAKE2,0.0,1115.696,0.0,5.0,unmatched,
ghgrp_parent,NUSTAR ENERGY LP,NUSTARENERGY,0.0,77610.198,0.0,14.0,unmatched,
ghgrp_parent,"NuStar Energy, L.P.",NUSTARENERGYLP,0.0,185444.89800000002,0.0,4.0,unmatched,
ghgrp_parent,NW NATURAL,NWNATURAL,0.0,67356.90000000001,0.0,9.0,unmatched,
ghgrp_parent,NYC DEPT OF CORRECTION,NYCDEPTOFCORRECTION,0.0,72155.104,0.0,14.0,unmatched,
ghgrp_parent,NYC HEALTH & HOSPITALS CORP,NYCHEALTHHOSPITALS,0.0,38774.13,0.0,14.0,unmatched,
ghgrp_parent,Nytis Exploration CO,NYTISEXPLORATION,0.0,279033.33,0.0,1.0,unmatched,
ghgrp_parent,OAK RIDGE NATURAL RESOURCES LLC,OAKRIDGENATURALRESOURCES,0.0,319267.814,0.0,7.0,unmatched,
ghgrp_parent,OAK VALLEY OPERATING LLC,OAKVALLEYOPERATING,0.0,25156.804,0.0,1.0,unmatched,
ghgrp_parent,Occidental Petrolem Corporation,OCCIDENTALPETROLEM,0.0,121063.93999999999,0.0,4.0,unmatched,
ghgrp_parent,Occidental Petroleum Corporations,OCCIDENTALPETROLEUMCORPORATIONS,0.0,1450826.66,0.0,1.0,unmatched,
ghgrp_parent,Occidental Petroleum Corporation/Vintage Production California LLC,OCCIDENTALPETROLEUMVINTAGEPRODUCTIONCALIFORNIA,0.0,6329.176,0.0,1.0,unmatched,
ghgrp_parent,Occidential Petroleum Corporation,OCCIDENTIALPETROLEUM,0.0,376194.3319244,0.0,4.0,unmatched,
ghgrp_parent,OCI CHEMICAL CORP,OCICHEMICAL,0.0,393939.88560240006,0.0,6.0,unmatched,
ghgrp_parent,OCI PARNERS LP,OCIPARNERS,0.0,700742.9500000001,0.0,2.0,unmatched,
ghgrp_parent,"Odessa Power, LLC",ODESSAPOWER,0.0,1583504.38,0.0,2.0,unmatched,
ghgrp_parent,OGPA COTTAGE GROVE LLC,OGPACOTTAGEGROVE,0.0,68636.17592000001,0.0,4.0,unmatched,
ghgrp_parent,"OGPA COTTAGE GROVE, LLC (OSAKA GAS ENERGY AMERICA CORP)",OGPACOTTAGEGROVEOSAKAGASENERGY,0.0,67912.15880280001,0.0,5.0,unmatched,
ghgrp_parent,"OGPA Selkirk, LLC",OGPASELKIRK,0.0,17760.5797552,0.0,1.0,unmatched,
ghgrp_parent,"OGPA SELKIRK, LLC (Osaka Gas Energy America Corporation)",OGPASELKIRKOSAKAGASENERGY,0.0,219939.31213056,0.0,4.0,unmatched,
ghgrp_parent,OGPA WHITEWATER LLC,OGPAWHITEWATER,0.0,103619.2808448,0.0,6.0,unmatched,
ghgrp_parent,The Ohio County Coal Co,OHIOCOUNTYCOAL,0.0,878956.5,0.0,1.0,unmatched,
ghgrp_parent,OHIO VALLEY ALUMINUM CORP,OHIOVALLEYALUMINUM,0.0,38408.655999999995,0.0,5.0,unmatched,
ghgrp_parent,THE OHIO VALLEY COAL CO,OHIOVALLEYCOAL,0.0,265928.4,0.0,11.0,unmatched,
ghgrp_parent,OHIO VALLEY ELECTRIC CORP,OHIOVALLEYELECTRIC,0.0,13995785.336,0.0,14.0,unmatched,"jointly owned by several utilities, no single listed parent"
ghgrp_parent,OHIO VALLEY RESOURCES INC,OHIOVALLEYRESOURCES,0.0,8573869.328000002,0.0,5.0,unmatched,
ghgrp_parent,OIL DRI CORP OF AMERICA,OILDRIOF,0.0,29241.839999999997,0.0,14.0,unmatched,
ghgrp_parent,OKLAHOMA COGENERATION LLC,OKLAHOMACOGENERATION,0.0,70008.73599999999,0.0,5.0,unmatched,
ghgrp_parent,OKLA TITLE CLEARING CORP,OKLATITLECLEARING,0.0,11273.760000000002,0.0,5.0,unmatched,
ghgrp_parent,OLAM AMERICAS INC,OLAM,0.0,149000.34,0.0,8.0,unmatched,
ghgrp_parent,"OLAM WEST COAST, INC",OLAMWESTCOAST,0.0,137143.084,0.0,6.0,unmatched,
ghgrp_parent,OLDCASTLE INC,OLDCASTLE,0.0,140340.438,0.0,8.0,unmatched,
ghgrp_parent,"OLDCASTLE MATERIALS CEMENT HOLDINGS, INC",OLDCASTLEMATERIALSCEMENT,0.0,304320.19,0.0,1.0,unmatched,
ghgrp_parent,Olethorpe Power Corporation,OLETHORPEPOWER,0.0,1106144.224,0.0,1.0,unmatched,
ghgrp_parent,Olmsted County,OLMSTEDCOUNTY,0.0,127159.272,0.0,9.0,unmatched,
ghgrp_parent,O.L.S. Acquisition Corporation,OLSACQUISITION,0.0,109743.836,0.0,11.0,unmatched,
ghgrp_parent,OLS ENERGY - CHINO,OLSENERGYCHINO,0.0,10513.512,0.0,3.0,unmatched,
ghgrp_parent,OLYMPUS POWER LLC,OLYMPUSPOWER,0.0,844879.8200000001,0.0,13.0,unmatched,
ghgrp_parent,OMEGA JV2,OMEGAJV2,0.0,3429.188,0.0,14.0,unmatched,
ghgrp_parent,OMIMEX,OMIMEX,0.0,1186.9,0.0,14.0,unmatched,
ghgrp_parent,"Omni Waste of Osceola County, LLC",OMNIWASTEOFOSCEOLACOUNTY,0.0,270613.5,0.0,1.0,unmatched,
ghgrp_parent,"OMNI WASTE OF OSCEOLA COUNTY, LLC (A SUBSIDIARY OF PROGRESSIVE WASTE SOLUTIONS)",OMNIWASTEOFOSCEOLACOUNTYASUBSIDIARYOFPROGRESSIVEWASTESOLUTIONS,0.0,638118.25,0.0,3.0,unmatched,
ghgrp_parent,"One Earth Energy, LLC",ONEEARTHENERGY,0.0,244881.69799999997,0.0,9.0,unmatched,
ghgrp_parent,THE ONEIDA GROUP INC,ONEIDA,0.0,136827.83000000002,0.0,5.0,unmatched,
ghgrp_parent,"ONEOK Partners, L.P.",ONEOKLP,0.0,1688666.4553999999,0.0,14.0,unmatched,
ghgrp_parent,"ONEOK Partnership, L.P.",ONEOKPARTNERSHIPLP,0.0,48777.804,0.0,5.0,unmatched,
ghgrp_parent,Onslow County,ONSLOWCOUNTY,0.0,120847.75,0.0,9.0,unmatched,
ghgrp_parent,OPGA LOCKPORT LLC,OPGALOCKPORT,0.0,188202.64366799998,0.0,10.0,unmatched,
ghgrp_parent,OPTIMA,OPTIMA,0.0,28375.044,0.0,1.0,unmatched,
ghgrp_parent,OPTIMA SPECIALTY STEEL,OPTIMASPECIALTYSTEEL,0.0,42397.64,0.0,13.0,unmatched,
ghgrp_parent,"Optim Energy, LLC  c/o Competitive Power Ventures",OPTIMENERGYCOCOMPETITIVEPOWERVENTURES,0.0,435195.98699999996,0.0,4.0,unmatched,
ghgrp_parent,ORANGE COUNTY,ORANGECOUNTY,0.0,80243.75,0.0,12.0,unmatched,
ghgrp_parent,ORANGE COUNTY CONTAINER GROUP LLC,ORANGECOUNTYCONTAINER,0.0,139609.52,0.0,3.0,unmatched,
ghgrp_parent,Orange County Utilities - Solid Waste Division,ORANGECOUNTYUTILITIESSOLIDWASTEDIVISION,0.0,345813.75,0.0,5.0,unmatched,
ghgrp_parent,ORDER OF SAINT BENEDICT/SAINT JOHN'S UNIVERSITY,ORDEROFSAINTBENEDICTSAINTJOHNSUNIVERSITY,0.0,27390.718,0.0,14.0,unmatched,
ghgrp_parent,ORMET PRIMARY ALUMINUM CORP,ORMETPRIMARYALUMINUM,0.0,986434.812,0.0,14.0,unmatched,
ghgrp_parent,ORROYO ENERGY INVESTMENT PATNERS,ORROYOENERGYINVESTMENTPATNERS,0.0,1166780.8260000001,0.0,4.0,unmatched,
ghgrp_parent,ORX RESOURCES LLC,ORXRESOURCES,0.0,30999.612,0.0,8.0,unmatched,
ghgrp_parent,"Osaka Gas Gateway Power, LLC",OSAKAGASGATEWAYPOWER,0.0,679792.36,0.0,6.0,unmatched,
ghgrp_parent,"Osceola County, Florida",OSCEOLACOUNTYFLORIDA,0.0,17220.75,0.0,14.0,unmatched,
ghgrp_parent,OSRAM SYLVANIA INC,OSRAMSYLVANIA,0.0,79282.686,0.0,14.0,unmatched,
ghgrp_parent,Oswego County,OSWEGOCOUNTY,0.0,98312.85399999999,0.0,8.0,unmatched,
ghgrp_parent,Oswego County Department of Solid Waste,OSWEGOCOUNTYDEPARTMENTOFSOLIDWASTE,0.0,29333.7,0.0,1.0,unmatched,
ghgrp_parent,OTERO GREENTREE SOLID WASTE AUTHORITY,OTEROGREENTREESOLIDWASTEAUTHORITY,0.0,31987.564000000002,0.0,2.0,unmatched,
ghgrp_parent,Otter Creek Ethanol dba Poet Biorefining Ashton,OTTERCREEKETHANOLDBAPOETBIOREFININGASHTON,0.0,94273.644,0.0,4.0,unmatched,
ghgrp_parent,Ottumwa/Wapello County Solid Waste Commission,OTTUMWAWAPELLOCOUNTYSOLIDWASTECOMMISSION,0.0,38544.65,0.0,1.0,unmatched,
ghgrp_parent,"Outagamie County, Wisconsin",OUTAGAMIECOUNTYWISCONSIN,0.0,74345.45,0.0,9.0,unmatched,
ghgrp_parent,OWENSBORO MUNICIPAL UTILITIES,OWENSBOROMUNICIPALUTILITIES,0.0,2917747.098,0.0,14.0,unmatched,
ghgrp_parent,OWS Acquisitions CO LLC,OWSACQUISITIONS,0.0,434898.56,0.0,3.0,unmatched,
ghgrp_parent,"Owwnes Corning , Inc",OWWNESCORNING,0.0,84714.068,0.0,4.0,unmatched,
ghgrp_parent,OXBOW INDUSTRIES LLC,OXBOW,0.0,92669.7610169,0.0,3.0,unmatched,
ghgrp_parent,OXEA CORP,OXEA,0.0,386110.816,0.0,12.0,unmatched,
ghgrp_parent,"OX PAPERBOARD WP, LLC",OXPAPERBOARDWP,0.0,17002.636,0.0,1.0,unmatched,
ghgrp_parent,Oxy,OXY,0.0,11574.7428291528,0.0,5.0,unmatched,
ghgrp_parent,Oxy Long Beach Inc.,OXYLONGBEACH,0.0,191002.58,0.0,12.0,unmatched,
ghgrp_parent,OXY Y-1 / RIO DE VIENTO INC,OXYY1RIODEVIENTO,0.0,22142.5161384225,0.0,10.0,unmatched,
ghgrp_parent,"Oxy Y-1 / Rio Vento, Inc.",OXYY1RIOVENTO,0.0,1661.4933806664,0.0,1.0,unmatched,
ghgrp_parent,OZARK MOUNTAIN SOLID WASTE DISTRICT,OZARKMOUNTAINSOLIDWASTEDISTRICT,0.0,72268.25,0.0,13.0,unmatched,
ghgrp_parent,P66REX LLC,P66REX,0.0,145848.609,0.0,2.0,unmatched,
ghgrp_parent,PACIFIC AURORA LLC,PACIFICAURORA,0.0,241081.59199999998,0.0,5.0,unmatched,
ghgrp_parent,PACIFIC CENTURY MOTORS INC,PACIFICCENTURYMOTORS,0.0,80752.674,0.0,5.0,unmatched,
ghgrp_parent,"Pacific Energy Alaska Operating, LLC",PACIFICENERGYALASKAOPERATING,0.0,212823.60572199998,0.0,3.0,unmatched,
ghgrp_parent,PACIFIC ETHANOL,PACIFICETHANOL,0.0,740268.6199999999,0.0,12.0,unmatched,
ghgrp_parent,PACKAGING DYNAMICS CORP,PACKAGINGDYNAMICS,0.0,879639.934,0.0,3.0,unmatched,
ghgrp_parent,PADUCAH POWER SYSTEM,PADUCAHPOWERSYSTEM,0.0,23787.492,0.0,14.0,unmatched,
ghgrp_parent,PAGE COUNTY,PAGECOUNTY,0.0,60800.05,0.0,12.0,unmatched,
ghgrp_parent,Paloma Operating Co Inc,PALOMAOPERATING,0.0,80872.552,0.0,2.0,unmatched,
ghgrp_parent,PANDA ENERGY,PANDAENERGY,0.0,4009531.444,0.0,11.0,unmatched,
ghgrp_parent,PANDA HUMMEL STATION LLC,PANDAHUMMELSTATION,0.0,2345353.0439999998,0.0,3.0,unmatched,
ghgrp_parent,PANDA POWER FUNDS,PANDAPOWERFUNDS,0.0,5833842.976,0.0,5.0,unmatched,
ghgrp_parent,PANDA SHERMAN POWER LLC,PANDASHERMANPOWER,0.0,1284755.088,0.0,2.0,unmatched,
ghgrp_parent,"Panda Temple Power, LLC",PANDATEMPLEPOWER,0.0,702836.174,0.0,1.0,unmatched,
ghgrp_parent,PANHANDLE EASTERN PIPE LINE COMPANY,PANHANDLEEASTERNPIPELINE,0.0,1124369.56,0.0,2.0,unmatched,
ghgrp_parent,Panoche Energy Center LLC,PANOCHEENERGYCENTER,0.0,110256.192,0.0,1.0,unmatched,
ghgrp_parent,Panther Creek Partners,PANTHERCREEK,0.0,978495.21,0.0,2.0,unmatched,
ghgrp_parent,"Panther Creek Power Operating, LLC",PANTHERCREEKPOWEROPERATING,0.0,919378.01,0.0,3.0,unmatched,
ghgrp_parent,Panther Energy Company,PANTHERENERGY,0.0,58441.698,0.0,2.0,unmatched,
ghgrp_parent,Panther Energy Co II,PANTHERENERGYII,0.0,18494.292,0.0,8.0,unmatched,
ghgrp_parent,PAPERBOARD PARENT INC,PAPERBOARDPARENT,0.0,257743.41,0.0,5.0,unmatched,
ghgrp_parent,INTERNATIONAL PAPER - MAYSVILLE MILL,PAPERMAYSVILLEMILL,0.0,47795.5,0.0,4.0,unmatched,
ghgrp_parent,PAPERWORKS INDUSTRIES INC,PAPERWORKS,0.0,116464.912,0.0,5.0,unmatched,
ghgrp_parent,PARADOX RESOURCES LLC,PARADOXRESOURCES,0.0,122285.87999999999,0.0,7.0,unmatched,
ghgrp_parent,PARAGON ENERGY HOLDING LLC,PARAGONENERGY,0.0,366330.972,0.0,13.0,unmatched,
ghgrp_parent,PARALLEL ENERGY LP,PARALLELENERGY,0.0,140556.90600000002,0.0,10.0,unmatched,
ghgrp_parent,"PARALLEL PETROLEUM, LLC",PARALLELPETROLEUM,0.0,21504.8,0.0,13.0,unmatched,
ghgrp_parent,PARIS HENRY COUNTY PUBLIC UTILITY DISTRICT,PARISHENRYCOUNTYPUBLICUTILITYDISTRICT,0.0,133563.6,0.0,14.0,unmatched,
ghgrp_parent,PARISH OF JEFFERSON DAVIS,PARISHOFJEFFERSONDAVIS,0.0,72943.75,0.0,2.0,unmatched,
ghgrp_parent,PARK FALLS INDUSTRIAL MANAGEMENT LLC,PARKFALLSINDUSTRIALMANAGEMENT,0.0,17952.932,0.0,2.0,unmatched,
ghgrp_parent,PARK PLACE DEVELOPEMENT INC,PARKPLACEDEVELOPEMENT,0.0,36231.25,0.0,13.0,unmatched,
ghgrp_parent,"Park Place Development, Inc.",PARKPLACEDEVELOPMENT,0.0,38356.5,0.0,1.0,unmatched,
ghgrp_parent,PARSLEY ENERGY INC,PARSLEYENERGY,0.0,723294.8300000001,0.0,10.0,unmatched,
ghgrp_parent,Pasadena Water and Power,PASADENAWATERPOWER,0.0,56234.085999999996,0.0,4.0,unmatched,
ghgrp_parent,PASCO COUNTY,PASCOCOUNTY,0.0,330918.87399999995,0.0,11.0,unmatched,
ghgrp_parent,"Patara Midstream, LLC",PATARAMIDSTREAM,0.0,64400.316,0.0,2.0,unmatched,
ghgrp_parent,Patara Oil & Gas LLC,PATARAOILGAS,0.0,72008.772,0.0,14.0,unmatched,
ghgrp_parent,PATRIARCH PARTNERS LLC,PATRIARCH,0.0,620553.0240000001,0.0,10.0,unmatched,
ghgrp_parent,Patriot Coal Corporation,PATRIOTCOAL,0.0,1622277.5,0.0,13.0,unmatched,
ghgrp_parent,PBF Holding Company LLC,PBF,0.0,4026475.4820000003,0.0,4.0,unmatched,
ghgrp_parent,PCS NITROGEN FERTILIZER LP,PCSNITROGENFERTILIZER,0.0,3189663.59,0.0,12.0,unmatched,
ghgrp_parent,"PCS Nitrogen Ohio, L.P.",PCSNITROGENOHIOLP,0.0,1461402.51,0.0,4.0,unmatched,
ghgrp_parent,PDC Mountaineer LLC,PDCMOUNTAINEER,0.0,63610.39,0.0,3.0,unmatched,
ghgrp_parent,"PDC Permian, Inc",PDCPERMIAN,0.0,222684.26799999998,0.0,1.0,unmatched,
ghgrp_parent,P-D Valmiera Glass USA Corp,PDVALMIERAGLASS,0.0,26953.863999999998,0.0,1.0,unmatched,
ghgrp_parent,PEABODY MUNICIPAL LIGHT PLANT,PEABODYMUNICIPALLIGHTPLANT,0.0,13096.83,0.0,14.0,unmatched,
ghgrp_parent,Peak Powder River Resources,PEAKPOWDERRIVERRESOURCES,0.0,57337.99600000001,0.0,1.0,unmatched,
ghgrp_parent,PEDRICKTOWN COGENERATION CO LP,PEDRICKTOWNCOGENERATION,0.0,189688.996,0.0,5.0,unmatched,
ghgrp_parent,"PE - KINGSBURG, LLC",PEKINGSBURG,0.0,57449.335680000004,0.0,6.0,unmatched,
ghgrp_parent,PELICAN REFINING CO LLC,PELICANREFINING,0.0,2907.64,0.0,14.0,unmatched,
ghgrp_parent,PEMBINA PIPELINE CORP,PEMBINAPIPELINE,0.0,335104.63100000005,0.0,3.0,unmatched,
ghgrp_parent,PENFORD CORP,PENFORD,0.0,128862.864,0.0,5.0,unmatched,
ghgrp_parent,PENNSYLVANIA LAND RESOURCES HOLDING CO LLC,PENNSYLVANIALANDRESOURCES,0.0,2232844.338,0.0,6.0,unmatched,
ghgrp_parent,PENNSYLVANIA STATE DEPARTMENT OF CORRECTIONS,PENNSYLVANIASTATEDEPARTMENTOFCORRECTIONS,0.0,54757.82,0.0,14.0,unmatched,
ghgrp_parent,"PennTex Midstream Partners, LLC",PENNTEXMIDSTREAM,0.0,52294.61,0.0,1.0,unmatched,
ghgrp_parent,"Pentex, LLC",PENTEX,0.0,5252.58,0.0,1.0,unmatched,
ghgrp_parent,PENTEX ALASKA NATURAL GAS LLC,PENTEXALASKANATURALGAS,0.0,3141.888,0.0,9.0,unmatched,
ghgrp_parent,"Peoples TWP, LLC",PEOPLESTWP,0.0,65895.9,0.0,3.0,unmatched,
ghgrp_parent,PEPCO HOLDINGS INC,PEPCO,0.0,349256.38,0.0,14.0,unmatched,
ghgrp_parent,"Pepco Holdings, Inc. (PHI)",PEPCOPHI,0.0,35274.53,0.0,1.0,unmatched,
ghgrp_parent,PERC HOLDINGS LLC,PERC,0.0,68697.100674,0.0,10.0,unmatched,
ghgrp_parent,"Percussion Petroleum, LLC",PERCUSSIONPETROLEUM,0.0,159994.0,0.0,6.0,unmatched,
ghgrp_parent,PERCUSSION PETROLEUM II LLC,PERCUSSIONPETROLEUMII,0.0,105432.896,0.0,3.0,unmatched,
ghgrp_parent,PEREGRINE PETROLEUM PARTNERS LTD,PEREGRINEPETROLEUM,0.0,41763.75,0.0,2.0,unmatched,
ghgrp_parent,PERFORMANCE FIBERS OPERATIONS INC,PERFORMANCEFIBERSOPERATIONS,0.0,33232.53,0.0,5.0,unmatched,
ghgrp_parent,Permian Basin Limited Partnership,PERMIANBASINLIMITEDPARTNERSHIP,0.0,233549.18428,0.0,4.0,unmatched,
ghgrp_parent,PERMIAN BASIN LTD PTNR,PERMIANBASINPTNR,0.0,141708.93996,0.0,1.0,unmatched,
ghgrp_parent,PERMIAN BASIN LTD PTP,PERMIANBASINPTP,0.0,28967.6139688824,0.0,5.0,unmatched,
ghgrp_parent,PERMIAN RESOURCES HOLDINGS LLC,PERMIANRESOURCES,0.0,520233.674,0.0,8.0,unmatched,
ghgrp_parent,PERRY COUNTY ASSOCIATES LLC,PERRYCOUNTYASSOCIATES,0.0,45870.75,0.0,8.0,unmatched,
ghgrp_parent,Perry Ridge Landfill,PERRYRIDGELANDFILL,0.0,32859.0,0.0,1.0,unmatched,
ghgrp_parent,PERU UTILITIES,PERUUTILITIES,0.0,910.7520000000001,0.0,14.0,unmatched,
ghgrp_parent,PETROBAL OMEGA 1 LLC,PETROBALOMEGA1,0.0,31028.3,0.0,7.0,unmatched,
ghgrp_parent,PETRO HARVESTER OIL & GAS LLC,PETROHARVESTEROILGAS,0.0,129159.22,0.0,11.0,unmatched,
ghgrp_parent,"Petro-Hunt, L.L.C.",PETROHUNTLLC,0.0,20742.665665999997,0.0,1.0,unmatched,
ghgrp_parent,PETROLEGACY ENERGY,PETROLEGACYENERGY,0.0,106643.24799999999,0.0,3.0,unmatched,
ghgrp_parent,Petrologistics,PETROLOGISTICS,0.0,552252.17,0.0,4.0,unmatched,
ghgrp_parent,PH GLATFELTER CO,PHGLATFELTER,0.0,2830542.086,0.0,8.0,unmatched,
ghgrp_parent,P H Glatfelter Company - Chillicothe Facility,PHGLATFELTERCHILLICOTHEFACILITY,0.0,1662405.262,0.0,1.0,unmatched,
ghgrp_parent,PHH,PHH,0.0,241847.4736,0.0,3.0,unmatched,
ghgrp_parent,PHILADELPHIA ENERGY SOLUTIONS LLC,PHILADELPHIAENERGYSOLUTIONS,0.0,3218080.066,0.0,12.0,unmatched,
ghgrp_parent,Philips Holding USA Inc,PHILIPS,0.0,295.468,0.0,10.0,unmatched,
ghgrp_parent,Philips Electronics North America Corporation,PHILIPSELECTRONICSNORTH,0.0,46360.2,0.0,5.0,unmatched,
ghgrp_parent,PHILIPS LIGHTING NORTH AMERICA CORP,PHILIPSLIGHTINGNORTH,0.0,29973.100000000002,0.0,4.0,unmatched,
ghgrp_parent,Philips Lighting North Ameica Corp,PHILIPSLIGHTINGNORTHAMEICA,0.0,32087.896,0.0,1.0,unmatched,
ghgrp_parent,Philip T Sharples Trust,PHILIPTSHARPLESTRUST,0.0,7011.538148862,0.0,10.0,unmatched,
ghgrp_parent,Phillips 66 Sweeny Frac LLC,PHILLIPS66SWEENYFRAC,0.0,43348.506,0.0,1.0,unmatched,
ghgrp_parent,Phoenix Cement Company (a Division of the Salt River Pima-Maricopa Indian Community),PHOENIXCEMENTADIVISIONOFSALTRIVERPIMAMARICOPAINDIANCOMMUNITY,0.0,450080.838,0.0,5.0,unmatched,
ghgrp_parent,PHOENIX CEMENT CO (A DIV OF THE SALT RIVER PIMA-MARICOPA INDIAN COMMUNITY),PHOENIXCEMENTADIVOFSALTRIVERPIMAMARICOPAINDIANCOMMUNITY,0.0,774663.948,0.0,6.0,unmatched,
ghgrp_parent,PHOSPHATE HOLDINGS INC,PHOSPHATE,0.0,210927.49,0.0,14.0,unmatched,
ghgrp_parent,Piceance Energy LLC,PICEANCEENERGY,0.0,21667.668,0.0,3.0,unmatched,
ghgrp_parent,Pike County Fiscal Court Department of Solid Waste,PIKECOUNTYFISCALCOURTDEPARTMENTOFSOLIDWASTE,0.0,48848.75,0.0,1.0,unmatched,
ghgrp_parent,Pike Sanitation Inc.,PIKESANITATION,0.0,75716.5,0.0,3.0,unmatched,
ghgrp_parent,PILKINGTON NA INC,PILKINGTONNA,0.0,246478.174,0.0,9.0,unmatched,
ghgrp_parent,"Pilkington North America, Inc.",PILKINGTONNORTH,0.0,609010.2119999999,0.0,9.0,unmatched,
ghgrp_parent,"Pillsbury, Winthrop, Shaw, Pittman LLP",PILLSBURYWINTHROPSHAWPITTMAN,0.0,30975.691599999995,0.0,4.0,unmatched,
ghgrp_parent,PIMA COUNTY,PIMACOUNTY,0.0,71126.5,0.0,12.0,unmatched,
ghgrp_parent,Pinal County,PINALCOUNTY,0.0,68411.5,0.0,1.0,unmatched,
ghgrp_parent,"PINE LAKE CORN PROCESSORS, LLLP",PINELAKECORNPROCESSORSLLLP,0.0,114668.068,0.0,9.0,unmatched,
ghgrp_parent,Pinelawn Power LLC,PINELAWNPOWER,0.0,87791.324,0.0,1.0,unmatched,
ghgrp_parent,Pinellas County Board of County Commissioners,PINELLASCOUNTYBOARDOFCOUNTYCOMMISSIONERS,0.0,1085021.436,0.0,9.0,unmatched,
ghgrp_parent,Pinetree Power Fitchburg,PINETREEPOWERFITCHBURG,0.0,56662.393431,0.0,1.0,unmatched,
ghgrp_parent,Pinnacle Ethanol LLC d/b/a Poet Biorefining - Corning,PINNACLEETHANOLDBAPOETBIOREFININGCORNING,0.0,108013.942,0.0,5.0,unmatched,
ghgrp_parent,PIN OAK CORPUS CHRISTI LLC,PINOAKCORPUSCHRISTI,0.0,10873.194,0.0,4.0,unmatched,
ghgrp_parent,"Pinona Holdings, Inc",PINONA,0.0,52475.778000000006,0.0,3.0,unmatched,
ghgrp_parent,"PINON GATHERING CO, LLC",PINONGATHERING,0.0,38549.004,0.0,5.0,unmatched,
ghgrp_parent,"Pinova Holdings, Inc.",PINOVA,0.0,114205.69200000001,0.0,3.0,unmatched,
ghgrp_parent,PIPECO LLC,PIPECO,0.0,1468076.762,0.0,5.0,unmatched,
ghgrp_parent,PIRAMAL GLASS USA INC,PIRAMALGLASS,0.0,40362.684,0.0,10.0,unmatched,
ghgrp_parent,PIRLO ENERGY HOLDINGS LLC,PIRLOENERGY,0.0,1824914.212,0.0,4.0,unmatched,
ghgrp_parent,PITT COUNTY,PITTCOUNTY,0.0,41589.5,0.0,11.0,unmatched,
ghgrp_parent,PITTSBURGH CORNING CORPORATION,PITTSBURGHCORNING,0.0,38816.367999999995,0.0,7.0,unmatched,
ghgrp_parent,PITTSBURGH GLASS WORKS LLC,PITTSBURGHGLASSWORKS,0.0,176431.416,0.0,10.0,unmatched,
ghgrp_parent,Pixelle Androscoggin LLC,PIXELLEANDROSCOGGIN,0.0,111557.222,0.0,1.0,unmatched,
ghgrp_parent,"PIXLEY COGEN PARTNERS, LLC",PIXLEYCOGEN,0.0,63236.612,0.0,5.0,unmatched,
ghgrp_parent,PLACID REFINING CO LLC,PLACIDREFINING,0.0,638737.948,0.0,11.0,unmatched,
ghgrp_parent,"Plainfield Asset Management, LLC",PLAINFIELDASSETMANAGEMENT,0.0,172376.664,0.0,12.0,unmatched,
ghgrp_parent,PLAINS ALL AMERICAN GP LLC,PLAINSALLGP,0.0,295585.926,0.0,14.0,unmatched,
ghgrp_parent,"Plains All American Pipeline, LP",PLAINSALLPIPELINE,0.0,65441.486000000004,0.0,4.0,unmatched,
ghgrp_parent,"Plains All American Pipeline, GP",PLAINSALLPIPELINEGP,0.0,52178.32,0.0,2.0,unmatched,
ghgrp_parent,Plains Exploration & Prod. / Pogo Producing Company,PLAINSEXPLORATIONPRODPOGOPRODUCING,0.0,125175.84761870252,0.0,6.0,unmatched,
ghgrp_parent,Plains Exploration & Production / Pogo Producing Company,PLAINSEXPLORATIONPRODUCTIONPOGOPRODUCING,0.0,9392.737525293602,0.0,1.0,unmatched,
ghgrp_parent,Plains LPG Services,PLAINSLPG,0.0,73576.89199999999,0.0,5.0,unmatched,
ghgrp_parent,"Plains Natural Gas Storage, LLC",PLAINSNATURALGASSTORAGE,0.0,69210.66399999999,0.0,4.0,unmatched,
ghgrp_parent,Planis Exploration & Production Company,PLANISEXPLORATIONPRODUCTION,0.0,31720.8,0.0,1.0,unmatched,
ghgrp_parent,PLATINUM EQUITY ADVISORS LLC,PLATINUMEQUITYADVISORS,0.0,2514738.7800000003,0.0,3.0,unmatched,
ghgrp_parent,"Plum Creek Timber Company, Inc.",PLUMCREEKTIMBER,0.0,268906.898,0.0,5.0,unmatched,
ghgrp_parent,"PM Power Group, INC",PMPOWER,0.0,4255.584,0.0,1.0,unmatched,
ghgrp_parent,POET BIOREFINING LLC,POETBIOREFINING,0.0,360949.892,0.0,4.0,unmatched,
ghgrp_parent,POET Biorefining Cloverdale,POETBIOREFININGCLOVERDALE,0.0,122642.988,0.0,4.0,unmatched,
ghgrp_parent,Poet Biorefining - Leipsic,POETBIOREFININGLEIPSIC,0.0,101277.068,0.0,1.0,unmatched,
ghgrp_parent,POET DSM Project Liberty LLC,POETDSMPROJECTLIBERTY,0.0,5852.138,0.0,1.0,unmatched,
ghgrp_parent,POET Ethanol Products,POETETHANOLPRODUCTS,0.0,716.6478,0.0,1.0,unmatched,
ghgrp_parent,POET Investments LLC,POETINVESTMENTS,0.0,12183.0126,0.0,1.0,unmatched,
ghgrp_parent,POET LLC - Laddonia,POETLADDONIA,0.0,54001.096,0.0,4.0,unmatched,
ghgrp_parent,POET Plant Management,POETPLANTMANAGEMENT,0.0,33744.9328,0.0,1.0,unmatched,
ghgrp_parent,"POET Research Center, INC.",POETRESEARCHCENTER,0.0,20529.372,0.0,5.0,unmatched,
ghgrp_parent,POLARIS COTTAGE GROVE LLC,POLARISCOTTAGEGROVE,0.0,87140.776,0.0,4.0,unmatched,
ghgrp_parent,"Polaris Energy, LLC",POLARISENERGY,0.0,586108.9280000001,0.0,1.0,unmatched,
ghgrp_parent,"POLARIS ENERGY, LLC C/O TYR ENERGY, INC.",POLARISENERGYCOTYRENERGY,0.0,630649.8119999999,0.0,2.0,unmatched,
ghgrp_parent,"Polaris Plains End Financing, LLC",POLARISPLAINSENDFINANCING,0.0,71956.232,0.0,3.0,unmatched,
ghgrp_parent,POLARIS WHITEWATER LLC,POLARISWHITEWATER,0.0,136393.94304,0.0,6.0,unmatched,
ghgrp_parent,POLARTEC LLC,POLARTEC,0.0,27859.696,0.0,14.0,unmatched,
ghgrp_parent,POLK COUNTY,POLKCOUNTY,0.0,514858.146,0.0,1.0,unmatched,
ghgrp_parent,Polk County Board of Commissioners,POLKCOUNTYBOARDOFCOMMISSIONERS,0.0,143645.25,0.0,5.0,unmatched,
ghgrp_parent,POLK COUNTY BOARD OF COUNTY COMMISSIONERS,POLKCOUNTYBOARDOFCOUNTYCOMMISSIONERS,0.0,616916.146,0.0,10.0,unmatched,
ghgrp_parent,POLK COUNTY TX,POLKCOUNTYTX,0.0,117220.75,0.0,12.0,unmatched,
ghgrp_parent,Pollution Control Financing Authority of Camden County,POLLUTIONCONTROLFINANCINGAUTHORITYOFCAMDENCOUNTY,0.0,57307.15,0.0,1.0,unmatched,
ghgrp_parent,POLYONE CORP,POLYONE,0.0,69983.796,0.0,3.0,unmatched,
ghgrp_parent,"Port Barre Investments, LLC d/b/a Bobcat Gas Stora",PORTBARREINVESTMENTSDBABOBCATGASSTORA,0.0,38104.416,0.0,1.0,unmatched,
ghgrp_parent,Portland General Elecric,PORTLANDGENERALELECRIC,0.0,2414582.5167,0.0,1.0,unmatched,
ghgrp_parent,"Port Parre Investments, LLC d/b/a Bobcat Gas Stora",PORTPARREINVESTMENTSDBABOBCATGASSTORA,0.0,28089.626,0.0,3.0,unmatched,
ghgrp_parent,"Portsmouth Genco, LLC",PORTSMOUTHGENCO,0.0,222318.618,0.0,5.0,unmatched,
ghgrp_parent,PORT TOWNSEND PAPER CORP,PORTTOWNSENDPAPER,0.0,614400.6799999999,0.0,7.0,unmatched,
ghgrp_parent,POSCO AMERICA CORP,POSCO,0.0,26723.824,0.0,9.0,unmatched,
ghgrp_parent,POST FOODS LLC,POSTFOODS,0.0,44932.68,0.0,1.0,unmatched,
ghgrp_parent,POTASH HOLDING CO INC,POTASH,0.0,3855723.852,0.0,13.0,unmatched,
ghgrp_parent,POTASH CORP OF SASKATCHEWAN USA,POTASHOFSASKATCHEWAN,0.0,478126.238,0.0,7.0,unmatched,
ghgrp_parent,"Potrero Hills Landfill, Inc.",POTREROHILLSLANDFILL,0.0,211943.644,0.0,1.0,unmatched,
ghgrp_parent,POWER HOLDING LLC,POWER,0.0,281478.06299999997,0.0,4.0,unmatched,
ghgrp_parent,POWER CITY PARTNERS LP,POWERCITY,0.0,3274.688,0.0,5.0,unmatched,
ghgrp_parent,Power Resources Cooperative,POWERRESOURCESCOOPERATIVE,0.0,386426.5554,0.0,13.0,unmatched,
ghgrp_parent,POWERSMITH COGENERATION,POWERSMITHCOGENERATION,0.0,188191.84,0.0,4.0,unmatched,
ghgrp_parent,PPI Corporation,PPI,0.0,1397391.2024943999,0.0,4.0,unmatched,
ghgrp_parent,PPl Cororation,PPLCORORATION,0.0,1507998.6867967998,0.0,1.0,unmatched,
ghgrp_parent,"PPL Ironwood Holdings, LLC",PPLIRONWOOD,0.0,2124939.676,0.0,5.0,unmatched,
ghgrp_parent,Prairie Ethanol LLC dba Poet Biorefining,PRAIRIEETHANOLDBAPOETBIOREFINING,0.0,99751.224,0.0,1.0,unmatched,
ghgrp_parent,Prairie Ethanol dba POET Biorefining - Mitchell,PRAIRIEETHANOLDBAPOETBIOREFININGMITCHELL,0.0,97046.64,0.0,4.0,unmatched,
ghgrp_parent,PRAIRIE HORIZON AGRI ENERGY LLC,PRAIRIEHORIZONAGRIENERGY,0.0,57114.134,0.0,11.0,unmatched,
ghgrp_parent,PRAIRIE PLANT SYSTEMS INC,PRAIRIEPLANTSYSTEMS,0.0,312.848,0.0,7.0,unmatched,
ghgrp_parent,PRAXAIR INC,PRAXAIR,0.0,7758228.3,0.0,14.0,unmatched,
ghgrp_parent,Precision Castpart Corporation,PRECISIONCASTPART,0.0,40786.796,0.0,1.0,unmatched,
ghgrp_parent,PREMIER ETHANOL,PREMIERETHANOL,0.0,106829.148,0.0,5.0,unmatched,
ghgrp_parent,PREMIER GLASS USA LLC,PREMIERGLASS,0.0,36734.04,0.0,4.0,unmatched,
ghgrp_parent,"Premier Natural Resources, LLC",PREMIERNATURALRESOURCES,0.0,287873.87600000005,0.0,12.0,unmatched,
ghgrp_parent,"The President & Fellows of Harvard College, Harvard University",PRESIDENTFELLOWSOFHARVARDCOLLEGEHARVARDUNIVERSITY,0.0,87510.53600000001,0.0,14.0,unmatched,
ghgrp_parent,PRIMARY ENERGY RECYCLING HOLDINGS LLC,PRIMARYENERGYRECYCLING,0.0,1122582.178,0.0,9.0,unmatched,
ghgrp_parent,"Primary Natural Resources III, LLC",PRIMARYNATURALRESOURCESIII,0.0,5.75,0.0,3.0,unmatched,
ghgrp_parent,"Primary Natural Resources IV, LLC",PRIMARYNATURALRESOURCESIV,0.0,0.25,0.0,10.0,unmatched,
ghgrp_parent,Prime Operating Company,PRIMEOPERATING,0.0,23705.95,0.0,12.0,unmatched,
ghgrp_parent,PRIME WHEEL CORP,PRIMEWHEEL,0.0,29744.487999999998,0.0,13.0,unmatched,
ghgrp_parent,PRIMEXX OPERATING CORP,PRIMEXXOPERATING,0.0,464877.43200000003,0.0,7.0,unmatched,
ghgrp_parent,Prince Erachem Inc,PRINCEERACHEM,0.0,41932.792,0.0,1.0,unmatched,
ghgrp_parent,PRINCE GEORGE'S COUNTY GOVERNMENT DEPARTMENT OF ENVIRONMENTAL RESOURCES WASTE MANAGEMENT DIV,PRINCEGEORGESCOUNTYGOVERNMENTDEPARTMENTOFENVIRONMENTALRESOURCESWASTEMANAGEMENTDIV,0.0,72220.862,0.0,2.0,unmatched,
ghgrp_parent,"Prince George's County Government, Department of Environmental Resources, Waste Management Division",PRINCEGEORGESCOUNTYGOVERNMENTDEPARTMENTOFENVIRONMENTALRESOURCESWASTEMANAGEMENTDIVISION,0.0,323467.41,0.0,5.0,unmatched,
ghgrp_parent,PRINCE GEORGE'S COUNTY GOVERNMENT DEPARTMENT OF THE ENVIRONMENT RESOURCE RECOVERY DIV,PRINCEGEORGESCOUNTYGOVERNMENTDEPARTMENTOFENVIRONMENTRESOURCERECOVERYDIV,0.0,73048.746,0.0,1.0,unmatched,
ghgrp_parent,PRINCE GEORGE'S COUNTY GOVERNMENT DEPARTMENT OF ENVIRONMENT WASTE MANAGEMENT DIV,PRINCEGEORGESCOUNTYGOVERNMENTDEPARTMENTOFENVIRONMENTWASTEMANAGEMENTDIV,0.0,15288.0,0.0,8.0,unmatched,
ghgrp_parent,PRINCETON UNIVERSITY,PRINCETONUNIVERSITY,0.0,101459.618,0.0,8.0,unmatched,
ghgrp_parent,"PRINCE WILLIAM COUNTY, PUBLIC WORKS DEPARTMENT, SOLID WASTE DIVISION",PRINCEWILLIAMCOUNTYPUBLICWORKSDEPARTMENTSOLIDWASTEDIVISION,0.0,113122.15,0.0,5.0,unmatched,
ghgrp_parent,PRI OPERATING LLC,PRIOPERATING,0.0,223484.444,0.0,2.0,unmatched,
ghgrp_parent,AG PROCESSING INC,PROCESSING,0.0,506166.0360000001,0.0,10.0,unmatched,
ghgrp_parent,"PRO-CORN, LLC",PROCORN,0.0,67836.844,0.0,5.0,unmatched,
ghgrp_parent,PROGRESSIVE WASTE SOLUTIONS,PROGRESSIVEWASTESOLUTIONS,0.0,2593915.044,0.0,9.0,unmatched,
ghgrp_parent,"PROJECT HAWKEYE, LLC",PROJECTHAWKEYE,0.0,184890.242,0.0,3.0,unmatched,
ghgrp_parent,"Project Orange Associates, LLC",PROJECTORANGEASSOCIATES,0.0,73573.37800000001,0.0,12.0,unmatched,
ghgrp_parent,Prospect Capital Corporation,PROSPECTCAPITAL,0.0,72399.902,0.0,2.0,unmatched,
ghgrp_parent,AMERICAN PROTEINS INC,PROTEINS,0.0,256300.592,0.0,14.0,unmatched,
ghgrp_parent,"Pruvient Energy Guam, Inc.",PRUVIENTENERGYGUAM,0.0,189613.348,0.0,10.0,unmatched,
ghgrp_parent,Pruvient Energy Guam Investments Inc.,PRUVIENTENERGYGUAMINVESTMENTS,0.0,189613.348,0.0,14.0,unmatched,
ghgrp_parent,PSI MIDSTREAM PARTNERS L P,PSIMIDSTREAMLP,0.0,162750.94,0.0,14.0,unmatched,
ghgrp_parent,"P&S Project I, LLC",PSPROJECTI,0.0,180929.95899999997,0.0,5.0,unmatched,
ghgrp_parent,Public Serivce Co of New Mexico,PUBLICSERIVCEOFNEWMEXICO,0.0,5475056.40003,0.0,5.0,unmatched,
ghgrp_parent,Public Service Enterpirse Group Incorporated,PUBLICSERVICEENTERPIRSE,0.0,2791141.8157567997,0.0,1.0,unmatched,
ghgrp_parent,Public Service Enterprise Group Incorprated,PUBLICSERVICEENTERPRISEINCORPRATED,0.0,2463213.4217999997,0.0,1.0,unmatched,
ghgrp_parent,Public Service Company of New Mexico,PUBLICSERVICEOFNEWMEXICO,0.0,6494103.143801999,0.0,9.0,unmatched,
ghgrp_parent,PUBLIC WORKS COMMISSION OF THE CITY OF FAYETTEVILLE,PUBLICWORKSCOMMISSIONOFCITYOFFAYETTEVILLE,0.0,51016.626,0.0,14.0,unmatched,
ghgrp_parent,"PUERTO RICO ELECTRIC POWER AUTHORITY, COMMONWEALTH OF PUERTO RICO",PUERTORICOELECTRICPOWERAUTHORITYCOMMONWEALTHOFPUERTORICO,0.0,11524619.684,0.0,13.0,unmatched,
ghgrp_parent,PUERTO RICO ELECTRIC POWER AUTHORITY POWER AUTHORITY COMMONWEALTH OF PUERTO RICO,PUERTORICOELECTRICPOWERAUTHORITYPOWERAUTHORITYCOMMONWEALTHOFPUERTORICO,0.0,107.19800000000001,0.0,5.0,unmatched,
ghgrp_parent,Puget Sound Sound,PUGETSOUNDSOUND,0.0,132778.29200000002,0.0,4.0,unmatched,
ghgrp_parent,PureField Ingredients LLC,PUREFIELDINGREDIENTS,0.0,51326.758,0.0,1.0,unmatched,
ghgrp_parent,"PurEnergy, LLC",PURENERGY,0.0,1248.26776,0.0,2.0,unmatched,
ghgrp_parent,Pursue Energy Corporation,PURSUEENERGY,0.0,41080.096000000005,0.0,5.0,unmatched,
ghgrp_parent,Putnam Couny BOCC,PUTNAMCOUNYBOCC,0.0,68366.75,0.0,1.0,unmatched,
ghgrp_parent,PVR MIDSTREAM LLC,PVRMIDSTREAM,0.0,392245.102,0.0,4.0,unmatched,
ghgrp_parent,PXP OFFSHORE,PXPOFFSHORE,0.0,34183.4999748,0.0,9.0,unmatched,
ghgrp_parent,"QEP Midstream Partners, LP",QEPMIDSTREAM,0.0,161617.0504,0.0,1.0,unmatched,
ghgrp_parent,"QORVO TEXAS, LLC",QORVOTEXAS,0.0,51300.291182,0.0,1.0,unmatched,
ghgrp_parent,QTL US TERMINAL LLC,QTLTERMINAL,0.0,11.899999999999999,0.0,9.0,unmatched,
ghgrp_parent,Quanex Building Products,QUANEXBUILDINGPRODUCTS,0.0,71723.68000000001,0.0,14.0,unmatched,
ghgrp_parent,"Quantum Nevada Utilities Investment 1, LLC",QUANTUMNEVADAUTILITIESINVESTMENT1,0.0,365220.076,0.0,1.0,unmatched,
ghgrp_parent,QUANTUM RESOURCES MGT LLC,QUANTUMRESOURCESMGT,0.0,14835.672181484702,0.0,4.0,unmatched,
ghgrp_parent,Quantum Utility Generation,QUANTUMUTILITYGENERATION,0.0,1088594.016,0.0,4.0,unmatched,
ghgrp_parent,"Queens Fresh Meadows, LLC",QUEENSFRESHMEADOWS,0.0,16494.874,0.0,2.0,unmatched,
ghgrp_parent,"QUEMETCO WEST, LLC",QUEMETCOWEST,0.0,80893.844,0.0,5.0,unmatched,
ghgrp_parent,QUESTAR CORP,QUESTAR,0.0,841573.8747619048,0.0,14.0,unmatched,
ghgrp_parent,Questar Overthrust Pipeline,QUESTAROVERTHRUSTPIPELINE,0.0,42011.43199999999,0.0,1.0,unmatched,
ghgrp_parent,QUICKSILVER RESOURCES INC,QUICKSILVERRESOURCES,0.0,124222.984,0.0,13.0,unmatched,
ghgrp_parent,RACER Properties LLC,RACERPROPERTIES,0.0,10717.56,0.0,11.0,unmatched,
ghgrp_parent,RACER Trust,RACERTRUST,0.0,19301.327999999998,0.0,2.0,unmatched,
ghgrp_parent,"Ralcorp Holdings, Inc.",RALCORP,0.0,42386.34,0.0,2.0,unmatched,
ghgrp_parent,RAMACO RESOURCES INC,RAMACORESOURCES,0.0,11385.25,0.0,8.0,unmatched,
ghgrp_parent,Ranch Westex JV LLC,RANCHWESTEXJV,0.0,31464.884,0.0,2.0,unmatched,
ghgrp_parent,Randolph County,RANDOLPHCOUNTY,0.0,31680.0,0.0,1.0,unmatched,
ghgrp_parent,RANDOLPH COUTY,RANDOLPHCOUTY,0.0,29258.75,0.0,13.0,unmatched,
ghgrp_parent,"Range Resources - Appalachia, LLC & Range Resources - Pine Mountain, LLC",RANGERESOURCESAPPALACHIARANGERESOURCESPINEMOUNTAIN,0.0,58704.076,0.0,4.0,unmatched,
ghgrp_parent,"Range Resources - Pine Mountain, LLC & Range Resources - Appalachia, LLC",RANGERESOURCESPINEMOUNTAINRANGERESOURCESAPPALACHIA,0.0,152571.188,0.0,4.0,unmatched,
ghgrp_parent,"Range Texas Production, LLC",RANGETEXASPRODUCTION,0.0,69429.292,0.0,11.0,unmatched,
ghgrp_parent,"Range Texas Production, LLC & Range Operating New Mexico, LLC",RANGETEXASPRODUCTIONRANGEOPERATINGNEWMEXICO,0.0,73445.79000000001,0.0,2.0,unmatched,
ghgrp_parent,Raven Power Holdings LLC,RAVENPOWER,0.0,7228418.548,0.0,2.0,unmatched,
ghgrp_parent,RAYONIER INC,RAYONIER,0.0,920379.17,0.0,4.0,unmatched,
ghgrp_parent,Rayonier Performance Fibers LLC,RAYONIERPERFORMANCEFIBERS,0.0,2670394.63,0.0,5.0,unmatched,
ghgrp_parent,RC CAPE MAY HOLDINGS LLC,RCCAPEMAY,0.0,603884.114,0.0,12.0,unmatched,
ghgrp_parent,"RC Lonestar, Inc. dba Buzzi Unicem USA",RCLONESTARDBABUZZIUNICEM,0.0,379905.632,0.0,1.0,unmatched,
ghgrp_parent,"RCM MORGANTOWN POWER, LTD",RCMMORGANTOWNPOWER,0.0,220957.4507,0.0,7.0,unmatched,
ghgrp_parent,RCM SELKIRK GP (THE MCNAIR GROUP),RCMSELKIRKGPMCNAIR,0.0,104584.0915,0.0,2.0,unmatched,
ghgrp_parent,"RCM Selkirk, L.P.",RCMSELKIRKLP,0.0,663173.3459536,0.0,1.0,unmatched,
ghgrp_parent,"RCM Selkirk, L.P. (The McNair Group)",RCMSELKIRKLPMCNAIR,0.0,749838.5403839999,0.0,4.0,unmatched,
ghgrp_parent,RDO FROZEN CO,RDOFROZEN,0.0,25250.648,0.0,6.0,unmatched,
ghgrp_parent,REALY ALLOY INC,REALYALLOY,0.0,19.0,0.0,1.0,unmatched,
ghgrp_parent,RECAST ENERGY LLC,RECASTENERGY,0.0,87915.978,0.0,14.0,unmatched,
ghgrp_parent,RECEIVER GBB ON BEHALF OF GSWA,RECEIVERGBBONBEHALFOFGSWA,0.0,38699.0,0.0,3.0,unmatched,
ghgrp_parent,INTERNATIONAL RECTIFIER,RECTIFIER,0.0,38017.619576,0.0,13.0,unmatched,
ghgrp_parent,RECYCLED ENERGY DEVELOPMENT LLC,RECYCLEDENERGYDEVELOPMENT,0.0,830453.5140000001,0.0,4.0,unmatched,
ghgrp_parent,"Redback Power LP, LLC",REDBACKPOWER,0.0,273927.58221600007,0.0,1.0,unmatched,
ghgrp_parent,"Red Shield Acquisition, LLC.",REDSHIELDACQUISITION,0.0,520520.5,0.0,1.0,unmatched,
ghgrp_parent,ReEnergy Holdings,REENERGY,0.0,606824.2420000001,0.0,14.0,unmatched,
ghgrp_parent,REGENCY MIDCONTINENT EXPRESS PIPELINE LLC,REGENCYMIDCONTINENTEXPRESSPIPELINE,0.0,154103.437476,0.0,6.0,unmatched,
ghgrp_parent,REGENCY MIDCONTINENT EXPRESS PIPELINE I LLC,REGENCYMIDCONTINENTEXPRESSPIPELINEI,0.0,132212.50009,0.0,3.0,unmatched,
ghgrp_parent,Regents of the University of California,REGENTSOFUNIVERSITYOFCALIFORNIA,0.0,121886.844,0.0,2.0,unmatched,
ghgrp_parent,"Regents, University of California",REGENTSUNIVERSITYOFCALIFORNIA,0.0,62834.368,0.0,1.0,unmatched,
ghgrp_parent,REM,REM,0.0,453287.202,0.0,1.0,unmatched,
ghgrp_parent,Renesas Electronics America Inc,RENESASELECTRONICS,0.0,11950.466591,0.0,6.0,unmatched,
ghgrp_parent,Reno County,RENOCOUNTY,0.0,146893.2,0.0,1.0,unmatched,
ghgrp_parent,Rensselaer Cogeneration LLC,RENSSELAERCOGENERATION,0.0,13444.400000000001,0.0,2.0,unmatched,
ghgrp_parent,"Rentech, Inc.",RENTECH,0.0,849506.796,0.0,14.0,unmatched,
ghgrp_parent,RENTECH NITROGEN PARTNERS LP,RENTECHNITROGEN,0.0,293895.6476520001,0.0,4.0,unmatched,
ghgrp_parent,"Rentech Nitrogen Partners, L.P.",RENTECHNITROGENLP,0.0,1046.7874,0.0,12.0,unmatched,
ghgrp_parent,"RENU POWER HOLDINGS, LLC",RENUPOWER,0.0,395688.08400000003,0.0,6.0,unmatched,
ghgrp_parent,Republic Engineered Products LLC,REPUBLICENGINEEREDPRODUCTS,0.0,72737.876,0.0,1.0,unmatched,
ghgrp_parent,Republic Financial Corp.,REPUBLICFINANCIAL,0.0,28278.488,0.0,2.0,unmatched,
ghgrp_parent,REPUBLIC PAPERBOARD CO,REPUBLICPAPERBOARD,0.0,72490.02399999999,0.0,10.0,unmatched,
ghgrp_parent,"Republic Service, Inc.",REPUBLICSERVICE,0.0,39475.0,0.0,2.0,unmatched,
ghgrp_parent,"Republic Servics, Inc.",REPUBLICSERVICS,0.0,53607.7,0.0,1.0,unmatched,
ghgrp_parent,The Reserve Group,RESERVE,0.0,26756.38,0.0,3.0,unmatched,
ghgrp_parent,RESOLUTE ENERGY CORP,RESOLUTEENERGY,0.0,4113079.698,0.0,7.0,unmatched,
ghgrp_parent,RESOLUTE FOREST PRODUCTS INC,RESOLUTEFORESTPRODUCTS,0.0,3255549.0300000003,0.0,8.0,unmatched,
ghgrp_parent,Resolute Natural Resources Co,RESOLUTENATURALRESOURCES,0.0,52635.666000000005,0.0,1.0,unmatched,
ghgrp_parent,RESOURCE ENERGY CAN-AM LLC,RESOURCEENERGYCANAM,0.0,56263.897999999994,0.0,5.0,unmatched,
ghgrp_parent,Revelation Energy LLC,REVELATIONENERGY,0.0,93196.75,0.0,9.0,unmatched,
ghgrp_parent,"Revolution Resources, LLC",REVOLUTIONRESOURCES,0.0,35524.176,0.0,3.0,unmatched,
ghgrp_parent,REX COAL CO,REXCOAL,0.0,13590.75,0.0,10.0,unmatched,
ghgrp_parent,REX ENERGY OPERATING CORP,REXENERGYOPERATING,0.0,179402.04,0.0,13.0,unmatched,
ghgrp_parent,REXNORD INDUSTRIES LLC,REXNORD,0.0,27082.648,0.0,13.0,unmatched,
ghgrp_parent,R F Micro Devices,RFMICRODEVICES,0.0,67775.169,0.0,7.0,unmatched,
ghgrp_parent,"RG Steel, LLC",RGSTEEL,0.0,4859559.512,0.0,13.0,unmatched,
ghgrp_parent,"RG Steel-Wheeling, LLC",RGSTEELWHEELING,0.0,466015.08199999994,0.0,13.0,unmatched,
ghgrp_parent,RHEA COUNTY TN,RHEACOUNTYTN,0.0,224058.75,0.0,12.0,unmatched,
ghgrp_parent,RHINO RESOURCES LP,RHINORESOURCES,0.0,211297.75,0.0,13.0,unmatched,
ghgrp_parent,RHODIA INC,RHODIA,0.0,108933.492,0.0,3.0,unmatched,
ghgrp_parent,"Rhodia Inc., Member of the Solvay Group",RHODIAMEMBEROFSOLVAY,0.0,36625.612,0.0,1.0,unmatched,
ghgrp_parent,RICE COUNTY,RICECOUNTY,0.0,52642.598000000005,0.0,12.0,unmatched,
ghgrp_parent,RICE ENERGY INC,RICEENERGY,0.0,342158.01800000004,0.0,10.0,unmatched,
ghgrp_parent,RICE UNIVERSITY,RICEUNIVERSITY,0.0,30084.236,0.0,8.0,unmatched,
ghgrp_parent,Richfield Landfill Inc,RICHFIELDLANDFILL,0.0,166775.0,0.0,13.0,unmatched,
ghgrp_parent,Richland Stryker Generation LLC,RICHLANDSTRYKERGENERATION,0.0,115993.12000000001,0.0,4.0,unmatched,
ghgrp_parent,"Ricochet Energy, Inc.",RICOCHETENERGY,0.0,15942.494,0.0,12.0,unmatched,
ghgrp_parent,"Ri-Corp. Development, Inc",RIDEVELOPMENT,0.0,907547.8740000001,0.0,5.0,unmatched,
ghgrp_parent,Riesel Holdings,RIESEL,0.0,1060457.5985,0.0,1.0,unmatched,
ghgrp_parent,"Riley Permian Operating CO, LLC",RILEYPERMIANOPERATING,0.0,134511.456,0.0,4.0,unmatched,
ghgrp_parent,"RIM Operating, Inc",RIMOPERATING,0.0,20987.877999999997,0.0,7.0,unmatched,
ghgrp_parent,RIMROCK OIL & GAS LP,RIMROCKOILGAS,0.0,304698.894,0.0,6.0,unmatched,
ghgrp_parent,RINCON LTD,RINCON,0.0,49309.164,0.0,3.0,unmatched,
ghgrp_parent,Rio Bravo Jasmin,RIOBRAVOJASMIN,0.0,361051.18,0.0,14.0,unmatched,
ghgrp_parent,Rio Bravo Poso,RIOBRAVOPOSO,0.0,346114.948,0.0,14.0,unmatched,
ghgrp_parent,RIO GRANDE E&P LLC,RIOGRANDEEP,0.0,55017.03999999999,0.0,5.0,unmatched,
ghgrp_parent,Rio Grande Exploration & Production,RIOGRANDEEXPLORATIONPRODUCTION,0.0,59288.009999999995,0.0,1.0,unmatched,
ghgrp_parent,Rio Tinto Minerals,RIOTINTOMINERALS,0.0,329550.00800000003,0.0,5.0,unmatched,
ghgrp_parent,"Rise Energy Partners, LP",RISEENERGY,0.0,60006.064,0.0,2.0,unmatched,
ghgrp_parent,RIVANNA SOLID WASTE AUTHORITY,RIVANNASOLIDWASTEAUTHORITY,0.0,28779.25,0.0,11.0,unmatched,
ghgrp_parent,Riverside County,RIVERSIDECOUNTY,0.0,46391.75,0.0,1.0,unmatched,
ghgrp_parent,RIVERSTONE HOLDINGS LLC,RIVERSTONE,0.0,17755.986,0.0,4.0,unmatched,
ghgrp_parent,RJS Generation Holdings LLC,RJSGENERATION,0.0,7050030.120000001,0.0,1.0,unmatched,
ghgrp_parent,RKI,RKI,0.0,40443.722,0.0,10.0,unmatched,
ghgrp_parent,RKI EXPLORATION & PRODUCTION LLC,RKIEXPLORATIONPRODUCTION,0.0,419852.22400000005,0.0,4.0,unmatched,
ghgrp_parent,ROANOKE VALLEY RESOURCE AUTHORITY,ROANOKEVALLEYRESOURCEAUTHORITY,0.0,207592.5,0.0,9.0,unmatched,
ghgrp_parent,Roanoke Valley Resource Authority (RVRA),ROANOKEVALLEYRESOURCEAUTHORITYRVRA,0.0,44178.0,0.0,4.0,unmatched,
ghgrp_parent,ROAN RESOURCES INC,ROANRESOURCES,0.0,404909.53800000006,0.0,7.0,unmatched,
ghgrp_parent,ROBESON COUNTY,ROBESONCOUNTY,0.0,111151.75,0.0,12.0,unmatched,
ghgrp_parent,ROCKALL ENERGY LLC,ROCKALLENERGY,0.0,60215.266,0.0,6.0,unmatched,
ghgrp_parent,Rockbridge County,ROCKBRIDGECOUNTY,0.0,46282.5,0.0,6.0,unmatched,
ghgrp_parent,Rockbridge County Landfill,ROCKBRIDGECOUNTYLANDFILL,0.0,43359.75,0.0,1.0,unmatched,
ghgrp_parent,ROCKCLIFF ENERGY II LLC,ROCKCLIFFENERGYII,0.0,539109.02,0.0,7.0,unmatched,
ghgrp_parent,ROCKIES EXPRESS HOLDINGS LLC,ROCKIESEXPRESS,0.0,874196.1945,0.0,7.0,unmatched,
ghgrp_parent,ROCKIES EXPRESS PIPELINE LLC,ROCKIESEXPRESSPIPELINE,0.0,699717.849,0.0,1.0,unmatched,
ghgrp_parent,Rockingham County,ROCKINGHAMCOUNTY,0.0,88083.25,0.0,5.0,unmatched,
ghgrp_parent,ROCKINGHAM COUNTY NC,ROCKINGHAMCOUNTYNC,0.0,85296.25,0.0,7.0,unmatched,
ghgrp_parent,ROCKINGHAM COUNTY VA,ROCKINGHAMCOUNTYVA,0.0,18295.65,0.0,2.0,unmatched,
ghgrp_parent,ROCK RIVER ENVIRONMENTAL SERVICES,ROCKRIVERENVIRONMENTAL,0.0,748235.1,0.0,9.0,unmatched,
ghgrp_parent,Rocky Mountain Bottle Company,ROCKYMOUNTAINBOTTLE,0.0,88334.736,0.0,5.0,unmatched,
ghgrp_parent,ROCKY ROAD POWER LLC,ROCKYROADPOWER,0.0,90222.316,0.0,7.0,unmatched,
ghgrp_parent,ROGUE VALLEY PROPERTIES INC,ROGUEVALLEYPROPERTIES,0.0,122825.05,0.0,13.0,unmatched,
ghgrp_parent,Roll International,ROLL,0.0,28648.694000000003,0.0,1.0,unmatched,
ghgrp_parent,ROLLS-ROYCE PLC,ROLLSROYCE,0.0,26434.811999999998,0.0,1.0,unmatched,
ghgrp_parent,ROLLS-ROYCE NA HOLDINGS INC,ROLLSROYCENA,0.0,55877.168,0.0,1.0,unmatched,
ghgrp_parent,ROSBORO LLC,ROSBORO,0.0,64309.0,0.0,14.0,unmatched,
ghgrp_parent,ROSEBURG FOREST PRODUCTS,ROSEBURGFORESTPRODUCTS,0.0,822783.5340000001,0.0,10.0,unmatched,
ghgrp_parent,RS COGEN,RSCOGEN,0.0,473930.22722,0.0,2.0,unmatched,
ghgrp_parent,RS CO GEN,RSGEN,0.0,519153.1128,0.0,5.0,unmatched,
ghgrp_parent,RSI,RSI,0.0,996457.5,0.0,1.0,unmatched,
ghgrp_parent,RSP PERMIAN LLC,RSPPERMIAN,0.0,78922.606,0.0,9.0,unmatched,
ghgrp_parent,RSR CORP,RSR,0.0,201029.808,0.0,5.0,unmatched,
ghgrp_parent,RSR North America Corp,RSRNORTH,0.0,102510.776,0.0,2.0,unmatched,
ghgrp_parent,Rubicon LLC,RUBICON,0.0,67766.59,0.0,5.0,unmatched,
ghgrp_parent,"Rumpke of Indiana, LLC",RUMPKEOFINDIANA,0.0,174484.05,0.0,5.0,unmatched,
ghgrp_parent,"Rumpke of Kentucky, Inc.",RUMPKEOFKENTUCKY,0.0,281652.348,0.0,5.0,unmatched,
ghgrp_parent,"Rumpke Sanitary Landfill, Inc.",RUMPKESANITARYLANDFILL,0.0,1114553.392,0.0,5.0,unmatched,
ghgrp_parent,"Rumpke Waste, Inc.",RUMPKEWASTE,0.0,666992.098,0.0,5.0,unmatched,
ghgrp_parent,"Rupert Holdings, LLC",RUPERT,0.0,50179.759999999995,0.0,13.0,unmatched,
ghgrp_parent,"Rustick, LLC",RUSTICK,0.0,29294.4,0.0,1.0,unmatched,
ghgrp_parent,"Rutgers, The State University of New Jersy",RUTGERSSTATEUNIVERSITYOFNEWJERSY,0.0,97967.0,0.0,1.0,unmatched,
ghgrp_parent,"S2 Energy Operating, LLC",S2ENERGYOPERATING,0.0,99678.606,0.0,1.0,unmatched,
ghgrp_parent,Sabine Parish Police Jury,SABINEPARISHPOLICEJURY,0.0,75321.6,0.0,1.0,unmatched,
ghgrp_parent,Sacramento Cogeneration Authority,SACRAMENTOCOGENERATIONAUTHORITY,0.0,370224.428,0.0,2.0,unmatched,
ghgrp_parent,SACRAMENTO COGERATION AUTHORITY,SACRAMENTOCOGERATIONAUTHORITY,0.0,399218.068,0.0,9.0,unmatched,
ghgrp_parent,SACRAMENTO MUNICIPAL UTILITY DISTRICT (SMUD),SACRAMENTOMUNICIPALUTILITYDISTRICTSMUD,0.0,1887.84,0.0,1.0,unmatched,
ghgrp_parent,SACRAMENTO POWER AUTHORITY,SACRAMENTOPOWERAUTHORITY,0.0,438630.82399999996,0.0,11.0,unmatched,
ghgrp_parent,SAFETY-KLEEN SYSTEMS INC,SAFETYKLEENSYSTEMS,0.0,76640.128,0.0,9.0,unmatched,
ghgrp_parent,SAGA PETROLEUM LLC,SAGAPETROLEUM,0.0,93754.622,0.0,11.0,unmatched,
ghgrp_parent,SAINT-GOBAIN CONTAINERS INC,SAINTGOBAINCONTAINERS,0.0,1066980.9,0.0,4.0,unmatched,
ghgrp_parent,SAINT GOBAIN NORTH AMERICA,SAINTGOBAINNORTH,0.0,290219.194,0.0,5.0,unmatched,
ghgrp_parent,Salem County Improvement Authority (SCIA),SALEMCOUNTYIMPROVEMENTAUTHORITYSCIA,0.0,70615.0,0.0,1.0,unmatched,
ghgrp_parent,US SALT INVESTORS LLC,SALTINVESTORS,0.0,81306.24399999999,0.0,4.0,unmatched,
ghgrp_parent,Salt Lake County,SALTLAKECOUNTY,0.0,65180.725,0.0,9.0,unmatched,
ghgrp_parent,SALT RIVER PIMA MARICOPA INDIAN COMMUNITY EDUCATIONAL SE,SALTRIVERPIMAMARICOPAINDIANCOMMUNITYEDUCATIONAL,0.0,55828.75,0.0,1.0,unmatched,
ghgrp_parent,SALT RIVER PROJECT,SALTRIVERPROJECT,0.0,22480828.0291234,0.0,14.0,unmatched,public power district (Arizona)
ghgrp_parent,SALT RIVER PROJECT (100% Ownership of Unit 4 only),SALTRIVERPROJECT100OWNERSHIPOFUNIT4ONLY,0.0,2721838.1155000003,0.0,4.0,unmatched,
ghgrp_parent,Salt River Project Agricultural Improvement and Power District (100% Ownership of Unit 4 only),SALTRIVERPROJECTAGRICULTURALIMPROVEMENTPOWERDISTRICT100OWNERSHIPOFUNIT4ONLY,0.0,10252865.388,0.0,1.0,unmatched,
ghgrp_parent,Sampson County,SAMPSONCOUNTY,0.0,41300.0,0.0,9.0,unmatched,
ghgrp_parent,"Sampson County Disposal, LLC",SAMPSONCOUNTYDISPOSAL,0.0,533913.75,0.0,7.0,unmatched,
ghgrp_parent,SAM RAYBURN G&T,SAMRAYBURNGT,0.0,224733.81059999997,0.0,10.0,unmatched,
ghgrp_parent,SAMSON ENERGY CO LLC,SAMSONENERGY,0.0,128057.764,0.0,13.0,unmatched,
ghgrp_parent,Samsung Austin Semiconductor,SAMSUNGAUSTINSEMICONDUCTOR,0.0,558076.2511783,0.0,4.0,unmatched,
ghgrp_parent,SAMUEL GARY JR ASSOCIATES INC,SAMUELGARYJRASSOCIATES,0.0,117488.634,0.0,13.0,unmatched,
ghgrp_parent,SAN BENITO COUNTY,SANBENITOCOUNTY,0.0,19401.5,0.0,9.0,unmatched,
ghgrp_parent,San Bernardino County - Solida Waste Management Division,SANBERNARDINOCOUNTYSOLIDAWASTEMANAGEMENTDIVISION,0.0,77595.75,0.0,1.0,unmatched,
ghgrp_parent,San Bernardino County - Solid Waste Management Division,SANBERNARDINOCOUNTYSOLIDWASTEMANAGEMENTDIVISION,0.0,145441.25,0.0,1.0,unmatched,
ghgrp_parent,San Bernardino Solid Waste Management Division,SANBERNARDINOSOLIDWASTEMANAGEMENTDIVISION,0.0,207763.5,0.0,2.0,unmatched,
ghgrp_parent,SANCHEZ MIDSTREAM PARTNERS LP,SANCHEZMIDSTREAM,0.0,125501.418,0.0,3.0,unmatched,
ghgrp_parent,SANCHEZ OIL & GAS,SANCHEZOILGAS,0.0,236619.53199999998,0.0,10.0,unmatched,
ghgrp_parent,SANDERSON FARMS INC,SANDERSONFARMS,0.0,42267.682,0.0,11.0,unmatched,
ghgrp_parent,"Sandoval County, New Mexico",SANDOVALCOUNTYNEWMEXICO,0.0,58602.25,0.0,1.0,unmatched,
ghgrp_parent,"Sandoval County, NM",SANDOVALCOUNTYNM,0.0,72517.0,0.0,8.0,unmatched,
ghgrp_parent,SANDRA M CAMPBELL,SANDRAMCAMPBELL,0.0,80755.6,0.0,1.0,unmatched,
ghgrp_parent,"SANDRIDGE ENERGY, INC",SANDRIDGEENERGY,0.0,1672790.096,0.0,14.0,unmatched,
ghgrp_parent,"SANDRIDGE ENERGY OFFSHORE, LLC",SANDRIDGEENERGYOFFSHORE,0.0,247643.35199999998,0.0,1.0,unmatched,
ghgrp_parent,"SandRidge Exploration and Production, LLC",SANDRIDGEEXPLORATIONPRODUCTION,0.0,3551388.2279999997,0.0,13.0,unmatched,
ghgrp_parent,"SandRidge Production and Exploration, LLC",SANDRIDGEPRODUCTIONEXPLORATION,0.0,120974.73599999999,0.0,13.0,unmatched,
ghgrp_parent,SAN JOAQUIN COUNTY PUBLIC WORKS DEPARTMENT,SANJOAQUINCOUNTYPUBLICWORKSDEPARTMENT,0.0,233982.5,0.0,5.0,unmatched,
ghgrp_parent,SAN JOAQUIN ENERGY CO,SANJOAQUINENERGY,0.0,566135.692,0.0,3.0,unmatched,
ghgrp_parent,"San Mateo Midstream II, LLC",SANMATEOMIDSTREAMII,0.0,74262.134,0.0,1.0,unmatched,
ghgrp_parent,SANOFI US,SANOFI,0.0,42310.337999999996,0.0,5.0,unmatched,
ghgrp_parent,"sanofi aventis, Inc.",SANOFIAVENTIS,0.0,36552.873999999996,0.0,3.0,unmatched,
ghgrp_parent,Santa Barbara County Dept of Public Works,SANTABARBARACOUNTYDEPTOFPUBLICWORKS,0.0,65472.0,0.0,1.0,unmatched,
ghgrp_parent,Santa Rosa County Board of County Commissioners,SANTAROSACOUNTYBOARDOFCOUNTYCOMMISSIONERS,0.0,93596.1,0.0,1.0,unmatched,
ghgrp_parent,Santee Cooper,SANTEECOOPER,0.0,21653343.858,0.0,13.0,unmatched,state-owned (South Carolina)
ghgrp_parent,SAPA EXTRUSIONS INC,SAPAEXTRUSIONS,0.0,153273.672,0.0,12.0,unmatched,
ghgrp_parent,SARASOTA COUNTY,SARASOTACOUNTY,0.0,378747.95,0.0,8.0,unmatched,
ghgrp_parent,"Sarasota County, FL",SARASOTACOUNTYFL,0.0,275204.7,0.0,1.0,unmatched,
ghgrp_parent,SARPY COUNTY,SARPYCOUNTY,0.0,89291.75,0.0,8.0,unmatched,
ghgrp_parent,"Sarpy County, Nebraska",SARPYCOUNTYNEBRASKA,0.0,112242.25,0.0,1.0,unmatched,
ghgrp_parent,SASOL NORTH AMERICA INC,SASOLNORTH,0.0,747386.08,0.0,4.0,unmatched,
ghgrp_parent,SAUDI REFINING INC,SAUDIREFINING,0.0,5549130.688,0.0,4.0,unmatched,
ghgrp_parent,"S.B. Acquisitions, Inc.",SBACQUISITIONS,0.0,88091.322,0.0,1.0,unmatched,
ghgrp_parent,"S.B. Aquisitions, Inc.",SBAQUISITIONS,0.0,94133.95199999999,0.0,3.0,unmatched,
ghgrp_parent,SBM Offshore,SBMOFFSHORE,0.0,80444.63399999999,0.0,5.0,unmatched,
ghgrp_parent,SCA AMERICAS INC,SCA,0.0,180683.62,0.0,12.0,unmatched,
ghgrp_parent,SCALA ENERGY LLC,SCALAENERGY,0.0,57837.909999999996,0.0,5.0,unmatched,
ghgrp_parent,"SCA TISSUE NORTH AMERICA, INC",SCATISSUENORTH,0.0,184389.456,0.0,5.0,unmatched,
ghgrp_parent,"Schmolz & Bickenbach USA Holdings, Inc.",SCHMOLZBICKENBACH,0.0,60790.9,0.0,13.0,unmatched,
ghgrp_parent,"SCI, LLC",SCI,0.0,3364.192,0.0,13.0,unmatched,
ghgrp_parent,SCOGI GP,SCOGIGP,0.0,8581.48632,0.0,1.0,unmatched,
ghgrp_parent,SCOOP EXPRESS LLC,SCOOPEXPRESS,0.0,26582.892,0.0,5.0,unmatched,
ghgrp_parent,SCOTT LYNN,SCOTTLYNN,0.0,566.9220032,0.0,8.0,unmatched,
ghgrp_parent,Scottsboro Solid Waste Authority,SCOTTSBOROSOLIDWASTEAUTHORITY,0.0,65174.75,0.0,5.0,unmatched,
ghgrp_parent,"SCOTT, WALTER JR. c/o MIDAMERICAN ENERGY HOLDINGS COMPANY",SCOTTWALTERJRCOMIDAMERICANENERGY,0.0,2354.386474,0.0,4.0,unmatched,
ghgrp_parent,SCPPA,SCPPA,0.0,1363188.8311480002,0.0,1.0,unmatched,
ghgrp_parent,Sd-Chemie Inc.,SDCHEMIE,0.0,33886.672,0.0,1.0,unmatched,
ghgrp_parent,SDW HOLDINGS CORP,SDW,0.0,3585798.882,0.0,10.0,unmatched,
ghgrp_parent,S.D. Warren Company,SDWARREN,0.0,3688465.4220000003,0.0,5.0,unmatched,
ghgrp_parent,"SEACOR HOLDINGS, INC",SEACOR,0.0,128183.00599999998,0.0,7.0,unmatched,
ghgrp_parent,SEARLES VALLEY MINERALS INC,SEARLESVALLEYMINERALS,0.0,1573205.364,0.0,9.0,unmatched,
ghgrp_parent,Seattle Steam Company LLC,SEATTLESTEAM,0.0,97046.88799999999,0.0,4.0,unmatched,
ghgrp_parent,SEBASTIAN MINING CO LLC,SEBASTIANMINING,0.0,263852.25,0.0,13.0,unmatched,
ghgrp_parent,SECCRA,SECCRA,0.0,44677.6,0.0,1.0,unmatched,
ghgrp_parent,American Securities LLC,SECURITIES,0.0,71326.832,0.0,2.0,unmatched,
ghgrp_parent,SEMCO ENERGY INC,SEMCOENERGY,0.0,49108.9,0.0,9.0,unmatched,
ghgrp_parent,SEMGAS LP,SEMGAS,0.0,629336.5260000001,0.0,5.0,unmatched,
ghgrp_parent,SEMGROUP CORP,SEMGROUP,0.0,483133.546,0.0,5.0,unmatched,
ghgrp_parent,Sempra Generation,SEMPRAGENERATION,0.0,3031064.116,0.0,1.0,unmatched,
ghgrp_parent,"Sempra REX Holdings, LLC",SEMPRAREX,0.0,93030.30399999999,0.0,1.0,unmatched,
ghgrp_parent,Sempra U.S Gas & Power,SEMPRAUSGASPOWER,0.0,2459229.936,0.0,4.0,unmatched,
ghgrp_parent,SENDERO MIDSTREAM PARTNERS LP,SENDEROMIDSTREAM,0.0,78527.41,0.0,5.0,unmatched,
ghgrp_parent,"Seneca Landfill, Incorporated",SENECALANDFILL,0.0,51426.032,0.0,1.0,unmatched,
ghgrp_parent,SENECA NORTH AMERICAN COAL LLC,SENECANORTHCOAL,0.0,1166822.622,0.0,9.0,unmatched,
ghgrp_parent,"Seneca Power Partners, LP",SENECAPOWER,0.0,46024.655,0.0,5.0,unmatched,
ghgrp_parent,SENECA RESOURCES CORP,SENECARESOURCES,0.0,514366.162,0.0,13.0,unmatched,
ghgrp_parent,"Seneca Sustainable Energy, LLC",SENECASUSTAINABLEENERGY,0.0,208620.6,0.0,12.0,unmatched,
ghgrp_parent,SEQUITUR EAST TEXAS LLC,SEQUITUREASTTEXAS,0.0,271749.772,0.0,9.0,unmatched,
ghgrp_parent,SET PERC INVESTMENT LLC,SETPERCINVESTMENT,0.0,148985.07018600003,0.0,7.0,unmatched,
ghgrp_parent,"Seven Hills Paperboard, LLC",SEVENHILLSPAPERBOARD,0.0,29544.931999999997,0.0,2.0,unmatched,
ghgrp_parent,"SEVERSTAL NORTH AMERICA, INC",SEVERSTALNORTH,0.0,2229121.2236800003,0.0,4.0,unmatched,
ghgrp_parent,Severstal Sparrows Point LLC,SEVERSTALSPARROWSPOINT,0.0,2114042.188,0.0,1.0,unmatched,
ghgrp_parent,SEWARD COUNTY KANSAS,SEWARDCOUNTYKANSAS,0.0,36179.05,0.0,7.0,unmatched,
ghgrp_parent,"Sexton Family Partnership, L.P.",SEXTONFAMILYPARTNERSHIPLP,0.0,66358.57151000001,0.0,1.0,unmatched,
ghgrp_parent,"Sexton Family Partnership, L.P. and GRG L.P.",SEXTONFAMILYPARTNERSHIPLPGRGLP,0.0,81789.248,0.0,1.0,unmatched,
ghgrp_parent,SEYMOUR OF SYCAMORE INC,SEYMOUROFSYCAMORE,0.0,695.548,0.0,14.0,unmatched,
ghgrp_parent,SF HOLDING CORP,SF,0.0,725019.826,0.0,2.0,unmatched,
ghgrp_parent,SGL AUTOMOTIVE CARBON FIBERS LLC,SGLAUTOMOTIVECARBONFIBERS,0.0,12715.152,0.0,6.0,unmatched,
ghgrp_parent,SG SOLUTIONS LLC,SGSOLUTIONS,0.0,543.01604,0.0,13.0,unmatched,
ghgrp_parent,Shapes/Arch Holdings LLC,SHAPESARCH,0.0,24727.564,0.0,1.0,unmatched,
ghgrp_parent,Sharples Associates,SHARPLESASSOCIATES,0.0,2310.162807489,0.0,10.0,unmatched,
ghgrp_parent,Shaw Industries Inc.,SHAW,0.0,83381.45999999999,0.0,1.0,unmatched,
ghgrp_parent,Shelby County Commission,SHELBYCOUNTYCOMMISSION,0.0,72193.25,0.0,1.0,unmatched,
ghgrp_parent,SHELL CHEMICAL LP,SHELLCHEMICAL,0.0,11086.908,0.0,14.0,unmatched,
ghgrp_parent,SHELL OIL CO,SHELLOIL,0.0,21338712.233640004,0.0,14.0,unmatched,foreign-listed parent (Shell plc)
ghgrp_parent,Shell Oil Products US,SHELLOILPRODUCTS,0.0,2048228.684,0.0,1.0,unmatched,
ghgrp_parent,"Shell Petroleum Inc. (Shell Chemical LP - Norco, LA)",SHELLPETROLEUMSHELLCHEMICALNORCOLA,0.0,3872626.142,0.0,5.0,unmatched,
ghgrp_parent,"Shenandoah County, VA",SHENANDOAHCOUNTYVA,0.0,34504.0,0.0,7.0,unmatched,
ghgrp_parent,"Sheridan Production Comapny, LLC",SHERIDANPRODUCTIONCOMAPNY,0.0,189536.58599999998,0.0,4.0,unmatched,
ghgrp_parent,SHERWIN ALUMINA CO LLC,SHERWINALUMINA,0.0,241288.90399999998,0.0,14.0,unmatched,
ghgrp_parent,SHILOH INDUSTRIES INC,SHILOH,0.0,10693.2,0.0,7.0,unmatched,
ghgrp_parent,ShinEtsu Handotai,SHINETSUHANDOTAI,0.0,20263.75106,0.0,7.0,unmatched,
ghgrp_parent,Shoreham Energy LLC,SHOREHAMENERGY,0.0,23236.242000000002,0.0,1.0,unmatched,
ghgrp_parent,SHORELINE ENERGY LLC,SHORELINEENERGY,0.0,49529.604,0.0,11.0,unmatched,
ghgrp_parent,Shultz Steel Co,SHULTZSTEEL,0.0,25234.204,0.0,3.0,unmatched,
ghgrp_parent,SI GROUP INC,SI,0.0,205664.408,0.0,11.0,unmatched,
ghgrp_parent,"Sid Richardson Carbon, Ltd.",SIDRICHARDSONCARBON,0.0,1021708.8299999998,0.0,1.0,unmatched,
ghgrp_parent,SID RICHARDSON CARBON & ENERGY CO,SIDRICHARDSONCARBONENERGY,0.0,1061964.5499999998,0.0,7.0,unmatched,
ghgrp_parent,SIEMENS CORP,SIEMENS,0.0,9016.488000000001,0.0,14.0,unmatched,
ghgrp_parent,Sierra Army Depot,SIERRAARMYDEPOT,0.0,16.25,0.0,1.0,unmatched,
ghgrp_parent,SIERRA PACIFIC INDUSTRIES,SIERRAPACIFIC,0.0,731079.452,0.0,12.0,unmatched,
ghgrp_parent,Sierra Power Corporation,SIERRAPOWER,0.0,130821.01,0.0,13.0,unmatched,
ghgrp_parent,Signal Hill Power LLC,SIGNALHILLPOWER,0.0,1168.5056000000002,0.0,1.0,unmatched,
ghgrp_parent,"Signal Hill Wichita Falls Power, LP",SIGNALHILLWICHITAFALLSPOWER,0.0,4941.932,0.0,1.0,unmatched,
ghgrp_parent,Signify North America Corp,SIGNIFYNORTH,0.0,23766.32,0.0,4.0,unmatched,
ghgrp_parent,Sikeston Board of Muncipal Utilities,SIKESTONBOARDOFMUNCIPALUTILITIES,0.0,1885891.418,0.0,1.0,unmatched,
ghgrp_parent,SIKESTON BOARD OF MUNIPAL UTILITIES,SIKESTONBOARDOFMUNIPALUTILITIES,0.0,1916727.908,0.0,8.0,unmatched,
ghgrp_parent,SILVER CREEK OIL & GAS LLC,SILVERCREEKOILGAS,0.0,40143.684,0.0,8.0,unmatched,
ghgrp_parent,SILVER CREEK PERMIAN OPERATING CO LLC,SILVERCREEKPERMIANOPERATING,0.0,45778.854,0.0,3.0,unmatched,
ghgrp_parent,"Silver Eagle Oil, Inc.",SILVEREAGLEOIL,0.0,50489.186,0.0,1.0,unmatched,
ghgrp_parent,Simcoe LLC,SIMCOE,0.0,117586.181,0.0,1.0,unmatched,
ghgrp_parent,SIMMONS FOODS INC,SIMMONSFOODS,0.0,121184.806,0.0,2.0,unmatched,
ghgrp_parent,Simpson Investment Company,SIMPSONINVESTMENT,0.0,1093340.0,0.0,1.0,unmatched,
ghgrp_parent,Simpson Lumber Company LLC,SIMPSONLUMBER,0.0,1173531.324,0.0,4.0,unmatched,
ghgrp_parent,THE SINCLAIR COS,SINCLAIR,0.0,1654083.3620000002,0.0,12.0,unmatched,
ghgrp_parent,SIOUXLAND ENERGY & LIVESTOCK COOPERATIVE,SIOUXLANDENERGYLIVESTOCKCOOPERATIVE,0.0,61047.92,0.0,4.0,unmatched,
ghgrp_parent,"Sioux River Ethanol, LLC",SIOUXRIVERETHANOL,0.0,86404.02399999999,0.0,5.0,unmatched,
ghgrp_parent,SK CAPITAL PARTNERS II LP,SKCAPITALII,0.0,593858.664,0.0,1.0,unmatched,
ghgrp_parent,SK E&P,SKEP,0.0,134638.682,0.0,1.0,unmatched,
ghgrp_parent,SK NEMAHA LLC,SKNEMAHA,0.0,118069.64199999999,0.0,6.0,unmatched,
ghgrp_parent,SK PLYMOUTH LLC,SKPLYMOUTH,0.0,70958.314,0.0,9.0,unmatched,
ghgrp_parent,Skull Valley Band of Goshute Indians,SKULLVALLEYBANDOFGOSHUTEINDIANS,0.0,30667.5,0.0,1.0,unmatched,
ghgrp_parent,SKYWATER TECHNOLOGY FOUNDRY INC,SKYWATERTECHNOLOGYFOUNDRY,0.0,102334.69202829999,0.0,3.0,unmatched,
ghgrp_parent,SMARR EMC,SMARREMC,0.0,257978.544,0.0,5.0,unmatched,
ghgrp_parent,Smith Beecham Corporation,SMITHBEECHAM,0.0,6404.776,0.0,4.0,unmatched,
ghgrp_parent,"Smithfield Packing Company, Inc.",SMITHFIELDPACKING,0.0,74690.00200000001,0.0,1.0,unmatched,
ghgrp_parent,SNAKE RIVER SUGAR CO,SNAKERIVERSUGAR,0.0,908615.986,0.0,11.0,unmatched,
ghgrp_parent,SN EF MAVERICK LLC,SNEFMAVERICK,0.0,970737.2139999999,0.0,3.0,unmatched,
ghgrp_parent,Snohomish County,SNOHOMISHCOUNTY,0.0,34213.75,0.0,9.0,unmatched,
ghgrp_parent,Society of the Divine Word and the Missionary Sister Servants of the Holy Spirit,SOCIETYOFDIVINEWORDMISSIONARYSISTERSERVANTSOFHOLYSPIRIT,0.0,107503.533671,0.0,2.0,unmatched,
ghgrp_parent,Sojitz Corp of America,SOJITZOF,0.0,435486.88295640005,0.0,2.0,unmatched,
ghgrp_parent,"Solae, LLC",SOLAE,0.0,356281.448,0.0,4.0,unmatched,
ghgrp_parent,SOLID WASTE SERVICES INC,SOLIDWASTE,0.0,42629.0,0.0,3.0,unmatched,
ghgrp_parent,SOLID WASTE AUTHORITY OF PALM BEACH COUNTY,SOLIDWASTEAUTHORITYOFPALMBEACHCOUNTY,0.0,2103762.128,0.0,12.0,unmatched,
ghgrp_parent,"Solid Waste Division, City of Billings, Montana",SOLIDWASTEDIVISIONCITYOFBILLINGSMONTANA,0.0,114356.75,0.0,4.0,unmatched,
ghgrp_parent,"Solid Waste Division, City of Bllings, Montana",SOLIDWASTEDIVISIONCITYOFBLLINGSMONTANA,0.0,483284.25,0.0,1.0,unmatched,
ghgrp_parent,Solid Waste Management Company of Atkinson County,SOLIDWASTEMANAGEMENTOFATKINSONCOUNTY,0.0,24599.75,0.0,1.0,unmatched,
ghgrp_parent,SOLUTIA INC,SOLUTIA,0.0,196291.80000000002,0.0,9.0,unmatched,
ghgrp_parent,"Solvay Advanced Polymers, LLC",SOLVAYADVANCEDPOLYMERS,0.0,33146.822,0.0,1.0,unmatched,
ghgrp_parent,"Solvay Solexis, Inc.",SOLVAYSOLEXIS,0.0,19201.028,0.0,2.0,unmatched,
ghgrp_parent,SOLVAY SPECIALTY POLYMERS USA LLC,SOLVAYSPECIALTYPOLYMERS,0.0,197145.306,0.0,8.0,unmatched,
ghgrp_parent,SONNEBORN LLC,SONNEBORN,0.0,79431.09999999999,0.0,9.0,unmatched,
ghgrp_parent,Sonoco,SONOCO,0.0,669423.356,0.0,4.0,unmatched,
ghgrp_parent,Sonoco P,SONOCOP,0.0,54632.044,0.0,4.0,unmatched,
ghgrp_parent,Sonoco Prodcuts Company,SONOCOPRODCUTS,0.0,31760.68,0.0,4.0,unmatched,
ghgrp_parent,South Beaumont Farms,SOUTHBEAUMONTFARMS,0.0,101502.5,0.0,1.0,unmatched,
ghgrp_parent,"South Central Coal Company, Inc.",SOUTHCENTRALCOAL,0.0,121.0,0.0,3.0,unmatched,
ghgrp_parent,SOUTHCROSS ENERGY,SOUTHCROSSENERGY,0.0,612405.72,0.0,9.0,unmatched,
ghgrp_parent,"Southcross Gathering, Ltd",SOUTHCROSSGATHERING,0.0,415657.31,0.0,5.0,unmatched,
ghgrp_parent,Southcross Processing LLC,SOUTHCROSSPROCESSING,0.0,217911.894,0.0,2.0,unmatched,
ghgrp_parent,Southeast Berrien County Landfill Authority,SOUTHEASTBERRIENCOUNTYLANDFILLAUTHORITY,0.0,94425.298,0.0,9.0,unmatched,
ghgrp_parent,SOUTHEAST MINNESOTA ETHANOL COOP,SOUTHEASTMINNESOTAETHANOLCOOP,0.0,51598.641599999995,0.0,3.0,unmatched,
ghgrp_parent,SOUTHEAST POWERGEN LLC,SOUTHEASTPOWERGEN,0.0,233099.846,0.0,6.0,unmatched,
ghgrp_parent,Southernc Company,SOUTHERNC,0.0,8793.57,0.0,1.0,unmatched,
ghgrp_parent,Southern Illinois Power Coperative,SOUTHERNILLINOISPOWERCOPERATIVE,0.0,2211242.652,0.0,1.0,unmatched,
ghgrp_parent,SOUTHERN ILLINOIS UNIVERSITY,SOUTHERNILLINOISUNIVERSITY,0.0,158898.742,0.0,9.0,unmatched,
ghgrp_parent,SOUTHERN MONTANA ELECTRIC GENERATION & TRANSMISSION COOPERATIVE INC,SOUTHERNMONTANAELECTRICGENERATIONTRANSMISSIONCOOPERATIVE,0.0,707.948,0.0,11.0,unmatched,
ghgrp_parent,"SOUTHERN NATURAL GAS CO, LLC",SOUTHERNNATURALGAS,0.0,4305.95,0.0,1.0,unmatched,
ghgrp_parent,Southern Nevada Water Authority,SOUTHERNNEVADAWATERAUTHORITY,0.0,276806.537,0.0,7.0,unmatched,
ghgrp_parent,Southern Star Acquisition Corp,SOUTHERNSTARACQUISITION,0.0,259520.59000000003,0.0,4.0,unmatched,
ghgrp_parent,Southern Star Central Corp,SOUTHERNSTARCENTRAL,0.0,255012.03000000003,0.0,1.0,unmatched,
ghgrp_parent,Southern Union Company,SOUTHERNUNION,0.0,253507.37800000003,0.0,5.0,unmatched,
ghgrp_parent,Southern Union Gas Services,SOUTHERNUNIONGAS,0.0,603118.968,0.0,2.0,unmatched,
ghgrp_parent,"Southern Union Pipeline, Ltd.",SOUTHERNUNIONPIPELINE,0.0,25534.304,0.0,1.0,unmatched,
ghgrp_parent,SOUTHHALL GROUP HOLDINGS LLC,SOUTHHALL,0.0,51234.092013,0.0,10.0,unmatched,
ghgrp_parent,SOUTHLAND ROYALTY CO,SOUTHLANDROYALTY,0.0,519422.45,0.0,9.0,unmatched,
ghgrp_parent,SOUTH MISSISSIPPI ELECTRIC POWER ASSOC,SOUTHMISSISSIPPIELECTRICPOWERASSOC,0.0,2710482.776,0.0,5.0,unmatched,
ghgrp_parent,South Mississippi Electric Power Association,SOUTHMISSISSIPPIELECTRICPOWERASSOCIATION,0.0,2653186.484,0.0,1.0,unmatched,
ghgrp_parent,SOUTHSIDE REGIONAL PUBLIC SERVICE AUTHORITH,SOUTHSIDEREGIONALPUBLICSERVICEAUTHORITH,0.0,39278.25,0.0,5.0,unmatched,
ghgrp_parent,SOUTH STAGE LANDFILL INC,SOUTHSTAGELANDFILL,0.0,12149.532,0.0,14.0,unmatched,
ghgrp_parent,South Utah Valley Solid Waste District,SOUTHUTAHVALLEYSOLIDWASTEDISTRICT,0.0,64772.8,0.0,6.0,unmatched,
ghgrp_parent,SOUTHWESTERN ELECTRIC COOPERATIVE INC,SOUTHWESTERNELECTRICCOOPERATIVE,0.0,3107.288,0.0,14.0,unmatched,
ghgrp_parent,SOUTHWEST GAS STORAGE,SOUTHWESTGASSTORAGE,0.0,30864.308,0.0,2.0,unmatched,
ghgrp_parent,"Southwest Georgia Ethanol, LLC",SOUTHWESTGEORGIAETHANOL,0.0,160693.796,0.0,4.0,unmatched,
ghgrp_parent,SOUTHWEST MENNESOTA AGRIFUELS LLC,SOUTHWESTMENNESOTAAGRIFUELS,0.0,27574.9012,0.0,3.0,unmatched,
ghgrp_parent,"SOUTHWEST MINNESOTA AGRIFUELS, LLC",SOUTHWESTMINNESOTAAGRIFUELS,0.0,30681.541968,0.0,5.0,unmatched,
ghgrp_parent,SOUTHWEST TRANSMISSION COOPERATIVE CORP,SOUTHWESTTRANSMISSIONCOOPERATIVE,0.0,1917.48,0.0,13.0,unmatched,
ghgrp_parent,Spansion Inc.,SPANSION,0.0,99956.12,0.0,4.0,unmatched,
ghgrp_parent,Spartanburg County Public Works,SPARTANBURGCOUNTYPUBLICWORKS,0.0,47014.5,0.0,2.0,unmatched,
ghgrp_parent,SPARTANBURG COUNTY SC,SPARTANBURGCOUNTYSC,0.0,29993.316,0.0,7.0,unmatched,
ghgrp_parent,Specialty Products Holding Corp,SPECIALTYPRODUCTS,0.0,30953.33,0.0,14.0,unmatched,
ghgrp_parent,Speciatly Products Holding Company,SPECIATLYPRODUCTS,0.0,4.9,0.0,13.0,unmatched,
ghgrp_parent,"Spectra Energy Southeast Supply Header, LLC",SPECTRAENERGYSOUTHEASTSUPPLYHEADER,0.0,140964.411,0.0,4.0,unmatched,
ghgrp_parent,SP Fiber Technologies LLC,SPFIBERTECHNOLOGIES,0.0,384220.512,0.0,3.0,unmatched,
ghgrp_parent,"SP Fiber Technologies Southeast, LLC",SPFIBERTECHNOLOGIESSOUTHEAST,0.0,446275.164,0.0,1.0,unmatched,
ghgrp_parent,SP NEWSPRINT HOLDING LLC,SPNEWSPRINT,0.0,946323.942,0.0,4.0,unmatched,
ghgrp_parent,SPOTSYLVANIA,SPOTSYLVANIA,0.0,76259.7,0.0,2.0,unmatched,
ghgrp_parent,SPRAY PRODUCTS CORP,SPRAYPRODUCTS,0.0,1920.192,0.0,6.0,unmatched,
ghgrp_parent,Stafford County,STAFFORDCOUNTY,0.0,10606.375,0.0,1.0,unmatched,
ghgrp_parent,"Stafford County, VA",STAFFORDCOUNTYVA,0.0,57128.0,0.0,8.0,unmatched,
ghgrp_parent,"STANDARD BINGHAMTON, LLC",STANDARDBINGHAMTON,0.0,3761.836,0.0,2.0,unmatched,
ghgrp_parent,AMERICAN STANDARD BRANDS CO,STANDARDBRANDS,0.0,226743.602,0.0,9.0,unmatched,
ghgrp_parent,STANDARD ETHANOL LLC,STANDARDETHANOL,0.0,49701.012,0.0,6.0,unmatched,
ghgrp_parent,STANDARD STEEL LLC,STANDARDSTEEL,0.0,71208.76,0.0,9.0,unmatched,
ghgrp_parent,STANOLIND PRODUCTION LLC,STANOLINDPRODUCTION,0.0,112325.764,0.0,2.0,unmatched,
ghgrp_parent,STARK POWER GENERATION I HOLDINGS LLC,STARKPOWERGENERATIONI,0.0,668990.872,0.0,11.0,unmatched,
ghgrp_parent,STARK THERMO LLC,STARKTHERMO,0.0,63999.007999999994,0.0,14.0,unmatched,
ghgrp_parent,STARLIGHT RELATIVITY ACQUISITION CO LLC,STARLIGHTRELATIVITYACQUISITION,0.0,81514.686,0.0,3.0,unmatched,
ghgrp_parent,STARTEX FIELD SERVICES LLC,STARTEXFIELD,0.0,33952.297999999995,0.0,2.0,unmatched,
ghgrp_parent,"Star West Generation, LLC",STARWESTGENERATION,0.0,1398442.556,0.0,4.0,unmatched,
ghgrp_parent,Starwod Energy Group,STARWODENERGY,0.0,7878.329600000001,0.0,1.0,unmatched,
ghgrp_parent,STARWOOD ENERGY GROUP,STARWOODENERGY,0.0,1968894.342,0.0,14.0,unmatched,
ghgrp_parent,STARWOOD ENERGY GROUP GLOBAL LLC,STARWOODENERGYGLOBAL,0.0,609582.082,0.0,4.0,unmatched,
ghgrp_parent,Starwood Energy Infrastructure Fund LP,STARWOODENERGYINFRASTRUCTUREFUND,0.0,25178.286241080004,0.0,2.0,unmatched,
ghgrp_parent,Starwood Energy Infrastructure Co-Invest Fund LP,STARWOODENERGYINFRASTRUCTUREINVESTFUND,0.0,15962.704348920002,0.0,2.0,unmatched,
ghgrp_parent,State Government,STATEGOVERNMENT,0.0,121195.844,0.0,1.0,unmatched,
ghgrp_parent,State of Louisiana - Division of Administration,STATEOFLOUISIANADIVISIONOFADMINISTRATION,0.0,102289.70000000001,0.0,1.0,unmatched,
ghgrp_parent,The State of Oklahoma ex rel. the Board of Regents of the University of Oklahoma on behalf of the He,STATEOFOKLAHOMAEXRELBOARDOFREGENTSOFUNIVERSITYOFOKLAHOMAONBEHALFOFHE,0.0,37822.108,0.0,4.0,unmatched,
ghgrp_parent,THE STATE OF OKLAHOMA EX REL THE BOARD OF REGENTS OF THE UNIVERSITY OF OKLAHOMA ON BEHALF OF THE HEA,STATEOFOKLAHOMAEXRELBOARDOFREGENTSOFUNIVERSITYOFOKLAHOMAONBEHALFOFHEA,0.0,37331.66,0.0,1.0,unmatched,
ghgrp_parent,STATE OF OKLAHOMA EX REL THE BOARD OF REGENTS OF THE UNIVERSITY OF OKLAHOMA ON BEHALF OF THE HEALTH,STATEOFOKLAHOMAEXRELBOARDOFREGENTSOFUNIVERSITYOFOKLAHOMAONBEHALFOFHEALTH,0.0,38273.456,0.0,3.0,unmatched,
ghgrp_parent,STATE OF OKLAHOMA (UNIVERSITY OF OKLAHOMA BOARD OF REGENTS),STATEOFOKLAHOMAUNIVERSITYOFOKLAHOMABOARDOFREGENTS,0.0,94097.294,0.0,8.0,unmatched,
ghgrp_parent,State of Utah Division of Wildlife Resources,STATEOFUTAHDIVISIONOFWILDLIFERESOURCES,0.0,86500.0,0.0,5.0,unmatched,
ghgrp_parent,STATE OF UTAH DIV OF WILDLIFE RESOURCES,STATEOFUTAHDIVOFWILDLIFERESOURCES,0.0,65223.75,0.0,4.0,unmatched,
ghgrp_parent,The State University of New York,STATEUNIVERSITYOFNEWYORK,0.0,28553.845999999998,0.0,1.0,unmatched,
ghgrp_parent,STATOIL US HOLDINGS INC,STATOIL,0.0,1289798.746,0.0,8.0,unmatched,
ghgrp_parent,Statoil USA E&P Inc.,STATOILEP,0.0,17849.2565,0.0,1.0,unmatched,
ghgrp_parent,STATOIL GULF OF MEXICO LLC,STATOILGULFOFMEXICO,0.0,67875.37302599999,0.0,8.0,unmatched,
ghgrp_parent,"STATOIL TEXAS ONSHORE PROPERTIES, LLC",STATOILTEXASONSHOREPROPERTIES,0.0,78447.53,0.0,2.0,unmatched,
ghgrp_parent,ST BARBARA CEMENT INC,STBARBARACEMENT,0.0,941254.222,0.0,14.0,unmatched,
ghgrp_parent,ST BARNABAS HOSPITAL,STBARNABASHOSPITAL,0.0,26065.38,0.0,12.0,unmatched,
ghgrp_parent,ST CLAIR COUNTY,STCLAIRCOUNTY,0.0,217773.55,0.0,12.0,unmatched,
ghgrp_parent,STEELCASE INC,STEELCASE,0.0,43584.202,0.0,14.0,unmatched,
ghgrp_parent,STEELE COUNTY MINNESOTA,STEELECOUNTYMINNESOTA,0.0,47492.85,0.0,4.0,unmatched,
ghgrp_parent,STEELRIVER INFRASTRUCTURE PARTNERS LP,STEELRIVERINFRASTRUCTURE,0.0,275047.95,0.0,1.0,unmatched,
ghgrp_parent,STEPHENS PRODUCTION CO,STEPHENSPRODUCTION,0.0,1750914.69,0.0,8.0,unmatched,
ghgrp_parent,Sterling Energy Investments LLC,STERLINGENERGYINVESTMENTS,0.0,36503.144,0.0,1.0,unmatched,
ghgrp_parent,"Sterling Power Partners, LP",STERLINGPOWER,0.0,16563.313000000002,0.0,5.0,unmatched,
ghgrp_parent,Steuben County,STEUBENCOUNTY,0.0,20138.998,0.0,1.0,unmatched,
ghgrp_parent,STINGRAY PIPELINE CO LLC,STINGRAYPIPELINE,0.0,24638.03,0.0,10.0,unmatched,
ghgrp_parent,St. Landry Parish Solid Waste Disposal District,STLANDRYPARISHSOLIDWASTEDISPOSALDISTRICT,0.0,68658.6,0.0,1.0,unmatched,
ghgrp_parent,STONE ENERGY CORP,STONEENERGY,0.0,220561.63,0.0,13.0,unmatched,
ghgrp_parent,STONEHENGE ENERGY RESOURCES LP,STONEHENGEENERGYRESOURCES,0.0,44008.85,0.0,4.0,unmatched,
ghgrp_parent,Stonehenge Energy Resources II LLC,STONEHENGEENERGYRESOURCESII,0.0,50304.276,0.0,3.0,unmatched,
ghgrp_parent,STONEPEAK INFRASTRUCTURE FUND II LP,STONEPEAKINFRASTRUCTUREFUNDII,0.0,178232.24,0.0,3.0,unmatched,
ghgrp_parent,Stonepeak Kestrel Holdings LLC,STONEPEAKKESTREL,0.0,117803.15199999999,0.0,1.0,unmatched,
ghgrp_parent,STRATEGIC MINERALS CORP,STRATEGICMINERALS,0.0,10814.859999999999,0.0,13.0,unmatched,
ghgrp_parent,ST ROSE REFINERY LLC,STROSEREFINERY,0.0,6354.972000000001,0.0,5.0,unmatched,
ghgrp_parent,STYROLUTION AMERICA LLC,STYROLUTION,0.0,524799.7660000001,0.0,9.0,unmatched,
ghgrp_parent,STYRON LLC,STYRON,0.0,356026.26999999996,0.0,3.0,unmatched,
ghgrp_parent,SUBARU OF AMERICA INC,SUBARUOF,0.0,37282.26,0.0,13.0,unmatched,
ghgrp_parent,"SUEZ-DEGS of Tuscola, LLC",SUEZDEGSOFTUSCOLA,0.0,385027.5,0.0,2.0,unmatched,
ghgrp_parent,"Suez Energy Generation NA, Inc",SUEZENERGYGENERATIONNA,0.0,362345.38200000004,0.0,6.0,unmatched,
ghgrp_parent,SUEZ ENERGY GENERATION NORTH AMERICA INC,SUEZENERGYGENERATIONNORTH,0.0,211658.24,0.0,1.0,unmatched,
ghgrp_parent,AMERICAN SUGAR REFINING INC,SUGARREFINING,0.0,438381.002,0.0,9.0,unmatched,
ghgrp_parent,SULLIVAN COUNTY,SULLIVANCOUNTY,0.0,38219.496,0.0,14.0,unmatched,
ghgrp_parent,SUMCO PHOENIX CORP,SUMCOPHOENIX,0.0,3103.684,0.0,14.0,unmatched,
ghgrp_parent,Sumitomo Corporation of America,SUMITOMOOF,0.0,630506.288,0.0,1.0,unmatched,
ghgrp_parent,SUMMIT COUNTY,SUMMITCOUNTY,0.0,42939.2,0.0,11.0,unmatched,
ghgrp_parent,Summit County Resource Allocation Park,SUMMITCOUNTYRESOURCEALLOCATIONPARK,0.0,38094.45,0.0,1.0,unmatched,
ghgrp_parent,"Summit Ethanol, LLC dba POET Biorefining-Leipsic",SUMMITETHANOLDBAPOETBIOREFININGLEIPSIC,0.0,107769.444,0.0,4.0,unmatched,
ghgrp_parent,SUNBURY GENERATION LP,SUNBURYGENERATION,0.0,2174628.742,0.0,14.0,unmatched,
ghgrp_parent,Sun Capital,SUNCAPITAL,0.0,158177.804,0.0,14.0,unmatched,
ghgrp_parent,Suncor Energy (U.S.A.),SUNCORENERGYUSA,0.0,801425.234,0.0,1.0,unmatched,
ghgrp_parent,SUNDANCE ENERGY INC,SUNDANCEENERGY,0.0,217191.424,0.0,7.0,unmatched,
ghgrp_parent,Sundance Energy Australia,SUNDANCEENERGYAUSTRALIA,0.0,62701.086,0.0,11.0,unmatched,
ghgrp_parent,SUNDEVIL POWER HOLDINGS LLC,SUNDEVILPOWER,0.0,1316691.25,0.0,13.0,unmatched,
ghgrp_parent,"SUNNY FARMS LANDFILL, LLC",SUNNYFARMSLANDFILL,0.0,128568.25,0.0,5.0,unmatched,
ghgrp_parent,SUNOCO LP,SUNOCO,0.0,6399700.476,0.0,7.0,unmatched,
ghgrp_parent,SUNOCO PARTNERS MARKETING & TERMINALS LP,SUNOCOMARKETINGTERMINALS,0.0,185883.572,0.0,12.0,unmatched,
ghgrp_parent,"Sunoco Partners Marketing & Terminals, L.P.",SUNOCOMARKETINGTERMINALSLP,0.0,145211.78999999998,0.0,3.0,unmatched,
ghgrp_parent,Sunoco Inc. Refining & Marketing,SUNOCOREFININGMARKETING,0.0,2141903.024,0.0,1.0,unmatched,
ghgrp_parent,Sunoco Retail LLC,SUNOCORETAIL,0.0,119217.95199999999,0.0,1.0,unmatched,
ghgrp_parent,Sunoco Inc. (R&M),SUNOCORM,0.0,212618.156,0.0,6.0,unmatched,
ghgrp_parent,SUNRISE COAL LLC,SUNRISECOAL,0.0,1696434.0,0.0,13.0,unmatched,
ghgrp_parent,SUPERIOR INDUSTRIES INTERNATIONAL INC,SUPERIOR,0.0,60852.92,0.0,14.0,unmatched,
ghgrp_parent,"Superior Pipeline Company, LLC.",SUPERIORPIPELINE,0.0,210491.38199999998,0.0,2.0,unmatched,
ghgrp_parent,Superior Plus US Holdings Inc,SUPERIORPLUS,0.0,27042.600000000002,0.0,4.0,unmatched,
ghgrp_parent,SUPERIOR REFINING CO LLC,SUPERIORREFINING,0.0,25925.036,0.0,3.0,unmatched,
ghgrp_parent,"Superiror Pipeline Company, LLC",SUPERIRORPIPELINE,0.0,90211.97,0.0,2.0,unmatched,
ghgrp_parent,SURRY COUNTY,SURRYCOUNTY,0.0,70091.5,0.0,11.0,unmatched,
ghgrp_parent,Surry County Landfill,SURRYCOUNTYLANDFILL,0.0,69279.75,0.0,1.0,unmatched,
ghgrp_parent,Sussex County Board of Supervisors,SUSSEXCOUNTYBOARDOFSUPERVISORS,0.0,187533.916557,0.0,2.0,unmatched,
ghgrp_parent,Sussex County MUA,SUSSEXCOUNTYMUA,0.0,18739.048,0.0,14.0,unmatched,
ghgrp_parent,SWEPI LP,SWEPI,0.0,319883.07,0.0,3.0,unmatched,
ghgrp_parent,"SWG Pipeline, LLC",SWGPIPELINE,0.0,256399.41000000003,0.0,9.0,unmatched,
ghgrp_parent,SWIFT ENERGY OPERATING LLC,SWIFTENERGYOPERATING,0.0,281435.14400000003,0.0,8.0,unmatched,
ghgrp_parent,"Swift Lumber, Inc.",SWIFTLUMBER,0.0,29600.65,0.0,13.0,unmatched,
ghgrp_parent,"Synagro - Central, LLC",SYNAGROCENTRAL,0.0,9886.279199999999,0.0,12.0,unmatched,
ghgrp_parent,"Synagro - South, LLC",SYNAGROSOUTH,0.0,6590.8528,0.0,12.0,unmatched,
ghgrp_parent,SYNERGY RESOURCES CORP,SYNERGYRESOURCES,0.0,94942.98800000001,0.0,2.0,unmatched,
ghgrp_parent,TA Ada Holdings LLC,TAADA,0.0,85831.67599999999,0.0,1.0,unmatched,
ghgrp_parent,"Taiheiyo Cement U.S.A., Inc.",TAIHEIYOCEMENTUSA,0.0,1605397.02,0.0,1.0,unmatched,
ghgrp_parent,"TALCO MIDSTREAM ASSETS, LTD",TALCOMIDSTREAMASSETS,0.0,227715.786,0.0,1.0,unmatched,
ghgrp_parent,TALISMAN ENERGY USA INC,TALISMANENERGY,0.0,884263.706,0.0,14.0,unmatched,
ghgrp_parent,Tall City Operations LLC,TALLCITYOPERATIONS,0.0,103781.05600000001,0.0,1.0,unmatched,
ghgrp_parent,TALL CITY OPERATIONS III LLC,TALLCITYOPERATIONSIII,0.0,82277.34999999999,0.0,4.0,unmatched,
ghgrp_parent,"Tall Corn Ethanol,LLC",TALLCORNETHANOL,0.0,81503.944,0.0,4.0,unmatched,
ghgrp_parent,"Tallgrass MLP Operations, LLC",TALLGRASSMLPOPERATIONS,0.0,184065.816,0.0,2.0,unmatched,
ghgrp_parent,"Tallgrass Operations, LLC",TALLGRASSOPERATIONS,0.0,303556.37400000007,0.0,6.0,unmatched,
ghgrp_parent,TALOS ENERGY OFFSHORE LLC,TALOSENERGYOFFSHORE,0.0,11253.016000000001,0.0,10.0,unmatched,
ghgrp_parent,Taminco Inc.,TAMINCO,0.0,124122.16999999998,0.0,6.0,unmatched,
ghgrp_parent,TAMPA ELECTRIC CO,TAMPAELECTRIC,0.0,15018133.474,0.0,11.0,unmatched,foreign-listed parent (Emera)
ghgrp_parent,TANA EXPLORATION CO LLC,TANAEXPLORATION,0.0,87224.982,0.0,13.0,unmatched,
ghgrp_parent,TANNER STREET GENERATION LLC,TANNERSTREETGENERATION,0.0,67489.046,0.0,14.0,unmatched,
ghgrp_parent,TANOS EXPLORATION II LLC,TANOSEXPLORATIONII,0.0,355299.77800000005,0.0,9.0,unmatched,
ghgrp_parent,TAPSTONE ENERGY LLC,TAPSTONEENERGY,0.0,456968.49199999997,0.0,10.0,unmatched,
ghgrp_parent,TAQA USA INC,TAQA,0.0,686.05,0.0,8.0,unmatched,
ghgrp_parent,TAQA North Ltd.,TAQANORTH,0.0,38548.318,0.0,5.0,unmatched,
ghgrp_parent,"TARGA PIPELINE PARTNERS, LP",TARGAPIPELINE,0.0,950303.09258,0.0,12.0,unmatched,
ghgrp_parent,"TARGA PIPELINE MID-CONTINENT WESTOK, LLC",TARGAPIPELINEMIDCONTINENTWESTOK,0.0,31169.832,0.0,1.0,unmatched,
ghgrp_parent,TATA CHEMICALS (SODA ASH) PARTNERS NORTH AMERICA,TATASODAASHNORTH,0.0,1536763.272,0.0,9.0,unmatched,
ghgrp_parent,T-C Oil Company,TCOIL,0.0,14727.822,0.0,13.0,unmatched,
ghgrp_parent,TC PIPELINES LP,TCPIPELINES,0.0,2005045.8900000001,0.0,9.0,unmatched,
ghgrp_parent,TEAL NATURAL RESOURCES LLC,TEALNATURALRESOURCES,0.0,154852.684,0.0,6.0,unmatched,
ghgrp_parent,TECO Coal Corp,TECOCOAL,0.0,455058.0,0.0,4.0,unmatched,
ghgrp_parent,TECOLOTE ENERGY LLC,TECOLOTEENERGY,0.0,404704.784,0.0,3.0,unmatched,
ghgrp_parent,TECPETROL CORP,TECPETROL,0.0,33261.226,0.0,5.0,unmatched,
ghgrp_parent,"Telefunken Semiconductors America, LLC",TELEFUNKENSEMICONDUCTORS,0.0,60640.047,0.0,2.0,unmatched,
ghgrp_parent,TEMPLAR ENERGY LLC,TEMPLARENERGY,0.0,437796.87799999997,0.0,11.0,unmatched,
ghgrp_parent,Temple University of the Commonwealth System of Higher Education Facilities Management,TEMPLEUNIVERSITYOFCOMMONWEALTHSYSTEMOFHIGHEREDUCATIONFACILITIESMANAGEMENT,0.0,84242.406,0.0,9.0,unmatched,
ghgrp_parent,"Tenaska Alabama II Partners, LP",TENASKAALABAMAII,0.0,2067297.4880000001,0.0,2.0,unmatched,
ghgrp_parent,TENASKA ENERGY INC,TENASKAENERGY,0.0,4464049.4040831495,0.0,3.0,unmatched,
ghgrp_parent,"Tenaska Energy, Inc. and Tenaska Energy Holdings, LLC",TENASKAENERGYTENASKAENERGY,0.0,3884629.367407621,0.0,5.0,unmatched,
ghgrp_parent,TENASKA GATEWAY PARTNERS LTD,TENASKAGATEWAY,0.0,1626042.176,0.0,3.0,unmatched,
ghgrp_parent,Tenaska Power Fund LP,TENASKAPOWERFUND,0.0,13099.546008000001,0.0,1.0,unmatched,
ghgrp_parent,"Tenaska Power Fund, L.P.",TENASKAPOWERFUNDLP,0.0,1408036.009248,0.0,5.0,unmatched,
ghgrp_parent,TENASKA VIRGINIA PARTNERS LP,TENASKAVIRGINIA,0.0,2251885.756,0.0,3.0,unmatched,
ghgrp_parent,TENAWA HAVEN PROCESSING LLC,TENAWAHAVENPROCESSING,0.0,169574.26200000002,0.0,2.0,unmatched,
ghgrp_parent,TENAWA RESOURCE MANAGEMENT LLC,TENAWARESOURCEMANAGEMENT,0.0,488448.24399999995,0.0,6.0,unmatched,
ghgrp_parent,TENNESSEE BOARD OF REGENTS,TENNESSEEBOARDOFREGENTS,0.0,51750.054,0.0,10.0,unmatched,
ghgrp_parent,"TEP REX Holdings, LLC",TEPREX,0.0,145848.609,0.0,1.0,unmatched,
ghgrp_parent,TEP Rocky Mountain LLC,TEPROCKYMOUNTAIN,0.0,1350118.946,0.0,1.0,unmatched,
ghgrp_parent,Terracore Operating CO,TERRACOREOPERATING,0.0,38794.462,0.0,1.0,unmatched,
ghgrp_parent,"Tervita, LLC",TERVITA,0.0,71557.25,0.0,2.0,unmatched,
ghgrp_parent,TESSENDERLO GROUP INC,TESSENDERLO,0.0,25465.504,0.0,1.0,unmatched,
ghgrp_parent,"Teton Selkirk, LLC",TETONSELKIRK,0.0,113516.913058,0.0,1.0,unmatched,
ghgrp_parent,"TETON SELKIRK, LLC (Atlantic Power Holdings, LLC)",TETONSELKIRKATLANTICPOWER,0.0,166877.821704,0.0,6.0,unmatched,
ghgrp_parent,TETRA TECHNOLOGIES INC,TETRATECHNOLOGIES,0.0,55387.792,0.0,14.0,unmatched,
ghgrp_parent,TEXAS INDUSTRIES INC,TEXAS,0.0,2517225.7860000003,0.0,14.0,unmatched,
ghgrp_parent,Texas Coastal Ventures LLC,TEXASCOASTALVENTURES,0.0,26812.327999999998,0.0,1.0,unmatched,
ghgrp_parent,"Texas Disposal System Landfill, Inc.",TEXASDISPOSALSYSTEMLANDFILL,0.0,380791.75,0.0,1.0,unmatched,
ghgrp_parent,"Texas Eastern Transmission, L.P.",TEXASEASTERNTRANSMISSIONLP,0.0,1356616.5580000002,0.0,14.0,unmatched,
ghgrp_parent,TEXAS KEYSTONE INC,TEXASKEYSTONE,0.0,50132.5,0.0,13.0,unmatched,
ghgrp_parent,TEXAS LEHIGH CEMENT CO LP,TEXASLEHIGHCEMENT,0.0,1116628.266,0.0,11.0,unmatched,
ghgrp_parent,Texas Municipal Power Agency,TEXASMUNICIPALPOWERAGENCY,0.0,6767581.097999999,0.0,1.0,unmatched,
ghgrp_parent,TEXAS TECH UNIVERSITY,TEXASTECHUNIVERSITY,0.0,66765.148,0.0,9.0,unmatched,
ghgrp_parent,"Texstar Midstream Services, LP",TEXSTARMIDSTREAM,0.0,49970.796,0.0,2.0,unmatched,
ghgrp_parent,INTERNATIONAL TEXTILE GROUP,TEXTILE,0.0,35206.042,0.0,14.0,unmatched,
ghgrp_parent,"TGGT HOLDINGS, LLC",TGGT,0.0,348880.28599999996,0.0,13.0,unmatched,
ghgrp_parent,"THERMAFIBER, INC",THERMAFIBER,0.0,38259.496,0.0,3.0,unmatched,
ghgrp_parent,"THERMAGEN POWER GROUP, LLC",THERMAGENPOWER,0.0,156646.148,0.0,14.0,unmatched,
ghgrp_parent,THERMAL VENTURE,THERMALVENTURE,0.0,204853.32799999998,0.0,5.0,unmatched,
ghgrp_parent,THERMAL VENTURES II LP,THERMALVENTURESII,0.0,192010.24550000002,0.0,13.0,unmatched,
ghgrp_parent,"Thermal Ventures II, L.P.",THERMALVENTURESIILP,0.0,100066.92,0.0,5.0,unmatched,
ghgrp_parent,"Thermo Cogeneration Partnership, L.P.",THERMOCOGENERATIONPARTNERSHIPLP,0.0,442810.708,0.0,1.0,unmatched,
ghgrp_parent,Thilmany LLC,THILMANY,0.0,93353.91,0.0,2.0,unmatched,
ghgrp_parent,THOMAS L RYLEY,THOMASLRYLEY,0.0,454.75457400000005,0.0,7.0,unmatched,
ghgrp_parent,"Thornapple Energy, LLC",THORNAPPLEENERGY,0.0,54591.644,0.0,4.0,unmatched,
ghgrp_parent,THOROUGHFARE MINING LLC,THOROUGHFAREMINING,0.0,73643.25,0.0,3.0,unmatched,
ghgrp_parent,Three Rivers Solid Waste Authority,THREERIVERSSOLIDWASTEAUTHORITY,0.0,73749.25,0.0,5.0,unmatched,
ghgrp_parent,THUNDER CREEK GAS SERVICES LLC,THUNDERCREEKGAS,0.0,395713.49,0.0,13.0,unmatched,
ghgrp_parent,ThyssenKrupp Components Tech,THYSSENKRUPPCOMPONENTSTECH,0.0,98067.57999999999,0.0,1.0,unmatched,
ghgrp_parent,ThyssenKrupp Components Technologies,THYSSENKRUPPCOMPONENTSTECHNOLOGIES,0.0,423760.74600000004,0.0,5.0,unmatched,
ghgrp_parent,THYSSENKRUPP STEEL USA LLC,THYSSENKRUPPSTEEL,0.0,341648.364,0.0,4.0,unmatched,
ghgrp_parent,Timbalier Bay Production Complex,TIMBALIERBAYPRODUCTIONCOMPLEX,0.0,26537.350000000002,0.0,1.0,unmatched,
ghgrp_parent,THE TIMKEN CO,TIMKEN,0.0,473966.88,0.0,14.0,unmatched,
ghgrp_parent,TIN Inc. dba Interntional Paper,TINDBAINTERNTIONALPAPER,0.0,1053399.114,0.0,1.0,unmatched,
ghgrp_parent,Tioxide Americas LLC,TIOXIDE,0.0,201825.752,0.0,5.0,unmatched,
ghgrp_parent,TITAN ROCK EXPLORATION & PRODUCTION LLC,TITANROCKEXPLORATIONPRODUCTION,0.0,59505.942,0.0,6.0,unmatched,
ghgrp_parent,TITUS OIL & GAS LLC,TITUSOILGAS,0.0,107238.136,0.0,4.0,unmatched,
ghgrp_parent,TIVERTON POWER,TIVERTONPOWER,0.0,612827.228,0.0,2.0,unmatched,
ghgrp_parent,TODD BROIN,TODDBROIN,0.0,2866.5912,0.0,3.0,unmatched,
ghgrp_parent,TOMPC LLC,TOMPC,0.0,95652.812,0.0,3.0,unmatched,
ghgrp_parent,"TOM-Stack, LLC",TOMSTACK,0.0,268443.446,0.0,1.0,unmatched,
ghgrp_parent,TONAWANDA COKE CORP,TONAWANDACOKE,0.0,69259.834,0.0,13.0,unmatched,
ghgrp_parent,Toolrock Holdings Inc.,TOOLROCK,0.0,68510.972,0.0,1.0,unmatched,
ghgrp_parent,TOPAZ POWER GROUP LLC,TOPAZPOWER,0.0,2340615.728,0.0,7.0,unmatched,
ghgrp_parent,TOTAL E&P USA INC,TOTALEP,0.0,634551.3527800001,0.0,9.0,unmatched,
ghgrp_parent,"TOTAL PETROCHEMICALS USA, INC",TOTALPETROCHEMICALS,0.0,18860.964,0.0,1.0,unmatched,
ghgrp_parent,TOWN OF BABYLON,TOWNOFBABYLON,0.0,45366.0,0.0,12.0,unmatched,
ghgrp_parent,TOWN OF BOURNE,TOWNOFBOURNE,0.0,29754.25,0.0,14.0,unmatched,
ghgrp_parent,Town of Brookhaven,TOWNOFBROOKHAVEN,0.0,2390.646,0.0,14.0,unmatched,
ghgrp_parent,TOWN OF COLONIE,TOWNOFCOLONIE,0.0,34197.7,0.0,11.0,unmatched,
ghgrp_parent,"Town of Colonie, NY",TOWNOFCOLONIENY,0.0,32660.897999999997,0.0,1.0,unmatched,
ghgrp_parent,TOWN OF KEARNY,TOWNOFKEARNY,0.0,221253.75,0.0,13.0,unmatched,
ghgrp_parent,TOWN OF MANCHESTER,TOWNOFMANCHESTER,0.0,85372.548,0.0,12.0,unmatched,
ghgrp_parent,TOWN OF MIDDLEBOROUGH,TOWNOFMIDDLEBOROUGH,0.0,20935.530799,0.0,4.0,unmatched,
ghgrp_parent,Town of Munster,TOWNOFMUNSTER,0.0,45491.0,0.0,14.0,unmatched,
ghgrp_parent,Town of North Hempstead,TOWNOFNORTHHEMPSTEAD,0.0,918.146,0.0,14.0,unmatched,
ghgrp_parent,Town of Smithtown,TOWNOFSMITHTOWN,0.0,1547.448,0.0,14.0,unmatched,
ghgrp_parent,TOWN OF WINDSOR,TOWNOFWINDSOR,0.0,86166.0,0.0,11.0,unmatched,
ghgrp_parent,TOWN OF WINDSOR CONNECTICUT,TOWNOFWINDSORCONNECTICUT,0.0,6159.0,0.0,2.0,unmatched,
ghgrp_parent,Town of Winsor,TOWNOFWINSOR,0.0,73024.1,0.0,1.0,unmatched,
ghgrp_parent,TOYOTA MOTOR NA INC,TOYOTAMOTORNA,0.0,57012.736,0.0,1.0,unmatched,
ghgrp_parent,"Toyota Industries North America, Inc",TOYOTANORTH,0.0,32738.775999999998,0.0,13.0,unmatched,
ghgrp_parent,TOYOTA TSUSHO ST JOSEPH II LLC,TOYOTATSUSHOSTJOSEPHII,0.0,408120.1976,0.0,3.0,unmatched,
ghgrp_parent,TPC GROUP LLC,TPC,0.0,808591.0920000001,0.0,9.0,unmatched,
ghgrp_parent,"TPF GENCO CO-INVESTMENT FUND, LP",TPFGENCOINVESTMENTFUND,0.0,706631.542656,0.0,6.0,unmatched,
ghgrp_parent,"TPF Genco Co-Investment Fund, L.P.",TPFGENCOINVESTMENTFUNDLP,0.0,795463.2227520001,0.0,5.0,unmatched,
ghgrp_parent,"TPF II-A, L.P.",TPFIIALP,0.0,347738.60704639996,0.0,5.0,unmatched,
ghgrp_parent,"TPF II-B Covert Co-Investment Fund, L.P.",TPFIIBCOVERTINVESTMENTFUNDLP,0.0,99988.2992644,0.0,1.0,unmatched,
ghgrp_parent,"TPF II-B, L.P.",TPFIIBLP,0.0,171857.31543999998,0.0,5.0,unmatched,
ghgrp_parent,"TPF II Covert Co-Investment Fund, L.P.",TPFIICOVERTINVESTMENTFUNDLP,0.0,122749.36183599997,0.0,1.0,unmatched,
ghgrp_parent,"TPF II, L.P.",TPFIILP,0.0,1157060.8135136,0.0,5.0,unmatched,
ghgrp_parent,TPG CAPITAL MANAGEMENT LP,TPGCAPITALMANAGEMENT,0.0,367332.758,0.0,1.0,unmatched,
ghgrp_parent,TRACE MIDSTREAM PARTNERS LLC,TRACEMIDSTREAM,0.0,89370.598,0.0,5.0,unmatched,
ghgrp_parent,TRADEMARK NITROGEN CORP,TRADEMARKNITROGEN,0.0,76613.048,0.0,14.0,unmatched,
ghgrp_parent,TRAILSTONE LP,TRAILSTONE,0.0,171612.16,0.0,5.0,unmatched,
ghgrp_parent,Trammo Nitrogen Products Inc,TRAMMONITROGENPRODUCTS,0.0,51977.828,0.0,1.0,unmatched,
ghgrp_parent,"TransAlta (CE Gen) Investment USA, Inc.",TRANSALTACEGENINVESTMENT,0.0,47541.646,0.0,3.0,unmatched,
ghgrp_parent,TransAlta Centralia Generation LLC,TRANSALTACENTRALIAGENERATION,0.0,9862998.484,0.0,1.0,unmatched,
ghgrp_parent,TRANSALTA CENTRALIA GENERATION/MINING,TRANSALTACENTRALIAGENERATIONMINING,0.0,7547845.454,0.0,4.0,unmatched,
ghgrp_parent,TransCanada Corporation,TRANSCANADA,0.0,2146749.258,0.0,4.0,unmatched,
ghgrp_parent,TransCanada/Columbia Pipeline Group,TRANSCANADACOLUMBIAPIPELINE,0.0,852647.632,0.0,8.0,unmatched,
ghgrp_parent,TRANSCANADA ENERGY USA INC,TRANSCANADAENERGY,0.0,5632616.004,0.0,14.0,unmatched,
ghgrp_parent,TRANSCANADA GL INC,TRANSCANADAGL,0.0,88583.27329800001,0.0,4.0,unmatched,
ghgrp_parent,TransCanada American Investments Ltd.,TRANSCANADAINVESTMENTS,0.0,2232201.4020000007,0.0,2.0,unmatched,
ghgrp_parent,TransCanada Northern Border Inc.,TRANSCANADANORTHERNBORDER,0.0,1884951.2760000003,0.0,4.0,unmatched,
ghgrp_parent,TransCanda/Columbia Pipeline Group,TRANSCANDACOLUMBIAPIPELINE,0.0,162776.25,0.0,1.0,unmatched,
ghgrp_parent,TRANSIT WASTE LLC,TRANSITWASTE,0.0,38503.5,0.0,4.0,unmatched,
ghgrp_parent,Trans-Jordan Cities,TRANSJORDANCITIES,0.0,31087.2,0.0,1.0,unmatched,
ghgrp_parent,"TRANSLOAD AMERICA, INC",TRANSLOAD,0.0,157990.5,0.0,4.0,unmatched,
ghgrp_parent,TRANSMONTAIGNE,TRANSMONTAIGNE,0.0,15984.338400000002,0.0,4.0,unmatched,
ghgrp_parent,TRANSOCEAN INC,TRANSOCEAN,0.0,392337.2,0.0,4.0,unmatched,
ghgrp_parent,TRANSTECH INDUSTRIES INC,TRANSTECH,0.0,34629.86,0.0,14.0,unmatched,
ghgrp_parent,TRAXYS,TRAXYS,0.0,204780.65219999998,0.0,1.0,unmatched,
ghgrp_parent,Traxys North America LLC,TRAXYSNORTH,0.0,301897.7467,0.0,5.0,unmatched,
ghgrp_parent,TRC SOLUTIONS INC,TRCSOLUTIONS,0.0,49050.0,0.0,14.0,unmatched,
ghgrp_parent,TREADSTONE ENERGY PARTNERS LLC,TREADSTONEENERGY,0.0,174431.122,0.0,4.0,unmatched,
ghgrp_parent,TREEHOUSE FOODS INC,TREEHOUSEFOODS,0.0,96500.192,0.0,14.0,unmatched,
ghgrp_parent,"Trey Resources, Inc.",TREYRESOURCES,0.0,6151.0,0.0,12.0,unmatched,
ghgrp_parent,Triangle USA Petroleum Corporation,TRIANGLEPETROLEUM,0.0,239331.62600000002,0.0,5.0,unmatched,
ghgrp_parent,"Trigeant, LTD",TRIGEANT,0.0,8163.22,0.0,2.0,unmatched,
ghgrp_parent,TRINITY INDUSTRIES INC,TRINITY,0.0,323825.73,0.0,7.0,unmatched,
ghgrp_parent,"Trinity CO2, LLC",TRINITYCO2,0.0,2319.798,0.0,12.0,unmatched,
ghgrp_parent,TRINITY CONSTRUCTION MATERIALS INC,TRINITYCONSTRUCTIONMATERIALS,0.0,169629.928,0.0,2.0,unmatched,
ghgrp_parent,"TriQuint Semiconductor, Inc.",TRIQUINTSEMICONDUCTOR,0.0,110961.07,0.0,5.0,unmatched,
ghgrp_parent,"TRIQUINT SEMICONDUCTOR TEXAS, LP",TRIQUINTSEMICONDUCTORTEXAS,0.0,89175.366531,0.0,1.0,unmatched,
ghgrp_parent,TRI-STATE GENERATION & TRANSMISSION,TRISTATEGENERATIONTRANSMISSION,0.0,12015146.621295001,0.0,14.0,unmatched,
ghgrp_parent,TRI-STATE GENERATION & TRANSMISSION (100% Ownership of Unit 3 only),TRISTATEGENERATIONTRANSMISSION100OWNERSHIPOFUNIT3ONLY,0.0,2721838.1155000003,0.0,4.0,unmatched,
ghgrp_parent,"Tri-State Generation and Transmission Association, Inc.",TRISTATEGENERATIONTRANSMISSIONASSOCIATION,0.0,5722198.2818591995,0.0,1.0,unmatched,
ghgrp_parent,"Tri-State Generation and Transmission Association, Inc. (100 % Ownership of Unit 3 only)",TRISTATEGENERATIONTRANSMISSIONASSOCIATION100OWNERSHIPOFUNIT3ONLY,0.0,10252865.388,0.0,1.0,unmatched,
ghgrp_parent,"TRISTREAM ENERGY, LLC",TRISTREAMENERGY,0.0,170637.214,0.0,14.0,unmatched,
ghgrp_parent,Triumph Group Inc.,TRIUMPH,0.0,26.6,0.0,1.0,unmatched,
ghgrp_parent,TRIUMPH AEROSPACE SYSTEM GROUP INC,TRIUMPHAEROSPACESYSTEM,0.0,6596.424,0.0,13.0,unmatched,
ghgrp_parent,TRIUMPH ENERGY PARTNERS,TRIUMPHENERGY,0.0,70869.018,0.0,6.0,unmatched,
ghgrp_parent,Trona Operating Partners,TRONAOPERATING,0.0,783183.548,0.0,1.0,unmatched,
ghgrp_parent,Tronox Alkali Wyoming CORP,TRONOXALKALIWYOMING,0.0,2348282.424,0.0,1.0,unmatched,
ghgrp_parent,"Tr-State Generation and Transmission Association, Inc.",TRSTATEGENERATIONTRANSMISSIONASSOCIATION,0.0,33043.354,0.0,1.0,unmatched,
ghgrp_parent,True Oil LLC,TRUEOIL,0.0,12434.759999999998,0.0,14.0,unmatched,
ghgrp_parent,TRUNKLINE GAS COMPANY,TRUNKLINEGAS,0.0,397924.782,0.0,2.0,unmatched,
ghgrp_parent,TRUNKLINE LNG Company,TRUNKLINELNG,0.0,13827.44,0.0,2.0,unmatched,
ghgrp_parent,Trustee's of the California State University,TRUSTEESOFCALIFORNIASTATEUNIVERSITY,0.0,30317.236,0.0,2.0,unmatched,
ghgrp_parent,Trustees of Columbia University,TRUSTEESOFCOLUMBIAUNIVERSITY,0.0,81210.61,0.0,1.0,unmatched,
ghgrp_parent,Trustees of Dartmough College,TRUSTEESOFDARTMOUGHCOLLEGE,0.0,55062.123999999996,0.0,1.0,unmatched,
ghgrp_parent,Try Energy,TRYENERGY,0.0,3601.8664000000003,0.0,1.0,unmatched,
ghgrp_parent,"T S LANDFILL, INC",TSLANDFILL,0.0,9536.75,0.0,14.0,unmatched,
ghgrp_parent,TTK POWER LLC,TTKPOWER,0.0,940887.212,0.0,2.0,unmatched,
ghgrp_parent,Tube City IMS,TUBECITYIMS,0.0,763.522,0.0,14.0,unmatched,
ghgrp_parent,TUCSON ELECTRIC POWER,TUCSONELECTRICPOWER,0.0,4908940.949532,0.0,14.0,unmatched,
ghgrp_parent,TUG HILL OPERATING,TUGHILLOPERATING,0.0,125953.05,0.0,6.0,unmatched,
ghgrp_parent,Tulare County Resource Management Agency,TULARECOUNTYRESOURCEMANAGEMENTAGENCY,0.0,51700.0,0.0,3.0,unmatched,
ghgrp_parent,Tulsa Cement LLC,TULSACEMENT,0.0,488650.578,0.0,3.0,unmatched,
ghgrp_parent,TUNNEL HILL PARTNERS,TUNNELHILL,0.0,270439.5,0.0,10.0,unmatched,
ghgrp_parent,TURLOCK IRRIGATION DISTRICT,TURLOCKIRRIGATIONDISTRICT,0.0,804549.466,0.0,14.0,unmatched,
ghgrp_parent,Two Rivers Lumber Co LLC,TWORIVERSLUMBER,0.0,27315.948,0.0,1.0,unmatched,
ghgrp_parent,"Tyr Energy, Inc. and Chubu Electric Power Co., Inc.",TYRENERGYCHUBUELECTRICPOWER,0.0,2642288.63864,0.0,6.0,unmatched,
ghgrp_parent,"UGI Energy Services, Inc.",UGIENERGY,0.0,436550.066,0.0,9.0,unmatched,
ghgrp_parent,UIL HOLDINGS CORP,UIL,0.0,181282.586,0.0,9.0,unmatched,
ghgrp_parent,Ultimate Ethanol LLC dba. Poet Biorefining Alexandria,ULTIMATEETHANOLDBAPOETBIOREFININGALEXANDRIA,0.0,103730.96,0.0,4.0,unmatched,
ghgrp_parent,Ultra Petroleum Energy Corporation,ULTRAPETROLEUMENERGY,0.0,375868.36199999996,0.0,13.0,unmatched,
ghgrp_parent,UNIBOARD USA LLC,UNIBOARD,0.0,145229.878,0.0,2.0,unmatched,
ghgrp_parent,UNIFIED GOVERNMENT OF ATHENS-CLARKE COUNTY,UNIFIEDGOVERNMENTOFATHENSCLARKECOUNTY,0.0,62365.0,0.0,3.0,unmatched,
ghgrp_parent,UNIFIED GOVERNMENT OF WYANDOTTE COUNTY,UNIFIEDGOVERNMENTOFWYANDOTTECOUNTY,0.0,1583572.56,0.0,3.0,unmatched,
ghgrp_parent,UNIFIED GOVERNMENT OF WYANDOTTE COUNTY/KANSAS CITY KANSAS,UNIFIEDGOVERNMENTOFWYANDOTTECOUNTYKANSASCITYKANSAS,0.0,3047357.232,0.0,14.0,unmatched,
ghgrp_parent,UNIFRAX I LLC,UNIFRAXI,0.0,34435.62,0.0,8.0,unmatched,
ghgrp_parent,Unimin Corporation,UNIMIN,0.0,458468.862,0.0,8.0,unmatched,
ghgrp_parent,UNION EXPLORATION PARTNERS LTD,UNIONEXPLORATION,0.0,4529.195036800001,0.0,13.0,unmatched,
ghgrp_parent,"Union Power Partners, LP",UNIONPOWER,0.0,2671342.548,0.0,1.0,unmatched,
ghgrp_parent,"Union Underwear Company, Inc dba Fruit of the Loom",UNIONUNDERWEARDBAFRUITOFLOOM,0.0,41750.67,0.0,5.0,unmatched,
ghgrp_parent,UNISOURCE ENERGY CORP,UNISOURCEENERGY,0.0,932513.5780000001,0.0,3.0,unmatched,
ghgrp_parent,UNISOURCE ENERGY CORP (100% Ownership of Units 1 & 2 only / Operator for all units),UNISOURCEENERGY100OWNERSHIPOFUNITS12ONLYOPERATORFORALLUNITS,0.0,10252865.388,0.0,3.0,unmatched,
ghgrp_parent,UNITED GLOBAL FOODS US HOLDINGS INC,UNITEDGLOBALFOODS,0.0,397648.3439999999,0.0,5.0,unmatched,
ghgrp_parent,United Malt Group,UNITEDMALT,0.0,28966.239999999998,0.0,1.0,unmatched,
ghgrp_parent,UNITED REFINING CO,UNITEDREFINING,0.0,633066.51,0.0,10.0,unmatched,
ghgrp_parent,United States Army,UNITEDSTATESARMY,0.0,356390.072,0.0,1.0,unmatched,
ghgrp_parent,United States Bureau of Reclamation,UNITEDSTATESBUREAUOFRECLAMATION,0.0,4191373.21878,0.0,4.0,unmatched,
ghgrp_parent,United States Department of Defense,UNITEDSTATESDEPARTMENTOFDEFENSE,0.0,55730.428,0.0,4.0,unmatched,
ghgrp_parent,United States Department of Energy,UNITEDSTATESDEPARTMENTOFENERGY,0.0,97620.38,0.0,1.0,unmatched,
ghgrp_parent,United States Gypsum Company,UNITEDSTATESGYPSUM,0.0,211065.06,0.0,5.0,unmatched,
ghgrp_parent,United States Gypsum Companu,UNITEDSTATESGYPSUMCOMPANU,0.0,36650.712,0.0,1.0,unmatched,
ghgrp_parent,"United States of America, acting by and through the Architect of the Capitol",UNITEDSTATESOFACTINGBYTHROUGHARCHITECTOFCAPITOL,0.0,83114.29999999999,0.0,5.0,unmatched,
ghgrp_parent,United States Premium Beef Ltd,UNITEDSTATESPREMIUMBEEF,0.0,87689.78021999999,0.0,5.0,unmatched,
ghgrp_parent,United States Steel Corporation,UNITEDSTATESSTEEL,0.0,30562528.444399998,0.0,5.0,unmatched,"acquired by Nippon Steel in 2025, no longer US-listed"
ghgrp_parent,UNITED STATES SUGAR CORP,UNITEDSTATESSUGAR,0.0,1732637.878,0.0,5.0,unmatched,
ghgrp_parent,UNITED TECHNOLOGIES CORP,UNITEDTECHNOLOGIES,0.0,211012.68199999997,0.0,14.0,unmatched,
ghgrp_parent,Unit Petroleum Company,UNITPETROLEUM,0.0,397805.06399999995,0.0,3.0,unmatched,
ghgrp_parent,Univeristy of California,UNIVERISTYOFCALIFORNIA,0.0,67905.444,0.0,1.0,unmatched,
ghgrp_parent,Univerity of North Texas System,UNIVERITYOFNORTHTEXASSYSTEM,0.0,14951.044,0.0,11.0,unmatched,
ghgrp_parent,UNIVERSAL TABLETOP INC,UNIVERSALTABLETOP,0.0,175983.008,0.0,1.0,unmatched,
ghgrp_parent,University of Arizona/Arizona Board of Regents,UNIVERSITYOFARIZONAARIZONABOARDOFREGENTS,0.0,78893.908,0.0,1.0,unmatched,
ghgrp_parent,UNIVERSITY OF ARIZONA/BOARD OF REGENTS,UNIVERSITYOFARIZONABOARDOFREGENTS,0.0,86333.96,0.0,8.0,unmatched,
ghgrp_parent,UNIVERSITY OF CALIFORNIA,UNIVERSITYOFCALIFORNIA,0.0,309045.83999999997,0.0,9.0,unmatched,
ghgrp_parent,UNIVERSITY OF CALIFORNIA SAN DIEGO,UNIVERSITYOFCALIFORNIASANDIEGO,0.0,160455.59600000002,0.0,9.0,unmatched,
ghgrp_parent,UNIVERSITY OF CALIFORNIA SANTA CRUZ,UNIVERSITYOFCALIFORNIASANTACRUZ,0.0,27556.196,0.0,3.0,unmatched,
ghgrp_parent,University of Colorado at Boulder Powerhouse,UNIVERSITYOFCOLORADOATBOULDERPOWERHOUSE,0.0,37185.856,0.0,1.0,unmatched,
ghgrp_parent,UNIVERSITY OF COLORADO AT BOULDER - UTILITY SERVICES,UNIVERSITYOFCOLORADOATBOULDERUTILITY,0.0,44318.08,0.0,8.0,unmatched,
ghgrp_parent,University of Connecticut,UNIVERSITYOFCONNECTICUT,0.0,94349.34,0.0,1.0,unmatched,
ghgrp_parent,UNIVERSITY OF MEDICINE & DENTISTRY OF NEW JERSEY,UNIVERSITYOFMEDICINEDENTISTRYOFNEWJERSEY,0.0,67127.5,0.0,2.0,unmatched,
ghgrp_parent,The University of Michigan,UNIVERSITYOFMICHIGAN,0.0,253938.04,0.0,1.0,unmatched,
ghgrp_parent,University of Nebraska,UNIVERSITYOFNEBRASKA,0.0,33420.524,0.0,1.0,unmatched,
ghgrp_parent,University of Nebraska Board of Regents,UNIVERSITYOFNEBRASKABOARDOFREGENTS,0.0,31385.93,0.0,9.0,unmatched,
ghgrp_parent,The University of North Carolina at Chapel Hill,UNIVERSITYOFNORTHCAROLINAATCHAPELHILL,0.0,296626.314,0.0,1.0,unmatched,
ghgrp_parent,University of North Dakota,UNIVERSITYOFNORTHDAKOTA,0.0,81785.77600000001,0.0,1.0,unmatched,
ghgrp_parent,UNIVERSITY OF NOTRE DAME,UNIVERSITYOFNOTREDAME,0.0,190722.78600000002,0.0,9.0,unmatched,
ghgrp_parent,University of Oklahoma Board of Regents,UNIVERSITYOFOKLAHOMABOARDOFREGENTS,0.0,38334.259999999995,0.0,1.0,unmatched,
ghgrp_parent,University of Pittsburgh - Of the Commonwealth System of Higher Education,UNIVERSITYOFPITTSBURGHOFCOMMONWEALTHSYSTEMOFHIGHEREDUCATION,0.0,4799.932,0.0,1.0,unmatched,
ghgrp_parent,UNIVERSITY OF TEXAS AT AUSTIN,UNIVERSITYOFTEXASATAUSTIN,0.0,223962.804,0.0,8.0,unmatched,
ghgrp_parent,THE UNIVERSITY OF TEXAS MEDICAL BRANCH AT GALVESTON,UNIVERSITYOFTEXASMEDICALBRANCHATGALVESTON,0.0,54033.148,0.0,7.0,unmatched,
ghgrp_parent,UNIVERSITY OF TOLEDO,UNIVERSITYOFTOLEDO,0.0,39212.938,0.0,14.0,unmatched,
ghgrp_parent,UNIVERSITY OF VIRGINIA,UNIVERSITYOFVIRGINIA,0.0,111686.35800000001,0.0,8.0,unmatched,
ghgrp_parent,University of Virginia - State of Virginia,UNIVERSITYOFVIRGINIASTATEOFVIRGINIA,0.0,109456.79,0.0,1.0,unmatched,
ghgrp_parent,THE UNIVERSITY SYSTEM OF GEORGIA,UNIVERSITYSYSTEMOFGEORGIA,0.0,71199.644,0.0,1.0,unmatched,
ghgrp_parent,THE UNIVERSITY SYSTEM OF GEORGIA BOARD OF REGENTS,UNIVERSITYSYSTEMOFGEORGIABOARDOFREGENTS,0.0,64212.822,0.0,8.0,unmatched,
ghgrp_parent,Unknown-Recently Changed,UNKNOWNRECENTLYCHANGED,0.0,1691.0449999999998,0.0,1.0,unmatched,
ghgrp_parent,UNS ENERGY CORP (100% Ownership of Units 1 & 2 only / Operator for all units),UNSENERGY100OWNERSHIPOFUNITS12ONLYOPERATORFORALLUNITS,0.0,5443676.231000001,0.0,2.0,unmatched,
ghgrp_parent,UP ENERGY LLC,UPENERGY,0.0,121779.754,0.0,1.0,unmatched,
ghgrp_parent,UPM NORTH AMERICA,UPMNORTH,0.0,68882.438,0.0,9.0,unmatched,
ghgrp_parent,"Upstate New York Power Producers, Inc.",UPSTATENEWYORKPOWERPRODUCERS,0.0,2841393.96,0.0,4.0,unmatched,
ghgrp_parent,URSA RESOURCES GROUP,URSARESOURCES,0.0,158637.564,0.0,11.0,unmatched,
ghgrp_parent,U.S. Air Force Robins AFB,USAIRFORCEROBINSAFB,0.0,51457.712,0.0,1.0,unmatched,
ghgrp_parent,U.S. Bureau of Reclamation,USBUREAUOFRECLAMATION,0.0,3956054.9284619996,0.0,1.0,unmatched,
ghgrp_parent,U.S. Department of Agriculture,USDEPARTMENTOFAGRICULTURE,0.0,28166.688,0.0,1.0,unmatched,
ghgrp_parent,U.S. Department of the Army,USDEPARTMENTOFARMY,0.0,83589.562,0.0,5.0,unmatched,
ghgrp_parent,U. S. Department of Energy,USDEPARTMENTOFENERGY,0.0,166494.82,0.0,5.0,unmatched,
ghgrp_parent,USEC Inc.,USEC,0.0,6894.523999999999,0.0,13.0,unmatched,
ghgrp_parent,U.S. Government,USGOVERNMENT,0.0,397611.146,0.0,5.0,unmatched,
ghgrp_parent,U.S. GOVERNMENT ~ CHIEF OF NAVAL RESEARCH,USGOVERNMENTCHIEFOFNAVALRESEARCH,0.0,25581.18,0.0,1.0,unmatched,
ghgrp_parent,U.S. Gypsum Corporation,USGYPSUM,0.0,29301.13,0.0,4.0,unmatched,
ghgrp_parent,"U.S. Lime & Minerals, Inc.",USLIMEMINERALS,0.0,1152857.19,0.0,1.0,unmatched,
ghgrp_parent,USP Holdings Inc.,USP,0.0,188608.25,0.0,4.0,unmatched,
ghgrp_parent,U.S. Renewables Group,USRENEWABLES,0.0,172569.93800000002,0.0,2.0,unmatched,
ghgrp_parent,USRG,USRG,0.0,82073.488,0.0,1.0,unmatched,
ghgrp_parent,U.S. Silica Company,USSILICA,0.0,48734.416,0.0,5.0,unmatched,
ghgrp_parent,U. S. Steel Corporation,USSTEEL,0.0,5496605.392,0.0,1.0,unmatched,
ghgrp_parent,U.S. Sugar Corp.,USSUGAR,0.0,1540353.274,0.0,1.0,unmatched,
ghgrp_parent,UTAHAMERICAN ENERGY INC,UTAHAMERICANENERGY,0.0,649709.046,0.0,11.0,unmatched,
ghgrp_parent,UTAH ASSOCIATED MUNICIPAL POWER SYSTEM,UTAHASSOCIATEDMUNICIPALPOWERSYSTEM,0.0,659346.7735302,0.0,10.0,unmatched,
ghgrp_parent,UTAH MUNICIPAL POWER ASSOC,UTAHMUNICIPALPOWERASSOC,0.0,141872.1036,0.0,6.0,unmatched,
ghgrp_parent,Utah Municipal Power Association,UTAHMUNICIPALPOWERASSOCIATION,0.0,135978.0912,0.0,5.0,unmatched,
ghgrp_parent,UTELILTE CORP,UTELILTE,0.0,45517.121999999996,0.0,9.0,unmatched,
ghgrp_parent,Utica Energy LLC,UTICAENERGY,0.0,13425.2,0.0,1.0,unmatched,
ghgrp_parent,UTICA GAS SERVICES LLC,UTICAGAS,0.0,80446.116,0.0,9.0,unmatched,
ghgrp_parent,"Utica Gas Services, L.L.C",UTICAGASLLC,0.0,24068.023839999998,0.0,2.0,unmatched,
ghgrp_parent,UTILITIES BOARD OF THE CITY OF TRUSSVILLE,UTILITIESBOARDOFCITYOFTRUSSVILLE,0.0,140797.098,0.0,12.0,unmatched,
ghgrp_parent,Vale SA,VALE,0.0,83825.75799999999,0.0,1.0,unmatched,
ghgrp_parent,Valero Energy Coporation,VALEROENERGYCOPORATION,0.0,176584.23599999998,0.0,4.0,unmatched,
ghgrp_parent,Validus Energy,VALIDUSENERGY,0.0,344505.826,0.0,3.0,unmatched,
ghgrp_parent,VALLEY MINERALS LLC,VALLEYMINERALS,0.0,146681.318,0.0,4.0,unmatched,
ghgrp_parent,"Valley Proreins, Inc",VALLEYPROREINS,0.0,51849.914,0.0,2.0,unmatched,
ghgrp_parent,VALLEY PROTEINS INC,VALLEYPROTEINS,0.0,255456.342,0.0,14.0,unmatched,
ghgrp_parent,Val Verde Gas Gathering Company L.P.,VALVERDEGASGATHERINGLP,0.0,27993.944000000003,0.0,1.0,unmatched,
ghgrp_parent,VANDERBILT UNIVERSITY BOARD OF TRUST,VANDERBILTUNIVERSITYBOARDOFTRUST,0.0,159687.42,0.0,9.0,unmatched,
ghgrp_parent,VANGUARD NATURAL RESOURCES INC,VANGUARDNATURALRESOURCES,0.0,504556.58200000005,0.0,13.0,unmatched,
ghgrp_parent,"Vanguard Operating, LLC",VANGUARDOPERATING,0.0,6356.58,0.0,1.0,unmatched,
ghgrp_parent,VANGUARD PROPERTIES CO,VANGUARDPROPERTIES,0.0,122.1,0.0,8.0,unmatched,
ghgrp_parent,VANTAGE ENERGY LLC,VANTAGEENERGY,0.0,123874.638,0.0,10.0,unmatched,
ghgrp_parent,"Vantage Energy II, LLC",VANTAGEENERGYII,0.0,71635.598,0.0,1.0,unmatched,
ghgrp_parent,Vantage Oleochemicals Inc.,VANTAGEOLEOCHEMICALS,0.0,46435.676,0.0,4.0,unmatched,
ghgrp_parent,VANTAGE SPECIALTY CHEMICALS INC,VANTAGESPECIALTY,0.0,47856.02,0.0,10.0,unmatched,
ghgrp_parent,VCG ELK CREEK NO1 LLC,VCGELKCREEKNO1,0.0,576970.924,0.0,12.0,unmatched,
ghgrp_parent,VECTOR PIPELINE LP,VECTORPIPELINE,0.0,344756.956,0.0,14.0,unmatched,
ghgrp_parent,VECTREN CORP,VECTREN,0.0,5235235.166,0.0,14.0,unmatched,
ghgrp_parent,Vectren Fuels,VECTRENFUELS,0.0,775984.75,0.0,3.0,unmatched,
ghgrp_parent,Venoco Inc.,VENOCO,0.0,191277.93800000002,0.0,14.0,unmatched,
ghgrp_parent,VENTURA REFINING & TRANSMISSION,VENTURAREFININGTRANSMISSION,0.0,12858.102,0.0,14.0,unmatched,
ghgrp_parent,Veolia Environement North America Operations,VEOLIAENVIRONEMENTNORTHOPERATIONS,0.0,25648.704,0.0,4.0,unmatched,
ghgrp_parent,VEOLIA ENVIRONMENTAL SERVICES,VEOLIAENVIRONMENTAL,0.0,801968.2,0.0,1.0,unmatched,
ghgrp_parent,VEOLIA ENVIRONMENT NORTH AMERICAN OPERATIONS INC,VEOLIAENVIRONMENTNORTHOPERATIONS,0.0,2078592.5780000004,0.0,8.0,unmatched,
ghgrp_parent,VEOLIA ENVIRONMENT NORTH AMERICA REGENERATION SERVICES LLC,VEOLIAENVIRONMENTNORTHREGENERATION,0.0,40238.948000000004,0.0,1.0,unmatched,
ghgrp_parent,"Veolia Environnement North America Operations, Inc.",VEOLIAENVIRONNEMENTNORTHOPERATIONS,0.0,3234007.054,0.0,14.0,unmatched,
ghgrp_parent,"Veolia Environnment North America Operations, Inc.",VEOLIAENVIRONNMENTNORTHOPERATIONS,0.0,121058.89600000001,0.0,4.0,unmatched,
ghgrp_parent,Veolia North America,VEOLIANORTH,0.0,304236.82399999996,0.0,2.0,unmatched,
ghgrp_parent,VERESEN INC,VERESEN,0.0,424426.75399999996,0.0,5.0,unmatched,
ghgrp_parent,VERESEN US POWER INC,VERESENPOWER,0.0,302218.915,0.0,6.0,unmatched,
ghgrp_parent,Veresen U.S. Power Inc.,VERESENUSPOWER,0.0,195998.756,0.0,1.0,unmatched,
ghgrp_parent,VERIS GOLD USA INC,VERISGOLD,0.0,47685.462,0.0,7.0,unmatched,
ghgrp_parent,Vermont Public Power Supply Authority,VERMONTPUBLICPOWERSUPPLYAUTHORITY,0.0,67618.98296000001,0.0,13.0,unmatched,
ghgrp_parent,VERSADO,VERSADO,0.0,179426.08000000002,0.0,1.0,unmatched,
ghgrp_parent,Versado Gas Processing LLC,VERSADOGASPROCESSING,0.0,59107.128000000004,0.0,1.0,unmatched,
ghgrp_parent,Versado Gas Processors LLC,VERSADOGASPROCESSORS,0.0,54023.3,0.0,1.0,unmatched,
ghgrp_parent,VERSO CORP,VERSO,0.0,6693711.541999999,0.0,10.0,unmatched,
ghgrp_parent,VERSO PAPER CORP,VERSOPAPER,0.0,4359680.748,0.0,14.0,unmatched,
ghgrp_parent,Vesco Energy Services LLC,VESCOENERGY,0.0,188991.288,0.0,1.0,unmatched,
ghgrp_parent,"Veyance Technologies, Inc",VEYANCETECHNOLOGIES,0.0,28725.448,0.0,5.0,unmatched,
ghgrp_parent,VICTORIA CITY POWER LLC,VICTORIACITYPOWER,0.0,45412.632,0.0,3.0,unmatched,
ghgrp_parent,VICTORIA PORT POWER LLC,VICTORIAPORTPOWER,0.0,40998.848,0.0,3.0,unmatched,
ghgrp_parent,"Viking Energy of Lincoln, LLC",VIKINGENERGYOFLINCOLN,0.0,188279.396,0.0,1.0,unmatched,
ghgrp_parent,VIKING ENERGY OF MCBAIN LLC,VIKINGENERGYOFMCBAIN,0.0,190366.174,0.0,3.0,unmatched,
ghgrp_parent,Village of Freeport,VILLAGEOFFREEPORT,0.0,31313.628,0.0,1.0,unmatched,
ghgrp_parent,VINE OIL & GAS LP,VINEOILGAS,0.0,195837.648,0.0,10.0,unmatched,
ghgrp_parent,Virgin Island Water and Power Authority,VIRGINISLANDWATERPOWERAUTHORITY,0.0,375363.718,0.0,1.0,unmatched,
ghgrp_parent,VIRTUS HOLDINGS,VIRTUS,0.0,229522.84999999998,0.0,2.0,unmatched,
ghgrp_parent,VISCOFAN USA INC,VISCOFAN,0.0,57701.132000000005,0.0,13.0,unmatched,
ghgrp_parent,VISCOFAN USAINC,VISCOFANUSAINC,0.0,55229.092,0.0,1.0,unmatched,
ghgrp_parent,VISHAY INTERTECHNOLOGY INC,VISHAYINTERTECHNOLOGY,0.0,58476.240516000005,0.0,10.0,unmatched,
ghgrp_parent,VISKASE COS INC,VISKASE,0.0,46111.892,0.0,14.0,unmatched,
ghgrp_parent,VITRUVIAN EXPLORATION LLC,VITRUVIANEXPLORATION,0.0,169421.568,0.0,6.0,unmatched,
ghgrp_parent,V&M USA Corporation,VM,0.0,195946.756,0.0,3.0,unmatched,
ghgrp_parent,"V&M STAR Ohio, LLP",VMSTAROHIO,0.0,167415.888,0.0,1.0,unmatched,
ghgrp_parent,"V&M STAR Texas, LLP",VMSTARTEXAS,0.0,28231.544,0.0,1.0,unmatched,
ghgrp_parent,VOESTALPINE TEXAS LLC,VOESTALPINETEXAS,0.0,857709.816,0.0,7.0,unmatched,
ghgrp_parent,"Vonco 5, LLC",VONCO5,0.0,10909.0,0.0,12.0,unmatched,
ghgrp_parent,VOPAK TERMINALS NORTH AMERICA INC,VOPAKTERMINALSNORTH,0.0,6101.376,0.0,3.0,unmatched,
ghgrp_parent,"Voyager Ethanol, LLC",VOYAGERETHANOL,0.0,80606.496,0.0,1.0,unmatched,
ghgrp_parent,"Voyager Ethanol, LLC dba Poet Biorefining Emmetsburg",VOYAGERETHANOLDBAPOETBIOREFININGEMMETSBURG,0.0,83120.688,0.0,3.0,unmatched,
ghgrp_parent,VSI HOLDINGS LLC,VSI,0.0,108291.738,0.0,6.0,unmatched,
ghgrp_parent,VVF INTERVEST LLC,VVFINTERVEST,0.0,49623.164,0.0,14.0,unmatched,
ghgrp_parent,WABASH VALLEY POWER,WABASHVALLEYPOWER,0.0,2249513.2382,0.0,5.0,unmatched,
ghgrp_parent,"Wabash Valley Power Association, Inc.",WABASHVALLEYPOWERASSOCIATION,0.0,2006587.6801400003,0.0,1.0,unmatched,
ghgrp_parent,WaferTech L.L.C.,WAFERTECHLLC,0.0,189928.694399,0.0,4.0,unmatched,
ghgrp_parent,"Walnut Creek Energy, LLC",WALNUTCREEKENERGY,0.0,245224.34,0.0,2.0,unmatched,
ghgrp_parent,WALNUT ENERGY CENTER AUTHORITY,WALNUTENERGYCENTERAUTHORITY,0.0,673984.2520000001,0.0,5.0,unmatched,
ghgrp_parent,WALTER ENERGY INC,WALTERENERGY,0.0,5124460.7,0.0,14.0,unmatched,
ghgrp_parent,Walton EMC,WALTONEMC,0.0,116559.72,0.0,5.0,unmatched,
ghgrp_parent,WA MONCRIEF JR,WAMONCRIEFJR,0.0,276225.8550673875,0.0,11.0,unmatched,
ghgrp_parent,WARD PETROLEUM CORP,WARDPETROLEUM,0.0,45441.478,0.0,13.0,unmatched,
ghgrp_parent,WARREN RESOURCES INC,WARRENRESOURCES,0.0,136432.37,0.0,10.0,unmatched,
ghgrp_parent,Washington County Commissioners,WASHINGTONCOUNTYCOMMISSIONERS,0.0,61499.1,0.0,1.0,unmatched,
ghgrp_parent,WASHINGTON MILLS ELECTRO MINERALS CORP,WASHINGTONMILLSELECTROMINERALS,0.0,141979.692,0.0,8.0,unmatched,
ghgrp_parent,"Washington Mills North Grafton, Inc.",WASHINGTONMILLSNORTHGRAFTON,0.0,126482.894,0.0,1.0,unmatched,
ghgrp_parent,WASHINGTON PARISH GOVERNMENT,WASHINGTONPARISHGOVERNMENT,0.0,44924.0,0.0,8.0,unmatched,
ghgrp_parent,WASHINGTON UNIVERSITY IN ST LOUIS,WASHINGTONUNIVERSITYINSTLOUIS,0.0,37966.208000000006,0.0,8.0,unmatched,
ghgrp_parent,Washington University Medical School,WASHINGTONUNIVERSITYMEDICALSCHOOL,0.0,37923.098,0.0,1.0,unmatched,
ghgrp_parent,WASTE INDUSTRIES USA INC,WASTE,0.0,468465.9,0.0,7.0,blocked,"Raleigh waste hauler bought by GFL Environmental in 2018, not Waste Management. It collided with WM's SEC former name USA WASTE SERVICES INC because the strict key strips INDUSTRIES, USA and SERVICES and leaves both sides as WASTE. The two facilities are W I Taylor County Landfill (GA) and Lakeway Sanitation (TN)"
ghgrp_parent,WASTE COMMISSION OF SCOTT COUNTY,WASTECOMMISSIONOFSCOTTCOUNTY,0.0,100396.9,0.0,12.0,unmatched,
ghgrp_parent,Waste Corp of America,WASTEOF,0.0,209533.75,0.0,5.0,unmatched,
ghgrp_parent,WASTE CORP OF MISSOURI,WASTEOFMISSOURI,0.0,319072.0,0.0,5.0,unmatched,
ghgrp_parent,Waupaca Foundry Holdings Inc.,WAUPACAFOUNDRY,0.0,451712.87399999995,0.0,3.0,unmatched,
ghgrp_parent,WAUSAU PAPER CORP,WAUSAUPAPER,0.0,955831.1640000001,0.0,14.0,unmatched,
ghgrp_parent,WAVERLY LIGHT & POWER,WAVERLYLIGHTPOWER,0.0,54798.03104600001,0.0,10.0,unmatched,
ghgrp_parent,Wayne Farms LLC,WAYNEFARMS,0.0,96847.432,0.0,5.0,unmatched,
ghgrp_parent,WAYZATA INVESTMENT PARTNERS,WAYZATAINVESTMENT,0.0,64479.164,0.0,2.0,unmatched,
ghgrp_parent,WCA WASTE CORP,WCAWASTE,0.0,810910.95,0.0,14.0,unmatched,
ghgrp_parent,WEBER COUNTY,WEBERCOUNTY,0.0,54310.64,0.0,8.0,unmatched,
ghgrp_parent,WEBSTER CITY MUNICIPAL UTILITIES,WEBSTERCITYMUNICIPALUTILITIES,0.0,125756.86474000002,0.0,11.0,unmatched,
ghgrp_parent,WEBSTER PARISH POLICE JURY,WEBSTERPARISHPOLICEJURY,0.0,77465.0,0.0,12.0,unmatched,
ghgrp_parent,WELLESLEY COLLEGE,WELLESLEYCOLLEGE,0.0,37671.552,0.0,14.0,unmatched,
ghgrp_parent,"WELLHEAD POWER GATES, LLC",WELLHEADPOWERGATES,0.0,9423.916,0.0,14.0,unmatched,
ghgrp_parent,WELLS FARGO & CO,WELLSFARGO,0.0,31980.13679,0.0,4.0,fund_holding,"named by EPA as the parent but held through managed funds, not consolidated by the listed manager; a carbon price lands on the portfolio company"
ghgrp_parent,WELLS FARGO ENERGY CAPITAL INC,WELLSFARGOENERGYCAPITAL,0.0,15724.382399999999,0.0,2.0,unmatched,
ghgrp_parent,"Wellspring Capital Management, LLC",WELLSPRINGCAPITALMANAGEMENT,0.0,58924.728,0.0,8.0,unmatched,
ghgrp_parent,"W.E. Power, LLC",WEPOWER,0.0,4859348.2032,0.0,4.0,unmatched,
ghgrp_parent,WESTERN AREA POWER ADMINISTRATION,WESTERNAREAPOWERADMINISTRATION,0.0,1181.45952,0.0,9.0,unmatched,
ghgrp_parent,"WESTERN BERKS LANDFILL ACQUISITION CO, LLC",WESTERNBERKSLANDFILLACQUISITION,0.0,78109.3,0.0,3.0,unmatched,
ghgrp_parent,Western Illinois University,WESTERNILLINOISUNIVERSITY,0.0,44734.409999999996,0.0,1.0,unmatched,
ghgrp_parent,Western Lime Corporation,WESTERNLIME,0.0,864356.4299999999,0.0,1.0,unmatched,
ghgrp_parent,Western Minnesota Municipal Power Agency-Exira Station,WESTERNMINNESOTAMUNICIPALPOWERAGENCYEXIRASTATION,0.0,1994.792,0.0,1.0,unmatched,
ghgrp_parent,Western Washington University,WESTERNWASHINGTONUNIVERSITY,0.0,12400.256000000001,0.0,6.0,unmatched,
ghgrp_parent,"Western Wisconsin Energy, LLC",WESTERNWISCONSINENERGY,0.0,83021.88799999999,0.0,1.0,unmatched,
ghgrp_parent,"WESTEX HOLDINGS, LLC",WESTEX,0.0,46401.57,0.0,4.0,unmatched,
ghgrp_parent,Westlake Chemcial Company,WESTLAKECHEMCIAL,0.0,170048.63,0.0,4.0,unmatched,
ghgrp_parent,"Westlake Vinyls Company, LP",WESTLAKEVINYLS,0.0,124750.312,0.0,1.0,unmatched,
ghgrp_parent,WEST LINN PAPER CO,WESTLINNPAPER,0.0,100479.0,0.0,8.0,unmatched,
ghgrp_parent,WESTMORELAND COAL CO,WESTMORELANDCOAL,0.0,1463927.994,0.0,10.0,unmatched,
ghgrp_parent,WESTMORELAND MINING LLC,WESTMORELANDMINING,0.0,725512.2320000001,0.0,5.0,unmatched,
ghgrp_parent,WESTMORELAND SANITARY LANDFILL LLC,WESTMORELANDSANITARYLANDFILL,0.0,48698.5,0.0,5.0,unmatched,
ghgrp_parent,"West Ventures, LLC",WESTVENTURES,0.0,8045.62,0.0,9.0,unmatched,
ghgrp_parent,WESTWOOD GENERATION LLC,WESTWOODGENERATION,0.0,388432.444,0.0,5.0,unmatched,
ghgrp_parent,Wexford County Department of Public Works,WEXFORDCOUNTYDEPARTMENTOFPUBLICWORKS,0.0,85410.85,0.0,1.0,unmatched,
ghgrp_parent,WEXFORD COUNTY LANDFILL,WEXFORDCOUNTYLANDFILL,0.0,186034.574,0.0,9.0,unmatched,
ghgrp_parent,WGL HOLDINGS INC,WGL,0.0,229054.75000000003,0.0,14.0,unmatched,
ghgrp_parent,WGR Asset Holding Company LLC,WGRASSET,0.0,62272.122,0.0,1.0,unmatched,
ghgrp_parent,WGR Operating LP,WGROPERATING,0.0,356634.964,0.0,2.0,unmatched,
ghgrp_parent,WH GROUP LTD,WH,0.0,98247.152,0.0,5.0,unmatched,
ghgrp_parent,WHEMCO INC,WHEMCO,0.0,25502.854,0.0,13.0,unmatched,
ghgrp_parent,WHIRLPOOL CORP,WHIRLPOOL,0.0,54963.191999999995,0.0,14.0,unmatched,
ghgrp_parent,White Birch Paper Company,WHITEBIRCHPAPER,0.0,260733.15600000002,0.0,2.0,unmatched,
ghgrp_parent,"White Mountain Intermediate, LLC",WHITEMOUNTAININTERMEDIATE,0.0,32149.007999999998,0.0,1.0,unmatched,
ghgrp_parent,WHITE OAK ENERGY LLC,WHITEOAKENERGY,0.0,170745.622,0.0,13.0,unmatched,
ghgrp_parent,White Oak Resources LLC,WHITEOAKRESOURCES,0.0,69086.5,0.0,2.0,unmatched,
ghgrp_parent,"White Pine Energy, LLC",WHITEPINEENERGY,0.0,54591.644,0.0,4.0,unmatched,
ghgrp_parent,WHITE STAR PETROLEUM LLC,WHITESTARPETROLEUM,0.0,115752.142,0.0,8.0,unmatched,
ghgrp_parent,White Star Petroleum II LLC,WHITESTARPETROLEUMII,0.0,26155.002,0.0,1.0,unmatched,
ghgrp_parent,WHITING OIL & GAS CORP,WHITINGOILGAS,0.0,40990.66698371144,0.0,14.0,unmatched,
ghgrp_parent,Wieland North America,WIELANDNORTH,0.0,28185.444000000003,0.0,1.0,unmatched,
ghgrp_parent,WILDCAT MIDSTREAM CADDO LLC,WILDCATMIDSTREAMCADDO,0.0,98880.85999999999,0.0,4.0,unmatched,
ghgrp_parent,Wildhorse Resouces LLC,WILDHORSERESOUCES,0.0,237688.68,0.0,13.0,unmatched,
ghgrp_parent,WILDHORSE RESOURCES LLC,WILDHORSERESOURCES,0.0,216566.326,0.0,8.0,unmatched,
ghgrp_parent,WILKES COUNTY,WILKESCOUNTY,0.0,61105.25,0.0,12.0,unmatched,
ghgrp_parent,Will County,WILLCOUNTY,0.0,202859.289999,0.0,2.0,unmatched,
ghgrp_parent,William Beaumont Hospital,WILLIAMBEAUMONTHOSPITAL,0.0,28158.638,0.0,1.0,unmatched,
ghgrp_parent,WILLIAM MARSH RICE UNIVERSITY INC,WILLIAMMARSHRICEUNIVERSITY,0.0,19540.976000000002,0.0,5.0,unmatched,
ghgrp_parent,"WILLIAMS PARTNERS, LOP",WILLIAMSLOP,0.0,44944.68,0.0,9.0,unmatched,
ghgrp_parent,Williams Partners L.P.,WILLIAMSLP,0.0,3605451.7572000003,0.0,2.0,unmatched,
ghgrp_parent,WILLIAMS OLEFINS LLC,WILLIAMSOLEFINS,0.0,654877.448,0.0,2.0,unmatched,
ghgrp_parent,Williamson County,WILLIAMSONCOUNTY,0.0,108986.302025,0.0,2.0,unmatched,
ghgrp_parent,WILLIAMSON COUNTY TENNESSEE,WILLIAMSONCOUNTYTENNESSEE,0.0,27450.0,0.0,13.0,unmatched,
ghgrp_parent,"WILLIAMS PARTERNS, LP",WILLIAMSPARTERNS,0.0,103857.80799999999,0.0,9.0,unmatched,
ghgrp_parent,Williams Production,WILLIAMSPRODUCTION,0.0,1591655.2459999998,0.0,12.0,unmatched,
ghgrp_parent,"WILLIMAS PARTNERS, LP",WILLIMAS,0.0,31479.732,0.0,9.0,unmatched,
ghgrp_parent,WINFIELD RESOURCES LLC,WINFIELDRESOURCES,0.0,17262.094606,0.0,4.0,unmatched,
ghgrp_parent,Wisconsin Dept. of Administration,WISCONSINDEPTOFADMINISTRATION,0.0,380724.602,0.0,1.0,unmatched,
ghgrp_parent,Wisconsin Public Power Inc.,WISCONSINPUBLICPOWER,0.0,373969.33440000005,0.0,4.0,unmatched,
ghgrp_parent,WOLD ENERGY PARTNERS LLC,WOLDENERGY,0.0,39969.944,0.0,8.0,unmatched,
ghgrp_parent,"Wolf Hollow I, LP",WOLFHOLLOWI,0.0,1176045.4919999999,0.0,1.0,unmatched,
ghgrp_parent,WOLF HOLLOW I POWER LLC,WOLFHOLLOWIPOWER,0.0,886822.664,0.0,2.0,unmatched,
ghgrp_parent,WOLVERINE FUELS LLC,WOLVERINEFUELS,0.0,84992.388,0.0,6.0,unmatched,
ghgrp_parent,WOODFORD EXPRESS LLC,WOODFORDEXPRESS,0.0,236149.90399999998,0.0,4.0,unmatched,
ghgrp_parent,WOOD ISLAND WASTE MANAGEMENT INC,WOODISLANDWASTEMANAGEMENT,0.0,55605.848,0.0,4.0,unmatched,
ghgrp_parent,Woodland Pulp LLC,WOODLANDPULP,0.0,1119947.97,0.0,1.0,unmatched,
ghgrp_parent,WORLD KITCHEN LLC,WORLDKITCHEN,0.0,31807.754,0.0,8.0,unmatched,
ghgrp_parent,World Litchen LLC,WORLDLITCHEN,0.0,30616.557999999997,0.0,3.0,unmatched,
ghgrp_parent,"WORLD MINERALS, INC",WORLDMINERALS,0.0,56388.796,0.0,2.0,unmatched,
ghgrp_parent,"Worsham Steed Gas Storage, LLC",WORSHAMSTEEDGASSTORAGE,0.0,43750.5,0.0,1.0,unmatched,
ghgrp_parent,"Worthington Steel of Michigan, Inc.",WORTHINGTONSTEELOFMICHIGAN,0.0,14651.126880000002,0.0,1.0,unmatched,
ghgrp_parent,WPX ENERGY INC,WPXENERGY,0.0,3115997.0779999997,0.0,12.0,unmatched,
ghgrp_parent,W.R. Grace & Co.-Conn.,WRGRACECONN,0.0,265178.796,0.0,5.0,unmatched,
ghgrp_parent,"WSI SANDY RUN LANDFILL, INC",WSISANDYRUNLANDFILL,0.0,78102.25,0.0,5.0,unmatched,
ghgrp_parent,W&T ENERGY VI LLC,WTENERGYVI,0.0,75192.3755,0.0,5.0,unmatched,
ghgrp_parent,WTG BENEDUM JOINT VENTURE,WTGBENEDUMJOINTVENTURE,0.0,178883.76400000002,0.0,5.0,unmatched,
ghgrp_parent,"WTG EXPLORATION, INC",WTGEXPLORATION,0.0,9717.65,0.0,13.0,unmatched,
ghgrp_parent,"WTG Gas Processing, L.P.",WTGGASPROCESSINGLP,0.0,146194.248,0.0,1.0,unmatched,
ghgrp_parent,"WTG Hugoton, L.P.",WTGHUGOTONLP,0.0,27038.048,0.0,1.0,unmatched,
ghgrp_parent,"WTG Jameson, L.P.",WTGJAMESONLP,0.0,107901.902,0.0,5.0,unmatched,
ghgrp_parent,"WTG SONORA GAS PLANT, LLC",WTGSONORAGASPLANT,0.0,62354.082,0.0,1.0,unmatched,
ghgrp_parent,WYNNCHURCH CAPITAL LP,WYNNCHURCHCAPITAL,0.0,29172.54,0.0,2.0,unmatched,
ghgrp_parent,WYNNCHURCH CAPITAL PARTNERS III LP,WYNNCHURCHCAPITALIII,0.0,21519.6555,0.0,1.0,unmatched,
ghgrp_parent,"Wyoming Investment Holdings, LLC",WYOMINGINVESTMENT,0.0,178931.23612000002,0.0,5.0,unmatched,
ghgrp_parent,xce,XCE,0.0,6949907.454,0.0,1.0,unmatched,
ghgrp_parent,XcL Midstream Operating LLC,XCLMIDSTREAMOPERATING,0.0,42400.258,0.0,1.0,unmatched,
ghgrp_parent,"XTO Enregy, Inc.",XTOENREGY,0.0,30355.236,0.0,1.0,unmatched,
ghgrp_parent,y,Y,0.0,66922.674,0.0,4.0,unmatched,
ghgrp_parent,YAKIMA COUNTY PUBLIC SERVICES - SOLID WASTE DIV,YAKIMACOUNTYPUBLICSOLIDWASTEDIV,0.0,156251.75,0.0,4.0,unmatched,
ghgrp_parent,Yakima County Public Services - Solid Waste Division,YAKIMACOUNTYPUBLICSOLIDWASTEDIVISION,0.0,140155.1,0.0,5.0,unmatched,
ghgrp_parent,YAMATO HOLDING CORPORATION,YAMATO,0.0,146569.3785,0.0,5.0,unmatched,
ghgrp_parent,YARA NORTH AMERICA,YARANORTH,0.0,33575.32,0.0,9.0,unmatched,
ghgrp_parent,Yates Petroleum Corporation,YATESPETROLEUM,0.0,803433.324,0.0,5.0,unmatched,
ghgrp_parent,Yellowstone Energy Limited Partnership,YELLOWSTONEENERGYLIMITEDPARTNERSHIP,0.0,707951.6699999999,0.0,1.0,unmatched,
ghgrp_parent,YOAKUM ELECTRIC GENERATING COOPERATIVE,YOAKUMELECTRICGENERATINGCOOPERATIVE,0.0,152546.936,0.0,2.0,unmatched,
ghgrp_parent,YOLO COUNTY,YOLOCOUNTY,0.0,80728.0,0.0,11.0,unmatched,
ghgrp_parent,York Plant Holding LLC,YORKPLANT,0.0,29784.688,0.0,3.0,unmatched,
ghgrp_parent,YOUNGSTOWN THERMAL HOLDINGS LLC,YOUNGSTOWNTHERMAL,0.0,48947.583999999995,0.0,14.0,unmatched,
ghgrp_parent,"YUBA CITY COGENERATION, LP",YUBACITYCOGENERATION,0.0,66151.3,0.0,5.0,unmatched,
ghgrp_parent,Yukon-Nevada Gold Corp.,YUKONNEVADAGOLD,0.0,106619.888,0.0,3.0,unmatched,
ghgrp_parent,ZELEDYNE LLC,ZELEDYNE,0.0,127291.46399999999,0.0,14.0,unmatched,
ghgrp_parent,ZELLAR MPI EQUIPMENT INC,ZELLARMPIEQUIPMENT,0.0,144020.272,0.0,4.0,unmatched,
ghgrp_parent,ZELLAR MPI REAL ESTATE INC,ZELLARMPIREALESTATE,0.0,80554.75,0.0,4.0,unmatched,
ghgrp_parent,"Zenergy, INC",ZENERGY,0.0,165694.22199999998,0.0,13.0,unmatched,
ghgrp_parent,"Ziemax, Inc.",ZIEMAX,0.0,44456.061117000005,0.0,2.0,unmatched,
ghgrp_parent,ZINC HOLDINGS LLC,ZINC,0.0,50820.26440000001,0.0,3.0,unmatched,
ghgrp_parent,AMERICAN ZINC RECYCLING LLC,ZINCRECYCLING,0.0,512428.8236,0.0,3.0,unmatched,
camd_owner_unattributed,Tennessee Valley Authority,TENNESSEEVALLEYAUTHORITY,43972386.66030966,,2.9643704494902465,,unattributed,federal
camd_owner_unattributed,"Associated Electric Cooperative, Inc.",ASSOCIATEDELECTRICCOOPERATIVE,16454105.105562262,,1.1092430193642775,,unattributed,generation and transmission cooperative
camd_owner_unattributed,Santee Cooper,SANTEECOOPER,15528668.49533231,,1.0468552995110296,,unattributed,state-owned (South Carolina)
camd_owner_unattributed,Basin Electric Power Cooperative,BASINELECTRICPOWERCOOPERATIVE,13265717.427626986,,0.8942998941024112,,unattributed,generation and transmission cooperative
camd_owner_unattributed,"Gavin Power, LLC",GAVINPOWER,12019773.970103841,,0.8103054092055728,,unattributed,private equity (Blackstone / ArcLight)
camd_owner_unattributed,Illinois Municipal Electric Agency (+8 co-owners),ILLINOISMUNICIPALELECTRICAGENCY,10809758.562676447,,0.7287329909305532,,unattributed,municipal joint action agency (Prairie State)
camd_owner_unattributed,City of San Antonio,CITYOFSANANTONIO,10622324.287120715,,0.7160972285833495,,unattributed,"municipal (CPS Energy, San Antonio)"
camd_owner_unattributed,Basin Electric Power Cooperative (+7 co-owners),BASINELECTRICPOWERCOOPERATIVE,10467337.293603674,,0.7056488790956026,,unattributed,generation and transmission cooperative
camd_owner_unattributed,East Kentucky Power Cooperative,EASTKENTUCKYPOWERCOOPERATIVE,9948667.927396638,,0.670683114009493,,unattributed,generation and transmission cooperative
camd_owner_unattributed,"Rainbow Energy Center, LLC",RAINBOWENERGYCENTER,8834376.8311999,,0.595563889228428,,unattributed,private
camd_owner_unattributed,Omaha Public Power District,OMAHAPUBLICPOWERDISTRICT,8534271.944566207,,0.5753325093727713,,unattributed,public power district
camd_owner_unattributed,Salt River Project,SALTRIVERPROJECT,8367819.921275133,,0.5641112522025913,,unattributed,public power district (Arizona)
camd_owner_unattributed,Oklahoma Gas & Electric Company,OKLAHOMAGASELECTRIC,8196697.471445768,,0.5525751412009927,,unattributed,"US-listed parent (OGE Energy), not an S&P 500 constituent"
camd_owner_unattributed,Lincoln Electric System (+1 co-owners),LINCOLNELECTRICSYSTEM,7217625.065761246,,0.48657159834708097,,unattributed,
camd_owner_unattributed,Oglethorpe Power Corporation,OGLETHORPEPOWER,6942743.775877807,,0.4680406512064809,,unattributed,generation and transmission cooperative
camd_owner_unattributed,Tampa Electric Company,TAMPAELECTRIC,6798389.317728811,,0.45830908732083653,,unattributed,foreign-listed parent (Emera)
camd_owner_unattributed,"Buckeye Power, Inc.",BUCKEYEPOWER,6711393.578821276,,0.452444324972564,,unattributed,generation and transmission cooperative
camd_owner_unattributed,"Seminole Electric Cooperative, Inc.",SEMINOLEELECTRICCOOPERATIVE,6592066.819042592,,0.44439998743742093,,unattributed,generation and transmission cooperative
camd_owner_unattributed,City of Austin (+1 co-owners),CITYOFAUSTIN,5718443.444723379,,0.38550522389361297,,unattributed,
camd_owner_unattributed,Lower Colorado River Authority,LOWERCOLORADORIVERAUTHORITY,5298501.197544757,,0.35719508467725625,,unattributed,state river authority (Texas)
camd_owner_unattributed,Hallador Power Company LLC,HALLADORPOWER,5115433.756432522,,0.3448537096936978,,unattributed,
camd_owner_unattributed,JEA,JEA,5105154.806295925,,0.34416076081484565,,unattributed,"municipal (Jacksonville, Florida)"
camd_owner_unattributed,Avista Corporation (+5 co-owners),AVISTA,4803974.60441485,,0.32385688926643974,,unattributed,"US-listed (AVA), not an S&P 500 constituent"
camd_owner_unattributed,Keystone Power LLC (+4 co-owners),KEYSTONEPOWER,4478787.452393882,,0.30193460445957593,,unattributed,
camd_owner_unattributed,Intermountain Power Agency,INTERMOUNTAINPOWERAGENCY,4236834.666137573,,0.2856235114254235,,unattributed,municipal joint action agency (Utah/California)
camd_owner_unattributed,Dalton Utilities (+3 co-owners),DALTONUTILITIES,4084055.641795554,,0.275324010773797,,unattributed,
camd_owner_unattributed,Cooperative Energy,COOPERATIVEENERGY,4076138.732743354,,0.2747902973907382,,unattributed,
camd_owner_unattributed,"Longview Power, LLC",LONGVIEWPOWER,3989712.967121745,,0.2689639594286344,,unattributed,
camd_owner_unattributed,"Guernsey Power Station, LLC",GUERNSEYPOWERSTATION,3924640.188416565,,0.26457711948405693,,unattributed,
camd_owner_unattributed,Wisconsin Public Power Inc (+1 co-owners),WISCONSINPUBLICPOWER,3827965.810730432,,0.25805987786491363,,unattributed,
camd_owner_unattributed,Avista Corporation (+4 co-owners),AVISTA,3821301.3427981935,,0.25761059700252786,,unattributed,"US-listed (AVA), not an S&P 500 constituent"
camd_owner_unattributed,Conemaugh Power LLC (+4 co-owners),CONEMAUGHPOWER,3784687.5856707674,,0.2551423038777582,,unattributed,
camd_owner_unattributed,Arkansas Electric Cooperative Corporation (+5 co-owners),ARKANSASELECTRICCOOPERATIVE,3761898.1033678646,,0.2536059654383693,,unattributed,generation and transmission cooperative
camd_owner_unattributed,"Brazos Electric Power Cooperative, Inc.",BRAZOSELECTRICPOWERCOOPERATIVE,3723601.8485176824,,0.2510242478008662,,unattributed,
camd_owner_unattributed,Empire District Electric Company (+4 co-owners),EMPIREDISTRICTELECTRIC,3523570.7658146536,,0.2375392797202134,,unattributed,
camd_owner_unattributed,National Grid Generation LLC,NATIONALGRIDGENERATION,3441887.415469194,,0.2320326486644559,,unattributed,
camd_owner_unattributed,"AEP Generation Resources, Inc.",AEPGENERATIONRESOURCES,3308453.9502200205,,0.22303731656175785,,unattributed,"CAMD still names it as owner of Cardinal Unit 1, but AEP sold that unit to Buckeye Power in August 2022 and GHGRP already books the whole plant to Buckeye"
camd_owner_unattributed,Lackawanna Energy Center LLC,LACKAWANNAENERGYCENTER,3276530.702539208,,0.22088523114488473,,unattributed,
camd_owner_unattributed,"Lawrenceburg Power, LLC",LAWRENCEBURGPOWER,3273247.1827529827,,0.22066387474911311,,unattributed,
camd_owner_unattributed,"Fairless Energy, LLC",FAIRLESSENERGY,3218777.425067517,,0.21699183071563713,,unattributed,
camd_owner_unattributed,Cleco Power LLC,CLECOPOWER,3206425.805461453,,0.21615915414416936,,unattributed,
camd_owner_unattributed,"Seward Generation, LLC",SEWARDGENERATION,3188377.3959034337,,0.2149424321052362,,unattributed,
camd_owner_unattributed,Tucson Electric Power Company,TUCSONELECTRICPOWER,3182336.665001003,,0.21453520007758167,,unattributed,
camd_owner_unattributed,Portland General Electric Company,PORTLANDGENERALELECTRIC,3162883.215882335,,0.21322375819125589,,unattributed,"US-listed (POR), not an S&P 500 constituent"
camd_owner_unattributed,Big Rivers Electric Corporation,BIGRIVERSELECTRIC,3113193.841875941,,0.2098739806798347,,unattributed,generation and transmission cooperative
camd_owner_unattributed,"EIF Channelview Cogeneration, LLC",EIFCHANNELVIEWCOGENERATION,3092702.911794621,,0.2084925976749758,,unattributed,
camd_owner_unattributed,"Hummel Station, LLC",HUMMELSTATION,3090192.043065823,,0.2083233290582938,,unattributed,
camd_owner_unattributed,TransAlta,TRANSALTA,3079777.9768340494,,0.20762127141391376,,unattributed,foreign-listed parent (TransAlta)
camd_owner_unattributed,El Paso Electric Company,ELPASOELECTRIC,3072988.317755142,,0.20716355087008456,,unattributed,"held by IIF, a JPMorgan-managed infrastructure fund; see the fund-owner rule"
camd_owner_unattributed,"PowerSouth Energy Cooperative, Inc.",POWERSOUTHENERGYCOOPERATIVE,3039324.9028629535,,0.2048941531886208,,unattributed,
camd_owner_unattributed,"Brunner Island, LLC",BRUNNERISLAND,2965319.2910257764,,0.19990511198598374,,unattributed,
camd_owner_unattributed,"Mesquite Power, LLC",MESQUITEPOWER,2954117.812026486,,0.1991499714112272,,unattributed,
camd_owner_unattributed,Cogen Technologies Linden Venture,COGENTECHNOLOGIESLINDENVENTURE,2943725.9337190827,,0.1984494095516416,,unattributed,
camd_owner_unattributed,Arizona Public Service Company (+4 co-owners),ARIZONAPUBLICSERVICE,2932797.9994952213,,0.1977127098237547,,unattributed,
camd_owner_unattributed,"Golden Spread Electric Cooperative, Inc.",GOLDENSPREADELECTRICCOOPERATIVE,2805685.1910613696,,0.18914348077589999,,unattributed,
camd_owner_unattributed,Raven Power Fort Smallwood LLC,RAVENPOWERFORTSMALLWOOD,2710334.4167761463,,0.18271546903729083,,unattributed,
camd_owner_unattributed,Doswell Limited Partnership,DOSWELLLIMITEDPARTNERSHIP,2701444.6812695926,,0.1821161731782103,,unattributed,
camd_owner_unattributed,Square Butte Electric Cooperative,SQUAREBUTTEELECTRICCOOPERATIVE,2692161.809091298,,0.18149037426071443,,unattributed,
camd_owner_unattributed,"Jackson Generation, LLC",JACKSONGENERATION,2677533.6266167136,,0.18050422465295277,,unattributed,
camd_owner_unattributed,"CPV Fairview, LLC",CPVFAIRVIEW,2630310.822601079,,0.1773207293869937,,unattributed,
camd_owner_unattributed,"Major Oak Power, LLC",MAJOROAKPOWER,2556155.544332681,,0.1723215985171885,,unattributed,
camd_owner_unattributed,"Moxie Freedom, LLC",MOXIEFREEDOM,2544870.7331575435,,0.17156084015685483,,unattributed,
camd_owner_unattributed,"South Field Energy, LLC",SOUTHFIELDENERGY,2522284.135566414,,0.17003817906113342,,unattributed,
camd_owner_unattributed,Deseret Power Electric Coop (+1 co-owners),DESERETPOWERELECTRICCOOP,2512875.1084638047,,0.1694038754897377,,unattributed,
camd_owner_unattributed,"Montour, LLC",MONTOUR,2445569.123970384,,0.16486648539882784,,unattributed,
camd_owner_unattributed,"Astoria Energy, LLC",ASTORIAENERGY,2432815.0617915145,,0.1640066784175496,,unattributed,
camd_owner_unattributed,"Hickory Run Energy, LLC",HICKORYRUNENERGY,2432352.706016926,,0.1639755089973876,,unattributed,
camd_owner_unattributed,Northwestern Public Service Company (+2 co-owners),NORTHWESTERNPUBLICSERVICE,2410160.4761472302,,0.16247943395051276,,unattributed,
camd_owner_unattributed,Northern Municipal Power Agency (+3 co-owners),NORTHERNMUNICIPALPOWERAGENCY,2391536.433377693,,0.16122390596513073,,unattributed,
camd_owner_unattributed,"Clean Energy Future - Lordstown, LLC",CLEANENERGYFUTURELORDSTOWN,2385357.250661798,,0.16080734029662372,,unattributed,
camd_owner_unattributed,Colorado Springs Utilities,COLORADOSPRINGSUTILITIES,2336690.1105641313,,0.1575264760333031,,unattributed,
camd_owner_unattributed,"Kiowa Power Partners, LLC",KIOWAPOWER,2322177.341946539,,0.1565481069772266,,unattributed,
camd_owner_unattributed,Idaho Power Company (+1 co-owners),IDAHOPOWER,2317157.827871917,,0.15620971963181007,,unattributed,
camd_owner_unattributed,"Hunterstown Generation, LLC",HUNTERSTOWNGENERATION,2299770.9529752713,,0.15503759453087437,,unattributed,
camd_owner_unattributed,"CPV Three Rivers, LLC",CPVTHREERIVERS,2298467.3212464135,,0.15494971102789562,,unattributed,
camd_owner_unattributed,"Tenaska Pennsylvania Partners, LLC",TENASKAPENNSYLVANIA,2286058.1788703552,,0.15411315659551345,,unattributed,
camd_owner_unattributed,"Minnesota Power, Inc.",MINNESOTAPOWER,2285076.898002346,,0.15404700417057807,,unattributed,
camd_owner_unattributed,"Hamilton Patriot, LLC",HAMILTONPATRIOT,2235956.3642081376,,0.15073557465988083,,unattributed,
camd_owner_unattributed,Arkansas Electric Cooperative Corporation,ARKANSASELECTRICCOOPERATIVE,2180506.8987130015,,0.1469974842481958,,unattributed,generation and transmission cooperative
camd_owner_unattributed,"City of Springfield, MO",CITYOFSPRINGFIELDMO,2157485.8775654277,,0.14544553676501415,,unattributed,
camd_owner_unattributed,"MARCUS HOOK ENERGY, L.P.",MARCUSHOOKENERGYLP,2115380.1933181365,,0.14260700887016828,,unattributed,
camd_owner_unattributed,Carroll County Energy LLC,CARROLLCOUNTYENERGY,2102732.52485839,,0.14175437435372382,,unattributed,
camd_owner_unattributed,Old Dominion Electric Cooperative,OLDDOMINIONELECTRICCOOPERATIVE,2100483.2882086085,,0.14160274349706756,,unattributed,generation and transmission cooperative
camd_owner_unattributed,"Indeck Niles, LLC",INDECKNILES,2090466.8836860596,,0.14092749396362378,,unattributed,
camd_owner_unattributed,Oregon Clean Energy LLC,OREGONCLEANENERGY,2034187.6417104183,,0.13713346469882406,,unattributed,
camd_owner_unattributed,"Odyssey Energy Altura Cogen, LLC",ODYSSEYENERGYALTURACOGEN,2032611.9897300864,,0.13702724312378747,,unattributed,
camd_owner_unattributed,"Caledonia Power, LLC",CALEDONIAPOWER,2032095.2409728572,,0.13699240683533276,,unattributed,
camd_owner_unattributed,Florida Municipal Power Agency (+1 co-owners),FLORIDAMUNICIPALPOWERAGENCY,2027500.207836753,,0.13668263560211946,,unattributed,
camd_owner_unattributed,"Helix Ironwood, LLC",HELIXIRONWOOD,1973278.3710401426,,0.13302730499751445,,unattributed,
camd_owner_unattributed,"Oneta Power, LLC",ONETAPOWER,1971608.238490694,,0.1329147140750666,,unattributed,
camd_owner_unattributed,GB II New York LLC,GBIINEWYORK,1959541.0775460736,,0.1321012141031453,,unattributed,
camd_owner_unattributed,"Waterford Power, LLC",WATERFORDPOWER,1955356.6126364903,,0.13181912106551413,,unattributed,
camd_owner_unattributed,Sunflower Electric Power Corporation,SUNFLOWERELECTRICPOWER,1934160.912503098,,0.13039022643632184,,unattributed,
camd_owner_unattributed,"Tenaska Virginia Partners, LP",TENASKAVIRGINIA,1934092.8464320558,,0.13038563780548018,,unattributed,
camd_owner_unattributed,Sacramento Mun Utility District Financing Author (+1 co-owners),SACRAMENTOMUNUTILITYDISTRICTFINANCINGAUTHOR,1922614.7123744548,,0.1296118467061139,,unattributed,
camd_owner_unattributed,"Hamilton Liberty, LLC",HAMILTONLIBERTY,1918528.0392582892,,0.12933634623997198,,unattributed,
camd_owner_unattributed,"St. Joseph Energy Center, LLC",STJOSEPHENERGYCENTER,1913052.3293202878,,0.12896720474088563,,unattributed,
camd_owner_unattributed,"Puget Sound Energy, Inc.",PUGETSOUNDENERGY,1878088.0877144572,,0.126610112654758,,unattributed,
camd_owner_unattributed,"Cottonwood Energy Company, LP",COTTONWOODENERGY,1846097.1658664104,,0.1244534650269889,,unattributed,
camd_owner_unattributed,"Western Farmers Electric Cooperative, Inc.",WESTERNFARMERSELECTRICCOOPERATIVE,1841779.655964413,,0.1241624028459039,,unattributed,
camd_owner_unattributed,Arkansas Electric Cooperative Corporation (+4 co-owners),ARKANSASELECTRICCOOPERATIVE,1835420.0992125901,,0.12373367737660895,,unattributed,generation and transmission cooperative
camd_owner_unattributed,"Tenaska Gateway Partners, Ltd.",TENASKAGATEWAY,1828556.269924968,,0.12327095669538338,,unattributed,
camd_owner_unattributed,Los Angeles Department of Water and Power,LOSANGELESDEPARTMENTOFWATERPOWER,1823297.1839094767,,0.12291641876010861,,unattributed,
camd_owner_unattributed,"PSEG Fossil, LLC (+1 co-owners)",PSEGFOSSIL,1814451.244560616,,0.12232007539111395,,unattributed,
camd_owner_unattributed,Air Liquide Large Industries US LP,AIRLIQUIDELARGE,1810415.173302063,,0.12204798621698479,,unattributed,
camd_owner_unattributed,Oklahoma Municipal Power Authority (+2 co-owners),OKLAHOMAMUNICIPALPOWERAUTHORITY,1806311.0831460743,,0.12177131159219264,,unattributed,
camd_owner_unattributed,"CPV Maryland, LLC",CPVMARYLAND,1798906.4145020093,,0.12127213057010483,,unattributed,
camd_owner_unattributed,"Louisiana Generating, LLC (+1 co-owners)",LOUISIANAGENERATING,1795552.6309534218,,0.12104603738753049,,unattributed,"sold out of NRG in 2019, now Cleco-owned and private"
camd_owner_unattributed,Cricket Valley Energy Center LLC,CRICKETVALLEYENERGYCENTER,1761767.6202301176,,0.11876844240053214,,unattributed,
camd_owner_unattributed,Idaho Power Company,IDAHOPOWER,1745392.476637639,,0.11766452252129762,,unattributed,
camd_owner_unattributed,"Alcoa Allowance Management, Inc.",ALCOAALLOWANCEMANAGEMENT,1730090.6378260106,,0.11663295880049104,,unattributed,
camd_owner_unattributed,"Potomac Energy Center, LLC",POTOMACENERGYCENTER,1727981.0032999436,,0.11649073913212034,,unattributed,
camd_owner_unattributed,Kansas City Board of Public Utilities,KANSASCITYBOARDOFPUBLICUTILITIES,1721370.3426564552,,0.11604508565384661,,unattributed,
camd_owner_unattributed,CPV Valley LLC,CPVVALLEY,1713292.9303031943,,0.1155005520429392,,unattributed,
camd_owner_unattributed,"Temple Generation I, LLC",TEMPLEGENERATIONI,1708253.4909497674,,0.11516082144753852,,unattributed,
camd_owner_unattributed,Dairyland Power Cooperative,DAIRYLANDPOWERCOOPERATIVE,1702512.7288462804,,0.11477381162547462,,unattributed,
camd_owner_unattributed,"CPV Towantic, LLC",CPVTOWANTIC,1702450.8134877752,,0.1147696376410025,,unattributed,
camd_owner_unattributed,Parkway Generation / Consolidated Asset Management Services / Keys Energy Center LLC,PARKWAYGENERATIONCONSOLIDATEDASSETMANAGEMENTKEYSENERGYCENTER,1700024.0153832028,,0.11460603659192488,,unattributed,
camd_owner_unattributed,New York Power Authority,NEWYORKPOWERAUTHORITY,1699349.051792948,,0.11456053435123711,,unattributed,
camd_owner_unattributed,Tri-State Generation & Transmission,TRISTATEGENERATIONTRANSMISSION,1694579.259495715,,0.11423898184044547,,unattributed,
camd_owner_unattributed,Invenergy LLC,INVENERGY,1684321.9992390652,,0.1135474951710401,,unattributed,private
camd_owner_unattributed,Salt River Project,SALTRIVERPROJECT,1681913.456413016,,0.11338512478994098,,unattributed,public power district (Arizona)
camd_owner_unattributed,LMBE Project Company LLC,LMBEPROJECT,1681898.3118709666,,0.11338410383028123,,unattributed,
camd_owner_unattributed,Platte River Power Authority (+4 co-owners),PLATTERIVERPOWERAUTHORITY,1674982.4510105646,,0.11291787547370521,,unattributed,
camd_owner_unattributed,Grand River Dam Authority (+2 co-owners),GRANDRIVERDAMAUTHORITY,1661833.0709714135,,0.1120314183905749,,unattributed,
camd_owner_unattributed,"CXA Temple 2, LLC",CXATEMPLE2,1627376.5607064967,,0.10970855468952245,,unattributed,
camd_owner_unattributed,City of Carthage (+3 co-owners),CITYOFCARTHAGE,1626535.8136409305,,0.10965187626140085,,unattributed,
camd_owner_unattributed,Lafayette Public Power Authority (+2 co-owners),LAFAYETTEPUBLICPOWERAUTHORITY,1622075.6870403271,,0.10935119966638339,,unattributed,
camd_owner_unattributed,Florida Municipal Power Agency (+2 co-owners),FLORIDAMUNICIPALPOWERAGENCY,1610455.289178984,,0.10856781794326718,,unattributed,
camd_owner_unattributed,Kindle Energy LLC,KINDLEENERGY,1566235.2303653595,,0.10558675083325406,,unattributed,
camd_owner_unattributed,"San Miguel Electric Cooperative, Inc.",SANMIGUELELECTRICCOOPERATIVE,1563114.9167425993,,0.10537639687707907,,unattributed,
camd_owner_unattributed,Springdale Energy,SPRINGDALEENERGY,1562489.8864148036,,0.10533426085548749,,unattributed,
camd_owner_unattributed,City Public Service,CITYPUBLICSERVICE,1559204.0569362305,,0.10511274875327681,,unattributed,
camd_owner_unattributed,Florida Municipal Power Agency,FLORIDAMUNICIPALPOWERAGENCY,1556722.1718526909,,0.10494543405058598,,unattributed,
camd_owner_unattributed,"Hill Top Energy Center, LLC",HILLTOPENERGYCENTER,1540840.0432502741,,0.10387475046300387,,unattributed,
camd_owner_unattributed,American Municipal Power - Ohio,MUNICIPALPOWEROHIO,1524466.4418718535,,0.10277093455114814,,unattributed,
camd_owner_unattributed,Arkansas Electric Cooperative Corporation (+1 co-owners),ARKANSASELECTRICCOOPERATIVE,1517475.9924192955,,0.10229967785212246,,unattributed,generation and transmission cooperative
camd_owner_unattributed,"Griffith Energy, LLC",GRIFFITHENERGY,1492501.0246155872,,0.10061600629919516,,unattributed,
camd_owner_unattributed,"Quail Run Energy Partners, LP",QUAILRUNENERGY,1477228.5305087434,,0.09958642083297786,,unattributed,
camd_owner_unattributed,Gainesville Regional Utilities,GAINESVILLEREGIONALUTILITIES,1473414.796622193,,0.09932932039122008,,unattributed,
camd_owner_unattributed,"Minnkota Power Cooperative, Inc.",MINNKOTAPOWERCOOPERATIVE,1450865.3491533508,,0.09780916374733922,,unattributed,generation and transmission cooperative
camd_owner_unattributed,Platte River Power Authority (+4 co-owners),PLATTERIVERPOWERAUTHORITY,1442950.0620205505,,0.09727555970494406,,unattributed,
camd_owner_unattributed,"Eastman Cogeneration, LP",EASTMANCOGENERATION,1438416.9274924202,,0.0969699613269765,,unattributed,
camd_owner_unattributed,Arizona Electric Power Cooperative,ARIZONAELECTRICPOWERCOOPERATIVE,1434988.3470518999,,0.09673882575955568,,unattributed,
camd_owner_unattributed,"Grays Harbor Energy, LLC",GRAYSHARBORENERGY,1430072.8073615232,,0.0964074477810526,,unattributed,
camd_owner_unattributed,"Green Country Energy, LLC",GREENCOUNTRYENERGY,1426410.121548552,,0.09616053014900286,,unattributed,
camd_owner_unattributed,"R S Cogen, LLC",RSCOGEN,1416218.2284883433,,0.09547345016752627,,unattributed,
camd_owner_unattributed,MC Project Company LLC,MCPROJECT,1385266.0894130506,,0.09338683141898949,,unattributed,
camd_owner_unattributed,Vectren Corporation (+1 co-owners),VECTREN,1381633.0830560336,,0.09314191460856601,,unattributed,
camd_owner_unattributed,"CPV Shore, LLC",CPVSHORE,1380866.712438561,,0.0930902502213372,,unattributed,
camd_owner_unattributed,Platte River Power Authority,PLATTERIVERPOWERAUTHORITY,1380855.554066259,,0.09308949798677299,,unattributed,
camd_owner_unattributed,"Lea Power Partners, LLC",LEAPOWER,1349547.2542620422,,0.09097886888946333,,unattributed,
camd_owner_unattributed,"Tenaska Frontier Partners, Ltd.",TENASKAFRONTIER,1348256.5490085445,,0.09089185681659069,,unattributed,
camd_owner_unattributed,"Decatur Energy Center, LLC",DECATURENERGYCENTER,1347591.2469357708,,0.09084700590095242,,unattributed,
camd_owner_unattributed,"Whiting Clean Energy, Inc.",WHITINGCLEANENERGY,1345595.3225737545,,0.09071245193089193,,unattributed,
camd_owner_unattributed,"Carville Energy, LLC",CARVILLEENERGY,1341679.7844156814,,0.09044848841898823,,unattributed,
camd_owner_unattributed,"Helix Ravenswood, LLC",HELIXRAVENSWOOD,1334016.3821478449,,0.08993186503438955,,unattributed,
camd_owner_unattributed,"Walleye Power, LLC",WALLEYEPOWER,1331896.2886889107,,0.0897889402837188,,unattributed,
camd_owner_unattributed,"Red Oak Power, LLC",REDOAKPOWER,1320018.7910435125,,0.08898822634235594,,unattributed,
camd_owner_unattributed,Long Ridge Energy Generation LLC,LONGRIDGEENERGYGENERATION,1313998.5661449449,,0.08858237671389564,,unattributed,
camd_owner_unattributed,"High Desert Power Project, LLC",HIGHDESERTPOWERPROJECT,1297545.9281104212,,0.08747323259619134,,unattributed,
camd_owner_unattributed,GB II Connecticut LLC,GBIICONNECTICUT,1294528.1535788234,,0.08726979124756046,,unattributed,
camd_owner_unattributed,"Rhode Island State Energy Center, LP",RHODEISLANDSTATEENERGYCENTER,1294503.8727792571,,0.08726815437291727,,unattributed,
camd_owner_unattributed,"Arlington Valley, LLC",ARLINGTONVALLEY,1290731.506516851,,0.08701384270320241,,unattributed,
camd_owner_unattributed,Public Service Company of New Mexico,PUBLICSERVICEOFNEWMEXICO,1277562.917157256,,0.08612609063596495,,unattributed,
camd_owner_unattributed,Rayburn Energy Station LLC,RAYBURNENERGYSTATION,1253813.612636334,,0.08452504639286698,,unattributed,
camd_owner_unattributed,"Klamath Energy, LLC",KLAMATHENERGY,1235745.5652502484,,0.08330700048225813,,unattributed,
camd_owner_unattributed,"New Athens Generating Company, LLC",NEWATHENSGENERATING,1231763.4088879782,,0.08303854594653427,,unattributed,
camd_owner_unattributed,Wisconsin Public Service Corporation (+2 co-owners),WISCONSINPUBLICSERVICE,1231052.1997202677,,0.08299060023331988,,unattributed,
camd_owner_unattributed,"Rolling Hills Generating, LLC",ROLLINGHILLSGENERATING,1216396.72178958,,0.08200261051976403,,unattributed,
camd_owner_unattributed,"Wolf Hollow I Power, LLC",WOLFHOLLOWIPOWER,1202954.2905515535,,0.08109639757664719,,unattributed,
camd_owner_unattributed,"Kleen Energy Systems, LLC",KLEENENERGYSYSTEMS,1197684.919782665,,0.08074116630127046,,unattributed,
camd_owner_unattributed,City of Tallahassee,CITYOFTALLAHASSEE,1194178.7723253202,,0.08050480160279731,,unattributed,
camd_owner_unattributed,Georgia Power Company,GEORGIAPOWER,1186495.7318757055,,0.07998685432267769,,unattributed,
camd_owner_unattributed,"Empire Generating Co, LLC",EMPIREGENERATING,1183166.992005457,,0.07976244944373324,,unattributed,
camd_owner_unattributed,"Arthur Kill Power, LLC",ARTHURKILLPOWER,1171152.135704206,,0.07895247555604232,,unattributed,
camd_owner_unattributed,"NTE Carolinas, LLC (+1 co-owners)",NTECAROLINAS,1168404.2776626698,,0.0787672304557331,,unattributed,
camd_owner_unattributed,"Birdsboro Power, LLC",BIRDSBOROPOWER,1162452.928951117,,0.07836602407156695,,unattributed,
camd_owner_unattributed,Tucson Electric Power Company,TUCSONELECTRICPOWER,1143228.2319077482,,0.07707000336075108,,unattributed,
camd_owner_unattributed,Atlantic Municipal Utilities (+4 co-owners),ATLANTICMUNICIPALUTILITIES,1138523.1001191153,,0.07675280989697736,,unattributed,
camd_owner_unattributed,"Ohio Power Partners, LLC.",OHIOPOWER,1125431.044483854,,0.07587021730203684,,unattributed,
camd_owner_unattributed,Tucson Electric Power Company (+1 co-owners),TUCSONELECTRICPOWER,1119926.1531343209,,0.07549910855667187,,unattributed,
camd_owner_unattributed,"Elk Hills Power, LLC",ELKHILLSPOWER,1112352.9939756803,,0.07498856885382187,,unattributed,
camd_owner_unattributed,"Capital Power US Holdings, Inc.",CAPITALPOWER,1106122.2196636212,,0.07456852517070783,,unattributed,
camd_owner_unattributed,"Schuylkill Energy Resources, Inc.",SCHUYLKILLENERGYRESOURCES,1099829.8003341095,,0.07414432572799161,,unattributed,
camd_owner_unattributed,"GenOn Chalk Point, LLC (+1 co-owners)",GENONCHALKPOINT,1085545.605983608,,0.07318136586059777,,unattributed,
camd_owner_unattributed,"Bowline Generating Station, LLC",BOWLINEGENERATINGSTATION,1084786.00568585,,0.07313015789016186,,unattributed,
camd_owner_unattributed,"City of Springfield, IL",CITYOFSPRINGFIELDIL,1049311.0771312232,,0.07073863816853543,,unattributed,
camd_owner_unattributed,Tri-State Generation & Transmission,TRISTATEGENERATIONTRANSMISSION,1038795.4670319494,,0.07002973500898087,,unattributed,
camd_owner_unattributed,"Mankato Energy Center, LLC",MANKATOENERGYCENTER,1036225.1531666913,,0.0698564589362731,,unattributed,
camd_owner_unattributed,Wisconsin Electric Power Company (+2 co-owners),WISCONSINELECTRICPOWER,1028651.1174498678,,0.06934586014081127,,unattributed,
camd_owner_unattributed,Brooklyn Navy Yard Cogeneration,BROOKLYNNAVYYARDCOGENERATION,1016552.35040663,,0.06853022946387526,,unattributed,
camd_owner_unattributed,Northeast Texas Electric Cooperative (+1 co-owners),NORTHEASTTEXASELECTRICCOOPERATIVE,1003854.9899955655,,0.06767424499617156,,unattributed,
camd_owner_unattributed,Southern Illinois Power Cooperative,SOUTHERNILLINOISPOWERCOOPERATIVE,1001256.1116464013,,0.06749904326696825,,unattributed,
camd_owner_unattributed,GenTex Power Corporation,GENTEXPOWER,997286.3719216676,,0.06723142579095824,,unattributed,
camd_owner_unattributed,"Colorado Bend I Power, LLC",COLORADOBENDIPOWER,997015.412169155,,0.06721315921176266,,unattributed,
camd_owner_unattributed,"Newark Energy Center, LLC",NEWARKENERGYCENTER,988826.9368169146,,0.06666113835949286,,unattributed,
camd_owner_unattributed,"Borger Energy Associates, LP",BORGERENERGYASSOCIATES,972376.9314325067,,0.06555217172021992,,unattributed,
camd_owner_unattributed,"Astoria Generating Company, LP",ASTORIAGENERATING,970804.0980751622,,0.0654461401608574,,unattributed,
camd_owner_unattributed,Generation Holdings LP,GENERATION,966959.9363052476,,0.06518698844271605,,unattributed,"private; Seward and Colver, Pennsylvania waste-coal plants"
camd_owner_unattributed,Gilberton Power Company,GILBERTONPOWER,957054.8932454572,,0.06451924627138028,,unattributed,
camd_owner_unattributed,Grand River Dam Authority,GRANDRIVERDAMAUTHORITY,937422.7550413664,,0.06319575817413209,,unattributed,
camd_owner_unattributed,"Manchester Street, LLC",MANCHESTERSTREET,924145.3071417105,,0.06230066747772663,,unattributed,
camd_owner_unattributed,Public Power Generation Agency,PUBLICPOWERGENERATIONAGENCY,918992.4279652856,,0.06195328940888564,,unattributed,
camd_owner_unattributed,"Bridgeport Energy, LLC",BRIDGEPORTENERGY,906047.6047936591,,0.06108062239673815,,unattributed,
camd_owner_unattributed,"Bastrop Energy Partners, LP",BASTROPENERGY,904293.7635866966,,0.06096238830844131,,unattributed,
camd_owner_unattributed,Muscatine Power and Water,MUSCATINEPOWERWATER,884685.0978805686,,0.05964048259469835,,unattributed,
camd_owner_unattributed,City of Austin,CITYOFAUSTIN,878464.4922022601,,0.05922112442355423,,unattributed,
camd_owner_unattributed,Northern States Power (+1 co-owners),NORTHERNSTATESPOWER,871617.8942866758,,0.05875956538430339,,unattributed,
camd_owner_unattributed,Caithness Energy,CAITHNESSENERGY,866209.9014472472,,0.05839498899030185,,unattributed,
camd_owner_unattributed,"Duke Energy Indiana, LLC",DUKEENERGYINDIANA,865919.7573237766,,0.05837542910895282,,unattributed,
camd_owner_unattributed,Old Dominion Electric Cooperative (+1 co-owners),OLDDOMINIONELECTRICCOOPERATIVE,865685.4411661357,,0.05835963283437452,,unattributed,generation and transmission cooperative
camd_owner_unattributed,Municipal Electric Authority of Georgia,MUNICIPALELECTRICAUTHORITYOFGEORGIA,860168.2561025985,,0.05798769531610738,,unattributed,
camd_owner_unattributed,"Vermillion Power, LLC",VERMILLIONPOWER,844683.8454548602,,0.05694382363121294,,unattributed,
camd_owner_unattributed,Lansing Board of Water and Light,LANSINGBOARDOFWATERLIGHT,834969.5216573296,,0.05628893867751149,,unattributed,
camd_owner_unattributed,Shell Chemical Appalachia LLC,SHELLCHEMICALAPPALACHIA,833174.6357839906,,0.056167937589164,,unattributed,
camd_owner_unattributed,Avista Corporation,AVISTA,812984.0954353334,,0.05480680516687445,,unattributed,"US-listed (AVA), not an S&P 500 constituent"
camd_owner_unattributed,Newmont Nevada Energy Investment LLC,NEWMONTNEVADAENERGYINVESTMENT,798777.1967944519,,0.05384905614053048,,unattributed,
camd_owner_unattributed,Parkway Generation Sewaren Energy Center LLC,PARKWAYGENERATIONSEWARENENERGYCENTER,797932.6033245552,,0.053792118409509974,,unattributed,
camd_owner_unattributed,City of Lakeland - Lakeland Electric,CITYOFLAKELANDLAKELANDELECTRIC,797854.6208171201,,0.0537868612684227,,unattributed,
camd_owner_unattributed,Kendall Green Energy LLC,KENDALLGREENENERGY,797658.247072376,,0.05377362285745192,,unattributed,
camd_owner_unattributed,"Black Hills Power, Inc",BLACKHILLSPOWER,794139.2928880565,,0.05353639480163382,,unattributed,
camd_owner_unattributed,"Dogwood Energy, LLC (+1 co-owners)",DOGWOODENERGY,782648.3947411638,,0.052761743219314844,,unattributed,
camd_owner_unattributed,Southwestern Electric Power Company (+3 co-owners),SOUTHWESTERNELECTRICPOWER,780215.8089059959,,0.052597751994064176,,unattributed,
camd_owner_unattributed,Wisconsin Public Service Corporation (+1 co-owners),WISCONSINPUBLICSERVICE,778777.6196908542,,0.052500797383820345,,unattributed,
camd_owner_unattributed,Black Hills Corporation,BLACKHILLS,776599.0111106829,,0.05235392787350796,,unattributed,"US-listed (BKH), not an S&P 500 constituent"
camd_owner_unattributed,"Essential Power Newington, LLC",ESSENTIALPOWERNEWINGTON,774357.3022798736,,0.052202804499974775,,unattributed,
camd_owner_unattributed,"Frontera Generation, LP",FRONTERAGENERATION,769313.2253980559,,0.051862761268550314,,unattributed,
camd_owner_unattributed,Nueces Bay LLC (+1 co-owners),NUECESBAY,768991.8007728264,,0.051841092632091496,,unattributed,
camd_owner_unattributed,"Cheyenne Light, Fuel and Power",CHEYENNELIGHTFUELPOWER,760819.487823914,,0.05129016135795147,,unattributed,
camd_owner_unattributed,Idaho Power Company (+1 co-owners),IDAHOPOWER,752687.9768694602,,0.05074198072428924,,unattributed,
camd_owner_unattributed,"Troy Energy, LLC",TROYENERGY,738076.3972363952,,0.04975695038651756,,unattributed,
camd_owner_unattributed,Lower Colorado River Authority (+2 co-owners),LOWERCOLORADORIVERAUTHORITY,730483.3734535029,,0.04924507152267143,,unattributed,state river authority (Texas)
camd_owner_unattributed,Walnut Energy Center Authority,WALNUTENERGYCENTERAUTHORITY,727805.4901997019,,0.049064543728124445,,unattributed,
camd_owner_unattributed,Orlando Utilities Commission,ORLANDOUTILITIESCOMMISSION,724494.9535447347,,0.04884136600734822,,unattributed,"municipal (Orlando, Florida)"
camd_owner_unattributed,"Armstrong Power, LLC",ARMSTRONGPOWER,723500.3624622205,,0.04877431628277658,,unattributed,
camd_owner_unattributed,"Associated Electric Cooperative, Inc. (+1 co-owners)",ASSOCIATEDELECTRICCOOPERATIVE,709070.6339069892,,0.0478015453196325,,unattributed,generation and transmission cooperative
camd_owner_unattributed,Northampton Generating Company,NORTHAMPTONGENERATING,708407.500005744,,0.04775684056989735,,unattributed,
camd_owner_unattributed,Ocean State Power,OCEANSTATEPOWER,704058.8255863732,,0.04746367745271606,,unattributed,
camd_owner_unattributed,Florida Municipal Power Agency,FLORIDAMUNICIPALPOWERAGENCY,701476.5768406781,,0.04728959679764257,,unattributed,
camd_owner_unattributed,"CXA La Paloma, LLC",CXALAPALOMA,698870.7966300121,,0.04711392978384054,,unattributed,
camd_owner_unattributed,Great River Energy,GREATRIVERENERGY,690851.5130461515,,0.046573314886911694,,unattributed,generation and transmission cooperative
camd_owner_unattributed,"Sunrise Power Company, LLC",SUNRISEPOWER,690162.8618525395,,0.04652688990515849,,unattributed,
camd_owner_unattributed,Scrubgrass Generating Company,SCRUBGRASSGENERATING,684114.1794758625,,0.04611912183393033,,unattributed,
camd_owner_unattributed,Kansas Electric Power Cooperative (+3 co-owners),KANSASELECTRICPOWERCOOPERATIVE,679045.1563091544,,0.04577739686459328,,unattributed,
camd_owner_unattributed,Salem Harbor Power Development LP,SALEMHARBORPOWERDEVELOPMENT,676033.3025840794,,0.04557435466336435,,unattributed,
camd_owner_unattributed,ETEM Remediation Two LLC,ETEMREMEDIATIONTWO,673499.1518661145,,0.045403516506206255,,unattributed,
camd_owner_unattributed,"Vicinity Energy Philadelphia, Inc.",VICINITYENERGYPHILADELPHIA,672649.1587736784,,0.04534621476307021,,unattributed,
camd_owner_unattributed,Municipal Energy Agency of Nebraska (+1 co-owners),MUNICIPALENERGYAGENCYOFNEBRASKA,666158.9758924008,,0.04490868321642772,,unattributed,
camd_owner_unattributed,"Tait Electric Generating Station, LLC",TAITELECTRICGENERATINGSTATION,665786.8632270086,,0.0448835974780144,,unattributed,
camd_owner_unattributed,Barney Davis LLC (+1 co-owners),BARNEYDAVIS,661268.2331897073,,0.04457897691106106,,unattributed,
camd_owner_unattributed,"Shawville Power, LLC",SHAWVILLEPOWER,658448.1160692605,,0.044388860510954455,,unattributed,
camd_owner_unattributed,"Hoosier Energy REC, Inc. (+1 co-owners)",HOOSIERENERGYREC,654071.4450216285,,0.044093810018904396,,unattributed,
camd_owner_unattributed,Empire District Electric Company,EMPIREDISTRICTELECTRIC,653957.3585573478,,0.04408611895255375,,unattributed,
camd_owner_unattributed,"Rathdrum Power, LLC",RATHDRUMPOWER,652585.1616244038,,0.043993613169996997,,unattributed,
camd_owner_unattributed,"Wolverine Power Supply Cooperative, Inc.",WOLVERINEPOWERSUPPLYCOOPERATIVE,635761.4696090796,,0.04285945468442707,,unattributed,
camd_owner_unattributed,"Tenaska Alabama Partners, LP (+1 co-owners)",TENASKAALABAMA,634238.6711188852,,0.042756796193776266,,unattributed,
camd_owner_unattributed,"Puget Sound Energy, Inc. (+1 co-owners)",PUGETSOUNDENERGY,623235.7893741364,,0.04201504392648781,,unattributed,
camd_owner_unattributed,"Puget Sound Energy, Inc.",PUGETSOUNDENERGY,622476.2063128887,,0.04196383711804027,,unattributed,
camd_owner_unattributed,"Entergy Louisiana, LLC",ENTERGYLOUISIANA,615601.8810429743,,0.04150040885685126,,unattributed,
camd_owner_unattributed,"Freestone Power Generation, LP",FREESTONEPOWERGENERATION,611629.3830230384,,0.041232605432126396,,unattributed,
camd_owner_unattributed,Pacificorp Energy Generation (+1 co-owners),PACIFICORPENERGYGENERATION,602939.8482200548,,0.04064680597600926,,unattributed,
camd_owner_unattributed,Algona Municipal Utilities (+13 co-owners),ALGONAMUNICIPALUTILITIES,590088.9299595673,,0.03978046950365697,,unattributed,
camd_owner_unattributed,"Berlin Station, LLC",BERLINSTATION,582781.0489046731,,0.03928781335526847,,unattributed,
camd_owner_unattributed,"Ector County Generation, LLC",ECTORCOUNTYGENERATION,581109.8867005447,,0.039175153019305985,,unattributed,
camd_owner_unattributed,Central Iowa Power Cooperative (+12 co-owners),CENTRALIOWAPOWERCOOPERATIVE,572735.6671869494,,0.03861061034266174,,unattributed,
camd_owner_unattributed,Clark Public Utilities,CLARKPUBLICUTILITIES,561940.9044079831,,0.037882888282942194,,unattributed,
camd_owner_unattributed,Tiverton Power LLC,TIVERTONPOWER,561881.4447985693,,0.03787887985123149,,unattributed,
camd_owner_unattributed,Empire District Electric Company (+1 co-owners),EMPIREDISTRICTELECTRIC,556866.7675969315,,0.037540818580527595,,unattributed,
camd_owner_unattributed,"Broad River Energy, LLC",BROADRIVERENERGY,552233.5523251793,,0.03722847332295016,,unattributed,
camd_owner_unattributed,Southern California Public Power Authority,SOUTHERNCALIFORNIAPUBLICPOWERAUTHORITY,545618.1017462637,,0.03678249693422933,,unattributed,
camd_owner_unattributed,"Mobile Energy, LLC",MOBILEENERGY,527830.1657923479,,0.03558333455747328,,unattributed,
camd_owner_unattributed,Michigan Power Limited Partnership,MICHIGANPOWERLIMITEDPARTNERSHIP,523296.9781615237,,0.035277732599621414,,unattributed,
camd_owner_unattributed,Oklahoma Gas & Electric Company (+1 co-owners),OKLAHOMAGASELECTRIC,518644.7089258034,,0.03496410283119472,,unattributed,"US-listed parent (OGE Energy), not an S&P 500 constituent"
camd_owner_unattributed,"Victoria WLE, LP",VICTORIAWLE,516519.69217528525,,0.034820846179956504,,unattributed,
camd_owner_unattributed,Imperial Irrigation District,IMPERIALIRRIGATIONDISTRICT,515809.0526379453,,0.03477293886801086,,unattributed,
camd_owner_unattributed,Albany Green Energy LLC,ALBANYGREENENERGY,506091.8231276924,,0.0341178580275363,,unattributed,
camd_owner_unattributed,Southern California Public Power Authority,SOUTHERNCALIFORNIAPUBLICPOWERAUTHORITY,503567.8138279358,,0.03394770354762969,,unattributed,
camd_owner_unattributed,Black Hills Corporation (+1 co-owners),BLACKHILLS,501942.47261784,,0.033838132204805686,,unattributed,"US-listed (BKH), not an S&P 500 constituent"
camd_owner_unattributed,Invenergy Nelson Expansion LLC,INVENERGYNELSONEXPANSION,500475.5548932601,,0.033739240880389515,,unattributed,
camd_owner_unattributed,American Bituminous Power Partners,BITUMINOUSPOWER,496771.893359953,,0.03348956089624257,,unattributed,
camd_owner_unattributed,"Santa Rosa Energy, LLC",SANTAROSAENERGY,480061.843469824,,0.03236306352218674,,unattributed,
camd_owner_unattributed,"Riverside Generating Company, LLC",RIVERSIDEGENERATING,474821.5370856357,,0.032009791603799284,,unattributed,
camd_owner_unattributed,"Bayonne Energy Center, LLC",BAYONNEENERGYCENTER,472204.65111938276,,0.031833375902555396,,unattributed,
camd_owner_unattributed,Grand Island Utilities Department,GRANDISLANDUTILITIESDEPARTMENT,471196.34249641496,,0.03176540141872802,,unattributed,
camd_owner_unattributed,Ebensburg Power Company,EBENSBURGPOWER,451278.17257254117,,0.03042263067520703,,unattributed,
camd_owner_unattributed,Avista Corporation,AVISTA,447536.94451915065,,0.03017041816802726,,unattributed,"US-listed (AVA), not an S&P 500 constituent"
camd_owner_unattributed,City of Hastings,CITYOFHASTINGS,444696.99815465696,,0.02997896499205851,,unattributed,
camd_owner_unattributed,Castleton Commodities International,CASTLETONCOMMODITIES,435957.64394089906,,0.02938980699208404,,unattributed,
camd_owner_unattributed,"New Castle Power, LLC",NEWCASTLEPOWER,433244.6272364872,,0.0292069106983336,,unattributed,
camd_owner_unattributed,Spindle Hill Energy LLC,SPINDLEHILLENERGY,429406.6316012504,,0.028948174666235577,,unattributed,
camd_owner_unattributed,"Louisiana Generating, LLC",LOUISIANAGENERATING,425822.93759316904,,0.02870658221641842,,unattributed,"sold out of NRG in 2019, now Cleco-owned and private"
camd_owner_unattributed,"Alabama Electric Cooperative, Inc. (+1 co-owners)",ALABAMAELECTRICCOOPERATIVE,416603.83391593426,,0.028085082211820097,,unattributed,
camd_owner_unattributed,Public Service Company of Colorado (+2 co-owners),PUBLICSERVICEOFCOLORADO,415690.55611117755,,0.02802351417009632,,unattributed,
camd_owner_unattributed,MRP San Joaquin Energy,MRPSANJOAQUINENERGY,414723.1108575263,,0.02795829446429372,,unattributed,
camd_owner_unattributed,"NRG Energy, Inc (+1 co-owners)",NRGENERGY,412272.30501599447,,0.027793074948914705,,unattributed,
camd_owner_unattributed,Public Service Company of Colorado (+2 co-owners),PUBLICSERVICEOFCOLORADO,408931.98682030046,,0.02756788952453228,,unattributed,
camd_owner_unattributed,GSP Merrimack LLC,GSPMERRIMACK,407222.96918423893,,0.027452677188728562,,unattributed,
camd_owner_unattributed,Holland Board of Public Works,HOLLANDBOARDOFPUBLICWORKS,383042.0570083061,,0.025822536390372602,,unattributed,
camd_owner_unattributed,"Mountain Creek Power, LLC",MOUNTAINCREEKPOWER,381414.64832418796,,0.02571282567010374,,unattributed,
camd_owner_unattributed,"Panoche Energy Center, LLC",PANOCHEENERGYCENTER,375929.5517456818,,0.025343051376624227,,unattributed,
camd_owner_unattributed,Alabama Power Company,ALABAMAPOWER,373786.7793395638,,0.025198597739168778,,unattributed,
camd_owner_unattributed,Central Iowa Power Cooperative (+7 co-owners),CENTRALIOWAPOWERCOOPERATIVE,373104.98165450746,,0.025152634782331228,,unattributed,
camd_owner_unattributed,"Evergy, Inc. (+1 co-owners)",EVERGY,369543.53928782453,,0.024912542412751325,,unattributed,
camd_owner_unattributed,Pacificorp,PACIFICORP,366752.52316169965,,0.024724387837648326,,unattributed,
camd_owner_unattributed,Public Service Company of Colorado,PUBLICSERVICEOFCOLORADO,366678.5735015698,,0.024719402568394413,,unattributed,
camd_owner_unattributed,Utah Municipal Power Agency (+1 co-owners),UTAHMUNICIPALPOWERAGENCY,366332.8692982079,,0.024696097139634606,,unattributed,
camd_owner_unattributed,"Darby Power, LLC",DARBYPOWER,365954.3188953729,,0.024670577405250492,,unattributed,
camd_owner_unattributed,Greenidge Generation LLC,GREENIDGEGENERATION,363973.766778776,,0.024537059745327463,,unattributed,
camd_owner_unattributed,Utah Associated Municipal Power Systems (+2 co-owners),UTAHASSOCIATEDMUNICIPALPOWERSYSTEMS,363709.1426443694,,0.0245192202777926,,unattributed,
camd_owner_unattributed,Smarr EMC,SMARREMC,361903.5031632405,,0.024397494241822786,,unattributed,
camd_owner_unattributed,City of Fremont,CITYOFFREMONT,356981.9325087123,,0.024065709689711348,,unattributed,
camd_owner_unattributed,"Vandolah Power Company, LLC",VANDOLAHPOWER,354679.7634437211,,0.0239105104279858,,unattributed,
camd_owner_unattributed,Eagle Natrium LLC,EAGLENATRIUM,352115.798099276,,0.023737662336766534,,unattributed,
camd_owner_unattributed,Intermountain Power Agency,INTERMOUNTAINPOWERAGENCY,351951.2447664721,,0.023726569078606645,,unattributed,municipal joint action agency (Utah/California)
camd_owner_unattributed,Utah Associated Municipal Power Systems,UTAHASSOCIATEDMUNICIPALPOWERSYSTEMS,347919.904476338,,0.023454798839701252,,unattributed,
camd_owner_unattributed,NorthWestern Energy,NORTHWESTERNENERGY,339349.29478888283,,0.022877016644527855,,unattributed,
camd_owner_unattributed,"Garrison Energy Center, LLC",GARRISONENERGYCENTER,338985.49102852435,,0.02285249104565711,,unattributed,
camd_owner_unattributed,Silicon Valley Power,SILICONVALLEYPOWER,336942.7813350969,,0.022714783072267777,,unattributed,
camd_owner_unattributed,Otter Tail Power Company,OTTERTAILPOWER,333871.56727201975,,0.022507739131647136,,unattributed,
camd_owner_unattributed,"Millennium Power Company, LLC",MILLENNIUMPOWER,333303.3947478035,,0.022469436142682493,,unattributed,
camd_owner_unattributed,"RockGen Energy, LLC",ROCKGENENERGY,331408.0635656822,,0.022341663597796973,,unattributed,
camd_owner_unattributed,P H Glatfelter Company (+1 co-owners),PHGLATFELTER,327006.0113033945,,0.022044902047321117,,unattributed,
camd_owner_unattributed,"KMC Thermo, LLC",KMCTHERMO,317086.53221283655,,0.021376186680162574,,unattributed,
camd_owner_unattributed,Burlington Electric Department (+4 co-owners),BURLINGTONELECTRICDEPARTMENT,316405.1493833615,,0.0213302516905499,,unattributed,
camd_owner_unattributed,"Berkshire Power, LLC (+1 co-owners)",BERKSHIREPOWER,312824.0947748501,,0.021088837174174244,,unattributed,
camd_owner_unattributed,"Rumford Power, Inc",RUMFORDPOWER,311236.6920305813,,0.02098182342886854,,unattributed,
camd_owner_unattributed,Robert Rivkin,ROBERTRIVKIN,306738.84741004277,,0.020678604097552192,,unattributed,
camd_owner_unattributed,Northern States Power,NORTHERNSTATESPOWER,293470.10948025185,,0.01978410057821955,,unattributed,
camd_owner_unattributed,Minnesota Municipal Power Agency,MINNESOTAMUNICIPALPOWERAGENCY,292750.6111947494,,0.019735596059406897,,unattributed,
camd_owner_unattributed,"Cherokee County Cogen Partners, LP",CHEROKEECOUNTYCOGEN,285122.07203647087,,0.01922132294914173,,unattributed,
camd_owner_unattributed,Florida Municipal Power Agency,FLORIDAMUNICIPALPOWERAGENCY,282962.63034662395,,0.019075745562537022,,unattributed,
camd_owner_unattributed,"Aurora Generation, LLC.",AURORAGENERATION,272987.48640041956,,0.018403277584576883,,unattributed,
camd_owner_unattributed,Public Service Company of Colorado (+1 co-owners),PUBLICSERVICEOFCOLORADO,271442.3515374998,,0.01829911330158037,,unattributed,
camd_owner_unattributed,"LSP Cottage Grove, LP",LSPCOTTAGEGROVE,255181.69977237476,,0.017202911815989947,,unattributed,
camd_owner_unattributed,Madison Gas & Electric Company,MADISONGASELECTRIC,244005.54664947078,,0.016449478569065035,,unattributed,
camd_owner_unattributed,Indeck-Corinth Limited Partnership,INDECKCORINTHLIMITEDPARTNERSHIP,241334.25137125148,,0.016269394898697342,,unattributed,
camd_owner_unattributed,Wisconsin Public Service Corporation,WISCONSINPUBLICSERVICE,239506.97827694667,,0.01614621044646939,,unattributed,
camd_owner_unattributed,"Topaz Generating, LLC",TOPAZGENERATING,230196.56560287776,,0.015518554903985926,,unattributed,
camd_owner_unattributed,Northern California Power Agency,NORTHERNCALIFORNIAPOWERAGENCY,224369.09206038713,,0.015125699485470788,,unattributed,
camd_owner_unattributed,Utah Municipal Power Agency,UTAHMUNICIPALPOWERAGENCY,220305.81070274237,,0.014851775959836031,,unattributed,
camd_owner_unattributed,"Calpine Hidalgo Energy Center, LP (+1 co-owners)",CALPINEHIDALGOENERGYCENTER,220078.5868935355,,0.014836457811411729,,unattributed,
camd_owner_unattributed,"Hoosier Energy REC, Inc.",HOOSIERENERGYREC,214916.90382940316,,0.014488486234086375,,unattributed,
camd_owner_unattributed,City of Ames,CITYOFAMES,213828.88269770105,,0.014415137982235633,,unattributed,
camd_owner_unattributed,Bay City Electric Light & Power (+12 co-owners),BAYCITYELECTRICLIGHTPOWER,209278.618203006,,0.014108384798478748,,unattributed,
camd_owner_unattributed,Oglethorpe Power Corporation,OGLETHORPEPOWER,207949.52998148408,,0.014018785162255198,,unattributed,generation and transmission cooperative
camd_owner_unattributed,Nebraska Public Power District,NEBRASKAPUBLICPOWERDISTRICT,206623.12519409793,,0.013929366428035368,,unattributed,public power district
camd_owner_unattributed,"Cheyenne Light, Fuel and Power",CHEYENNELIGHTFUELPOWER,206491.81473890663,,0.013920514217304,,unattributed,
camd_owner_unattributed,AL Sandersville LLC,ALSANDERSVILLE,204231.96039892803,,0.013768167575823394,,unattributed,
camd_owner_unattributed,Remy Jade Generating LLC,REMYJADEGENERATING,203828.43011162017,,0.01374096383843223,,unattributed,
camd_owner_unattributed,Decker Energy (+1 co-owners),DECKERENERGY,201963.34764387706,,0.013615230491367161,,unattributed,
camd_owner_unattributed,"East Texas Electric Cooperative, Inc.",EASTTEXASELECTRICCOOPERATIVE,201951.1664207807,,0.013614409301967906,,unattributed,
camd_owner_unattributed,Wabash Valley Power Alliance,WABASHVALLEYPOWERALLIANCE,201647.9943525201,,0.013593971150015746,,unattributed,
camd_owner_unattributed,Manitowoc Public Utilities,MANITOWOCPUBLICUTILITIES,201103.52112245164,,0.013557265833876736,,unattributed,
camd_owner_unattributed,Wisconsin Power & Light Company (+5 co-owners),WISCONSINPOWERLIGHT,200195.9685843569,,0.013496083757359697,,unattributed,
camd_owner_unattributed,"Lockport Energy Associates, LP",LOCKPORTENERGYASSOCIATES,199820.3436879265,,0.013470761244127176,,unattributed,
camd_owner_unattributed,"City of Roseville, CA",CITYOFROSEVILLECA,199671.78402208886,,0.01346074618884266,,unattributed,
camd_owner_unattributed,"National Power Cooperative, Inc.",NATIONALPOWERCOOPERATIVE,197560.614539442,,0.013318423042351434,,unattributed,
camd_owner_unattributed,"Sam Rayburn G & T, Inc (+2 co-owners)",SAMRAYBURNGT,194362.83082528954,,0.013102846489290441,,unattributed,
camd_owner_unattributed,"Big Sandy Peaker Plant, LLC",BIGSANDYPEAKERPLANT,189356.97015116422,,0.012765379579175314,,unattributed,
camd_owner_unattributed,Indiana Municipal Power Agency,INDIANAMUNICIPALPOWERAGENCY,181080.59041198745,,0.012207432708628927,,unattributed,municipal joint action agency
camd_owner_unattributed,"West Deptford Energy Associates Urban Renewal, LP",WESTDEPTFORDENERGYASSOCIATESURBANRENEWAL,181067.37726624933,,0.0122065419528218,,unattributed,
camd_owner_unattributed,"Digihost International, Inc.",DIGIHOST,180806.00101333,,0.01218892143914948,,unattributed,
camd_owner_unattributed,"Tri-State G & T Association, Inc.",TRISTATEGTASSOCIATION,179542.87689748258,,0.012103768731110635,,unattributed,
camd_owner_unattributed,"Wolf Hills Energy, LLC",WOLFHILLSENERGY,169388.5340280318,,0.011419220171835777,,unattributed,
camd_owner_unattributed,"Essential Power OPP, LLC",ESSENTIALPOWEROPP,169309.7813207524,,0.011413911108216379,,unattributed,
camd_owner_unattributed,City of Farmington Electric Utility System,CITYOFFARMINGTONELECTRICUTILITYSYSTEM,168073.96527994843,,0.011330599356669538,,unattributed,
camd_owner_unattributed,Canal Generating LLC,CANALGENERATING,166171.6823411645,,0.01120235816353479,,unattributed,
camd_owner_unattributed,"Selkirk Cogen Partners, LP",SELKIRKCOGEN,166111.2066848419,,0.011198281235668647,,unattributed,
camd_owner_unattributed,"Paris Generation, LP",PARISGENERATION,165614.01229468326,,0.011164763192419725,,unattributed,
camd_owner_unattributed,Orange Cogeneration Limited Partnership,ORANGECOGENERATIONLIMITEDPARTNERSHIP,165556.63104550878,,0.011160894872041263,,unattributed,
camd_owner_unattributed,Indianapolis Power & Light Company,INDIANAPOLISPOWERLIGHT,164681.28350036673,,0.011101883874619214,,unattributed,
camd_owner_unattributed,"GenOn Mid-Atlantic, LLC (+1 co-owners)",GENONMIDATLANTIC,162501.31902373908,,0.010954922957410542,,unattributed,
camd_owner_unattributed,Mark One Generating LLC,MARKONEGENERATING,158085.5183767167,,0.010657234568331394,,unattributed,
camd_owner_unattributed,Delaware City Refining Company,DELAWARECITYREFINING,156874.739727552,,0.010575610696600608,,unattributed,
camd_owner_unattributed,Wisconsin Power & Light Company,WISCONSINPOWERLIGHT,151616.85398641808,,0.010221153677057431,,unattributed,
camd_owner_unattributed,"SWG Arapahoe, LLC",SWGARAPAHOE,151293.62671616423,,0.010199363516432042,,unattributed,
camd_owner_unattributed,"Fountain Valley Power, LLC",FOUNTAINVALLEYPOWER,149972.1724359043,,0.010110278517498137,,unattributed,
camd_owner_unattributed,City of Vernon,CITYOFVERNON,148543.1187880024,,0.010013939775703157,,unattributed,
camd_owner_unattributed,"HO Clarke Generating, LLC",HOCLARKEGENERATING,148380.85972540602,,0.010003001184308552,,unattributed,
camd_owner_unattributed,"Appleton Property Ventures, LLC",APPLETONPROPERTYVENTURES,147712.44419460453,,0.009957940376879675,,unattributed,
camd_owner_unattributed,Indiana Municipal Power Agency (+2 co-owners),INDIANAMUNICIPALPOWERAGENCY,147548.11509654953,,0.00994686223536262,,unattributed,municipal joint action agency
camd_owner_unattributed,"LSP University Park, LLC",LSPUNIVERSITYPARK,144677.77606877827,,0.009753360157350014,,unattributed,
camd_owner_unattributed,Western Minnesota Municipal Power,WESTERNMINNESOTAMUNICIPALPOWER,140644.09433483024,,0.009481432071500696,,unattributed,
camd_owner_unattributed,North Carolina Electric Membership Corporation,NORTHCAROLINAELECTRICMEMBERSHIP,136301.18053855843,,0.009188657303057846,,unattributed,
camd_owner_unattributed,"Chambersburg Energy, LLC",CHAMBERSBURGENERGY,135556.39547478955,,0.009138448092188447,,unattributed,
camd_owner_unattributed,Modesto Irrigation District,MODESTOIRRIGATIONDISTRICT,135146.27086160664,,0.009110799802517024,,unattributed,
camd_owner_unattributed,Northern Star Generation Services Company LLC,NORTHERNSTARGENERATION,134152.5107603142,,0.00904380609801536,,unattributed,
camd_owner_unattributed,"Elwood Energy, LLC",ELWOODENERGY,131508.28678192128,,0.008865547422089164,,unattributed,
camd_owner_unattributed,Blythe Energy Inc.,BLYTHEENERGY,131009.80509661662,,0.008831942596657592,,unattributed,
camd_owner_unattributed,Saguaro Power Company,SAGUAROPOWER,130428.53826786322,,0.008792756863489718,,unattributed,
camd_owner_unattributed,"Elgin Energy Center, LLC",ELGINENERGYCENTER,129119.76370871426,,0.008704526659881332,,unattributed,
camd_owner_unattributed,Brotman Generating LLC,BROTMANGENERATING,120565.46066696054,,0.008127843766845463,,unattributed,
camd_owner_unattributed,GSP Newington LLC,GSPNEWINGTON,118734.3572572465,,0.008004401096342963,,unattributed,
camd_owner_unattributed,"Milford Power, LLC",MILFORDPOWER,118644.21938148011,,0.00799832450883895,,unattributed,
camd_owner_unattributed,"Essential Power Rock Springs, LLC",ESSENTIALPOWERROCKSPRINGS,116112.9244810766,,0.007827678874803476,,unattributed,
camd_owner_unattributed,"Carr Street Generating Station, LP",CARRSTREETGENERATINGSTATION,115906.44379114416,,0.007813759110557917,,unattributed,
camd_owner_unattributed,"Dighton Power, LLC",DIGHTONPOWER,114584.31365825291,,0.007724628549449187,,unattributed,
camd_owner_unattributed,Montana-Dakota Utilities Company (+2 co-owners),MONTANADAKOTAUTILITIES,114189.93505060219,,0.0076980417667152365,,unattributed,
camd_owner_unattributed,Wabash Valley Power Alliance (+1 co-owners),WABASHVALLEYPOWERALLIANCE,111920.48337646291,,0.007545048127062809,,unattributed,
camd_owner_unattributed,"Lakewood Cogeneration, LP",LAKEWOODCOGENERATION,107865.50752190906,,0.007271684511630814,,unattributed,
camd_owner_unattributed,"Montville Power, LLC",MONTVILLEPOWER,107782.21435500597,,0.0072660693558167936,,unattributed,
camd_owner_unattributed,Old Dominion Electric Cooperative,OLDDOMINIONELECTRICCOOPERATIVE,106270.37193491642,,0.007164149461656385,,unattributed,generation and transmission cooperative
camd_owner_unattributed,NRG South Central - Bayou Cove,NRGSOUTHCENTRALBAYOUCOVE,105269.72448707793,,0.0070966914510724914,,unattributed,
camd_owner_unattributed,Bryan Texas Utilities,BRYANTEXASUTILITIES,104699.9961410326,,0.007058283577369832,,unattributed,
camd_owner_unattributed,"Topaz II, LLC",TOPAZII,103997.34617969775,,0.007010914877603608,,unattributed,
camd_owner_unattributed,Hunlock Creek Generating LLC,HUNLOCKCREEKGENERATING,103537.23387297137,,0.006979896699399112,,unattributed,
camd_owner_unattributed,"Eagle Point Power Generation, LLC",EAGLEPOINTPOWERGENERATION,101806.97674769469,,0.006863252516953136,,unattributed,
camd_owner_unattributed,Consumers Energy Company,CONSUMERSENERGY,100728.3342917782,,0.006790536522559079,,unattributed,
camd_owner_unattributed,"Shelby County Energy Center, LLC",SHELBYCOUNTYENERGYCENTER,100332.04132438256,,0.006763820684481797,,unattributed,
camd_owner_unattributed,"J Power USA Development Co, Ltd. (+1 co-owners)",JPOWERDEVELOPMENT,98252.24501159915,,0.006623612540261625,,unattributed,foreign-listed parent (J-POWER)
camd_owner_unattributed,"Washington County Power, LLC",WASHINGTONCOUNTYPOWER,97921.73311682917,,0.006601331291312598,,unattributed,
camd_owner_unattributed,Oklahoma Municipal Power Authority,OKLAHOMAMUNICIPALPOWERAUTHORITY,95005.91254223608,,0.0064047631037790955,,unattributed,
camd_owner_unattributed,Canal 3 Generating LLC,CANAL3GENERATING,94478.49438527963,,0.006369207544534968,,unattributed,
camd_owner_unattributed,"Oswego Harbor Power, LLC",OSWEGOHARBORPOWER,93557.1276262392,,0.00630709419110839,,unattributed,
camd_owner_unattributed,Redding Electric Utility,REDDINGELECTRICUTILITY,92843.72117544216,,0.006259000349453727,,unattributed,
camd_owner_unattributed,"Montpelier Generating Station, LLC",MONTPELIERGENERATINGSTATION,89147.411467268,,0.006009815983917217,,unattributed,
camd_owner_unattributed,"Valencia Power, LLC",VALENCIAPOWER,89059.1378561423,,0.006003865074626978,,unattributed,
camd_owner_unattributed,"University Park Energy, LLC",UNIVERSITYPARKENERGY,88258.95737059478,,0.005949921416668633,,unattributed,
camd_owner_unattributed,"Rockford Generation, LLC",ROCKFORDGENERATION,87156.71430372368,,0.005875614402113577,,unattributed,
camd_owner_unattributed,"Mid-Georgia Cogeneration, LP",MIDGEORGIACOGENERATION,82988.30928559249,,0.005594604031839354,,unattributed,
camd_owner_unattributed,"Braes Bayou Generating, LLC",BRAESBAYOUGENERATING,82964.37412341232,,0.005592990458120492,,unattributed,
camd_owner_unattributed,"Springdale Energy, LLC",SPRINGDALEENERGY,82545.60494684195,,0.005564759400712297,,unattributed,
camd_owner_unattributed,Paducah Power System,PADUCAHPOWERSYSTEM,82480.1071157987,,0.00556034390613498,,unattributed,
camd_owner_unattributed,"Gans Energy, LLC",GANSENERGY,82274.72593377114,,0.005546498264514772,,unattributed,
camd_owner_unattributed,City of St. George,CITYOFSTGEORGE,81329.79142237027,,0.005482796106068398,,unattributed,
camd_owner_unattributed,"MPC Generating, LLC",MPCGENERATING,80522.15206389046,,0.005428349612940387,,unattributed,
camd_owner_unattributed,South Texas Electric Cooperative,SOUTHTEXASELECTRICCOOPERATIVE,79095.04160570167,,0.005332141870042686,,unattributed,
camd_owner_unattributed,National Grid Glenwood Energy Center LLC,NATIONALGRIDGLENWOODENERGYCENTER,78979.38825193803,,0.00532434517283519,,unattributed,
camd_owner_unattributed,Turlock Irrigation District,TURLOCKIRRIGATIONDISTRICT,77921.69158453989,,0.005253041225437915,,unattributed,
camd_owner_unattributed,Lafayette Utilities System,LAFAYETTEUTILITIESSYSTEM,75246.93630372226,,0.005072724301198035,,unattributed,
camd_owner_unattributed,City of Vineland,CITYOFVINELAND,74884.99862237394,,0.005048324502855626,,unattributed,
camd_owner_unattributed,"PHR Holdings, LLC",PHR,73671.99827778098,,0.004966550856942099,,unattributed,
camd_owner_unattributed,"Sentinel Energy Center, LLC",SENTINELENERGYCENTER,73438.22312057616,,0.004950791053563757,,unattributed,
camd_owner_unattributed,TRES City Power LLC,TRESCITYPOWER,73372.7661128462,,0.004946378311064113,,unattributed,
camd_owner_unattributed,"Castleton Power, LLC",CASTLETONPOWER,72179.41357535216,,0.004865929209556402,,unattributed,
camd_owner_unattributed,Remy Jade II LLC,REMYJADEII,72097.81230798917,,0.004860428112072646,,unattributed,
camd_owner_unattributed,"Big Cajun 1 Peaking Power, LLC",BIGCAJUN1PEAKINGPOWER,70689.35901116321,,0.004765478129829208,,unattributed,
camd_owner_unattributed,Citizens Thermal,CITIZENSTHERMAL,69210.10085256498,,0.004665754882910842,,unattributed,
camd_owner_unattributed,"Pittsfield Generating Company, LP",PITTSFIELDGENERATING,69142.31419442271,,0.004661185088511939,,unattributed,
camd_owner_unattributed,Lincoln Electric System,LINCOLNELECTRICSYSTEM,67781.79926081256,,0.004569466840502344,,unattributed,
camd_owner_unattributed,City of Holland,CITYOFHOLLAND,66733.10912351315,,0.004498770062597217,,unattributed,
camd_owner_unattributed,City of Pasadena Water and Power Department,CITYOFPASADENAWATERPOWERDEPARTMENT,65427.46163016294,,0.004410750668138652,,unattributed,
camd_owner_unattributed,Richmond Power and Light,RICHMONDPOWERLIGHT,63728.15492666084,,0.00429619298867048,,unattributed,
camd_owner_unattributed,Montana-Dakota Utilities Company,MONTANADAKOTAUTILITIES,62492.31167031468,,0.00421287940240519,,unattributed,
camd_owner_unattributed,"Lee County Generating Station, LLC",LEECOUNTYGENERATINGSTATION,60894.08893365182,,0.0041051362342013325,,unattributed,
camd_owner_unattributed,"Gilbert Power, LLC",GILBERTPOWER,60257.78864983108,,0.004062240455699889,,unattributed,
camd_owner_unattributed,"Tenaska Georgia Partners, LP",TENASKAGEORGIA,60134.95492885035,,0.0040539596986081915,,unattributed,
camd_owner_unattributed,"Garland Power and Light, City of Garland",GARLANDPOWERLIGHTCITYOFGARLAND,60123.6913231185,,0.004053200369799316,,unattributed,
camd_owner_unattributed,"Wallingford Energy, LLC",WALLINGFORDENERGY,59876.552427508745,,0.004036539658505096,,unattributed,
camd_owner_unattributed,Indeck-Oswego Limited Partnership,INDECKOSWEGOLIMITEDPARTNERSHIP,57663.8145413715,,0.0038873693427611622,,unattributed,
camd_owner_unattributed,Massachusetts Municipal Wholesale Electric (+2 co-owners),MASSACHUSETTSMUNICIPALWHOLESALEELECTRIC,53609.946132589,,0.0036140803850807316,,unattributed,
camd_owner_unattributed,"Cartier Energy, LLC",CARTIERENERGY,50486.13531265612,,0.0034034906675850175,,unattributed,
camd_owner_unattributed,"Buckeye Power, Inc.",BUCKEYEPOWER,50141.189201488,,0.0033802363451277758,,unattributed,generation and transmission cooperative
camd_owner_unattributed,"Gibson City Energy Center, LLC",GIBSONCITYENERGYCENTER,49475.642188834405,,0.0033353689170234554,,unattributed,
camd_owner_unattributed,"Saranac Power Partners, LP",SARANACPOWER,49293.26667475987,,0.0033230741878605935,,unattributed,
camd_owner_unattributed,Indeck Energy Services of Silver Springs,INDECKENERGYOFSILVERSPRINGS,49085.180804891,,0.0033090462114316373,,unattributed,
camd_owner_unattributed,Delaware Municipal Electric Corporation,DELAWAREMUNICIPALELECTRIC,47053.17226265656,,0.0031720596493365542,,unattributed,
camd_owner_unattributed,"HO Clarke II, LLC",HOCLARKEII,45913.79631000778,,0.003095249344929301,,unattributed,
camd_owner_unattributed,"Camden Plant Holding, LLC",CAMDENPLANT,45747.51479027422,,0.003084039582147891,,unattributed,
camd_owner_unattributed,"Crete Energy Venture, LLC",CRETEENERGYVENTURE,44511.11542968244,,0.003000688506468955,,unattributed,
camd_owner_unattributed,Clarksdale Public Utilities,CLARKSDALEPUBLICUTILITIES,43341.33790202678,,0.0029218286992392923,,unattributed,
camd_owner_unattributed,Brotman II LLC,BROTMANII,43233.49359450506,,0.0029145584439121764,,unattributed,
camd_owner_unattributed,City of Chanute,CITYOFCHANUTE,43017.00756407516,,0.00289996417600738,,unattributed,
camd_owner_unattributed,"Dartmouth Power Associates, LP",DARTMOUTHPOWERASSOCIATES,42717.38712407166,,0.002879765454812851,,unattributed,
camd_owner_unattributed,Mark One II LLC,MARKONEII,42203.97317794658,,0.002845153980525441,,unattributed,
camd_owner_unattributed,Clean Energy Future - Trumbull,CLEANENERGYFUTURETRUMBULL,41906.48643645157,,0.002825099101257335,,unattributed,
camd_owner_unattributed,SJRR Power LLC,SJRRPOWER,40567.96528967799,,0.002734863550383885,,unattributed,
camd_owner_unattributed,City of Columbia,CITYOFCOLUMBIA,39839.132162377246,,0.0026857297291548905,,unattributed,
camd_owner_unattributed,Jamestown Board of Public Utilities,JAMESTOWNBOARDOFPUBLICUTILITIES,38418.570670826506,,0.0025899634806733677,,unattributed,
camd_owner_unattributed,Brownsville Public Utilities Board,BROWNSVILLEPUBLICUTILITIESBOARD,38006.830361621665,,0.00256220626988334,,unattributed,
camd_owner_unattributed,Indeck-Olean Limited Partnership,INDECKOLEANLIMITEDPARTNERSHIP,37743.262350370496,,0.0025444380002185712,,unattributed,
camd_owner_unattributed,Cordova Energy Company,CORDOVAENERGY,37400.831778118256,,0.0025213532612157,,unattributed,
camd_owner_unattributed,"Coolidge Power, LLC (+1 co-owners)",COOLIDGEPOWER,36893.28195852068,,0.002487137113284453,,unattributed,
camd_owner_unattributed,"BIV Generation Company, LLC",BIVGENERATION,35875.05780634468,,0.0024184941803687314,,unattributed,
camd_owner_unattributed,Tilton Energy LLC,TILTONENERGY,35687.20343349392,,0.00240583009742986,,unattributed,
camd_owner_unattributed,ContourGlobal,CONTOURGLOBAL,35622.79876006236,,0.00240148829737692,,unattributed,
camd_owner_unattributed,Cayuga Power (+1 co-owners),CAYUGAPOWER,34885.743817463,,0.0023518002077043986,,unattributed,
camd_owner_unattributed,Commonwealth Chesapeake Company,COMMONWEALTHCHESAPEAKE,34749.812163206145,,0.0023426364617803444,,unattributed,
camd_owner_unattributed,Indeck-Yerkes Limited Partnership,INDECKYERKESLIMITEDPARTNERSHIP,34019.4957888555,,0.002293402648395864,,unattributed,
camd_owner_unattributed,National Grid Port Jefferson Energy Center LLC,NATIONALGRIDPORTJEFFERSONENERGYCENTER,33867.86802422716,,0.002283180759184828,,unattributed,
camd_owner_unattributed,Rensselaer Generating LLC,RENSSELAERGENERATING,33456.859813107505,,0.0022554729023210865,,unattributed,
camd_owner_unattributed,Michigan Public Power Agency,MICHIGANPUBLICPOWERAGENCY,33158.96574566422,,0.0022353905634335232,,unattributed,
camd_owner_unattributed,Hudson Light and Power Department (+2 co-owners),HUDSONLIGHTPOWERDEPARTMENT,32818.765117871044,,0.002212456154716554,,unattributed,
camd_owner_unattributed,"Mountain Peak Power, LLC",MOUNTAINPEAKPOWER,32380.620289623763,,0.002182918900087035,,unattributed,
camd_owner_unattributed,"Tejas Power Generation, LLC",TEJASPOWERGENERATION,32253.94827000808,,0.0021743793865367073,,unattributed,
camd_owner_unattributed,"UNS Electric, Inc.",UNSELECTRIC,31275.56404287392,,0.0021084222368016052,,unattributed,
camd_owner_unattributed,SBF LLC,SBF,31242.064431979943,,0.002106163881862387,,unattributed,
camd_owner_unattributed,"Chamon Power, LLC",CHAMONPOWER,30109.744562238877,,0.0020298292587917497,,unattributed,
camd_owner_unattributed,"Brunot Island Power, LLC",BRUNOTISLANDPOWER,29939.910507063483,,0.0020183800040954277,,unattributed,
camd_owner_unattributed,"Waterbury Generation, LLC",WATERBURYGENERATION,29137.16268870176,,0.001964263271030034,,unattributed,
camd_owner_unattributed,Jonesboro City Water and Light,JONESBOROCITYWATERLIGHT,28792.501433542002,,0.0019410281519592282,,unattributed,
camd_owner_unattributed,"Covanta Niagara, LLC",COVANTANIAGARA,28023.84380334,,0.0018892095872234025,,unattributed,
camd_owner_unattributed,"SWG Colorado, LLC",SWGCOLORADO,27469.65643907562,,0.0018518493989125627,,unattributed,
camd_owner_unattributed,Arizona Electric Power Cooperative,ARIZONAELECTRICPOWERCOOPERATIVE,27121.14599906404,,0.0018283547894957473,,unattributed,
camd_owner_unattributed,Alabama Municipal Electric Authority,ALABAMAMUNICIPALELECTRICAUTHORITY,25863.201908082003,,0.0017435512895350798,,unattributed,
camd_owner_unattributed,"BHER Power Resources, Inc.",BHERPOWERRESOURCES,25563.452766686627,,0.0017233438920181612,,unattributed,
camd_owner_unattributed,Baconton Power (+1 co-owners),BACONTONPOWER,25253.97110971812,,0.001702480383160572,,unattributed,
camd_owner_unattributed,Braes Bayou II LLC,BRAESBAYOUII,24666.98720273326,,0.001662909236803787,,unattributed,
camd_owner_unattributed,Town of Braintree Electric Light Department,TOWNOFBRAINTREEELECTRICLIGHTDEPARTMENT,24662.893078001638,,0.0016626332339917335,,unattributed,
camd_owner_unattributed,"El Segundo Power, LLC",ELSEGUNDOPOWER,24251.22625076074,,0.0016348809769415192,,unattributed,
camd_owner_unattributed,"Walnut Creek Energy, LLC",WALNUTCREEKENERGY,24063.440823950223,,0.0016222215419560522,,unattributed,
camd_owner_unattributed,Pio Pico Energy Center LLC,PIOPICOENERGYCENTER,23990.88237407554,,0.0016173300602557086,,unattributed,
camd_owner_unattributed,"Rocky Road Power, LLC",ROCKYROADPOWER,23825.496245680362,,0.0016061806597112804,,unattributed,
camd_owner_unattributed,Arizona Public Service Company,ARIZONAPUBLICSERVICE,22817.61700232185,,0.0015382351222368875,,unattributed,
camd_owner_unattributed,"Vienna Power, LLC",VIENNAPOWER,22694.086282233522,,0.001529907377394131,,unattributed,
camd_owner_unattributed,Consolidated WY Municipalities Electric Power System JPB,CONSOLIDATEDWYMUNICIPALITIESELECTRICPOWERSYSTEMJPB,21727.98442929422,,0.0014647782360951887,,unattributed,
camd_owner_unattributed,"Power City Partners, LP",POWERCITY,20414.18860260934,,0.0013762095269329092,,unattributed,
camd_owner_unattributed,"Mountain Power, LLC",MOUNTAINPOWER,20242.103822094003,,0.0013646085410208314,,unattributed,
camd_owner_unattributed,"Jamaica Bay Peaking Facility, LLC",JAMAICABAYPEAKINGFACILITY,19788.53050297354,,0.0013340311845024158,,unattributed,
camd_owner_unattributed,"Hawkeye Energy Greenport, LLC",HAWKEYEENERGYGREENPORT,19549.889206823358,,0.0013179433334653426,,unattributed,
camd_owner_unattributed,"Hunlock Energy, LLC",HUNLOCKENERGY,19291.3424631081,,0.0013005135693544665,,unattributed,
camd_owner_unattributed,Incorporated Village of Freeport,VILLAGEOFFREEPORT,18589.06444751664,,0.0012531699440737158,,unattributed,
camd_owner_unattributed,Hutchinson Utilities Commission,HUTCHINSONUTILITIESCOMMISSION,17248.57652422674,,0.0011628018042136644,,unattributed,
camd_owner_unattributed,Sowega Power 100 LLC,SOWEGAPOWER100,16912.00282102408,,0.0011401119023087029,,unattributed,
camd_owner_unattributed,Allegany Generating Station,ALLEGANYGENERATINGSTATION,16893.449078721602,,0.0011388611135845473,,unattributed,
camd_owner_unattributed,Sowega Power,SOWEGAPOWER,16891.082233734942,,0.0011387015542367413,,unattributed,
camd_owner_unattributed,"Mariposa Energy, Limited Liability Corporation",MARIPOSAENERGYLIMITEDLIABILITY,16184.7019287492,,0.0010910813757284029,,unattributed,
camd_owner_unattributed,"Danskammer Energy, LLC",DANSKAMMERENERGY,15944.583735842301,,0.0010748939606368155,,unattributed,
camd_owner_unattributed,"Bayswater Peaking Facility, LLC",BAYSWATERPEAKINGFACILITY,15595.206934404021,,0.001051340946016031,,unattributed,
camd_owner_unattributed,NRG Marsh Landing LLC,NRGMARSHLANDING,15218.146483439901,,0.001025921655788639,,unattributed,
camd_owner_unattributed,"Port Comfort Power, LLC",PORTCOMFORTPOWER,14801.178068578443,,0.0009978119955845052,,unattributed,
camd_owner_unattributed,"Ormond Beach Power, LLC",ORMONDBEACHPOWER,14425.901142813162,,0.0009725129405728227,,unattributed,
camd_owner_unattributed,Ahlstrom Nonwovens LLC,AHLSTROMNONWOVENS,13544.84060177094,,0.0009131168051696267,,unattributed,
camd_owner_unattributed,"Wildflower Energy, LP (+2 co-owners)",WILDFLOWERENERGY,13422.715392072141,,0.0009048838119148918,,unattributed,
camd_owner_unattributed,Wisconsin Public Power Inc,WISCONSINPUBLICPOWER,13113.9859100943,,0.0008840710104553882,,unattributed,
camd_owner_unattributed,Prairie Power Incorporated,PRAIRIEPOWER,12949.587705880982,,0.0008729882101906689,,unattributed,
camd_owner_unattributed,Laredo LLC (+1 co-owners),LAREDO,12892.37156432918,,0.0008691310204374663,,unattributed,
camd_owner_unattributed,Victoria Port Power II LLC,VICTORIAPORTPOWERII,12582.235038819603,,0.0008482233640341352,,unattributed,
camd_owner_unattributed,"GenOn Mid-Atlantic, LLC",GENONMIDATLANTIC,12382.980982526002,,0.0008347907786941414,,unattributed,
camd_owner_unattributed,"El Cajon Energy, LLC",ELCAJONENERGY,12234.41678076464,,0.0008247754176232128,,unattributed,
camd_owner_unattributed,Massachusetts Municipal Wholesale Electric,MASSACHUSETTSMUNICIPALWHOLESALEELECTRIC,12222.227846598,,0.000823953708387062,,unattributed,
camd_owner_unattributed,Marshfield Utilities,MARSHFIELDUTILITIES,11696.08882012494,,0.0007884843809100502,,unattributed,
camd_owner_unattributed,"Forked River Power, LLC",FORKEDRIVERPOWER,11357.317915482,,0.0007656463560689504,,unattributed,
camd_owner_unattributed,Coffeyville Municipal Light & Power,COFFEYVILLEMUNICIPALLIGHTPOWER,11098.078082625381,,0.000748169867794899,,unattributed,
camd_owner_unattributed,Cedar Falls Municipal Electric,CEDARFALLSMUNICIPALELECTRIC,10962.212652854541,,0.0007390105863524044,,unattributed,
camd_owner_unattributed,"Sterling Power Partners, LP",STERLINGPOWER,10254.79725008046,,0.0006913206273857114,,unattributed,
camd_owner_unattributed,"City of Riverside, CA",CITYOFRIVERSIDECA,9536.5210315991,,0.0006428984934431925,,unattributed,
camd_owner_unattributed,"Warren Generation, LLC",WARRENGENERATION,9234.8412822358,,0.0006225609452193342,,unattributed,
camd_owner_unattributed,"Seneca Power Partners, LP",SENECAPOWER,8916.024813133901,,0.0006010681359452461,,unattributed,
camd_owner_unattributed,City of Glendale,CITYOFGLENDALE,8445.7402439179,,0.0005693642011416912,,unattributed,
camd_owner_unattributed,Greenville Electric Utility System,GREENVILLEELECTRICUTILITYSYSTEM,8015.8616830215005,,0.0005403842116625006,,unattributed,
camd_owner_unattributed,South Maryland Electric Cooperative,SOUTHMARYLANDELECTRICCOOPERATIVE,7818.480963216,,0.0005270779161090988,,unattributed,
camd_owner_unattributed,California Department of Power and Water,CALIFORNIADEPARTMENTOFPOWERWATER,7648.314878425761,,0.0005156062778476953,,unattributed,
camd_owner_unattributed,City of Winfield Kansas,CITYOFWINFIELDKANSAS,7483.2762017860005,,0.0005044803005421361,,unattributed,
camd_owner_unattributed,Bucksport Generation LLC,BUCKSPORTGENERATION,7468.941775709261,,0.0005035139543349004,,unattributed,
camd_owner_unattributed,Southern California Public Power Authority,SOUTHERNCALIFORNIAPUBLICPOWERAUTHORITY,7462.29120438032,,0.000503065610303178,,unattributed,
camd_owner_unattributed,"Portland Power, LLC",PORTLANDPOWER,7427.61497487856,,0.000500727934369669,,unattributed,
camd_owner_unattributed,"Lincoln Generating Facility, LLC",LINCOLNGENERATINGFACILITY,6711.7509606208605,,0.000452468417639038,,unattributed,
camd_owner_unattributed,McPherson Board of Public Utilities,MCPHERSONBOARDOFPUBLICUTILITIES,6691.30483095074,,0.00045109005482537576,,unattributed,
camd_owner_unattributed,"MPH AL Pierce, LLC",MPHALPIERCE,6284.69192989638,,0.00042367850499119267,,unattributed,
camd_owner_unattributed,"Hazleton Generation, LLC",HAZLETONGENERATION,5534.921885981181,,0.0003731332348591672,,unattributed,
camd_owner_unattributed,"CalPeak Power - Border, LLC",CALPEAKPOWERBORDER,5435.92716559816,,0.00036645956881447525,,unattributed,
camd_owner_unattributed,"Long Beach Generation, LLC",LONGBEACHGENERATION,5275.65211602814,,0.0003556547283948216,,unattributed,
camd_owner_unattributed,"Solar Partners I, LLC",SOLARI,5213.712263535159,,0.00035147909267610564,,unattributed,
camd_owner_unattributed,"Orange Grove Energy, LP",ORANGEGROVEENERGY,5147.014227080881,,0.00034698268701517415,,unattributed,
camd_owner_unattributed,"GenConn Middletown, LLC",GENCONNMIDDLETOWN,4676.85575654374,,0.0003152872530737676,,unattributed,
camd_owner_unattributed,Central Iowa Power Cooperative,CENTRALIOWAPOWERCOOPERATIVE,4640.522100522001,,0.0003128378427866975,,unattributed,
camd_owner_unattributed,Corn Belt Power Cooperative,CORNBELTPOWERCOOPERATIVE,4371.5508969594,,0.00029470532035246524,,unattributed,
camd_owner_unattributed,"Midway Peaking, LLC",MIDWAYPEAKING,4067.9479159473003,,0.00027423811869152454,,unattributed,
camd_owner_unattributed,"Malaga Power, LLC",MALAGAPOWER,4023.9748572300205,,0.00027127370293574156,,unattributed,
camd_owner_unattributed,"CalPeak Power - Vaca Dixon, LLC",CALPEAKPOWERVACADIXON,3951.4427157128002,,0.00026638399479656595,,unattributed,
camd_owner_unattributed,"Tolna Power, LLC",TOLNAPOWER,3856.5330482140007,,0.0002599857199911109,,unattributed,
camd_owner_unattributed,"Black Hills/Colorado Electric Utility Company, LP",BLACKHILLSCOLORADOELECTRICUTILITY,3736.5125071120005,,0.00025189461162978703,,unattributed,
camd_owner_unattributed,"Solar Partners II, LLC",SOLARII,3638.068810740055,,0.0002452580925179647,,unattributed,
camd_owner_unattributed,"Goal Line, LP",GOALLINE,3634.1231014319,,0.0002449920950371882,,unattributed,
camd_owner_unattributed,Hardee Power Partners,HARDEEPOWER,3596.8405301721205,,0.0002424787142335198,,unattributed,
camd_owner_unattributed,"Solar Partners VIII, LLC",SOLARVIII,3554.9871993183237,,0.00023965719858202303,,unattributed,
camd_owner_unattributed,"Wildflower Energy, LP (+2 co-owners)",WILDFLOWERENERGY,3523.3531231236802,,0.0002375246074767745,,unattributed,
camd_owner_unattributed,"Carthage Energy, LLC",CARTHAGEENERGY,3385.477371969,,0.0002282298014981598,,unattributed,
camd_owner_unattributed,GB II New Haven LLC,GBIINEWHAVEN,3369.6932646777404,,0.0002271657259548592,,unattributed,
camd_owner_unattributed,Peabody Municipal Light Plant,PEABODYMUNICIPALLIGHTPLANT,3292.264139934,,0.0002219458908093765,,unattributed,
camd_owner_unattributed,"Wharton County Generation, LLC",WHARTONCOUNTYGENERATION,2997.85003315336,,0.00020209815125419428,,unattributed,
camd_owner_unattributed,"KES Kingsburg, LP",KESKINGSBURG,2801.2068545414804,,0.0001888415765707681,,unattributed,
camd_owner_unattributed,"Omega JV2, AMP-Ohio",OMEGAJV2AMPOHIO,2733.1661846720003,,0.0001842546581330053,,unattributed,
camd_owner_unattributed,EF Oxnard LLC,EFOXNARD,2667.08412665618,,0.00017979977826630903,,unattributed,
camd_owner_unattributed,City of Dover,CITYOFDOVER,2643.01832987346,,0.00017817739789889256,,unattributed,
camd_owner_unattributed,Florida Municipal Power Agency,FLORIDAMUNICIPALPOWERAGENCY,2374.23582073678,,0.00016005759617924206,,unattributed,
camd_owner_unattributed,City of Colton,CITYOFCOLTON,2231.6744604,,0.000150446912840943,,unattributed,
camd_owner_unattributed,Green Mountain Power Corporation,GREENMOUNTAINPOWER,1915.429860036,,0.0001291274844603118,,unattributed,
camd_owner_unattributed,City of Burbank,CITYOFBURBANK,1897.1346653844203,,0.0001278941255614243,,unattributed,
camd_owner_unattributed,"Algonquin Power Sanger, LLC",ALGONQUINPOWERSANGER,1756.8657608856201,,0.00011843798667383624,,unattributed,
camd_owner_unattributed,"Wellhead Services, Inc.",WELLHEAD,1669.0294128046,,0.000112516555193349,,unattributed,
camd_owner_unattributed,"Delano Energy Center, LLC",DELANOENERGYCENTER,1539.8871291419,,0.00010381051036510815,,unattributed,
camd_owner_unattributed,California Department of Water Resources,CALIFORNIADEPARTMENTOFWATERRESOURCES,1493.91372807292,,0.00010071124280330309,,unattributed,
camd_owner_unattributed,"CalPeak Power - Enterprise, LLC",CALPEAKPOWERENTERPRISE,1307.69954523208,,8.815773222964088e-05,,unattributed,
camd_owner_unattributed,"AER NY-GEN, LLC",AERNYGEN,1254.3897411707198,,8.456388573119162e-05,,unattributed,
camd_owner_unattributed,"Stanton Energy Reliability Center, LLC",STANTONENERGYRELIABILITYCENTER,1219.2336109415,,8.219385759569364e-05,,unattributed,
camd_owner_unattributed,Carson Cogeneration Company,CARSONCOGENERATION,1205.45982503408,,8.126530658851314e-05,,unattributed,
camd_owner_unattributed,City of Chaska,CITYOFCHASKA,1116.1665382606202,,7.524565651370779e-05,,unattributed,
camd_owner_unattributed,"CalPeak Power - Panoche, LLC",CALPEAKPOWERPANOCHE,1105.1660161033801,,7.45040633165089e-05,,unattributed,
camd_owner_unattributed,Burlington Electric Department,BURLINGTONELECTRICDEPARTMENT,1076.82828638,,7.259369330983713e-05,,unattributed,
camd_owner_unattributed,Basin Electric Power Cooperative (+1 co-owners),BASINELECTRICPOWERCOOPERATIVE,992.2487315155801,,6.689181647044703e-05,,unattributed,generation and transmission cooperative
camd_owner_unattributed,"Fresno Cogeneration Partners, LP",FRESNOCOGENERATION,789.25435253896,,5.320707965824055e-05,,unattributed,
camd_owner_unattributed,Massachusetts Water Resources Authority,MASSACHUSETTSWATERRESOURCESAUTHORITY,759.50776491436,,5.120173239317774e-05,,unattributed,
camd_owner_unattributed,Rochester Public Utilities,ROCHESTERPUBLICUTILITIES,695.33170203728,,4.687534397521271e-05,,unattributed,
camd_owner_unattributed,California Energy Development Corporation,CALIFORNIAENERGYDEVELOPMENT,683.6991987027661,,4.609114616933025e-05,,unattributed,
camd_owner_unattributed,Massachusetts Bay Transportation Authority,MASSACHUSETTSBAYTRANSPORTATIONAUTHORITY,596.836840446,,4.023537559270585e-05,,unattributed,
camd_owner_unattributed,"Chula Vista Energy Center, LLC",CHULAVISTAENERGYCENTER,348.00604529614003,,2.346060596822235e-05,,unattributed,
camd_owner_unattributed,"GenOn Mid-Atlantic, LLC (+2 co-owners)",GENONMIDATLANTIC,98.520262764,,6.641680786392849e-06,,unattributed,
