ticker,name,rank_by_mcap,dual_class_duplicate,sector,industry,market_cap_b,price,revenue_b,ebitda_b,revenue_growth,employees,esg_risk_total,esg_risk_env,esg_risk_social,esg_risk_gov,esg_risk_percentile,esg_risk_level,controversy_level,controversy_score,ghgrp_scope1_mt,ghgrp_scope1_2019_mt,ghgrp_trend_5y_pct,ghgrp_facilities,ghgrp_main_subsector,ghg_intensity_t_per_musd,logo_domain,altman_z,piotroski_f,esg_risk_yahoo,decarb_target_year,decarb_ambition_pa_pct,decarb_coverage_pct,temp_goal_c,controversy_flags,controversy_worst,sdg_aligned_count,report_year,report_count,report_e_score,report_s_score,report_g_score,report_total_score,ntc_climate_credit_score
NVDA,NVIDIA Corporation,1,False,Technology,Semiconductors,5270.0,218.29,302.97,61.184,1.224,29600.0,13.6,2.3,4.9,6.3,,Low,Moderate Controversy Level,2.0,,,,,,,nvidia.com,58.64,8.0,13.5,2025.0,0.59,,2.7,0,Green,4,2022,4,2.44,4.46,6.1,13.0,0.37885819678527355
AAPL,Apple Inc.,2,False,Technology,Consumer Electronics,4850.0,332.27,466.82,134.661,0.061,150000.0,17.2,0.5,7.4,9.4,,Low,Significant Controversy Level,3.0,,,,,,,apple.com,7.9,9.0,16.7,2030.0,-11.58,100.0,1.7,4,Orange,2,2023,4,0.46,7.39,9.37,17.22,0.40753377928508927
GOOGL,Alphabet Inc.,3,False,Communication Services,Internet Content & Information,4140.0,338.5,445.87,123.47,0.151,180895.0,24.2,1.6,11.2,11.5,,Medium,High Controversy Level,4.0,0.0159,0.02,-20.7,1,Power Plants,0.0,,13.24,8.0,24.2,2030.0,-12.5,100.0,1.4,3,Yellow,1,,,,,,,0.46552876043235164
GOOG,Alphabet Inc.,4,True,Communication Services,Internet Content & Information,4120.0,335.45,445.87,,,180895.0,,,,,,,,,,,,,,,,,,,,,,,,,,,,,,,,
MSFT,Microsoft Corporation,5,False,Technology,Software - Infrastructure,3680.0,495.63,331.84,136.552,0.16,221000.0,15.1,1.5,7.5,6.1,,Low,Significant Controversy Level,3.0,,,,,,,microsoft.com,9.38,6.0,15.4,2045.0,-3.79,100.0,1.4,4,Yellow,2,2022,4,0.82,8.17,5.1,14.08,0.3882366975365541
AMZN,"Amazon.com, Inc.",6,False,Consumer Cyclical,Internet Retail,2770.0,256.78,775.68,111.583,0.11,1525000.0,30.6,6.0,15.4,9.2,,High,Significant Controversy Level,3.0,,,,,,,,5.47,7.0,29.9,2040.0,-5.56,100.0,2.6,4,Orange,0,2022,4,5.71,14.62,9.86,30.18,0.5218411500526405
AVGO,Broadcom Inc.,7,False,Technology,Semiconductors,1730.0,361.99,89.1,22.958,0.164,20000.0,20.0,7.3,6.0,6.6,,Low,Significant Controversy Level,3.0,0.0345,0.1828,-81.2,1,Other,0.4,broadcom.com,,5.0,20.6,2030.0,0.91,,2.6,2,Yellow,3,2021,2,8.96,8.66,7.9,25.52,0.4337764800347174
META,"Meta Platforms, Inc.",8,False,Communication Services,Internet Content & Information,1650.0,648.03,228.25,79.209,0.189,69329.0,34.1,2.7,21.1,10.3,,High,High Controversy Level,4.0,,,,,,,,11.3,7.0,33.9,2031.0,-11.11,100.0,1.3,4,Orange,1,,,,,,,0.5511960970000592
TSLA,"Tesla, Inc.",9,False,Consumer Cyclical,Auto Manufacturers,1440.0,365.44,103.62,13.244,0.078,140473.0,25.2,3.3,14.1,7.8,,Medium,Significant Controversy Level,3.0,0.0805,0.0236,241.0,2,Other,0.8,teslamotors.com,9.61,4.0,25.0,,,,1.5,5,Orange,3,2021,3,2.87,17.31,10.86,31.04,0.48078550303848167
MU,"Micron Technology, Inc.",10,False,Technology,Semiconductors,1100.0,975.26,90.27,8.944,0.933,43000.0,18.2,7.2,5.5,5.5,,Low,Moderate Controversy Level,2.0,0.3039,0.3208,-5.3,2,Other,3.4,micron.com,4.6,2.0,19.7,2050.0,-0.42,33.14,3.5,0,Green,3,,,,,,,0.4078654256828356
BRK.B,Berkshire Hathaway Inc.,11,False,Financial Services,Insurance - Diversified,1090.0,510.37,384.69,149.547,-0.002,396500.0,20.7,1.0,4.9,14.8,,Medium,Low Controversy Level,1.0,53.0838,64.411,-17.6,129,Petroleum and Natural Gas Systems,138.0,,,,,,,,,,,,,,,,,,0.41971547738197046
LLY,Eli Lilly and Company,12,False,Healthcare,Drug Manufacturers - General,994.49,1115.7,79.67,16.567,0.204,43000.0,24.3,2.5,12.6,9.1,,Medium,Moderate Controversy Level,2.0,0.0476,0.0241,97.5,1,Chemicals,0.6,lilly.com,9.56,7.0,24.3,2030.0,-0.15,,1.5,3,Yellow,8,,,,,,,0.47079283902241986
JPM,JPMorgan Chase & Co.,13,False,Financial Services,Banks - Diversified,946.93,356.23,186.33,3.343,0.03,311921.0,29.3,1.1,16.5,11.7,,Medium,Significant Controversy Level,3.0,,,,,,,jpmorgan.com,,5.0,27.7,2030.0,1.03,,2.8,3,Orange,2,2022,4,1.11,16.32,11.65,29.08,0.5170749583170413
WMT,Walmart Inc.,14,False,Consumer Defensive,Discount Stores,850.1,107.15,735.84,40.779,0.048,2100000.0,25.3,5.9,12.4,7.1,,Medium,Significant Controversy Level,3.0,,,,,,,walmart.com,5.09,8.0,24.9,2040.0,0.29,12.01,2.2,4,Orange,0,2022,4,4.4,15.79,6.31,26.49,0.4746764104802202
AMD,"Advanced Micro Devices, Inc.",15,False,Technology,Semiconductors,842.57,516.13,41.31,,,26000.0,,,,,,,,,,,,,,,amd.com,12.54,7.0,15.0,2030.0,0.95,,2.7,0,Green,7,,,,,,,
XOM,ExxonMobil Holdings Corporation,16,False,Energy,Oil & Gas Integrated,682.54,165.99,361.06,71.538,-0.015,62000.0,41.6,23.1,10.0,8.5,,Severe,Significant Controversy Level,3.0,37.8824,36.3281,4.3,59,Petroleum and Natural Gas Systems,104.9,,,,,,,,,,,,2022,4,18.75,10.06,8.13,36.93,0.8007823053150951
V,Visa Inc.,17,False,Financial Services,Credit Services,680.0,370.45,44.49,24.973,0.117,,16.7,1.8,8.2,6.7,,Low,Significant Controversy Level,3.0,,,,,,,,,,,,,,,,,,,,,,,,0.4023371563554533
JNJ,Johnson & Johnson,18,False,Healthcare,Drug Manufacturers - General,640.02,265.58,97.93,30.052,0.052,131900.0,24.0,0.9,15.0,8.0,,Medium,High Controversy Level,4.0,,,,,,,jnj.com,4.71,8.0,22.1,2050.0,-3.14,100.0,1.3,4,Orange,5,2022,4,0.74,16.53,8.54,25.82,0.45856728138928216
INTC,Intel Corporation,19,False,Technology,Semiconductors,540.9,102.94,57.03,10.439,-0.062,130700.0,18.9,4.9,7.3,6.6,,Low,Significant Controversy Level,3.0,0.7908,0.7794,1.5,4,Other,13.9,intel.com,1.85,6.0,17.5,2040.0,0.72,,2.7,2,Yellow,4,2021,3,3.84,6.03,6.48,16.36,0.4085495920501738
MA,Mastercard Incorporated,20,False,Financial Services,Credit Services,498.62,569.19,35.08,16.784,0.128,33400.0,17.1,2.2,6.7,8.3,,Low,High Controversy Level,4.0,,,,,,,mastercard.com,10.89,6.0,,2050.0,-3.57,100.0,1.3,2,Yellow,4,,,,,,,0.4067244182044688
ABBV,AbbVie Inc.,21,False,Healthcare,Drug Manufacturers - General,454.36,257.12,64.39,25.63,0.038,50000.0,29.9,2.4,17.2,10.4,,Medium,Significant Controversy Level,3.0,0.0998,0.1543,-35.3,2,Chemicals,1.5,abbvie.com,1.76,5.0,26.9,2030.0,0.71,,1.5,3,Orange,7,2021,3,0.65,17.0,11.08,28.73,0.5103085558864174
CSCO,"Cisco Systems, Inc.",22,False,Technology,Communication Equipment,442.08,112.13,63.33,13.752,-0.056,84900.0,13.9,0.4,6.9,6.5,,Low,Moderate Controversy Level,2.0,,,,,,,cisco.com,3.35,8.0,13.9,2040.0,-5.56,100.0,1.8,3,Yellow,5,2021,3,0.44,5.84,6.07,12.35,0.37522004815214305
BAC,Bank of America Corporation,23,False,Financial Services,Banks - Diversified,438.38,62.69,113.93,3.343,-0.005,212000.0,28.3,1.7,15.1,11.5,,Medium,Significant Controversy Level,3.0,,,,,,,,,5.0,,2050.0,-3.45,100.0,2.5,3,Orange,3,,,,,,,0.5076538249246395
ORCL,Oracle Corporation,24,False,Technology,Software - Infrastructure,432.88,150.28,71.78,21.803,0.069,164000.0,13.9,0.5,7.8,5.6,,Low,Moderate Controversy Level,2.0,,,,,,,oracle.com,1.9,7.0,14.1,2050.0,-3.57,100.0,1.3,2,Yellow,3,2020,4,0.43,10.96,6.75,18.13,0.37723377490679044
CVX,Chevron Corporation,25,False,Energy,Oil & Gas Integrated,419.9,214.06,209.38,38.943,-0.064,45600.0,36.6,17.0,9.2,10.4,,High,Significant Controversy Level,3.0,21.5606,25.1392,-14.2,47,Petroleum and Natural Gas Systems,103.0,chevron.com,4.01,5.0,36.2,2050.0,0.82,,,4,Yellow,1,2022,4,21.15,10.07,10.06,41.28,0.7575592229860314
PLTR,Palantir Technologies Inc.,26,False,,Software - Infrastructure,401.86,167.23,6.16,,,3735.0,,,,,,,,,,,,,,,palantir.com,29.22,7.0,23.1,,,,1.7,2,Yellow,0,,,,,,,
COST,Costco Wholesale Corporation,27,False,Consumer Defensive,Discount Stores,401.25,904.77,293.59,11.522,0.01,316000.0,23.3,6.5,11.2,5.6,,Medium,Significant Controversy Level,3.0,,,,,,,costco.com,8.83,7.0,31.7,,,,3.7,3,Yellow,0,,,,,,,0.4616268808847056
KO,The Coca-Cola Company,28,False,Consumer Defensive,Beverages - Non-Alcoholic,379.87,88.29,50.13,14.831,-0.008,79100.0,21.6,7.2,9.5,4.9,,Medium,Significant Controversy Level,3.0,,,,,,,coca-colacompany.com,4.26,8.0,,2030.0,0.0,100.0,2.3,5,Orange,1,,,,,,,0.4425941344526956
CAT,Caterpillar Inc.,29,False,Industrials,Farm & Heavy Construction Machinery,376.28,818.57,74.73,15.819,-0.042,113200.0,36.2,10.4,17.7,8.1,,High,High Controversy Level,4.0,0.4569,0.537,-14.9,7,Other,6.1,cat.com,3.93,8.0,,2050.0,-3.57,100.0,2.8,3,Yellow,2,,,,,,,0.7638674934476982
LRCX,Lam Research Corporation,30,False,Technology,Semiconductor Equipment & Materials,373.17,298.22,23.23,4.92,0.197,17200.0,13.6,4.5,4.0,5.1,,Low,Low Controversy Level,1.0,,,,,,,lamrc.com,,,13.1,2050.0,-3.57,100.0,1.4,0,Green,3,2022,4,4.7,4.15,5.22,14.07,0.37350384839379636
AMAT,"Applied Materials, Inc.",31,False,Technology,Semiconductor Equipment & Materials,362.27,456.49,30.84,8.204,0.055,34800.0,12.7,4.5,3.0,5.3,,Low,Low Controversy Level,1.0,,,,,,,appliedmaterials.com,11.04,7.0,,2040.0,-5.56,100.0,1.3,1,Yellow,6,,,,,,,0.36440989975732246
DELL,Dell Technologies Inc.,32,False,,Computer Hardware,360.69,567.29,151.2,,,120000.0,,,,,,,,,,,,,,,dell.com,1.63,7.0,14.4,2050.0,-1.71,60.56,2.9,2,Yellow,7,,,,,,,
MRK,"Merck & Co., Inc.",33,False,Healthcare,Drug Manufacturers - General,355.1,143.93,66.57,22.928,0.044,70000.0,21.4,1.9,10.6,8.9,,Medium,Significant Controversy Level,3.0,0.3655,0.3689,-0.9,3,Chemicals,5.5,,4.27,6.0,22.1,2050.0,-2.71,81.73,2.0,0,Green,6,2021,4,0.88,11.28,10.52,22.67,0.4350922347582501
UNH,UnitedHealth Group Incorporated,34,False,Healthcare,Healthcare Plans,340.27,379.09,450.53,35.035,0.092,440000.0,15.3,0.0,9.7,5.6,,Low,Significant Controversy Level,3.0,,,,,,,,,,,,,,,,,,2022,4,0.03,11.59,5.89,17.51,0.3847190329236797
PG,The Procter & Gamble Company,35,False,Consumer Defensive,Household & Personal Products,337.41,145.27,87.03,24.04,-0.006,107000.0,28.6,9.6,12.2,6.7,,Medium,Significant Controversy Level,3.0,1.6606,1.752,-5.2,10,Pulp and Paper,19.1,,5.94,8.0,,2030.0,-0.99,100.0,1.5,5,Orange,4,,,,,,,0.502408942596074
MS,Morgan Stanley,36,False,Financial Services,Capital Markets,336.7,214.38,77.83,3.343,0.165,80000.0,24.6,1.1,12.9,10.5,,Medium,Moderate Controversy Level,2.0,,,,,,,morganstanley.com,,4.0,,2033.0,1.05,,,1,Yellow,3,,,,,,,0.47450146775977786
GE,GE Aerospace,37,False,Industrials,Aerospace & Defense,335.82,323.66,50.64,8.935,0.058,125000.0,40.5,14.2,15.4,10.9,,Severe,Significant Controversy Level,3.0,0.2722,0.4936,-44.8,9,Other,5.4,ge.com,2.15,8.0,,2050.0,-3.32,94.57,,4,Yellow,4,,,,,,,0.8073936091099502
NFLX,"Netflix, Inc.",38,False,Communication Services,Entertainment,322.29,77.4,48.37,9.977,0.15,13000.0,16.4,0.1,7.3,9.0,,Low,Moderate Controversy Level,2.0,,,,,,,netflix.com,7.18,8.0,16.0,2030.0,-12.5,100.0,1.7,4,Yellow,1,,,,,,,0.40203636048939434
GS,"The Goldman Sachs Group, Inc.",39,False,Financial Services,Capital Markets,311.6,1029.18,67.57,3.343,0.042,44400.0,25.5,0.9,12.8,11.8,,Medium,Moderate Controversy Level,2.0,0.0156,0.0166,-5.9,1,Metals,0.2,goldmansachs.com,,3.0,,2050.0,-3.45,100.0,2.3,3,Orange,4,,,,,,,0.4819961552550728
HD,"The Home Depot, Inc.",40,False,Consumer Cyclical,Home Improvement Retail,308.03,308.74,169.18,24.758,0.066,465000.0,12.6,3.3,5.6,3.8,,Low,Moderate Controversy Level,2.0,,,,,,,homedepot.com,7.28,5.0,,2050.0,0.8,,1.7,3,Yellow,0,,,,,,,0.36325752184717236
PM,Philip Morris International Inc.,41,False,Consumer Defensive,Tobacco,297.79,191.06,42.55,15.301,0.084,82700.0,28.5,3.4,13.5,11.5,,Medium,Significant Controversy Level,3.0,,,,,,,,3.06,6.0,,2040.0,-5.56,100.0,1.3,4,Orange,6,,,,,,,0.4986914698489395
WFC,Wells Fargo & Company,42,False,Financial Services,Banks - Diversified,273.04,90.29,83.03,3.343,-0.018,224824.0,36.2,2.0,14.8,19.4,,High,Severe Controversy Level,5.0,,,,,,,,,6.0,36.2,2050.0,-3.14,93.22,2.2,4,Orange,0,2022,4,1.94,15.4,15.51,32.84,0.575470651939835
PANW,"Palo Alto Networks, Inc.",43,False,Technology,Software - Infrastructure,270.47,330.65,11.48,1.094,0.121,15166.0,13.9,0.7,7.6,5.6,,Low,Low Controversy Level,1.0,,,,,,,paloaltonetworks.com,4.54,6.0,14.1,2040.0,-5.56,100.0,1.4,0,Green,4,2021,1,0.75,7.98,5.7,14.43,0.38294270959389465
RTX,RTX Corporation,44,False,Industrials,Aerospace & Defense,266.42,197.68,93.5,,,185000.0,,,,,,,,,0.1728,0.1636,5.6,4,Other,1.8,,1.86,6.0,14.0,2030.0,1.01,,,3,Orange,1,,,,,,,
GEV,GE Vernova Inc.,45,False,Utilities,Utilities - Renewable,254.95,957.27,41.37,,,80000.0,,,,,,,,,,,,,,,,,,,,,,,,,,,,,,,,
ANET,"Arista Networks, Inc.",46,False,Technology,Computer Hardware,251.73,199.59,10.54,2.833,0.2,4023.0,16.7,0.4,8.9,7.4,,Low,Low Controversy Level,1.0,,,,,,,arista.com,20.5,5.0,15.4,2024.0,0.99,,2.4,0,Green,4,,,,,,,0.4055224627751497
TXN,Texas Instruments Incorporated,47,False,Technology,Semiconductors,245.39,268.7,19.45,6.897,-0.084,34000.0,20.6,7.8,6.0,6.9,,Medium,Moderate Controversy Level,2.0,1.0578,1.2968,-18.4,5,Other,54.4,,9.08,4.0,20.8,2025.0,-0.25,21.04,3.3,0,Green,3,2022,4,8.81,5.03,6.32,20.16,0.4361724278663708
SNDK,Sandisk Corporation,48,False,,,239.15,1633.35,20.25,,,,,,,,,,,,,,,,,,,,,,,,,,,,,,,,,,,
KLAC,KLA Corporation,49,False,Technology,Semiconductor Equipment & Materials,236.01,180.64,13.58,4.249,0.185,15000.0,17.2,7.4,5.1,4.6,,Low,None Controversy Level,,,,,,,,kla-tencor.com,6.62,6.0,16.5,,,,,,,0,2021,4,6.84,6.73,5.96,19.52,0.4051480959084903
C,Citigroup Inc.,50,False,Financial Services,Banks - Diversified,232.86,138.82,81.71,3.343,-0.024,237000.0,29.2,1.8,13.8,13.7,,Medium,High Controversy Level,4.0,,,,,,,,,4.0,,,,,,,,,,,,,,,0.5130382442298979
IBM,International Business Machines Corporation,51,False,Technology,Information Technology Services,229.21,243.29,69.1,14.676,0.015,282200.0,14.1,1.8,6.2,6.1,,Low,Moderate Controversy Level,2.0,,,,,,,ibm.com,3.08,5.0,14.1,2030.0,-12.5,100.0,1.6,2,Orange,2,2022,4,0.47,6.67,7.64,14.77,0.37509469108262045
TMO,Thermo Fisher Scientific Inc.,52,False,Healthcare,Diagnostics & Research,225.48,609.82,46.34,10.582,0.002,122000.0,12.8,1.4,4.9,6.5,,Low,Significant Controversy Level,3.0,0.0284,0.0363,-21.7,1,Chemicals,0.6,,,,13.0,2050.0,-3.27,100.0,2.1,3,Yellow,3,,,,,,,0.3666405156070794
AXP,American Express Company,53,False,Financial Services,Credit Services,219.27,324.69,70.91,3.343,0.08,74600.0,18.6,0.1,8.9,9.7,,Low,Moderate Controversy Level,2.0,,,,,,,americanexpress.com,,5.0,19.3,2040.0,-5.56,100.0,1.3,2,Yellow,4,2021,3,0.05,10.17,9.41,19.62,0.42262027371354427
LIN,Linde plc,54,False,Basic Materials,Specialty Chemicals,214.92,466.22,35.45,,,66195.0,,,,,,,,,8.7873,6.5759,33.6,18,Chemicals,247.9,linde.com,,,,2050.0,-1.03,46.11,,2,Yellow,3,,,,,,,
CRWD,"CrowdStrike Holdings, Inc.",55,False,,,212.14,206.74,5.4,,,7925.0,,,,,,,,,,,,,,,crowdstrike.com,11.13,7.0,18.2,,,,,,,0,,,,,,,
VZ,Verizon Communications Inc.,56,False,Communication Services,Telecom Services,210.27,50.61,138.9,48.429,0.048,104400.0,18.7,3.7,9.6,5.4,,Low,Significant Controversy Level,3.0,,,,,,,verizon.com,1.15,6.0,,2035.0,-3.71,100.0,1.5,2,Yellow,3,2023,4,3.74,9.59,5.39,18.73,0.3815044125239774
MRVL,"Marvell Technology, Inc.",57,False,,,207.04,236.1,9.45,,,6577.0,,,,,,,,,,,,,,,marvell.com,5.81,3.0,16.9,,,,2.8,0,Green,3,,,,,,,
APH,Amphenol Corporation,58,False,Technology,Electronic Components,206.94,83.92,29.01,3.586,0.262,95000.0,19.6,7.3,4.6,7.6,,Low,Moderate Controversy Level,2.0,,,,,,,amphenol-tcs.com,,,19.4,2025.0,0.57,,2.7,0,Green,2,,,,,,,0.42724181153803426
AMGN,Amgen Inc.,59,False,Healthcare,Drug Manufacturers - General,204.01,377.35,38.1,12.247,0.232,26700.0,22.0,0.7,13.5,7.8,,Medium,Significant Controversy Level,3.0,0.0618,0.036,71.6,1,Chemicals,1.6,amgen.com,1.41,5.0,23.8,2027.0,-0.02,,1.5,2,Yellow,5,2021,3,0.03,13.18,6.5,19.71,0.4412098449383636
CRM,"Salesforce, Inc.",60,False,Technology,Software - Application,203.87,247.72,43.94,9.345,0.084,72682.0,14.9,2.0,7.5,5.4,,Low,Low Controversy Level,1.0,,,,,,,salesforce.com,4.6,9.0,,2050.0,-3.57,100.0,1.4,2,Yellow,5,,,,,,,0.38860800791128053
TMUS,"T-Mobile US, Inc.",61,False,Communication Services,Telecom Services,195.58,182.33,92.19,30.664,0.047,67000.0,24.6,4.2,13.4,7.1,,Medium,Significant Controversy Level,3.0,,,,,,,t-mobile.com,1.47,8.0,24.7,2040.0,-5.56,100.0,1.4,2,Orange,3,2022,3,3.49,13.38,7.47,24.33,0.45859719870807814
QCOM,QUALCOMM Incorporated,62,False,Technology,Semiconductors,194.35,181.97,44.07,11.959,0.187,50000.0,15.4,5.3,4.5,5.6,,Low,Significant Controversy Level,3.0,0.0486,0.0621,-21.8,2,Other,1.1,qualcomm.com,6.06,6.0,15.3,2040.0,-5.56,100.0,1.6,0,Green,6,2022,4,5.45,4.29,7.81,17.55,0.3864674806689685
STX,Seagate Technology Holdings plc,63,False,Technology,Computer Hardware,188.77,830.17,12.2,1.211,0.491,33400.0,10.7,1.6,3.8,5.3,,Low,Low Controversy Level,1.0,,,,,,,seagate.com,0.24,2.0,12.5,2040.0,-2.77,100.0,2.4,0,Green,3,2021,3,1.59,3.8,5.21,10.6,0.3711013341039333
PEP,"PepsiCo, Inc.",64,False,Consumer Defensive,Beverages - Non-Alcoholic,186.06,136.32,96.9,16.913,-0.006,318000.0,22.1,7.3,9.6,5.2,,Medium,Significant Controversy Level,3.0,0.3179,0.2529,25.7,10,Other,3.3,pepsico.com,4.05,6.0,,2040.0,-5.56,100.0,1.7,3,Orange,4,,,,,,,0.4429750150888841
SCHW,The Charles Schwab Corporation,65,False,Financial Services,Capital Markets,185.47,107.25,26.03,3.343,0.052,32600.0,23.3,2.4,8.9,11.9,,Medium,Moderate Controversy Level,2.0,,,,,,,schwab.com,,6.0,23.4,,,,1.7,0,Green,2,2022,2,2.25,10.15,11.59,23.99,0.46203201626272694
DIS,The Walt Disney Company,66,False,Communication Services,Entertainment,183.98,106.55,98.86,16.751,0.037,173250.0,15.7,0.0,9.0,6.7,,Low,Moderate Controversy Level,2.0,0.1083,0.1079,0.3,1,"Natural Gas and Natural Gas Liquids Suppliers,Power Plants",1.1,disney.com,2.21,7.0,35.7,2030.0,-5.25,42.25,2.0,4,Orange,1,,,,,,,0.3871930427402962
ADI,"Analog Devices, Inc.",67,False,Technology,Semiconductors,183.54,378.78,13.88,4.361,-0.248,26000.0,22.9,9.3,6.7,7.0,,Medium,Low Controversy Level,1.0,0.1178,0.1075,9.6,3,Other,8.5,analog.com,5.43,6.0,,2030.0,0.65,,2.9,0,Green,6,,,,,,,0.4559549760110929
DE,Deere & Company,68,False,Industrials,Farm & Heavy Construction Machinery,182.2,675.74,47.93,14.364,-0.168,83000.0,20.0,2.7,10.8,6.5,,Low,Moderate Controversy Level,2.0,0.0451,0.0474,-4.8,1,Other,0.9,,,,,,,,,,,,,,,,,,0.6183491089327109
MCD,McDonald's Corporation,69,False,Consumer Cyclical,Restaurants,178.7,252.53,27.7,13.845,0.027,100000.0,26.0,7.6,12.6,5.8,,Medium,Significant Controversy Level,3.0,,,,,,,,,,,,,,,,,,,,,,,,0.47905236846182464
T,AT&T Inc.,70,False,Communication Services,Telecom Services,178.57,26.06,127.24,42.773,-0.005,148290.0,23.9,3.3,13.9,6.7,,Medium,Significant Controversy Level,3.0,,,,,,,,0.7,8.0,,,,,,,,,,,,,,,0.43061388225133607
GILD,"Gilead Sciences, Inc.",71,False,Healthcare,Drug Manufacturers - General,178.21,143.72,30.46,13.949,0.07,18000.0,23.0,1.0,14.3,7.6,,Medium,Moderate Controversy Level,2.0,,,,,,,gild.com,2.56,7.0,22.4,2030.0,-10.2,100.0,1.3,2,Orange,4,,,,,,,0.4445743724610287
ABT,Abbott Laboratories,72,False,Healthcare,Medical Devices,176.41,101.95,46.59,10.825,0.049,114000.0,24.8,2.3,14.2,8.3,,Medium,Significant Controversy Level,3.0,0.1344,0.1135,18.4,4,Other,2.9,abbott.com,5.05,6.0,23.3,2030.0,0.94,,,2,Orange,5,2021,5,3.02,15.68,10.4,29.1,0.4704021967607816
BLK,"BlackRock, Inc.",73,False,Financial Services,Asset Management,175.42,1079.65,27.3,7.674,0.149,19300.0,18.3,0.9,7.4,10.0,,Low,Moderate Controversy Level,2.0,0.1877,0.1753,7.1,1,Power Plants,6.9,blackwhitedesigns.com,,6.0,,2040.0,1.09,,2.7,3,Yellow,5,,,,,,,0.41504166117360386
NEE,"NextEra Energy, Inc.",74,False,Utilities,Utilities - Regulated Electric,171.7,82.31,28.7,14.578,0.055,16800.0,23.3,9.4,8.3,5.6,,Medium,Moderate Controversy Level,2.0,42.8676,43.0262,-0.4,27,Power Plants,1493.6,nexter.com.py,1.21,5.0,25.3,2025.0,-8.48,100.0,,5,Orange,0,,,,,,,0.6505679434313133
WELL,Welltower Inc.,75,False,Real Estate,REIT - Healthcare Facilities,169.82,235.62,12.76,2.931,0.288,533.0,13.2,4.2,3.5,5.5,,Low,Low Controversy Level,1.0,,,,,,,,,,,,,,,,,,,,,,,,0.3724268752727684
UNP,Union Pacific Corporation,76,False,Industrials,Railroads,168.96,284.4,25.41,12.03,0.025,31052.0,23.5,7.3,10.6,5.6,,Medium,Moderate Controversy Level,2.0,,,,,,,,,,21.6,2050.0,-3.57,100.0,2.8,2,Orange,3,,,,,,,0.6540348862681469
BA,The Boeing Company,77,False,Industrials,Aerospace & Defense,166.33,210.45,94.0,-3.991,-0.015,171000.0,39.6,8.8,22.5,8.3,,High,High Controversy Level,4.0,0.1511,0.1749,-13.6,4,Other,1.6,boeing.com,1.4,5.0,,2050.0,-3.57,100.0,2.3,4,Yellow,3,,,,,,,0.8071521668309436
ETN,Eaton Corporation plc,78,False,Industrials,Specialty Industrial Machinery,165.21,425.37,30.03,5.45,0.079,94000.0,17.9,5.5,6.8,5.7,,Low,Low Controversy Level,1.0,,,,,,,eaton.com,5.39,8.0,,2030.0,0.87,,,0,Green,4,2022,4,5.2,6.72,5.69,17.6,0.6543508967824894
COP,ConocoPhillips,79,False,Energy,Oil & Gas E&P,165.0,137.35,64.46,24.446,-0.079,10000.0,33.9,17.6,8.1,8.3,,High,Moderate Controversy Level,2.0,9.0347,6.5757,37.4,14,Petroleum and Natural Gas Systems,140.2,conocophillips.com,3.97,6.0,15.6,2050.0,0.91,,3.3,3,Yellow,3,2022,4,17.45,9.71,7.73,34.88,0.7270893162155541
WDC,Western Digital Corporation,80,False,Technology,Computer Hardware,161.23,447.18,12.92,2.134,0.048,53000.0,11.4,1.5,3.9,6.1,,Low,Moderate Controversy Level,2.0,,,,,,,westernsouthern.com,2.01,2.0,11.1,2032.0,-1.55,29.93,2.7,0,Green,1,2022,4,2.01,4.07,5.62,11.7,0.3468400433782901
BX,Blackstone Inc.,81,False,Financial Services,Asset Management,159.84,128.51,15.48,3.343,0.541,4735.0,23.4,2.5,9.6,11.3,,Medium,Moderate Controversy Level,2.0,0.0598,0.0546,9.6,1,Gathering & Boosting,3.9,,,,,,,,,,,,,,,,,,0.4642012262549776
PFE,Pfizer Inc.,82,False,Healthcare,Drug Manufacturers - General,157.99,27.72,63.7,18.366,0.312,88000.0,24.6,2.1,12.9,9.6,,Medium,Significant Controversy Level,3.0,0.2258,0.2524,-10.5,3,Chemicals,3.5,pfizer.com,1.67,4.0,18.1,2040.0,-5.56,100.0,1.3,4,Orange,3,,,,,,,0.45813303840959474
UBER,"Uber Technologies, Inc.",83,False,Technology,Software - Application,146.39,71.67,55.23,,,30700.0,,,,,,,,,,,,,,,uber.com,3.47,7.0,25.3,2040.0,-5.5,100.0,2.0,4,Orange,1,,,,,,,
GLW,Corning Incorporated,84,False,Technology,Electronic Components,143.34,166.4,16.96,2.607,0.069,49800.0,16.5,5.5,4.8,6.1,,Low,Moderate Controversy Level,2.0,0.1716,0.2485,-30.9,4,Minerals,10.1,corning.com,2.53,5.0,17.4,2028.0,-5.32,91.55,2.4,0,Green,7,2022,2,7.3,5.24,6.87,19.42,0.39693746940909885
DHR,Danaher Corporation,85,False,Healthcare,Diagnostics & Research,140.7,200.15,25.11,7.511,0.031,61000.0,11.9,1.4,5.2,5.3,,Low,Moderate Controversy Level,2.0,,,,,,,danaher.com,4.97,5.0,10.6,2032.0,0.87,,2.2,0,Green,6,2022,3,1.37,8.23,6.13,15.73,0.3599615231907015
TJX,"The TJX Companies, Inc.",86,False,Consumer Cyclical,Apparel Retail,138.62,126.02,62.36,7.125,0.056,349000.0,14.4,1.9,7.7,4.8,,Low,Moderate Controversy Level,2.0,,,,,,,tjx.com,,,16.1,2040.0,0.88,,3.9,2,Yellow,5,2022,4,1.94,7.35,5.33,14.61,0.38064291037015796
NOW,"ServiceNow, Inc.",87,False,Technology,Software - Application,137.02,132.53,14.73,1.824,0.222,22668.0,16.6,4.0,6.0,6.6,,Low,None Controversy Level,,,,,,,,servicenow.com,9.54,5.0,16.9,2050.0,-3.57,100.0,1.3,0,Green,3,,,,,,,0.40648075535361267
NEM,Newmont Corporation,88,False,Basic Materials,Gold,132.73,126.81,25.77,6.009,0.847,21700.0,20.5,7.1,8.2,5.2,,Medium,Significant Controversy Level,3.0,0.5678,0.5821,-2.5,3,Other,22.0,,1.26,3.0,,,,,1.6,0,Green,1,2022,4,7.8,9.37,5.09,22.26,0.6202800890274454
PLD,"Prologis, Inc.",89,False,Real Estate,REIT - Industrial,131.61,135.18,9.66,5.739,0.068,2574.0,10.3,2.7,2.5,5.0,,Low,Low Controversy Level,1.0,,,,,,,prologis.com,,6.0,11.0,2040.0,-5.56,100.0,1.3,0,Green,5,,,,,,,0.3438563711076668
BKNG,Booking Holdings Inc.,90,False,Consumer Cyclical,Travel Services,130.68,173.92,28.24,7.183,0.089,24000.0,19.2,1.0,10.1,8.1,,Low,Significant Controversy Level,3.0,,,,,,,,5.72,6.0,19.1,2050.0,-3.57,100.0,,1,Yellow,3,2021,3,3.88,9.68,6.31,19.87,0.4236437139900089
VRTX,Vertex Pharmaceuticals Incorporated,91,False,Healthcare,Biotechnology,130.64,515.44,12.59,4.447,0.116,5400.0,22.7,0.8,15.4,6.6,,Medium,Moderate Controversy Level,2.0,,,,,,,vertexinc.com,14.33,4.0,20.3,2024.0,0.7,,1.5,2,Yellow,6,2022,4,0.52,15.88,7.41,23.82,0.4539173908421942
CB,Chubb Limited,92,False,Financial Services,Insurance - Property & Casualty,130.5,338.25,61.9,11.363,0.078,40000.0,23.6,1.5,11.5,10.6,,Medium,Moderate Controversy Level,2.0,,,,,,,,,,,,,,,,,,2022,4,1.65,11.68,10.67,24.01,0.30890572025148477
ISRG,"Intuitive Surgical, Inc.",93,False,Healthcare,Medical Instruments & Supplies,130.41,369.15,11.03,2.505,0.169,13676.0,21.1,3.7,9.6,7.8,,Medium,Low Controversy Level,1.0,,,,,,,intuitivesystems.co.uk,46.22,5.0,20.5,,,,,2,Orange,3,2023,4,3.65,9.58,7.84,21.07,0.44467920597837246
BMY,Bristol-Myers Squibb Company,94,False,Healthcare,Drug Manufacturers - General,130.0,63.64,49.19,19.162,0.084,34100.0,22.7,1.3,14.4,7.1,,Medium,Moderate Controversy Level,2.0,0.0951,0.0843,12.9,2,Chemicals,1.9,,1.17,4.0,14.1,2025.0,0.8,,1.5,3,Orange,4,2021,4,0.03,15.2,7.5,22.73,0.4352045414148246
COF,Capital One Financial Corporation,95,False,Financial Services,Credit Services,127.79,208.3,48.11,3.343,0.064,51300.0,22.5,0.1,12.3,10.1,,Medium,Significant Controversy Level,3.0,,,,,,,capitalone.com,,5.0,22.4,2030.0,-10.16,50.96,1.3,2,Yellow,6,2021,3,0.06,13.46,9.66,23.18,0.45132075867609267
PGR,The Progressive Corporation,96,False,Financial Services,Insurance - Property & Casualty,126.52,217.62,91.02,10.823,0.267,61432.0,20.0,1.5,8.5,10.1,,Medium,Moderate Controversy Level,2.0,,,,,,,progressive.com,,6.0,,2025.0,0.35,,1.5,0,Green,3,2022,4,1.72,8.38,10.96,21.06,0.42533607581693045
CVS,CVS Health Corporation,97,False,Healthcare,Healthcare Plans,121.07,94.66,412.65,14.115,0.06,219000.0,22.0,0.0,15.8,6.2,,Medium,Significant Controversy Level,3.0,,,,,,,,2.12,6.0,,2050.0,-3.57,100.0,1.4,4,Yellow,3,,,,,,,0.41555509183393724
SPGI,S&P Global Inc.,98,False,Financial Services,Financial Data & Stock Exchanges,121.07,410.71,16.12,6.645,0.159,40450.0,13.0,0.0,6.2,6.8,,Low,Low Controversy Level,1.0,,,,,,,,4.46,8.0,13.0,2040.0,0.92,,1.8,0,Green,5,2021,3,1.57,5.77,5.37,12.71,0.3698009909147839
LMT,Lockheed Martin Corporation,99,False,Industrials,Aerospace & Defense,120.98,524.19,77.01,10.226,0.013,122000.0,30.2,8.0,15.1,7.1,,High,Significant Controversy Level,3.0,0.0958,0.0952,0.6,2,Other,1.2,lockheedmartin.com,3.68,6.0,28.5,2030.0,1.02,,,3,Yellow,3,2022,4,5.27,15.93,7.34,28.53,0.7120436468354034
PH,Parker-Hannifin Corporation,100,False,Industrials,Specialty Industrial Machinery,119.77,950.23,21.5,4.962,0.012,62730.0,29.5,9.5,13.8,6.2,,Medium,Moderate Controversy Level,2.0,,,,,,,parker.com,4.17,7.0,,2040.0,-1.6,100.0,3.1,0,Green,2,,,,,,,0.7103936693728685
MDT,Medtronic plc,101,False,Healthcare,Medical Devices,116.35,90.96,37.54,9.013,0.028,95000.0,22.8,1.8,13.4,7.6,,Medium,Significant Controversy Level,3.0,,,,,,,medtronic.com,2.9,7.0,22.5,2030.0,0.9,,,3,Orange,4,2022,4,2.37,12.88,7.64,22.9,0.4897486510309773
MO,"Altria Group, Inc.",102,False,Consumer Defensive,Tobacco,115.18,68.98,20.44,12.216,0.013,6400.0,31.3,6.1,17.6,7.6,,High,Significant Controversy Level,3.0,0.0665,0.0878,-24.3,2,Other,3.3,altria.com,3.87,6.0,31.9,2030.0,-0.28,100.0,1.4,3,Orange,3,,,,,,,0.5145399434179688
FTNT,"Fortinet, Inc.",103,False,Technology,Software - Infrastructure,114.51,156.07,7.53,1.728,0.13,13522.0,18.9,2.5,10.0,6.4,,Low,Low Controversy Level,1.0,,,,,,,fortinet.com,4.85,6.0,18.2,2030.0,0.88,,1.6,0,Green,3,2022,2,1.23,12.19,5.75,19.17,0.4240950312380233
SBUX,Starbucks Corporation,104,False,Consumer Cyclical,Restaurants,112.54,98.74,38.34,6.7,-0.032,381000.0,24.7,5.8,14.6,4.3,,Medium,Significant Controversy Level,3.0,,,,,,,starbucks.com,2.81,8.0,23.5,2030.0,-2.02,97.89,2.1,3,Orange,1,2022,4,6.11,14.41,4.24,24.78,0.46760151081754947
ACN,Accenture plc,105,False,Technology,Information Technology Services,112.54,183.9,73.1,11.066,0.026,742000.0,9.8,0.8,4.6,4.4,,Negligible,Moderate Controversy Level,2.0,,,,,,,accenture.com,7.35,7.0,9.8,2035.0,-7.69,100.0,1.3,3,Orange,4,2020,4,0.76,6.58,5.98,13.32,0.38296240798408376
VLO,Valero Energy Corporation,106,False,Energy,Oil & Gas Refining & Marketing,112.41,390.42,132.43,7.816,-0.152,9886.0,32.6,20.1,7.4,5.0,,High,Moderate Controversy Level,2.0,23.5179,23.331,0.8,27,Other,177.6,,4.88,7.0,31.3,2035.0,0.44,,,4,Yellow,2,2020,2,21.93,9.9,5.41,37.25,0.7143516419991252
MPC,Marathon Petroleum Corporation,107,False,Energy,Oil & Gas Refining & Marketing,111.19,395.93,154.15,10.341,-0.148,18200.0,30.5,17.1,8.1,5.3,,High,Significant Controversy Level,3.0,28.8734,31.8233,-9.3,28,"Petroleum Product Suppliers,Refineries",187.3,,,,31.1,2030.0,-2.61,99.91,,4,Orange,3,2021,4,15.68,7.07,5.3,28.04,0.6910461608970798
LOW,"Lowe's Companies, Inc.",108,False,Consumer Cyclical,Home Improvement Retail,110.43,196.82,90.43,12.433,-0.055,300000.0,11.8,3.3,5.3,3.2,,Low,Moderate Controversy Level,2.0,,,,,,,,3.93,7.0,12.6,2050.0,-3.57,100.0,1.9,2,Yellow,5,,,,,,,0.3524032798540626
BNY,The Bank of New York Mellon Corporation,109,False,,,110.37,162.66,21.42,,,,,,,,,,,,,,,,,,,,,,,,,,,,,,,,,,,
APP,AppLovin Corporation,110,False,,,108.41,323.96,6.83,,,1745.0,,,,,,,,,,,,,,,applovin.com,4.31,8.0,,,,,1.7,0,Green,1,,,,,,,
ADP,"Automatic Data Processing, Inc.",111,False,Industrials,Staffing & Employment Services,106.57,268.26,21.95,5.733,0.071,63000.0,13.8,2.8,5.5,5.5,,Low,Low Controversy Level,1.0,,,,,,,adp.com,2.34,9.0,,2050.0,-3.57,100.0,1.7,0,Green,5,2021,4,0.27,7.09,5.54,12.9,0.3760722947320732
SYK,Stryker Corporation,112,False,Healthcare,Medical Devices,105.7,275.56,25.84,5.693,0.119,52000.0,28.3,4.0,13.2,11.0,,Medium,Moderate Controversy Level,2.0,,,,,,,stryker.com,5.32,7.0,24.6,2024.0,0.88,,,3,Yellow,4,2022,4,4.05,14.52,11.57,30.15,0.5028583680226553
PSX,Phillips 66,113,False,Energy,Oil & Gas Refining & Marketing,103.53,259.47,152.17,5.572,-0.104,14000.0,35.4,20.8,8.8,5.8,,High,Significant Controversy Level,3.0,31.3388,34.4511,-9.0,71,Petroleum and Natural Gas Systems,205.9,,3.75,4.0,,,,,,3,Orange,1,2022,3,16.39,7.0,5.9,29.29,0.7518832821337436
MCK,McKesson Corporation,114,False,Healthcare,Medical Distribution,102.78,880.68,410.98,4.89,0.213,45000.0,15.2,1.6,7.3,6.3,,Low,Significant Controversy Level,3.0,,,,,,,mckesson.com,5.56,6.0,,2032.0,1.02,,1.7,1,Yellow,3,,,,,,,0.3853437100257094
EQIX,"Equinix, Inc.",115,False,Real Estate,REIT - Specialty,102.39,1037.72,9.9,3.353,0.189,13354.0,13.9,3.4,5.3,5.1,,Low,Low Controversy Level,1.0,,,,,,,equinix.com,2.18,6.0,14.1,2030.0,-7.92,68.56,3.0,0,Green,3,2021,3,4.52,5.48,5.49,15.5,0.37853994749719877
FCX,Freeport-McMoRan Inc.,116,False,Basic Materials,Copper,102.06,71.07,25.87,9.9,0.166,27200.0,31.6,15.3,10.0,6.4,,High,High Controversy Level,4.0,0.4682,0.4393,6.6,5,Metals,18.1,fcx.com,,,31.8,2050.0,-0.19,29.15,1.6,4,Orange,1,2022,4,17.21,10.28,5.37,32.87,0.7104448410729214
HOOD,"Robinhood Markets, Inc.",117,False,,,101.21,112.57,4.93,,,,,,,,,,,,,,,,,,,,,,,,,,,,,,,,,,,
CEG,Constellation Energy Corporation,118,False,Utilities,Utilities - Renewable,100.89,284.75,31.27,,,13871.0,,,,,,,,,56.6448,48.3466,17.2,54,Power Plants,1811.5,,1.66,5.0,29.7,,,,1.6,0,Green,3,,,,,,,
ABNB,"Airbnb, Inc.",119,False,Consumer Cyclical,Travel Services,100.34,170.19,13.16,,,6907.0,,,,,,,,,,,,,,,airbnb.com,5.93,5.0,24.3,2030.0,-12.5,100.0,1.3,3,Yellow,1,,,,,,,
SO,The Southern Company,120,False,Utilities,Utilities - Regulated Electric,100.28,87.17,30.18,13.061,0.042,27819.0,33.0,14.7,11.0,7.3,,High,Moderate Controversy Level,2.0,76.718,86.5897,-11.4,54,Power Plants,2542.0,southerncompany.com,,6.0,,2050.0,-2.55,78.34,4.0,4,Yellow,0,,,,,,,0.7277396737245831
ADBE,Adobe Inc.,121,False,Technology,Software - Infrastructure,100.26,252.23,25.97,8.134,0.106,29945.0,13.1,1.9,6.0,5.2,,Low,Moderate Controversy Level,2.0,,,,,,,adobe.com,12.66,8.0,14.9,2035.0,-2.27,,1.4,0,Green,4,2022,4,1.42,5.84,4.64,11.9,0.3710105344835708
CME,CME Group Inc.,122,False,Financial Services,Financial Data & Stock Exchanges,99.08,275.54,6.76,4.21,0.185,3565.0,17.8,2.1,6.5,9.2,,Low,Low Controversy Level,1.0,,,,,,,cmegroup.com,,,17.9,,,,1.7,0,Green,2,2022,4,2.13,6.21,6.24,14.59,0.41058143767126265
VRT,Vertiv Holdings Co,123,False,,,98.97,257.06,11.48,,,,,,,,,,,,,,,,,,,,,,,,,,,,,,,,,,,
USB,U.S. Bancorp,124,False,Financial Services,Banks - Regional,97.91,62.84,27.32,3.343,-0.032,70000.0,30.3,1.8,15.5,13.0,,High,Significant Controversy Level,3.0,,,,,,,,,,,,,,,,,,2020,1,1.54,13.15,12.08,26.78,0.5196187356466246
PWR,"Quanta Services, Inc.",125,False,Industrials,Engineering & Construction,97.81,650.58,32.91,1.869,0.155,52500.0,36.9,12.1,15.7,9.0,,High,Moderate Controversy Level,2.0,,,,,,,quanta-inc.com,4.37,6.0,37.1,,,,3.0,0,Green,6,2021,3,8.79,16.88,10.5,36.17,0.7777958549222239
PNC,"The PNC Financial Services Group, Inc.",126,False,Financial Services,Banks - Regional,97.44,244.24,24.32,3.343,0.017,54441.0,26.1,1.9,13.3,10.8,,Medium,Significant Controversy Level,3.0,,,,,,,,,,,,,,,,,,2021,4,1.77,12.39,8.53,22.7,0.48335832109337495
TT,Trane Technologies plc,127,False,Industrials,Building Products & Equipment,97.36,442.52,22.21,3.691,0.114,40000.0,15.2,4.4,5.7,5.1,,Low,Moderate Controversy Level,2.0,,,,,,,trane.com,5.64,8.0,,,,,,,,,,,,,,,0.6305221799777229
GD,General Dynamics Corporation,128,False,Industrials,Aerospace & Defense,96.15,355.9,54.86,5.403,0.104,111600.0,35.2,9.4,18.9,6.9,,High,Significant Controversy Level,3.0,,,,,,,generaldynamics.com,3.6,7.0,,,,,,0,Green,0,,,,,,,0.7575073298933335
DUK,Duke Energy Corporation,129,False,Utilities,Utilities - Regulated Electric,93.11,119.42,32.8,14.106,0.02,27037.0,27.0,11.5,10.7,4.8,,Medium,Moderate Controversy Level,2.0,72.7761,85.9254,-15.3,49,Power Plants,2218.8,duke-energy.com,0.64,6.0,28.1,2050.0,-3.57,100.0,3.3,2,Orange,3,2022,4,14.49,8.57,4.59,27.66,0.6718948753807693
HCA,"HCA Healthcare, Inc.",130,False,Healthcare,Medical Care Facilities,92.43,426.94,78.01,13.747,0.079,220000.0,28.8,3.9,17.7,7.2,,Medium,Significant Controversy Level,3.0,,,,,,,,,,,,,,,,,,,,,,,,0.48594291192914124
HWM,Howmet Aerospace Inc.,131,False,Industrials,Aerospace & Defense,91.57,229.61,9.12,,,23200.0,,,,,,,,,0.1241,0.1427,-13.0,3,"Other,Waste",13.6,,,,,,,,,,,,,,,,,,
ELV,"Elevance Health, Inc.",132,False,Healthcare,Healthcare Plans,90.81,418.72,201.11,11.348,0.054,104900.0,11.4,0.1,6.0,5.3,,Low,Moderate Controversy Level,2.0,,,,,,,,3.43,7.0,10.6,2050.0,1.12,,1.4,1,Yellow,7,,,,,,,0.3420232501748717
KKR,KKR & Co. Inc.,133,False,,,90.73,101.08,25.83,,,4490.0,,,,,,,,,,,,,,,kkr.com,,3.0,22.0,,,,2.7,2,Orange,1,,,,,,,
CSX,CSX Corporation,134,False,Industrials,Railroads,90.67,48.95,14.51,7.191,0.013,23400.0,21.9,7.0,10.0,4.8,,Medium,Moderate Controversy Level,2.0,,,,,,,csx.com,2.44,5.0,,2029.0,-1.06,50.22,2.9,3,Yellow,4,2022,4,7.45,9.19,3.55,20.2,0.6356275982109942
CMCSA,Comcast Corporation,135,False,Communication Services,Telecom Services,89.43,25.2,124.9,37.286,0.065,186000.0,23.1,4.0,10.9,8.2,,Medium,Moderate Controversy Level,2.0,,,,,,,comcast.net,1.48,7.0,21.8,2035.0,-7.14,11.11,1.4,0,Green,1,2022,4,4.56,12.11,8.07,24.74,0.42476973443534605
WMB,"The Williams Companies, Inc.",136,False,Energy,Oil & Gas Midstream,89.11,72.85,12.32,5.864,0.045,5601.0,21.8,8.7,10.1,3.0,,Medium,Moderate Controversy Level,2.0,0.0406,0.0,,1,Gathering & Boosting,3.3,,,,,,,,,,,,2022,4,9.53,9.79,3.16,22.49,0.6389472397214297
JCI,Johnson Controls International plc,137,False,Industrials,Building Products & Equipment,88.44,146.01,25.0,3.232,-0.095,100000.0,14.4,4.5,4.6,5.4,,Low,Significant Controversy Level,3.0,,,,,,,johnsoncontrols.com,1.63,7.0,17.8,2030.0,0.25,65.99,1.8,3,Orange,5,2022,4,5.13,3.43,5.31,13.87,0.6209596701295044
ICE,"Intercontinental Exchange, Inc.",138,False,Financial Services,Financial Data & Stock Exchanges,88.36,157.4,10.56,5.558,0.173,13226.0,19.8,1.7,9.3,8.8,,Low,Low Controversy Level,1.0,,,,,,,,0.72,6.0,,2032.0,0.84,,1.8,0,Green,2,,,,,,,0.42554386300095504
DASH,"DoorDash, Inc.",139,False,,,87.5,201.95,15.89,,,,,,,,,,,,,,,,,,doordash.com,,,22.0,,,,3.8,2,Yellow,0,,,,,,,
MAR,"Marriott International, Inc.",140,False,Consumer Cyclical,Lodging,87.28,334.69,7.39,4.113,0.066,411000.0,21.4,8.6,9.2,3.7,,Medium,Significant Controversy Level,3.0,,,,,,,marriott.com,3.53,6.0,,,,,2.4,0,Green,0,,,,,,,0.4413101813836519
INTU,Intuit Inc.,141,False,Technology,Software - Application,85.94,321.57,21.45,4.496,0.41,18200.0,16.4,1.0,10.7,4.7,,Low,Moderate Controversy Level,2.0,,,,,,,intuit.com,9.75,7.0,,2050.0,-3.33,,1.3,0,Green,5,2021,3,1.11,9.98,5.62,16.7,0.4021459735602558
WM,"Waste Management, Inc.",142,False,Industrials,Waste Management,85.32,213.46,25.67,6.381,0.079,48000.0,16.6,8.1,5.2,3.3,,Low,Moderate Controversy Level,2.0,11.6505,14.2896,-18.5,225,Waste,453.9,manage.com,3.57,7.0,,2038.0,-4.71,100.0,2.3,2,Yellow,4,,,,,,,0.5958180154495741
UPS,"United Parcel Service, Inc.",143,False,Industrials,Integrated Freight & Logistics,85.32,100.28,89.93,12.008,0.056,500000.0,18.6,4.2,8.9,5.5,,Low,Moderate Controversy Level,2.0,,,,,,,,3.56,6.0,18.6,2035.0,-0.87,46.71,1.9,2,Orange,2,2022,3,4.92,9.45,5.36,19.72,0.6078041540263648
MMM,3M Company,144,False,Industrials,Conglomerates,85.08,164.97,25.18,8.117,0.004,85000.0,37.3,17.2,13.6,6.5,,High,Severe Controversy Level,5.0,1.0071,1.212,-16.9,11,Minerals,40.0,,1.81,4.0,41.3,2040.0,0.47,12.45,2.7,4,Orange,2,2023,3,17.22,13.59,6.54,37.35,0.7694283518902031
MNST,Monster Beverage Corporation,145,False,Consumer Defensive,Beverages - Non-Alcoholic,85.02,43.4,9.22,2.105,0.013,5254.0,29.2,12.1,12.0,5.1,,Medium,Moderate Controversy Level,2.0,,,,,,,monster.com,26.41,8.0,33.0,,,,2.4,0,Green,1,,,,,,,0.510523614511007
EMR,Emerson Electric Co.,146,False,Industrials,Specialty Industrial Machinery,84.89,152.19,18.64,4.614,0.129,67000.0,28.4,8.8,13.1,6.6,,Medium,Low Controversy Level,1.0,,,,,,,emerson.com,4.22,7.0,24.5,2045.0,-4.35,100.0,1.6,0,Green,3,,,,,,,0.6999735925553998
MMC,"Marsh & McLennan Companies, Inc.",147,False,Financial Services,Insurance Brokers,84.42,176.91,27.95,7.246,0.059,85000.0,21.1,0.1,11.3,9.7,,Medium,Moderate Controversy Level,2.0,,,,,,,,3.34,5.0,21.6,2050.0,-3.45,100.0,1.7,0,Green,4,2021,3,0.11,8.36,10.88,19.34,0.4360012660507334
SLB,SLB N.V.,148,False,Energy,Oil & Gas Equipment & Services,83.2,56.06,36.37,8.131,0.102,111000.0,20.3,8.1,6.3,5.9,,Medium,Low Controversy Level,1.0,,,,,,,slb.com,3.21,7.0,20.1,2050.0,-3.57,100.0,1.4,0,Green,3,2022,4,8.1,9.16,6.27,23.53,0.6157002305654672
LITE,Lumentum Holdings Inc.,149,False,,,83.15,927.03,3.01,,,,,,,,,,,,,,,,,,,,,,,,,,,,,,,,,,,
AMT,American Tower Corporation,150,False,Real Estate,REIT - Specialty,82.87,177.85,10.94,6.966,0.048,5643.0,10.9,2.9,2.8,5.2,,Low,Low Controversy Level,1.0,,,,,,,,1.12,7.0,,2035.0,-1.36,100.0,2.2,0,Green,5,2022,4,2.41,3.48,5.01,10.89,0.3457948146868558
HPE,Hewlett Packard Enterprise Company,151,False,Technology,Communication Equipment,82.42,62.09,41.87,4.909,0.101,62000.0,10.7,0.9,4.1,5.6,,Low,Moderate Controversy Level,2.0,,,,,,,hpe.com,0.83,6.0,13.3,2040.0,-5.56,100.0,1.5,2,Yellow,7,,,,,,,0.32993896111037824
MCO,Moody's Corporation,152,False,Financial Services,Financial Data & Stock Exchanges,82.25,474.95,8.16,3.314,0.232,15439.0,15.8,1.6,6.1,8.1,,Low,Moderate Controversy Level,2.0,,,,,,,moodys.com,6.17,8.0,,2050.0,-3.57,100.0,1.3,0,Green,5,,,,,,,0.394746507055515
CTAS,Cintas Corporation,153,False,Industrials,Specialty Business Services,80.63,201.5,11.26,2.45,0.068,44500.0,18.1,3.0,9.2,5.9,,Low,Moderate Controversy Level,2.0,,,,,,,cintas.com,12.28,9.0,17.1,,,,2.4,2,Yellow,3,2022,3,4.1,9.46,6.99,20.54,0.615725902322657
MDLZ,"Mondelez International, Inc.",154,False,Consumer Defensive,Confectioners,79.69,62.44,39.68,7.414,0.019,91000.0,22.0,7.2,9.4,5.4,,Medium,Significant Controversy Level,3.0,,,,,,,mondelezinternational.com,2.41,9.0,,2050.0,-1.28,53.97,2.2,3,Orange,5,2021,3,7.52,10.62,5.16,23.29,0.440153144919254
CDNS,"Cadence Design Systems, Inc.",155,False,Technology,Software - Application,79.69,289.37,5.84,1.45,0.188,11200.0,12.0,2.3,4.9,4.8,,Low,None Controversy Level,,,,,,,,,23.64,6.0,12.0,2040.0,0.71,,1.7,0,Green,1,2021,3,1.14,9.85,5.27,16.26,0.36514025389480254
DDOG,"Datadog, Inc.",156,False,,,79.43,221.21,3.97,,,5200.0,,,,,,,,,,,,,,,datadoghq.com,14.38,7.0,16.7,,,,1.6,0,Green,1,,,,,,,
TRV,"The Travelers Companies, Inc.",157,False,Financial Services,Insurance - Property & Casualty,78.26,375.2,48.98,6.719,0.119,32967.0,20.3,1.0,9.3,10.0,,Medium,Low Controversy Level,1.0,,,,,,,,,,,,,,,,,,2022,4,1.08,8.2,10.53,19.79,0.4208523594320924
REGN,"Regeneron Pharmaceuticals, Inc.",158,False,Healthcare,Biotechnology,78.04,781.49,15.53,4.598,0.106,13677.0,18.0,0.3,11.0,6.7,,Low,Moderate Controversy Level,2.0,,,,,,,regeneron.com,10.88,4.0,,2025.0,0.66,,1.5,1,Yellow,9,2021,3,0.01,13.76,7.54,21.32,0.4106746337831969
SHW,The Sherwin-Williams Company,159,False,Basic Materials,Specialty Chemicals,78.02,323.31,24.41,4.4,0.007,64088.0,29.4,14.3,9.2,5.8,,Medium,Moderate Controversy Level,2.0,,,,,,,sherwin-williams.com,4.11,7.0,29.5,2030.0,0.85,,3.4,0,Green,7,2021,3,12.62,11.06,5.79,29.46,0.7109140663516696
SPG,"Simon Property Group, Inc.",160,False,Real Estate,REIT - Retail,77.71,204.49,6.94,4.353,0.049,2500.0,14.0,3.8,4.0,6.2,,Low,Low Controversy Level,1.0,,,,,,,,,7.0,,2035.0,0.07,17.39,2.0,0,Green,3,2022,4,4.28,4.22,6.05,14.55,0.374767746263524
ECL,Ecolab Inc.,161,False,Basic Materials,Specialty Chemicals,77.42,276.18,16.84,3.539,0.178,48000.0,19.9,8.5,6.1,5.3,,Low,Moderate Controversy Level,2.0,,,,,,,ecolab.com,,,24.7,2050.0,-3.57,100.0,2.0,3,Yellow,4,2022,4,9.48,8.44,6.17,24.09,0.6282548892288096
EOG,"EOG Resources, Inc.",162,False,Energy,Oil & Gas E&P,77.29,147.36,26.72,13.168,-0.039,3050.0,34.2,20.2,6.7,7.3,,High,Low Controversy Level,1.0,5.5413,5.258,5.4,33,Gathering & Boosting,207.4,,5.04,8.0,34.2,,,,,2,Yellow,2,2021,3,19.63,11.04,8.24,38.91,0.7299997828041656
MSI,"Motorola Solutions, Inc.",163,False,Technology,Communication Equipment,77.15,466.16,12.24,3.152,0.092,21000.0,13.1,2.3,5.1,5.8,,Low,Low Controversy Level,1.0,,,,,,,motorola.com,4.17,8.0,13.3,2030.0,1.02,1.58,3.0,0,Green,6,2019,2,1.4,8.55,5.48,15.21,0.3711937499060998
CVNA,Carvana Co.,164,False,,,77.06,69.16,25.06,,,,,,,,,,,,,,,,,,carvana.com,,,16.1,,,,,,,,,,,,,,
CMI,Cummins Inc.,165,False,Industrials,Specialty Industrial Machinery,76.64,556.75,34.71,4.582,0.003,75500.0,19.3,5.6,7.7,5.9,,Low,Moderate Controversy Level,2.0,,,,,,,cummins.com,3.5,8.0,,2030.0,0.2,69.62,2.2,2,Yellow,7,2021,3,4.14,8.04,5.97,18.14,0.6164806417485027
ITW,Illinois Tool Works Inc.,166,False,Industrials,Specialty Industrial Machinery,76.37,267.7,16.47,4.652,-0.016,45000.0,25.3,7.0,11.8,6.5,,Medium,Moderate Controversy Level,2.0,0.0175,0.0091,92.8,1,Other,1.1,illinois.edu,7.96,8.0,23.1,2030.0,0.83,,2.0,0,Green,5,2023,4,7.0,11.78,6.52,25.29,0.6737766499494351
APO,"Apollo Global Management, Inc.",167,False,,,76.17,128.98,35.6,,,2540.0,,,,,,,,,,,,,,,,,7.0,,,,,1.7,2,Yellow,2,,,,,,,
SNPS,"Synopsys, Inc.",168,False,Technology,Software - Infrastructure,76.15,397.38,9.42,1.652,0.127,20300.0,14.4,3.3,6.9,4.2,,Low,None Controversy Level,,,,,,,,synopsys.com,14.5,9.0,14.5,2032.0,0.78,,2.1,0,Green,5,2022,4,2.49,7.16,4.12,13.76,0.3853054574984061
GM,General Motors Company,169,False,Consumer Cyclical,Auto Manufacturers,75.13,85.62,185.53,18.371,0.105,163000.0,28.5,9.8,11.5,7.2,,Medium,High Controversy Level,4.0,0.5722,0.6298,-9.1,14,Other,3.1,gm.com,1.29,7.0,,2035.0,-2.17,84.81,2.2,3,Yellow,3,,,,,,,0.4611773319426492
CI,The Cigna Group,170,False,Healthcare,Healthcare Plans,74.19,280.76,282.38,8.555,0.28,70325.0,11.6,0.0,6.0,5.7,,Low,Moderate Controversy Level,2.0,,,,,,,cigna.com,2.28,7.0,,2030.0,1.02,,1.8,3,Orange,5,,,,,,,0.3472485261114435
FDX,FedEx Corporation,171,False,Industrials,Integrated Freight & Logistics,73.84,311.99,94.72,10.885,0.139,328000.0,19.7,5.7,8.4,5.6,,Low,Moderate Controversy Level,2.0,,,,,,,fedex.com,2.57,7.0,19.5,,,,1.6,2,Orange,3,2023,4,5.66,8.42,5.61,19.68,0.6093305121371717
NOC,Northrop Grumman Corporation,172,False,Industrials,Aerospace & Defense,73.73,518.97,42.89,4.458,0.023,101000.0,27.5,7.8,14.4,5.4,,Medium,Moderate Controversy Level,2.0,0.1102,0.0748,47.3,3,Other,2.6,northropgrumman.com,2.79,6.0,27.9,2035.0,0.95,,3.4,4,Orange,1,,,,,,,0.6921886708228242
ROST,"Ross Stores, Inc.",173,False,Consumer Cyclical,Apparel Retail,73.71,230.74,24.51,2.984,0.071,108000.0,18.2,1.8,10.8,5.7,,Low,Moderate Controversy Level,2.0,,,,,,,,5.3,8.0,17.6,,,,3.9,0,Green,2,,,,,,,0.41225160472116235
NSC,Norfolk Southern Corporation,174,False,Industrials,Railroads,71.94,320.93,12.54,5.888,0.027,20700.0,23.9,8.0,10.5,5.4,,Medium,Significant Controversy Level,3.0,,,,,,,,1.88,5.0,23.9,2034.0,-0.68,48.16,3.5,5,Orange,4,,,,,,,0.6538832072018682
DLR,"Digital Realty Trust, Inc.",175,False,Real Estate,REIT - Specialty,71.22,188.58,6.76,2.338,0.016,3664.0,12.6,2.8,2.8,7.0,,Low,None Controversy Level,,,,,,,,digitalrealty.com,,5.0,46.0,2050.0,-2.58,90.84,3.6,0,Green,3,2022,4,3.23,3.7,6.1,13.02,0.3670769928000176
TGT,Target Corporation,176,False,Consumer Defensive,Discount Stores,70.79,155.83,107.71,9.231,0.027,415000.0,14.4,1.9,7.6,4.9,,Low,Significant Controversy Level,3.0,,,,,,,target.com,3.46,7.0,18.2,2040.0,-5.56,100.0,1.5,2,Yellow,4,2022,4,2.13,7.58,5.06,14.77,0.3650244673274858
WBD,"Warner Bros. Discovery, Inc.",177,False,Communication Services,Entertainment,70.4,28.04,36.12,,,35300.0,,,,,,,,,,,,,,,discovery.com.tn,0.42,5.0,19.9,2030.0,-0.41,,1.9,0,Green,2,,,,,,,
RCL,Royal Caribbean Cruises Ltd.,178,False,Consumer Cyclical,Travel Services,69.57,260.14,18.68,5.642,0.175,98100.0,20.7,8.1,7.7,4.9,,Medium,Significant Controversy Level,3.0,,,,,,,,1.21,7.0,25.7,,,,2.8,2,Yellow,2,,,,,,,0.42970640119166414
ORLY,"O'Reilly Automotive, Inc.",179,False,Consumer Cyclical,Specialty Retail,69.43,85.82,18.57,3.685,0.038,90601.0,12.1,0.1,8.1,3.8,,Low,Low Controversy Level,1.0,,,,,,,,,,,,,,,,,,,,,,,,0.360637374877777
CL,Colgate-Palmolive Company,180,False,Consumer Defensive,Household & Personal Products,69.19,86.8,21.05,4.894,0.024,34000.0,26.2,8.3,11.3,6.5,,Medium,Moderate Controversy Level,2.0,,,,,,,colgate.com,6.98,8.0,,2050.0,-3.57,100.0,1.4,3,Orange,5,,,,,,,0.48092893086536453
HLT,Hilton Worldwide Holdings Inc.,181,False,Consumer Cyclical,Lodging,68.91,306.19,5.1,2.457,0.063,178000.0,17.6,6.1,7.0,4.4,,Low,Moderate Controversy Level,2.0,,,,,,,hilton.com,2.32,8.0,16.9,2030.0,-3.45,,,2,Yellow,2,2021,3,8.04,8.13,3.61,19.78,0.4101687171093965
KMI,"Kinder Morgan, Inc.",182,False,Energy,Oil & Gas Midstream,68.72,30.86,17.96,6.569,-0.053,10891.0,19.0,8.3,7.2,3.5,,Low,Moderate Controversy Level,2.0,11.8254,11.8411,-0.1,224,Petroleum and Natural Gas Systems,658.4,kindermorgan.com,0.84,6.0,18.5,2050.0,-0.32,31.97,3.4,1,Yellow,2,2021,3,8.55,6.06,3.82,18.43,0.6115557132930758
RSG,"Republic Services, Inc.",183,False,Industrials,Waste Management,68.21,222.45,16.89,4.805,0.065,41000.0,20.9,11.2,6.0,3.7,,Medium,Significant Controversy Level,3.0,10.7217,11.1461,-3.8,177,Waste,634.8,republicservices.com,2.79,8.0,19.2,2030.0,-3.23,77.05,3.6,0,Green,6,2021,3,12.11,6.4,3.72,22.22,0.6333984944779194
AEP,"American Electric Power Company, Inc.",184,False,Utilities,Utilities - Regulated Electric,67.14,123.33,22.79,7.258,0.015,16800.0,26.1,12.7,8.1,5.4,,Medium,Moderate Controversy Level,2.0,48.9718,62.7519,-22.0,26,Power Plants,2148.8,aep.com,0.87,5.0,23.2,2050.0,-2.85,84.62,2.4,1,Yellow,3,2023,4,12.66,8.1,5.38,26.14,0.6674380340385342
APD,"Air Products and Chemicals, Inc.",185,False,Basic Materials,Specialty Chemicals,64.9,291.43,12.6,4.297,-0.001,23000.0,12.3,7.4,1.5,3.3,,Low,Low Controversy Level,1.0,14.0729,12.1684,15.7,27,Chemicals,1116.9,airproducts.com,3.07,5.0,14.9,2050.0,-1.73,73.78,,0,Green,5,2023,4,7.42,1.5,3.35,12.26,0.5603456979020014
PCAR,PACCAR Inc,186,False,Industrials,Farm & Heavy Construction Machinery,64.6,122.73,27.82,5.908,-0.052,32400.0,27.6,8.4,11.0,8.3,,Medium,Significant Controversy Level,3.0,,,,,,,paccarfinancial.com,,,,2030.0,-3.05,66.51,2.4,0,Green,3,2021,1,8.31,14.87,9.1,32.28,0.6866049989253704
AON,Aon plc,187,False,Financial Services,Insurance Brokers,64.21,302.69,17.58,,,50000.0,,,,,,,,,,,,,,,aon.com,1.65,6.0,15.4,2032.0,-10.0,100.0,1.3,2,Yellow,3,,,,,,,
ALL,The Allstate Corporation,188,False,Financial Services,Insurance - Property & Casualty,64.15,253.71,70.14,6.193,0.147,53000.0,22.0,1.0,10.1,10.9,,Medium,Moderate Controversy Level,2.0,,,,,,,allstate.com,,6.0,,2050.0,-2.87,100.0,2.3,0,Green,6,,,,,,,0.4359166493256629
HON,Honeywell International Inc.,189,False,Industrials,Conglomerates,64.14,202.36,38.06,9.164,0.056,95000.0,28.6,11.0,10.6,7.0,,Medium,Significant Controversy Level,3.0,0.3816,0.7571,-49.6,8,Chemicals,10.0,honeywell.com,3.78,8.0,,2037.0,-0.97,100.0,,4,Orange,4,,,,,,,0.7022569312034996
TDG,TransDigm Group Incorporated,190,False,Industrials,Aerospace & Defense,63.03,1130.27,10.01,3.888,0.18,15500.0,38.7,12.0,17.7,9.0,,High,Moderate Controversy Level,2.0,,,,,,,transdigm.com,,,38.8,2031.0,1.02,,,2,Yellow,1,2022,1,12.84,17.85,8.29,38.98,0.7909925663917691
BSX,Boston Scientific Corporation,191,False,Healthcare,Medical Devices,62.29,42.98,21.0,4.063,0.193,48000.0,23.1,2.4,11.9,8.9,,Medium,Moderate Controversy Level,2.0,,,,,,,bostonscientific.com,4.67,7.0,23.2,2050.0,-3.57,100.0,3.7,2,Yellow,4,2022,2,2.83,12.86,10.32,26.02,0.45930882977588633
TRGP,Targa Resources Corp.,192,False,Energy,Oil & Gas Midstream,62.24,289.32,16.74,4.022,-0.012,3182.0,33.2,14.2,14.8,4.2,,High,Moderate Controversy Level,2.0,8.4715,6.8504,23.7,47,Petroleum and Natural Gas Systems,506.1,,2.09,7.0,33.2,,,,1.4,0,Green,2,,,,,,,0.735572100040043
MET,"MetLife, Inc.",193,False,Financial Services,Insurance - Life,61.73,96.37,79.4,7.036,0.162,45000.0,16.4,0.7,7.0,8.8,,Low,Moderate Controversy Level,2.0,,,,,,,metlife.com,,5.0,,2030.0,-11.09,100.0,1.5,2,Yellow,5,,,,,,,0.3867342789564845
AJG,Arthur J. Gallagher & Co.,194,False,Financial Services,Insurance Brokers,61.6,240.32,15.11,3.382,0.119,49821.0,21.2,0.1,10.9,10.1,,Medium,Moderate Controversy Level,2.0,,,,,,,,1.03,4.0,21.2,,,,1.7,0,Green,2,2020,3,0.14,11.14,13.56,24.86,0.4402387166182762
TFC,Truist Financial Corporation,195,False,Financial Services,Banks - Regional,61.57,50.4,19.03,,,49218.0,,,,,,,,,,,,,,,truist.com,,2.0,18.3,,,,2.8,0,Green,0,2020,1,2.01,13.02,10.39,25.42,
URI,"United Rentals, Inc.",196,False,Industrials,Rental & Leasing Services,61.57,989.12,16.83,4.542,0.06,26650.0,16.9,5.3,6.1,5.4,,Low,Low Controversy Level,1.0,,,,,,,,3.06,7.0,17.0,2030.0,0.86,,2.6,0,Green,1,,,,,,,0.5955598432819805
OXY,Occidental Petroleum Corporation,197,False,Energy,Oil & Gas E&P,61.44,61.46,23.93,12.931,0.002,12570.0,41.7,25.0,9.7,7.0,,Severe,Moderate Controversy Level,2.0,11.2575,12.5337,-10.2,40,Petroleum and Natural Gas Systems,470.4,oxy.com,,,38.2,2050.0,-2.76,82.89,,3,Yellow,4,2021,1,19.72,10.85,6.61,37.17,0.7802656080898004
TEL,TE Connectivity plc,198,False,Technology,Electronic Components,61.37,211.96,19.32,3.762,0.008,85000.0,14.8,5.8,4.4,4.6,,Low,None Controversy Level,,,,,,,,,4.59,6.0,26.8,2030.0,-11.72,100.0,1.7,0,Green,5,,,,,,,0.42026353317185605
COR,"Cencora, Inc.",199,False,Healthcare,Medical Distribution,61.36,321.57,332.77,4.303,0.147,46000.0,12.8,1.6,5.5,5.7,,Low,Significant Controversy Level,3.0,,,,,,,,4.9,8.0,12.3,2032.0,0.98,,1.7,1,Orange,2,,,,,,,0.35970249926267817
OKE,"ONEOK, Inc.",200,False,Energy,Oil & Gas Midstream,60.91,95.86,39.37,5.612,0.199,4775.0,25.1,10.8,11.0,3.3,,Medium,Low Controversy Level,1.0,3.8861,3.9329,-1.2,39,Petroleum and Natural Gas Systems,98.7,,,,,,,,,,,,,,,,,,0.6666275387633537
MPWR,"Monolithic Power Systems, Inc.",201,False,Technology,Semiconductors,60.67,1234.46,3.27,,,3564.0,,,,,,,,,,,,,,,,,,,,,,,,,,,,,,,,
GWW,"W.W. Grainger, Inc.",202,False,Industrials,Industrial Distribution,60.29,1280.0,18.85,2.837,0.043,23200.0,16.0,4.5,5.6,5.9,,Low,Moderate Controversy Level,2.0,,,,,,,grainger.com,11.1,7.0,15.8,2030.0,1.01,,,0,Green,2,2022,4,3.41,5.48,5.72,14.6,0.5943078043855875
COHR,Coherent Corp.,203,False,,,59.8,305.37,7.12,,,26622.0,,,,,,,,,,,,,,,coherent.com,,,18.6,,,,,,,,,,,,,,
NXP,NXP Semiconductors N.V.,204,False,,,59.67,236.62,13.19,,,,,,,,,,,,0.0775,0.0721,7.6,1,Other,5.9,nxp.com,,,,2027.0,-0.24,15.84,3.2,0,Green,4,,,,,,,
FIX,"Comfort Systems USA, Inc.",205,False,,,59.41,1690.82,11.23,,,15800.0,,,,,,,,,,,,,,,comfortsystemsusa.com,,,31.2,,,,,,,,,,,,,,
TER,"Teradyne, Inc.",206,False,Technology,Semiconductor Equipment & Materials,59.37,379.72,4.46,0.641,0.048,6600.0,17.0,7.1,4.9,5.0,,Low,None Controversy Level,,,,,,,,teradyne.com,15.06,6.0,17.2,2025.0,0.63,,2.1,0,Green,2,,,,,,,0.4063811176301358
CRH,CRH plc,207,False,,,58.91,88.55,38.63,,,78500.0,,,,,,,,,,,,,,,crh.com,,,20.3,2030.0,-2.46,60.13,1.7,0,Green,3,,,,,,,
NUE,Nucor Corporation,208,False,Basic Materials,Steel,58.86,259.43,36.1,4.94,-0.152,32000.0,32.8,9.3,14.7,8.8,,High,Moderate Controversy Level,2.0,5.4974,5.6331,-2.4,26,Metals,152.3,nucor.com,4.97,6.0,32.7,2050.0,-3.57,100.0,2.0,0,Green,2,2022,2,10.07,14.21,9.39,33.66,0.7203605226746951
BKR,Baker Hughes Company,209,False,Energy,Oil & Gas Equipment & Services,58.63,59.06,27.73,,,57000.0,,,,,,,,,,,,,,,bakerhughes.com,1.62,7.0,21.1,2050.0,0.91,,1.6,2,Yellow,2,,,,,,,
AFL,Aflac Incorporated,210,False,Financial Services,Insurance - Life,57.79,115.28,18.07,4.779,-0.404,12785.0,18.3,0.3,9.1,8.9,,Low,Low Controversy Level,1.0,,,,,,,aflac.com,,6.0,18.3,2050.0,-3.57,100.0,1.3,0,Green,5,2022,3,0.47,7.26,9.57,17.3,0.409549636227715
DVN,Devon Energy Corporation,211,False,Energy,Oil & Gas E&P,57.76,50.23,18.78,7.622,-0.102,1900.0,33.8,17.7,8.6,7.5,,High,Moderate Controversy Level,2.0,4.4028,4.9845,-11.7,15,Onshore Oil & Gas Prod.,234.4,devonenergy.com,,,32.6,2050.0,0.92,,4.0,3,Yellow,4,2021,3,16.85,8.61,7.56,33.01,0.6987071938009782
KEYS,"Keysight Technologies, Inc.",212,False,Technology,Scientific & Technical Instruments,57.65,338.64,6.58,1.187,-0.119,15400.0,7.6,1.2,1.8,4.7,,Negligible,Low Controversy Level,1.0,,,,,,,tech-keys.com,5.81,7.0,7.6,2040.0,0.84,,2.6,0,Green,6,,,,,,,0.32321888799485565
PSA,Public Storage,213,False,Real Estate,REIT - Industrial,57.58,296.5,4.91,3.353,0.034,6200.0,13.1,4.7,2.6,5.7,,Low,Low Controversy Level,1.0,,,,,,,publicstorage.com,,,,2025.0,0.35,,2.2,0,Green,2,,,,,,,0.3674610760300753
MRNA,"Moderna, Inc.",214,False,Healthcare,Biotechnology,57.48,143.97,2.23,,,5600.0,,,,,,,,,,,,,,,,,,,,,,,,,,,,,,,,
FANG,"Diamondback Energy, Inc.",215,False,Energy,Oil & Gas E&P,57.4,204.97,16.25,,,1023.0,,,,,,,,,1.757,1.8529,-5.2,1,Onshore Oil & Gas Prod.,108.1,,2.68,4.0,37.9,2030.0,0.78,,,0,Green,4,,,,,,,
D,"Dominion Energy, Inc.",216,False,Utilities,Utilities - Regulated Electric,56.61,64.36,18.12,7.032,0.034,17700.0,26.4,11.9,8.8,5.6,,Medium,Moderate Controversy Level,2.0,29.4146,34.6166,-15.0,39,Power Plants,1623.3,,0.63,7.0,19.5,,,,,,,,,,,,,,0.6686412942824864
FAST,Fastenal Company,217,False,Industrials,Industrial Distribution,56.59,49.32,8.75,1.693,0.035,20935.0,24.7,9.3,8.3,7.1,,Medium,Moderate Controversy Level,2.0,,,,,,,fastenal.com,,,,2050.0,0.01,24.14,3.5,2,Yellow,1,2022,1,10.69,8.66,7.05,26.4,0.6718692133863743
O,Realty Income Corporation,218,False,Real Estate,REIT - Retail,56.28,59.5,6.07,4.486,0.286,418.0,15.5,4.4,5.3,5.7,,Low,Moderate Controversy Level,2.0,,,,,,,,,,,,,,,,,,,,,,,,0.38321946051272765
CTVA,"Corteva, Inc.",219,False,Basic Materials,Agricultural Inputs,55.98,83.9,17.81,,,22500.0,,,,,,,,,0.0828,0.1176,-29.6,2,Chemicals,4.6,,,,,,,,,,,,,,,,,,
F,Ford Motor Company,220,False,Consumer Cyclical,Auto Manufacturers,55.71,13.97,187.97,9.36,0.055,177000.0,22.4,7.4,6.4,8.5,,Medium,Significant Controversy Level,3.0,0.4976,0.625,-20.4,10,Other,2.6,,,,,,,,,,,,,,,,,,0.4212561857882723
AME,"AMETEK, Inc.",221,False,Industrials,Specialty Industrial Machinery,55.45,241.87,7.86,2.138,0.053,21500.0,23.9,8.6,8.5,6.7,,Medium,Low Controversy Level,1.0,,,,,,,ametek.com,5.73,6.0,,,,,2.9,0,Green,2,,,,,,,0.6632492285717054
NKE,"NIKE, Inc.",222,False,Consumer Cyclical,Footwear & Accessories,54.59,36.8,46.4,7.201,-0.104,83700.0,19.6,3.0,10.0,6.7,,Low,Significant Controversy Level,3.0,,,,,,,nike.com,6.0,8.0,18.9,2050.0,-3.57,100.0,1.5,2,Orange,2,,,,,,,0.4240446202153402
CAH,"Cardinal Health, Inc.",223,False,Healthcare,Medical Distribution,54.56,234.57,254.25,2.924,-0.043,47040.0,14.9,1.2,7.3,6.4,,Low,Significant Controversy Level,3.0,,,,,,,,,,,,,,,,,,2021,3,2.45,5.37,4.51,12.33,0.37723653940810836
GRMN,Garmin Ltd.,224,False,Technology,Scientific & Technical Instruments,54.51,282.67,7.67,1.597,0.241,19900.0,20.7,4.8,11.6,4.3,,Medium,Low Controversy Level,1.0,,,,,,,garmin.com,16.27,7.0,20.6,,,,,,,,2021,3,5.87,8.84,4.79,19.5,0.2935374185146802
SRE,Sempra,225,False,Utilities,Utilities - Diversified,54.5,83.34,13.55,4.931,-0.167,16835.0,23.6,10.9,7.8,4.9,,Medium,Moderate Controversy Level,2.0,5.3518,3.5121,52.4,12,Petroleum and Natural Gas Systems,395.0,sempra.com,1.08,7.0,24.7,2030.0,-2.42,37.49,1.8,4,Orange,0,2021,3,14.42,10.08,5.6,30.1,0.654593280026396
STT,State Street Corporation,226,False,Financial Services,Asset Management,53.13,193.4,15.02,3.343,0.201,45871.0,24.1,1.6,12.9,9.5,,Medium,Low Controversy Level,1.0,,,,,,,statestreet.com,,5.0,24.5,2030.0,1.04,,3.1,0,Green,3,2022,4,1.64,11.67,8.34,21.65,0.4548470892982588
DAL,"Delta Air Lines, Inc.",227,False,Industrials,Airlines,52.27,79.91,68.29,8.415,0.012,103000.0,30.3,9.9,14.6,5.8,,High,Moderate Controversy Level,2.0,1.2561,1.5016,-16.4,2,Other,18.4,delta.com,1.24,7.0,9.2,2050.0,-3.57,100.0,2.0,3,Yellow,2,,,,,,,0.6935078094094538
NDAQ,"Nasdaq, Inc.",228,False,Financial Services,Financial Data & Stock Exchanges,50.97,91.19,5.61,2.512,0.311,8568.0,13.1,0.0,5.6,7.4,,Low,Low Controversy Level,1.0,,,,,,,nasdaqomx.com,1.67,6.0,14.8,2050.0,-3.57,100.0,1.5,0,Green,5,2022,4,1.81,4.56,5.56,11.93,0.3687084588264885
VMRK,Vivmark Residential,229,False,,,50.71,65.52,3.09,,,,,,,,,,,,,,,,,,,,,,,,,,,,,,,,,,,
ETR,Entergy Corporation,230,False,Utilities,Utilities - Regulated Electric,50.32,105.33,13.48,4.597,-0.057,12000.0,26.7,14.0,7.3,5.3,,Medium,Moderate Controversy Level,2.0,38.1421,36.4835,4.5,30,Power Plants,2829.5,entergy.com,0.85,6.0,26.1,2050.0,-3.57,100.0,3.3,4,Yellow,2,,,,,,,0.673296528175529
HONA,Honeywell Aerospace Inc.,231,False,,,50.16,158.26,17.92,,,,,,,,,,,,,,,,,,,,,,,,,,,,,,,,,,,
VST,Vistra Corp.,232,False,Utilities,Utilities - Independent Power Producers,49.8,148.38,19.21,,,4870.0,,,,,,,,,86.321,87.1967,-1.0,40,Power Plants,4493.5,,1.26,8.0,,2050.0,-1.83,,,2,Orange,3,,,,,,,
FITB,Fifth Third Bancorp,233,False,Financial Services,Banks - Regional,49.63,54.72,10.1,3.343,-0.03,18657.0,16.8,1.2,8.1,7.5,,Low,Moderate Controversy Level,2.0,,,,,,,,,,,,,,,,,,2022,4,1.39,8.2,9.15,18.73,0.39137193372754664
CIEN,Ciena Corporation,234,False,,,49.57,349.54,6.02,,,8483.0,,,,,,,,,,,,,,,ciena.com,2.29,9.0,15.3,,,,,,,,,,,,,,
AMP,"Ameriprise Financial, Inc.",235,False,Financial Services,Asset Management,49.26,551.69,19.84,3.343,0.119,13800.0,20.3,2.1,7.8,10.3,,Medium,Moderate Controversy Level,2.0,,,,,,,ameriprise.com,,6.0,,,,,2.3,0,Green,1,2023,4,2.33,7.52,11.58,21.44,0.4298226187580381
HUM,Humana Inc.,236,False,Healthcare,Healthcare Plans,49.21,403.47,145.68,3.779,0.113,67600.0,22.5,0.0,16.7,5.7,,Medium,Moderate Controversy Level,2.0,,,,,,,humana.com,4.18,5.0,,2032.0,-1.1,43.87,1.4,2,Yellow,2,,,,,,,0.43929827725085424
EW,Edwards Lifesciences Corporation,237,False,Healthcare,Medical Devices,48.63,84.37,6.51,2.052,0.089,19800.0,18.6,2.9,8.1,7.6,,Low,Low Controversy Level,1.0,,,,,,,edwards.com,14.99,6.0,,2030.0,-7.45,62.73,1.9,0,Green,4,,,,,,,0.41789743665681134
BDX,"Becton, Dickinson and Company",238,False,Healthcare,Medical Instruments & Supplies,48.44,176.34,22.48,5.109,0.069,70000.0,23.8,3.0,13.6,7.1,,Medium,Significant Controversy Level,3.0,,,,,,,dicksmith.com.au,2.39,7.0,24.0,2030.0,0.5,,2.9,0,Green,3,2021,4,3.55,16.17,9.57,29.3,0.45822485349316894
EBAY,eBay Inc.,239,False,Consumer Cyclical,Internet Retail,47.95,107.75,12.01,2.619,0.03,12300.0,17.6,2.7,7.7,7.2,,Low,Moderate Controversy Level,2.0,,,,,,,ebay.com,4.82,7.0,17.4,2035.0,0.81,,3.8,2,Yellow,2,2022,4,0.93,9.33,6.71,16.98,0.4034297714579618
XYZ,"Block, Inc.",240,False,,,47.88,79.21,25.04,,,,,,,,,,,,,,,,,,,,,,,,,,,,,,,,,,,
WAB,Westinghouse Air Brake Technologies Corporation,241,False,Industrials,Railroads,47.84,280.96,11.98,2.11,0.044,29000.0,23.3,5.4,12.0,6.0,,Medium,Moderate Controversy Level,2.0,,,,,,,,3.36,8.0,,2030.0,0.96,,1.4,2,Yellow,3,,,,,,,0.656015171354883
ROK,"Rockwell Automation, Inc.",242,False,Industrials,Specialty Industrial Machinery,47.57,428.39,8.97,1.614,-0.206,29000.0,17.7,5.4,6.6,5.7,,Low,Moderate Controversy Level,2.0,,,,,,,rockwellautomation.com,4.98,8.0,19.1,2030.0,0.54,,2.4,0,Green,3,2021,3,5.51,9.52,6.53,21.56,0.6096700046103429
CARR,Carrier Global Corporation,243,False,Industrials,Building Products & Equipment,47.37,57.39,22.11,,,53000.0,,,,,,,,,,,,,,,,2.21,5.0,18.2,2050.0,-3.57,100.0,1.6,3,Orange,2,,,,,,,
XEL,Xcel Energy Inc.,244,False,Utilities,Utilities - Regulated Electric,47.16,75.5,14.62,5.51,-0.005,11311.0,26.5,12.7,9.3,4.5,,Medium,Moderate Controversy Level,2.0,36.0056,43.2295,-16.7,36,Power Plants,2462.8,xcelenergy.com,0.89,6.0,26.5,,,,3.7,3,Orange,3,,,,,,,0.6716125786677422
AZO,"AutoZone, Inc.",245,False,Consumer Cyclical,Specialty Retail,46.96,2876.75,19.99,4.338,0.09,71400.0,11.0,0.1,7.1,3.8,,Low,Moderate Controversy Level,2.0,,,,,,,autozone.com,2.6,7.0,,2050.0,1.04,,,0,Green,2,,,,,,,0.34694114958455635
VTR,"Ventas, Inc.",246,False,Real Estate,REIT - Healthcare Facilities,46.47,89.99,6.42,1.857,0.08,486.0,12.9,3.4,3.9,5.6,,Low,None Controversy Level,,,,,,,,ventasreit.com,,,12.5,2040.0,-5.56,100.0,2.0,0,Green,5,2022,4,2.75,4.28,5.38,12.4,0.36403102256844644
COIN,"Coinbase Global, Inc.",247,False,,,46.24,175.26,6.04,,,3416.0,,,,,,,,,,,,,,,coinbase.com,0.22,5.0,27.8,,,,1.8,1,Yellow,0,,,,,,,
PYPL,"PayPal Holdings, Inc.",248,False,Financial Services,Credit Services,45.96,53.72,34.13,6.121,0.058,27200.0,17.8,2.8,9.2,5.8,,Low,Moderate Controversy Level,2.0,,,,,,,paypal.com,1.86,7.0,17.7,2040.0,-5.56,100.0,1.3,3,Yellow,5,2021,3,0.22,10.8,6.44,17.45,0.4073278316070442
CMG,"Chipotle Mexican Grill, Inc.",249,False,Consumer Cyclical,Restaurants,45.81,36.2,12.42,2.234,0.13,120000.0,20.7,6.8,9.6,4.3,,Medium,Moderate Controversy Level,2.0,,,,,,,chipotle.com,13.34,7.0,20.7,2030.0,-8.2,100.0,1.8,2,Yellow,4,2021,3,3.97,14.63,5.68,24.28,0.4391931340916458
LHX,"L3Harris Technologies, Inc.",250,False,Industrials,Aerospace & Defense,45.72,245.54,22.93,,,50000.0,,,,,,,,,,,,,,,harriscomputer.com,1.77,5.0,21.1,2026.0,0.9,,2.3,2,Orange,2,,,,,,,
WDAY,"Workday, Inc.",251,False,,,44.75,185.7,10.16,,,18800.0,,,,,,,,,,,,,,,workday.com,5.32,7.0,17.3,2026.0,1.0,,1.6,0,Green,2,,,,,,,
EXC,Exelon Corporation,252,False,Utilities,Utilities - Regulated Electric,44.55,43.16,25.33,7.148,0.029,19962.0,22.9,7.4,9.1,6.4,,Medium,Significant Controversy Level,3.0,0.3012,0.3849,-21.7,4,LDC - Direct Emissions,11.9,exeloncorp.com,0.71,6.0,20.8,2050.0,-1.33,,1.5,2,Yellow,5,,,,,,,0.6327193020627886
ADSK,"Autodesk, Inc.",253,False,Technology,Software - Application,44.39,212.4,7.79,1.396,0.119,,16.8,3.7,8.2,4.9,,Low,None Controversy Level,,,,,,,,autodesk.com,4.04,8.0,16.4,2050.0,-3.27,100.0,1.4,0,Green,5,2022,4,2.73,8.53,4.6,15.86,0.4061132555605555
ARES,Ares Management Corporation,254,False,,,43.48,132.33,5.99,,,2850.0,,,,,,,,,1.4542,1.6325,-10.9,1,Power Plants,242.8,aresmgmt.com,,3.0,19.6,,,,2.3,0,Green,0,,,,,,,
IQV,IQVIA Holdings Inc.,255,False,Healthcare,Diagnostics & Research,43.09,258.17,16.98,2.827,0.043,87000.0,19.1,1.3,10.6,7.2,,Low,Moderate Controversy Level,2.0,,,,,,,,,,,,,,,,,,2021,3,1.47,12.23,7.09,20.79,0.4172295069487991
FERG,Ferguson Enterprises Inc.,256,False,,,43.05,222.54,31.45,,,35000.0,,,,,,,,,,,,,,,,,,15.0,2026.0,0.94,,,2,Yellow,3,,,,,,,
FLEX,Flex Ltd.,257,False,,,42.77,115.78,29.27,,,172000.0,,,,,,,,,,,,,,,flextronics.com,2.37,8.0,9.3,,,,,,,,,,,,,,
KDP,Keurig Dr Pepper Inc.,258,False,Consumer Defensive,Beverages - Non-Alcoholic,42.72,31.39,20.09,,,28100.0,,,,,,,,,,,,,,,drpeppersnapplegroup.com,1.54,7.0,24.5,2030.0,-10.21,100.0,1.9,0,Green,6,,,,,,,
VEEV,Veeva Systems Inc.,259,False,,,42.48,262.4,3.46,,,7172.0,,,,,,,,,,,,,,,veeva.com,17.74,6.0,14.9,,,,1.6,0,Green,1,,,,,,,
ADM,Archer-Daniels-Midland Company,260,False,Consumer Defensive,Farm Products,41.8,86.72,82.1,3.988,-0.117,40213.0,31.8,16.6,10.1,5.0,,High,Significant Controversy Level,3.0,10.5854,11.8837,-10.9,18,Other,128.9,,3.3,6.0,,2035.0,-0.32,100.0,3.6,2,Yellow,7,2021,3,15.91,13.49,4.85,34.25,0.5140661819283929
A,"Agilent Technologies, Inc.",261,False,Healthcare,Diagnostics & Research,41.42,146.93,7.37,1.564,-0.056,18000.0,13.6,1.1,6.4,6.1,,Low,Moderate Controversy Level,2.0,,,,,,,agilent.com,6.6,7.0,,,,,,,,,2021,3,0.87,9.44,6.29,16.6,0.37543974119331935
IBKR,"Interactive Brokers Group, Inc.",262,False,,,41.4,91.37,6.84,,,2932.0,,,,,,,,,,,,,,,interactivebrokers.com,,,26.6,,,,,,,,,,,,,,
PAYX,"Paychex, Inc.",263,False,Industrials,Staffing & Employment Services,41.22,115.8,6.51,2.359,0.025,16000.0,16.7,3.2,7.2,6.4,,Low,Low Controversy Level,1.0,,,,,,,paychex.com,4.16,7.0,16.7,2040.0,1.01,,2.0,0,Green,3,2021,3,0.32,9.32,6.6,16.25,0.40135679850888645
PRU,"Prudential Financial, Inc.",264,False,Financial Services,Insurance - Life,41.16,119.24,65.22,5.557,1.334,40366.0,19.9,0.6,10.0,9.3,,Low,Low Controversy Level,1.0,,,,,,,prudential.com,,6.0,30.7,2050.0,1.15,,2.1,0,Green,5,,,,,,,0.41590687812881594
CBRE,"CBRE Group, Inc.",265,False,Real Estate,Real Estate Services,40.69,140.51,43.71,2.214,0.148,130000.0,8.0,1.5,1.9,4.6,,Negligible,Low Controversy Level,1.0,,,,,,,cbre.com,3.44,5.0,8.1,2040.0,-5.56,100.0,2.7,0,Green,8,2022,4,1.27,2.48,3.24,6.99,0.32452646533053325
MSCI,MSCI Inc.,266,False,Financial Services,Financial Data & Stock Exchanges,40.32,554.61,3.33,1.623,0.159,5858.0,16.3,1.6,7.0,7.7,,Low,Low Controversy Level,1.0,,,,,,,,,,,,,,,,,,2022,3,1.61,5.41,5.39,12.41,0.39984954875651296
MCHP,Microchip Technology Incorporated,267,False,Technology,Semiconductors,40.29,74.2,5.12,1.951,-0.484,22300.0,31.8,15.3,9.2,7.4,,High,Low Controversy Level,1.0,0.4729,0.4084,15.8,3,Other,92.4,microchipindia.com,5.03,7.0,29.8,2040.0,-5.56,100.0,2.5,2,Yellow,2,2021,3,15.07,9.32,8.64,33.03,0.5294293207272054
TTWO,"Take-Two Interactive Software, Inc.",268,False,Communication Services,Electronic Gaming & Multimedia,40.29,215.47,6.69,,,12371.0,,,,,,,,,,,,,,,softwareandtech.com,2.29,3.0,15.6,,,,2.0,0,Green,1,,,,,,,
WAT,Waters Corporation,269,False,Healthcare,Diagnostics & Research,40.12,408.34,4.64,1.008,0.04,7900.0,14.6,1.4,8.2,5.1,,Low,None Controversy Level,,,,,,,,,7.49,5.0,14.6,2025.0,0.43,,2.5,0,Green,1,,,,,,,0.3832773767060564
SYY,Sysco Corporation,270,False,Consumer Defensive,Food Distribution,39.87,83.21,84.55,4.411,0.044,72000.0,15.9,5.4,6.1,4.5,,Low,Moderate Controversy Level,2.0,,,,,,,sysco.com,5.4,7.0,16.5,2030.0,0.92,,3.5,2,Orange,2,2022,4,2.66,4.81,4.66,12.13,0.3836685574799037
IDXX,"IDEXX Laboratories, Inc.",271,False,Healthcare,Diagnostics & Research,39.76,504.7,4.55,1.299,0.066,11000.0,18.7,2.6,7.1,8.9,,Low,Low Controversy Level,1.0,,,,,,,,17.44,7.0,17.8,,,,1.7,2,Yellow,3,2022,4,3.6,7.12,9.96,20.69,0.42000183392640283
LYV,"Live Nation Entertainment, Inc.",272,False,Communication Services,Entertainment,39.64,170.15,26.27,,,14700.0,,,,,,,,,,,,,,,,1.85,5.0,21.3,2030.0,0.08,10.72,2.2,2,Yellow,1,,,,,,,
AIG,"American International Group, Inc.",273,False,Financial Services,Insurance - Diversified,39.39,75.33,26.74,8.501,-0.086,25000.0,24.2,1.6,9.7,12.9,,Medium,Moderate Controversy Level,2.0,,,,,,,,,,,,,,,,,,2021,3,1.94,12.46,14.88,29.29,0.44471113528526873
ED,"Consolidated Edison, Inc.",274,False,Utilities,Utilities - Regulated Electric,39.37,106.42,17.69,5.556,0.057,14592.0,23.8,6.9,10.9,6.1,,Medium,Significant Controversy Level,3.0,2.6978,2.8159,-4.2,9,Power Plants,152.5,,,,21.8,2050.0,-3.57,100.0,1.3,0,Green,3,,,,,,,0.6426868261242804
NTAP,"NetApp, Inc.",275,False,Technology,Computer Hardware,39.14,199.28,7.39,1.582,0.076,,15.4,2.2,7.7,5.5,,Low,Low Controversy Level,1.0,,,,,,,netapp.com,2.66,7.0,15.4,2030.0,-3.83,90.37,1.7,0,Green,4,2022,3,2.61,7.2,6.05,15.87,0.38719408958523693
AXON,"Axon Enterprise, Inc.",276,False,Industrials,Aerospace & Defense,38.94,479.34,3.22,,,3330.0,,,,,,,,,,,,,,,,,,31.4,,,,2.0,0,Green,2,,,,,,,
DHI,"D.R. Horton, Inc.",277,False,Consumer Cyclical,Residential Construction,38.57,137.89,33.35,6.203,-0.048,13450.0,21.0,8.7,6.7,5.7,,Medium,Moderate Controversy Level,2.0,,,,,,,,,,,,,,,,,,2022,1,9.34,7.01,6.03,22.39,0.42452268534040544
YUM,"Yum! Brands, Inc.",278,False,Consumer Cyclical,Restaurants,38.44,140.87,8.72,2.608,0.069,35000.0,20.1,4.5,11.4,4.1,,Medium,Moderate Controversy Level,2.0,,,,,,,yum.com,2.33,9.0,,2050.0,-3.45,100.0,2.9,4,Yellow,3,2022,4,4.25,12.13,4.74,21.12,0.42718805877750854
ROP,"Roper Technologies, Inc.",279,False,Technology,Software - Application,38.42,388.52,8.28,2.733,0.129,16800.0,20.4,4.7,9.7,6.1,,Medium,None Controversy Level,,,,,,,,roperind.com,4.22,6.0,20.3,,,,1.5,0,Green,0,,,,,,,0.4331974900327987
ODFL,"Old Dominion Freight Line, Inc.",280,False,Industrials,Trucking,37.28,178.11,5.6,,,22891.0,,,,,,,,,,,,,,,line6.com,,,16.5,,,,2.9,0,Green,1,,,,,,,
HIG,"The Hartford Insurance Group, Inc.",281,False,Financial Services,Insurance - Property & Casualty,36.94,136.05,29.32,4.254,0.095,18700.0,16.6,1.8,7.2,7.6,,Low,Low Controversy Level,1.0,,,,,,,,,,,,,,,,,,2022,4,1.5,6.22,8.58,16.31,0.38705643445398064
MLM,"Martin Marietta Materials, Inc.",282,False,Basic Materials,Building Materials,36.22,507.36,6.69,1.946,-0.053,9400.0,30.1,16.7,4.8,8.7,,High,Moderate Controversy Level,2.0,3.999,3.9396,1.5,4,Minerals,597.8,martinmarietta.com,,,,2050.0,-1.16,48.97,1.7,0,Green,1,2022,4,18.55,4.86,8.82,32.24,0.7155835701947189
PEG,Public Service Enterprise Group Incorporated,283,False,Utilities,Utilities - Regulated Electric,36.08,72.33,12.54,4.045,0.076,12543.0,27.2,12.5,9.3,5.5,,Medium,Moderate Controversy Level,2.0,0.463,0.5945,-22.1,2,"Other,Petroleum and Natural Gas Systems",36.9,,,,,2046.0,-0.45,29.77,1.7,0,Green,3,,,,,,,0.6849173161920602
TKO,"TKO Group Holdings, Inc.",284,False,,,36.02,190.31,5.3,,,1250.0,,,,,,,,,,,,,,,,1.42,2.0,52.1,,,,,,,,,,,,,,
UAL,"United Airlines Holdings, Inc.",285,False,Industrials,Airlines,35.65,109.82,62.9,7.483,0.025,104500.0,28.6,10.8,12.8,5.0,,Medium,Moderate Controversy Level,2.0,,,,,,,,1.14,7.0,31.8,,,,,,,,,,,,,,0.6757487412145174
EL,The Estée Lauder Companies Inc.,286,False,Consumer Defensive,Household & Personal Products,35.14,97.12,15.05,2.438,-0.045,44020.0,25.5,6.9,11.1,7.5,,Medium,Moderate Controversy Level,2.0,,,,,,,esteelauder.com,3.59,5.0,,2025.0,-1.05,,2.4,3,Yellow,4,,,,,,,0.4708121294887115
KR,The Kroger Co.,287,False,Consumer Defensive,Grocery Stores,34.86,58.49,149.33,8.068,-0.006,414000.0,21.3,6.6,9.1,5.6,,Medium,Significant Controversy Level,3.0,,,,,,,kroger.com,4.47,7.0,,2030.0,0.75,,3.6,3,Orange,1,,,,,,,0.4206796490909548
HSY,The Hershey Company,288,False,Consumer Defensive,Confectioners,34.82,173.32,12.16,2.953,-0.014,18650.0,26.0,10.5,10.4,5.1,,Medium,Significant Controversy Level,3.0,,,,,,,thehersheycompany.com,5.09,7.0,21.9,2030.0,-2.34,100.0,2.1,2,Yellow,3,2021,3,9.72,10.32,5.29,25.34,0.4760155166705814
MTB,M&T Bank Corporation,289,False,Financial Services,Banks - Regional,34.64,237.86,9.45,3.343,0.012,21927.0,26.5,2.6,10.3,13.6,,Medium,Low Controversy Level,1.0,,,,,,,,,,,,,,,,,,2022,3,2.2,12.77,11.19,26.16,0.47716688938253865
NTRS,Northern Trust Corporation,290,False,Financial Services,Asset Management,34.61,187.28,9.09,3.343,0.145,23000.0,23.9,1.9,11.8,10.2,,Medium,Moderate Controversy Level,2.0,,,,,,,,,,,,,,,,,,2020,3,2.24,12.34,10.83,25.41,0.44564070678282525
EME,"EMCOR Group, Inc.",291,False,,,34.43,780.66,18.6,,,38300.0,,,,,,,,,,,,,,,emcorgroup.com,,,33.5,2050.0,-3.57,100.0,3.7,2,Yellow,3,,,,,,,
STLD,"Steel Dynamics, Inc.",292,False,Basic Materials,Steel,34.37,235.98,20.54,2.689,-0.054,12600.0,33.0,10.6,14.4,8.1,,High,Low Controversy Level,1.0,2.5699,2.1961,17.0,11,Metals,125.1,steeldynamics.com,,,31.7,2030.0,-0.46,29.28,2.5,0,Green,3,2020,3,13.41,14.22,6.74,34.37,0.7263801368839464
WEC,"WEC Energy Group, Inc.",293,False,Utilities,Utilities - Regulated Electric,34.32,105.33,10.14,3.489,-0.048,7000.0,27.5,13.4,9.0,5.1,,Medium,Low Controversy Level,1.0,17.9421,20.0888,-10.7,22,Power Plants,1769.4,,,,23.9,,,,,,,,2021,4,17.85,9.24,5.26,32.36,0.6842388617701518
IRM,Iron Mountain Incorporated,294,False,Real Estate,REIT - Specialty,34.29,115.18,7.56,2.002,0.122,27000.0,14.5,5.0,3.7,5.8,,Low,Moderate Controversy Level,2.0,,,,,,,ironmountain.com,0.91,5.0,,2040.0,-5.56,100.0,1.3,0,Green,1,,,,,,,0.37951150963801245
KVUE,Kenvue Inc.,295,False,Consumer Defensive,Household & Personal Products,34.15,17.78,15.41,,,22000.0,,,,,,,,,,,,,,,,,,,,,,,,,,,,,,,,
HBAN,Huntington Bancshares Incorporated,296,False,Financial Services,Banks - Regional,34.06,16.86,9.18,3.343,-0.012,19719.0,21.8,2.0,11.2,8.7,,Medium,Moderate Controversy Level,2.0,,,,,,,huntington.com,,4.0,18.0,2037.0,1.05,,2.3,0,Green,5,2022,4,1.96,10.54,7.79,20.28,0.43106895679616025
EQT,EQT Corporation,297,False,Energy,Oil & Gas E&P,33.82,54.07,9.29,2.601,0.195,881.0,35.7,17.7,10.1,7.9,,High,Low Controversy Level,1.0,0.4464,0.6298,-29.1,4,Onshore Oil & Gas Prod.,48.0,,1.51,5.0,17.1,2025.0,0.8,,,0,Green,0,2021,3,21.03,10.0,8.21,39.24,0.7576983361496293
EXPE,"Expedia Group, Inc.",298,False,Consumer Cyclical,Travel Services,33.71,280.83,15.7,1.72,0.033,17100.0,27.6,4.3,13.3,10.1,,Medium,Moderate Controversy Level,2.0,,,,,,,expedia.com,0.89,7.0,23.0,,,,,3,Yellow,1,,,,,,,0.49191892437949
RJF,"Raymond James Financial, Inc.",299,False,Financial Services,Capital Markets,33.37,172.35,15.24,3.343,0.132,18000.0,27.0,2.3,11.2,13.4,,Medium,Moderate Controversy Level,2.0,,,,,,,raymondjames.com,,6.0,28.0,,,,2.5,0,Green,2,2023,4,1.76,10.8,12.93,25.5,0.4816050397999709
JBL,Jabil Inc.,300,False,Technology,Electronic Components,33.33,318.08,33.59,,,236000.0,,,,,,,,,,,,,,,jabil.com,3.45,7.0,10.8,2025.0,-0.53,,2.1,0,Green,4,,,,,,,
CNC,Centene Corporation,301,False,Healthcare,Healthcare Plans,32.81,66.42,180.3,5.919,0.061,59900.0,19.9,0.1,13.3,6.5,,Low,Moderate Controversy Level,2.0,,,,,,,centene.com,2.8,8.0,17.1,,,,1.5,1,Yellow,2,2023,3,0.09,13.28,6.86,20.25,0.4059953037078661
VMC,Vulcan Materials Company,302,False,Basic Materials,Building Materials,32.75,252.65,8.12,1.986,-0.083,10961.0,29.3,13.4,6.8,9.1,,Medium,Moderate Controversy Level,2.0,,,,,,,vulcanmaterials.com,4.74,9.0,29.0,,,,1.5,1,Yellow,2,2022,4,15.61,4.56,8.98,29.15,0.7090328715127073
ACGL,Arch Capital Group Ltd.,303,False,Financial Services,Insurance - Diversified,32.65,96.09,19.23,,,6400.0,22.5,1.5,10.1,10.9,,Medium,Moderate Controversy Level,2.0,,,,,,,arch.co.uk,,,22.2,2050.0,-3.57,100.0,1.4,0,Green,2,2021,3,2.01,7.78,13.17,22.96,
KMB,Kimberly-Clark Corporation,304,False,Consumer Defensive,Household & Personal Products,32.64,98.15,16.58,3.898,-0.035,41000.0,28.5,10.4,10.4,7.6,,Medium,Moderate Controversy Level,2.0,1.0304,1.0557,-2.4,8,Pulp and Paper,62.1,clarkparsia.com,4.04,8.0,28.6,2030.0,-1.13,45.47,2.0,2,Yellow,5,2021,3,8.11,7.22,6.83,22.16,0.497182045709105
CCI,Crown Castle Inc.,305,False,Real Estate,REIT - Specialty,32.17,75.62,4.16,3.994,-0.009,4700.0,10.1,4.1,1.7,4.3,,Low,None Controversy Level,,,,,,,,,0.67,5.0,13.4,,,,1.7,0,Green,4,,,,,,,0.33573830765702495
BIIB,Biogen Inc.,306,False,Healthcare,Drug Manufacturers - General,32.08,217.15,10.03,2.885,-0.025,7570.0,22.2,0.4,14.5,7.4,,Medium,Significant Controversy Level,3.0,0.0283,0.0296,-4.4,1,Chemicals,2.8,,3.3,4.0,20.8,2045.0,-4.35,100.0,1.3,0,Green,5,2022,4,0.02,13.07,7.82,20.91,0.43543862725470744
HPQ,HP Inc.,307,False,Technology,Computer Hardware,32.0,35.48,59.16,5.045,0.024,58000.0,11.3,0.1,5.1,6.1,,Low,Moderate Controversy Level,2.0,,,,,,,,1.91,7.0,12.3,2040.0,-5.56,100.0,2.0,2,Yellow,4,,,,,,,0.3365892218248423
DXCM,"DexCom, Inc.",308,False,Healthcare,Medical Devices,31.33,83.03,4.97,0.84,0.02,9500.0,24.0,5.3,10.6,8.1,,Medium,Low Controversy Level,1.0,,,,,,,,,,22.6,,,,,0,Green,3,2022,4,5.57,11.43,8.28,25.28,0.4677462902297556
RMD,ResMed Inc.,309,False,Healthcare,Medical Instruments & Supplies,31.23,217.4,5.65,1.632,0.111,,26.4,3.5,12.4,10.4,,Medium,Low Controversy Level,1.0,,,,,,,resmed.com,,,25.3,,,,,2,Yellow,4,2022,4,3.36,12.39,10.68,26.44,0.4854741913578362
CCL,Carnival Corporation Ltd.,310,False,Consumer Cyclical,Travel Services,31.16,22.75,27.31,5.878,0.152,106000.0,24.5,9.4,10.1,5.0,,Medium,Significant Controversy Level,3.0,,,,,,,,,,,,,,,,,,2022,4,10.21,9.77,3.82,23.8,0.4503666851562659
PCG,PG&E Corporation,311,False,Utilities,Utilities - Regulated Electric,30.39,13.8,25.84,9.318,0.009,28010.0,30.4,9.6,15.4,5.4,,High,High Controversy Level,4.0,0.6712,0.7851,-14.5,10,Petroleum and Natural Gas Systems,26.0,,0.46,7.0,31.9,2050.0,-0.25,29.62,,0,Green,3,2022,4,8.41,20.65,6.17,35.23,0.694328817730232
EXR,Extra Space Storage Inc.,312,False,Real Estate,REIT - Industrial,30.37,137.64,3.51,2.261,0.12,7618.0,15.2,4.2,3.7,7.3,,Low,Low Controversy Level,1.0,,,,,,,exr.com,,4.0,15.0,2025.0,0.12,14.71,2.3,0,Green,3,2022,1,3.81,4.28,5.86,13.94,0.38483756404221914
RDDT,"Reddit, Inc.",313,False,,,30.35,157.77,2.78,,,2013.0,,,,,,,,,,,,,,,reddit.com,29.35,1.0,,,,,,,,,,,,,,,
ZTS,Zoetis Inc.,314,False,Healthcare,Drug Manufacturers - Specialty & Generic,30.15,72.97,9.53,3.764,0.11,14100.0,18.8,3.2,6.8,8.7,,Low,Moderate Controversy Level,2.0,,,,,,,zoetis.com,7.7,8.0,15.7,2030.0,-1.15,16.13,1.6,2,Yellow,3,2021,2,1.98,9.39,10.63,21.99,0.4189997939427619
HAL,Halliburton Company,315,False,Energy,Oil & Gas Equipment & Services,29.86,35.84,22.37,5.112,-0.018,49000.0,25.6,9.8,8.9,6.9,,Medium,Moderate Controversy Level,2.0,0.0534,0.0794,-32.8,2,Other,2.4,,,,,,,,,,,,,,,,,,0.6512085141911352
CFG,"Citizens Financial Group, Inc.",316,False,Financial Services,Banks - Regional,29.68,70.48,8.16,3.343,-0.061,17354.0,23.5,2.0,10.1,11.4,,Medium,Moderate Controversy Level,2.0,,,,,,,citizen-systems.com,,5.0,,2035.0,1.02,,1.8,2,Yellow,3,2021,3,1.87,12.49,11.16,25.51,0.4406282102126399
ON,ON Semiconductor Corporation,317,False,Technology,Semiconductors,29.64,76.14,6.2,2.717,-0.192,30000.0,22.4,11.8,5.7,4.9,,Medium,Low Controversy Level,1.0,,,,,,,onsemi.com,5.72,5.0,,2040.0,-5.51,,2.9,0,Green,4,,,,,,,0.44299701000421654
CBOE,"Cboe Global Markets, Inc.",318,False,Financial Services,Financial Data & Stock Exchanges,29.35,281.04,5.06,1.29,0.162,1647.0,21.0,2.7,7.6,10.6,,Medium,Low Controversy Level,1.0,,,,,,,,,,,,,,,,,,2022,3,2.85,7.43,9.19,19.47,0.43595916813158425
WTW,Willis Towers Watson Public Limited Company,319,False,Financial Services,Insurance Brokers,29.31,312.9,10.1,2.581,0.057,48000.0,18.7,0.1,7.8,10.8,,Low,Moderate Controversy Level,2.0,,,,,,,,1.36,7.0,18.7,2050.0,-3.57,100.0,1.5,0,Green,2,,,,,,,0.3443454702548622
KHC,The Kraft Heinz Company,320,False,Consumer Defensive,Packaged Foods,29.17,24.6,24.9,6.446,-0.028,36000.0,33.7,13.5,14.1,6.2,,High,Significant Controversy Level,3.0,,,,,,,kraftfoodsgroup.com,1.15,7.0,34.0,2050.0,-3.57,100.0,2.3,2,Yellow,2,2022,4,13.95,14.4,6.71,35.06,0.5290577860216081
AEE,Ameren Corporation,321,False,Utilities,Utilities - Regulated Electric,29.04,104.96,8.41,3.264,0.056,9372.0,27.2,12.9,9.1,5.3,,Medium,Moderate Controversy Level,2.0,19.7903,24.3149,-18.6,15,Power Plants,2353.2,ameren.com,0.85,5.0,26.3,2050.0,-2.75,,3.5,3,Yellow,2,2022,2,15.2,8.37,5.62,29.18,0.6785171687354159
GEHC,GE HealthCare Technologies Inc.,322,False,Healthcare,Health Information Services,28.88,63.93,21.27,,,51000.0,,,,,,,,,,,,,,,,,,,,,,,,,,,,,,,,
IR,Ingersoll Rand Inc.,323,False,Industrials,Specialty Industrial Machinery,28.3,72.93,7.94,,,18000.0,,,,,,,,,,,,,,,ingersollrand.com,,,,2050.0,0.91,,1.3,0,Green,5,,,,,,,
TDY,Teledyne Technologies Incorporated,324,False,Technology,Scientific & Technical Instruments,27.99,601.42,6.37,,,14900.0,,,,,,,,,,,,,,,,3.34,6.0,35.3,,,,2.8,0,Green,1,,,,,,,
LVS,Las Vegas Sands Corp.,325,False,Consumer Cyclical,Resorts & Casinos,27.74,42.83,13.72,3.863,-0.04,38400.0,18.7,2.3,7.7,8.7,,Low,Moderate Controversy Level,2.0,,,,,,,sands.com,2.42,8.0,21.6,,,,3.9,0,Green,2,2022,4,1.39,7.83,8.54,17.77,0.4102116229338832
CPRT,"Copart, Inc.",326,False,Industrials,Specialty Business Services,27.73,29.95,4.67,1.754,0.072,12000.0,16.0,1.5,9.0,5.6,,Low,Low Controversy Level,1.0,,,,,,,copart.com,,,16.0,,,,,2,Yellow,1,2022,1,2.45,11.3,5.92,19.67,0.59770480365767
FOXA,Fox Corporation,327,False,Communication Services,Entertainment,27.72,65.53,17.13,,,10400.0,,,,,,,,,,,,,,,,,,,,,,,,,,,,,,,,
DTE,DTE Energy Company,328,False,Utilities,Utilities - Regulated Electric,27.59,132.58,16.47,3.448,0.006,9608.0,29.8,15.0,10.0,4.7,,Medium,Moderate Controversy Level,2.0,23.4232,29.2251,-19.9,24,Power Plants,1422.2,dteenergy.com,0.93,5.0,18.6,2050.0,-3.45,100.0,2.9,3,Orange,2,,,,,,,0.700815972254915
ATO,Atmos Energy Corporation,329,False,Utilities,Utilities - Regulated Gas,27.58,163.19,4.92,1.992,0.059,5019.0,34.6,14.8,13.4,6.4,,High,Moderate Controversy Level,2.0,0.7371,0.9126,-19.2,12,LDC - Direct Emissions,149.8,atmosenergy.com,,,,,,,1.9,0,Green,1,2022,4,14.15,13.05,6.58,33.79,0.7496495274896555
DG,Dollar General Corporation,330,False,Consumer Defensive,Discount Stores,27.48,124.58,43.64,3.025,0.042,185800.0,17.6,3.5,8.6,5.5,,Low,Moderate Controversy Level,2.0,,,,,,,dollargeneral.com,2.45,6.0,,,,,2.4,2,Yellow,3,,,,,,,0.38863070397908517
FISV,"Fiserv, Inc.",331,False,,,27.43,51.58,20.87,,,,,,,,,,,,,,,,,,,,,,,,,,,,,,,,,,,
AWK,"American Water Works Company, Inc.",332,False,Utilities,Utilities - Regulated Water,27.36,138.9,5.28,2.408,0.134,6500.0,21.6,9.0,7.6,5.0,,Medium,Low Controversy Level,1.0,,,,,,,amwater.com,,,19.6,2025.0,-0.36,36.73,1.9,0,Green,7,2021,4,13.23,9.74,5.5,28.48,0.6359501429101702
VICI,VICI Properties Inc.,333,False,Real Estate,REIT - Diversified,27.34,24.83,4.1,,,28.0,,,,,,,,,,,,,,,,,,,,,,,,,,,,,,,,
WRB,W. R. Berkley Corporation,334,False,Financial Services,Insurance - Property & Casualty,27.16,69.9,14.9,3.343,0.122,8329.0,21.8,2.0,7.9,11.9,,Medium,Low Controversy Level,1.0,,,,,,,,,,,,,,,,,,2021,3,2.0,8.15,14.57,24.73,0.42971390314163843
ECHO,EchoStar Corporation,335,False,,,27.06,93.14,14.65,,,,,,,,,,,,,,,,,,,,,,,,,,,,,,,,,,,
CTSH,Cognizant Technology Solutions Corporation,336,False,Technology,Information Technology Services,27.03,60.0,21.64,3.47,0.03,344400.0,14.7,1.1,7.6,5.9,,Low,Moderate Controversy Level,2.0,,,,,,,,6.54,7.0,16.5,2050.0,-3.57,100.0,1.3,3,Yellow,5,2022,3,1.11,9.5,5.74,16.35,0.3776334802197169
CPAY,"Corpay, Inc.",337,False,Technology,Software - Infrastructure,26.8,408.22,5.02,,,10500.0,,,,,,,,,,,,,,,,,,,,,,1.7,2,Yellow,2,,,,,,,
FE,FirstEnergy Corp.,338,False,Utilities,Utilities - Regulated Electric,26.69,46.13,15.64,3.924,0.069,12042.0,25.6,10.8,9.0,5.8,,Medium,Significant Controversy Level,3.0,15.3385,18.0502,-15.0,3,Power Plants,980.7,firstenergycorp.com,,6.0,,2050.0,-2.42,75.65,1.9,3,Yellow,3,,,,,,,0.6593745072878394
WSM,"Williams-Sonoma, Inc.",339,False,,,26.65,227.09,8.01,,,19300.0,,,,,,,,,,,,,,,,6.33,8.0,13.4,2030.0,-0.52,96.12,3.4,0,Green,2,,,,,,,
Q,"Qnity Electronics, Inc.",340,False,,,26.44,126.4,5.21,,,,,,,,,,,,,,,,,,q.com,,,,,,,,,,,,,,,,,
VRSN,"VeriSign, Inc.",341,False,Technology,Software - Infrastructure,26.43,292.71,1.71,1.089,0.038,907.0,21.3,4.7,10.8,5.8,,Medium,Low Controversy Level,1.0,,,,,,,verisign.com,-4.88,7.0,20.9,,,,3.0,0,Green,0,,,,,,,0.4396907642696701
SMCI,"Super Micro Computer, Inc.",342,False,Technology,Computer Hardware,26.34,40.1,39.06,,,5126.0,,,,,,,,,,,,,,,supermicro.nl,15.18,4.0,19.5,2034.0,-6.4,100.0,2.8,0,Green,4,,,,,,,
OTIS,Otis Worldwide Corporation,343,False,Industrials,Specialty Industrial Machinery,26.3,68.88,14.91,,,71000.0,,,,,,,,,,,,,,,,3.41,8.0,20.5,,,,1.7,2,Yellow,2,,,,,,,
FOX,Fox Corporation,344,True,Communication Services,Entertainment,26.07,58.18,17.13,,,10400.0,,,,,,,,,,,,,,,fox.com,1.94,7.0,,,,,1.9,4,Orange,0,,,,,,,
CINF,Cincinnati Financial Corporation,345,False,Financial Services,Insurance - Property & Casualty,26.06,169.8,13.95,4.062,0.833,5426.0,25.6,1.8,11.0,12.9,,Medium,Low Controversy Level,1.0,,,,,,,,,6.0,23.3,,,,1.5,0,Green,1,2022,4,1.83,9.42,13.47,24.72,0.4580436190383894
DGX,Quest Diagnostics Incorporated,346,False,Healthcare,Diagnostics & Research,25.94,235.02,11.56,1.805,0.084,50000.0,21.2,0.1,13.1,8.0,,Medium,Significant Controversy Level,3.0,,,,,,,quest.com,3.08,6.0,21.0,,,,2.1,3,Yellow,2,2022,4,0.13,12.67,8.1,20.9,0.43132420762856855
MTD,Mettler-Toledo International Inc.,347,False,Healthcare,Diagnostics & Research,25.92,1289.56,4.13,1.142,0.013,16000.0,13.1,1.0,7.4,4.7,,Low,None Controversy Level,,,,,,,,,,,,2050.0,-3.57,100.0,1.8,0,Green,3,2021,3,0.78,5.71,5.51,12.0,0.37059942577000693
ES,Eversource Energy,348,False,Utilities,Utilities - Regulated Electric,25.81,68.52,14.0,4.149,0.097,10000.0,18.6,4.7,8.6,5.4,,Low,Moderate Controversy Level,2.0,0.2063,0.2558,-19.4,3,LDC - Direct Emissions,14.7,eversource.com,,,,2030.0,-0.57,11.84,1.3,1,Yellow,4,,,,,,,0.5944052099827936
CNP,"CenterPoint Energy, Inc.",349,False,Utilities,Utilities - Regulated Electric,25.76,39.11,9.62,3.082,-0.002,8827.0,28.7,12.9,10.7,5.1,,Medium,Moderate Controversy Level,2.0,4.2335,4.938,-14.3,11,LDC - Direct Emissions,440.1,,0.82,6.0,26.0,2035.0,-2.37,39.24,1.8,2,Orange,1,2021,3,17.79,11.9,5.85,35.53,0.6902304261614793
RF,Regions Financial Corporation,350,False,Financial Services,Banks - Regional,25.67,30.13,7.24,3.343,0.156,20101.0,16.9,1.8,6.7,8.4,,Low,Moderate Controversy Level,2.0,,,,,,,regions.com,,5.0,16.7,2030.0,1.0,,2.4,0,Green,4,,,,,,,0.3864631854097399
PPL,PPL Corporation,351,False,Utilities,Utilities - Regulated Electric,25.65,34.08,9.4,3.276,0.011,6629.0,31.3,17.1,8.9,5.3,,High,Moderate Controversy Level,2.0,26.9191,28.6297,-6.0,9,Power Plants,2863.7,pplweb.com,0.95,6.0,,2050.0,-3.23,92.83,3.5,0,Green,3,,,,,,,0.7140757802219085
DOV,Dover Corporation,352,False,Industrials,Specialty Industrial Machinery,25.46,189.05,8.42,1.766,0.013,25000.0,25.9,8.0,12.5,5.4,,Medium,Low Controversy Level,1.0,,,,,,,dovercorporation.com,,,,2030.0,-0.26,100.0,1.5,0,Green,2,,,,,,,0.6778774554125581
TPL,Texas Pacific Land Corporation,353,False,,,25.46,369.1,0.898,,,,,,,,,,,,,,,,,,,,,,,,,,,,,,,,,,,
JBHT,"J.B. Hunt Transport Services, Inc.",354,False,Industrials,Integrated Freight & Logistics,25.4,269.02,12.7,1.578,-0.03,34718.0,14.8,3.3,6.6,5.0,,Low,Low Controversy Level,1.0,,,,,,,huntsolve.com,,7.0,14.4,,,,2.7,2,Yellow,1,2022,3,3.0,6.01,5.32,14.32,0.5779486527609259
LH,Labcorp Holdings Inc.,355,False,Healthcare,Diagnostics & Research,25.27,311.54,14.35,1.674,0.074,67000.0,19.7,0.4,12.7,6.6,,Low,Moderate Controversy Level,2.0,,,,,,,,,,,,,,,,,,2023,4,0.28,12.13,6.86,19.27,0.4211107306124536
EXPD,"Expeditors International of Washington, Inc.",356,False,Industrials,Integrated Freight & Logistics,25.04,191.43,12.04,1.007,0.37,18403.0,16.6,4.2,7.6,4.8,,Low,Moderate Controversy Level,2.0,,,,,,,expeditors.com,,,16.6,,,,2.0,0,Green,0,2022,4,3.83,7.31,4.96,16.1,0.5977785515480057
XYL,Xylem Inc.,357,False,Industrials,Specialty Industrial Machinery,24.97,106.96,9.13,1.689,0.013,23000.0,18.1,4.3,8.7,5.2,,Low,Low Controversy Level,1.0,,,,,,,xyleminc.com,,,18.0,2050.0,-3.57,100.0,1.3,0,Green,5,2021,3,3.53,7.81,5.11,16.45,0.6115828768071562
PFG,"Principal Financial Group, Inc.",358,False,Financial Services,Asset Management,24.87,116.17,15.69,-0.015,-0.345,19800.0,14.2,0.8,5.8,7.6,,Low,Low Controversy Level,1.0,,,,,,,principal.com,,5.0,,2050.0,-3.57,100.0,1.5,0,Green,1,2021,3,2.11,7.55,10.84,20.5,0.38692095295811124
SYF,Synchrony Financial,359,False,Financial Services,Credit Services,24.72,75.99,9.91,3.343,0.116,20000.0,17.3,0.1,9.9,7.3,,Low,Moderate Controversy Level,2.0,,,,,,,synchro.com.br,,5.0,17.2,,,,1.4,0,Green,3,2021,3,0.13,12.09,7.1,19.33,0.393564521498433
INCY,Incyte Corporation,360,False,Healthcare,Biotechnology,24.62,121.47,5.82,0.08,0.238,2524.0,24.8,1.1,16.3,7.4,,Medium,Low Controversy Level,1.0,,,,,,,incyte.com,5.8,5.0,,,,,2.1,0,Green,3,2022,2,1.0,16.45,6.99,24.45,0.47789243812939725
WST,"West Pharmaceutical Services, Inc.",361,False,Healthcare,Medical Instruments & Supplies,24.37,345.24,3.33,,,10600.0,,,,,,,,,,,,,,,westpharma.com,20.51,6.0,18.3,2030.0,0.49,10.61,2.5,0,Green,2,,,,,,,
HUBB,Hubbell Incorporated,362,False,Industrials,Electrical Equipment & Parts,24.32,464.39,6.22,1.266,0.049,18400.0,19.6,5.6,9.1,4.9,,Low,None Controversy Level,,,,,,,,hubbell.com,,5.0,19.1,2030.0,0.79,,2.9,0,Green,3,,,,,,,0.6252167645281188
NRG,"NRG Energy, Inc.",363,False,Utilities,Utilities - Independent Power Producers,23.85,113.46,33.13,2.193,-0.091,18131.0,32.0,16.8,9.5,5.7,,High,Moderate Controversy Level,2.0,22.4614,30.6433,-26.7,16,Power Plants,678.0,nrgglobal.com,1.63,3.0,,2050.0,-2.7,81.44,,2,Yellow,6,2022,4,17.26,8.95,5.46,31.66,0.7227969020550622
CHTR,"Charter Communications, Inc.",364,False,Communication Services,Telecom Services,23.84,145.77,54.4,21.5,0.016,101100.0,24.7,6.1,10.7,7.9,,Medium,Moderate Controversy Level,2.0,,,,,,,,,,,,,,,,,,2022,4,5.57,13.1,7.76,26.43,0.41161547000324045
DRI,"Darden Restaurants, Inc.",365,False,Consumer Cyclical,Restaurants,23.83,208.64,13.21,1.79,0.01,187384.0,27.5,7.9,15.0,4.6,,Medium,Moderate Controversy Level,2.0,,,,,,,,2.38,6.0,28.0,,,,2.5,0,Green,0,,,,,,,0.48971795516678135
TPR,"Tapestry, Inc.",366,False,Consumer Cyclical,Luxury Goods,23.63,118.49,8.0,1.44,-0.004,12600.0,14.8,1.1,8.6,5.2,,Low,Moderate Controversy Level,2.0,,,,,,,,1.83,7.0,14.5,,,,,,,,2021,3,1.16,7.46,5.05,13.66,0.3772726657300676
BG,Bunge Global SA,367,False,Consumer Defensive,Farm Products,23.52,122.41,91.82,2.486,-0.093,23000.0,32.9,14.4,13.3,5.3,,High,Significant Controversy Level,3.0,,,,,,,,,,,,,,,,,,,,,,,,0.5143454776742357
PPG,"PPG Industries, Inc.",368,False,Basic Materials,Specialty Chemicals,23.45,105.85,16.42,2.87,-0.015,50000.0,25.2,11.0,7.7,6.5,,Medium,Moderate Controversy Level,2.0,0.1986,0.1456,36.4,3,Other,12.1,ppg.com,4.06,7.0,,2030.0,-0.86,,3.2,0,Green,8,2022,4,9.32,7.69,7.43,24.45,0.6664256381725369
ULTA,"Ulta Beauty, Inc.",369,False,Consumer Cyclical,Specialty Retail,23.38,546.78,12.96,1.828,0.009,20000.0,15.6,4.1,7.3,4.3,,Low,Moderate Controversy Level,2.0,,,,,,,,,,,,,,,,,,,,,,,,0.3849246759195223
GPN,Global Payments Inc.,370,False,Industrials,Specialty Business Services,23.36,88.29,10.21,4.356,0.051,27000.0,20.9,3.7,10.7,6.5,,Medium,Low Controversy Level,1.0,,,,,,,globalpaymentsinc.com,1.0,7.0,20.7,2040.0,0.75,,1.6,0,Green,2,2022,4,1.31,10.92,6.95,19.18,0.6214498947965568
FFIV,"F5, Inc.",371,False,Technology,Software - Infrastructure,23.31,411.71,3.31,0.782,0.056,6077.0,17.1,4.1,7.6,5.4,,Low,Low Controversy Level,1.0,,,,,,,,4.08,9.0,17.2,2030.0,0.91,1.92,1.7,0,Green,3,2022,2,1.26,12.49,5.47,19.23,0.40390764507712595
KEY,KeyCorp,372,False,Financial Services,Banks - Regional,23.31,21.84,7.37,3.343,-0.602,16752.0,21.4,1.6,9.2,10.7,,Medium,Low Controversy Level,1.0,,,,,,,,,,,,,,,,,,,,,,,,0.4189112982789616
VLTO,Veralto Corporation,373,False,Industrials,Pollution & Treatment Controls,22.94,94.1,5.7,,,16000.0,,,,,,,,,,,,,,,,,,,,,,,,,,,,,,,,
VRSK,"Verisk Analytics, Inc.",374,False,Industrials,Consulting Services,22.93,175.19,3.14,1.363,0.07,7500.0,17.5,0.1,12.5,5.0,,Low,Low Controversy Level,1.0,,,,,,,analyticsandforecasting.com,8.27,7.0,17.3,,,,1.7,0,Green,6,2021,3,0.11,14.69,6.46,21.25,0.6101569287300855
CASY,"Casey's General Stores, Inc.",375,False,,,22.75,615.47,18.67,,,,,,,,,,,,,,,,,,caseys.com,,,27.6,,,,,,,,,,,,,,
TROW,"T. Rowe Price Group, Inc.",376,False,Financial Services,Asset Management,22.67,106.39,7.59,2.648,0.069,7878.0,16.9,2.4,8.9,5.6,,Low,Low Controversy Level,1.0,,,,,,,,,,,,,,,,,,2021,4,2.14,11.76,6.36,20.25,0.394498307437268
SW,Smurfit Westrock Plc,377,False,,,22.64,42.92,31.33,,,,,,,,,,,,5.842,6.7098,-12.9,26,Pulp and Paper,186.5,,,,,,,,,,,,,,,,,,
FSLR,"First Solar, Inc.",378,False,Technology,Solar,22.46,209.03,5.38,,,6700.0,,,,,,,,,,,,,,,firstsolar.com,4.69,5.0,17.5,2050.0,-3.57,100.0,2.2,2,Yellow,4,,,,,,,
CHD,"Church & Dwight Co., Inc.",379,False,Consumer Defensive,Household & Personal Products,22.33,93.54,6.23,1.33,0.038,5550.0,19.9,6.9,6.3,6.7,,Low,Low Controversy Level,1.0,,,,,,,churchdwight.com,5.66,9.0,21.6,2031.0,-2.28,100.0,1.8,0,Green,10,2022,4,6.53,6.53,6.59,19.66,0.42845144030167515
L,Loews Corporation,380,False,Financial Services,Insurance - Property & Casualty,22.24,108.59,18.69,3.234,0.138,12280.0,16.4,0.6,4.3,11.5,,Low,Moderate Controversy Level,2.0,2.0491,3.2124,-36.2,44,Petroleum and Natural Gas Systems,109.6,,,,,,,,,,,,,,,,,,0.3783133925463383
DLTR,"Dollar Tree, Inc.",381,False,Consumer Defensive,Discount Stores,22.17,118.17,20.07,2.605,0.007,65894.0,20.1,3.3,12.8,4.0,,Medium,Moderate Controversy Level,2.0,,,,,,,,,,20.2,2031.0,0.48,,2.2,3,Yellow,1,2023,4,3.34,10.09,4.04,17.47,0.4124660158759818
PHM,"PulteGroup, Inc.",382,False,Consumer Cyclical,Residential Construction,22.17,117.85,16.41,3.789,0.118,6382.0,21.4,9.2,7.3,4.9,,Medium,Moderate Controversy Level,2.0,,,,,,,,,,26.3,,,,3.1,0,Green,2,2018,3,7.6,8.76,4.96,21.29,0.42356908475724275
BRO,"Brown & Brown, Inc.",383,False,Financial Services,Insurance Brokers,22.15,65.7,6.66,1.528,0.099,16152.0,20.5,0.1,9.8,10.6,,Medium,Low Controversy Level,1.0,,,,,,,,,,20.5,,,,1.7,0,Green,2,,,,,,,0.43353737285731886
EXE,Expand Energy Corporation,384,False,,,21.95,94.83,12.66,,,,,,,,,,,,0.7917,0.3384,133.9,2,Onshore Oil & Gas Prod.,62.5,,,,,,,,,,,,,,,,,,
OMC,Omnicom Group Inc.,385,False,Communication Services,Advertising Agencies,21.68,79.01,22.37,2.421,0.085,75900.0,16.3,0.1,9.3,6.9,,Low,Low Controversy Level,1.0,,,,,,,omnicomgroup.com,1.79,6.0,,2030.0,-5.37,100.0,1.7,0,Green,5,,,,,,,0.3837394351117075
EIX,Edison International,386,False,Utilities,Utilities - Regulated Electric,21.55,56.0,19.42,6.444,0.106,13003.0,27.5,11.0,11.4,5.1,,Medium,Significant Controversy Level,3.0,1.1026,1.2897,-14.5,3,SF6 from Elec. Equip.,56.8,,0.68,6.0,24.8,2045.0,-4.35,100.0,1.3,4,Orange,5,2022,4,10.64,10.99,5.86,27.49,0.6699575078516494
IFF,International Flavors & Fragrances Inc.,387,False,Basic Materials,Specialty Chemicals,21.33,84.11,10.78,1.876,0.037,21500.0,22.7,10.5,5.6,6.6,,Medium,Significant Controversy Level,3.0,0.3071,0.3674,-16.4,7,Other,28.5,iff.com,0.94,4.0,24.3,2040.0,-1.49,63.19,2.4,3,Yellow,3,,,,,,,0.6474225862125949
FICO,Fair Isaac Corporation,388,False,Technology,Software - Application,21.28,985.39,2.39,,,3550.0,,,,,,,,,,,,,,,fico.com,12.46,7.0,20.3,,,,1.9,0,Green,1,,,,,,,
CMS,CMS Energy Corporation,389,False,Utilities,Utilities - Regulated Electric,21.06,67.15,8.81,2.739,0.042,8356.0,21.7,9.6,6.8,5.2,,Medium,Moderate Controversy Level,2.0,16.9891,19.5291,-13.0,14,Power Plants,1928.4,cms.sh.cn,0.97,6.0,21.3,2050.0,-2.9,100.0,2.3,3,Orange,2,2022,4,9.8,5.78,5.52,21.1,0.6307249476124496
DOW,Dow Inc.,390,False,Basic Materials,Chemicals,20.97,29.03,41.32,,,35900.0,,,,,,,,,16.6715,16.1762,3.1,16,Chemicals,403.5,dowchemical.com,2.14,5.0,21.1,2050.0,-3.2,100.0,,4,Yellow,2,,,,,,,
STZ,"Constellation Brands, Inc.",391,False,Consumer Defensive,Beverages - Wineries & Distilleries,20.91,122.45,9.06,3.887,0.029,10600.0,24.7,9.4,10.0,5.2,,Medium,Moderate Controversy Level,2.0,,,,,,,,,,27.0,,,,2.3,0,Green,1,2022,3,9.95,9.76,5.4,25.11,0.4634574835260878
PKG,Packaging Corporation of America,392,False,Consumer Cyclical,Packaging & Containers,20.76,234.4,9.53,1.625,0.127,14900.0,18.6,14.0,1.1,3.6,,Low,Low Controversy Level,1.0,1.4983,1.6098,-6.9,8,"Pulp and Paper,Waste",157.2,,,,,,,,,,,,2022,4,9.78,1.39,3.77,14.94,0.4128304760975408
LYB,LyondellBasell Industries N.V.,393,False,Basic Materials,Specialty Chemicals,20.57,63.69,31.19,4.421,-0.029,20000.0,20.7,13.5,2.1,5.1,,Medium,Moderate Controversy Level,2.0,8.5239,8.0318,6.1,12,Chemicals,273.3,lyondellbasell.com,2.8,6.0,,2050.0,-2.21,100.0,,0,Green,4,2022,4,16.64,2.13,6.02,24.79,0.6147148318463989
STE,STERIS plc,394,False,Healthcare,Medical Devices,20.55,210.76,6.04,,,18000.0,,,,,,,,,,,,,,,steris.com,3.54,6.0,,,,,2.6,0,Green,1,,,,,,,
RL,Ralph Lauren Corporation,395,False,Consumer Cyclical,Apparel Manufacturing,20.2,339.09,8.36,1.06,0.057,14800.0,14.6,1.2,7.8,5.6,,Low,Moderate Controversy Level,2.0,,,,,,,ralphlauren.com,4.48,9.0,,,,,,,,,,,,,,,0.378959325777209
CF,"CF Industries Holdings, Inc.",396,False,Basic Materials,Agricultural Inputs,20.14,133.07,7.74,2.651,0.076,2700.0,29.3,16.2,7.7,5.4,,Medium,Low Controversy Level,1.0,20.5794,20.9855,-1.9,6,"Chemicals,Suppliers of CO2",2658.8,,2.89,6.0,,2050.0,-3.57,100.0,,0,Green,4,,,,,,,0.6901989483250202
NI,NiSource Inc.,397,False,Utilities,Utilities - Regulated Gas,19.86,41.41,6.88,2.325,0.048,7364.0,26.0,12.0,9.2,4.9,,Medium,Significant Controversy Level,3.0,5.0276,9.8739,-49.1,9,LDC - Direct Emissions,730.8,nisource.com,,,,2040.0,-2.36,51.96,1.9,0,Green,4,,,,,,,0.6679950178632947
EFX,Equifax Inc.,398,False,Industrials,Consulting Services,19.85,169.0,6.44,1.698,0.093,15000.0,23.2,0.1,16.3,6.8,,Medium,Significant Controversy Level,3.0,,,,,,,equifax.com,3.47,5.0,23.4,2040.0,-5.56,100.0,1.5,2,Yellow,3,2022,1,0.16,18.63,6.95,25.73,0.6567819772667732
SBAC,SBA Communications Corporation,399,False,Real Estate,REIT - Specialty,19.68,185.02,2.87,1.786,-0.022,1787.0,11.6,3.1,3.2,5.2,,Low,None Controversy Level,,,,,,,,sbasite.com,0.27,7.0,10.4,,,,,,,,2021,3,2.78,7.05,6.44,16.27,0.3517948889484958
FIS,"Fidelity National Information Services, Inc.",400,False,Technology,Information Technology Services,19.67,38.14,12.2,3.571,0.031,60000.0,17.5,4.1,8.2,5.2,,Low,Low Controversy Level,1.0,,,,,,,infor.com,-0.22,6.0,16.1,2025.0,-0.32,,1.7,0,Green,2,2022,2,1.27,11.14,5.73,18.13,0.40297540891458017
AMCR,Amcor plc,401,False,Consumer Cyclical,Packaging & Containers,19.55,42.32,23.51,,,41000.0,,,,,,,,,,,,,,,amcor.com,1.88,7.0,15.2,,,,,,,,,,,,,,
SNA,Snap-on Incorporated,402,False,Industrials,Tools & Accessories,19.42,378.49,5.27,1.48,-0.005,13200.0,30.5,9.0,13.9,7.6,,High,Moderate Controversy Level,2.0,,,,,,,snapon.com,6.42,7.0,27.8,,,,1.4,0,Green,1,,,,,,,0.7155965906547281
CDW,CDW Corporation,403,False,Technology,Information Technology Services,19.23,153.79,23.5,1.996,-0.02,11400.0,9.2,2.5,3.2,3.5,,Negligible,None Controversy Level,,,,,,,,,,,,,,,,,,,,,,,,,0.33033119102994035
LUV,Southwest Airlines Co.,404,False,Industrials,Airlines,19.2,39.24,30.07,1.682,0.053,74695.0,30.7,11.0,13.7,5.9,,High,Moderate Controversy Level,2.0,,,,,,,,1.83,7.0,,2050.0,-2.7,81.57,2.2,4,Orange,1,2022,2,11.29,14.89,6.21,32.39,0.7169878150823343
FDXF,"FedEx Freight Holding Company, Inc.",405,False,,,19.18,128.31,8.8,,,,,,,,,,,,,,,,,,,,,,,,,,,,,,,,,,,
LEN,Lennar Corporation,406,False,Consumer Cyclical,Residential Construction,19.18,79.6,32.74,5.534,0.079,12284.0,25.4,11.3,8.6,5.6,,Medium,Moderate Controversy Level,2.0,,,,,,,lennar.com,,,25.4,,,,3.0,0,Green,1,,,,,,,0.4611514424041228
GIS,"General Mills, Inc.",407,False,Consumer Defensive,Packaged Foods,19.17,35.85,18.42,4.215,-0.012,34000.0,21.1,8.3,8.7,4.1,,Medium,Moderate Controversy Level,2.0,0.0707,0.0692,2.1,2,Other,3.8,generalmills.com,2.99,8.0,27.2,2050.0,-3.57,100.0,1.7,2,Yellow,7,,,,,,,0.4282101219284656
BR,"Broadridge Financial Solutions, Inc.",408,False,Technology,Information Technology Services,19.13,167.74,7.48,1.546,-0.006,14000.0,16.6,4.2,7.5,4.9,,Low,Moderate Controversy Level,2.0,,,,,,,broadridge.com,4.11,8.0,,2025.0,0.83,,2.0,0,Green,6,,,,,,,0.39870609980251165
BBY,"Best Buy Co., Inc.",409,False,Consumer Cyclical,Specialty Retail,19.04,90.8,42.2,2.674,-0.031,85000.0,15.9,2.4,9.1,4.4,,Low,Moderate Controversy Level,2.0,,,,,,,bestbuybusiness.com,4.3,7.0,31.8,2050.0,0.42,54.47,3.1,0,Green,4,2020,1,2.11,5.2,4.6,11.92,0.3791135773635243
VTRS,Viatris Inc.,410,False,Healthcare,Drug Manufacturers - Specialty & Generic,18.96,16.51,14.74,,,33000.0,,,,,,,,,0.026,0.0,,1,Chemicals,1.8,,,,,,,,,,,,,,,,,,
EVRG,"Evergy, Inc.",411,False,Utilities,Utilities - Regulated Electric,18.82,81.62,6.09,,,4658.0,,,,,,,,,23.1091,26.4945,-12.8,14,Power Plants,3794.6,,,,29.7,2045.0,-3.58,85.97,,0,Green,4,,,,,,,
TSN,"Tyson Foods, Inc.",412,False,Consumer Defensive,Farm Products,18.59,52.98,55.69,3.144,0.016,139000.0,35.9,14.0,12.4,9.5,,High,High Controversy Level,4.0,1.8749,1.8354,2.2,34,"Other,Waste",33.7,tyson.com,,,38.1,2050.0,-3.57,100.0,3.7,5,Orange,3,2021,4,12.66,13.47,10.03,36.16,0.5516075800758627
GPC,Genuine Parts Company,413,False,Consumer Cyclical,Auto Parts,18.43,133.68,25.07,2.055,0.025,60000.0,13.7,4.7,5.2,3.8,,Low,Moderate Controversy Level,2.0,,,,,,,,,,13.3,,,,,0,Green,2,2023,4,4.14,5.2,3.79,13.14,0.3628890187975248
IP,International Paper Company,414,False,Consumer Cyclical,Packaging & Containers,18.2,34.36,24.2,1.955,0.016,39000.0,24.5,15.1,4.5,4.8,,Medium,Significant Controversy Level,3.0,5.4044,5.3415,1.2,28,"Pulp and Paper,Waste",223.3,internationalpaper.com,,,,2030.0,-2.77,100.0,3.3,0,Green,6,,,,,,,0.4602883125738627
ESS,"Essex Property Trust, Inc.",415,False,Real Estate,REIT - Residential,18.14,272.67,1.98,1.109,0.076,1747.0,12.4,3.5,2.8,6.1,,Low,Low Controversy Level,1.0,,,,,,,,,6.0,,2030.0,0.66,,3.3,2,Yellow,5,,,,,,,0.362260115925124
GEN,Gen Digital Inc.,416,False,Technology,Software - Infrastructure,18.11,30.26,5.08,1.809,0.031,3400.0,16.9,3.3,8.2,5.4,,Low,Moderate Controversy Level,2.0,,,,,,,,0.93,6.0,15.4,2033.0,0.94,10.68,1.6,0,Green,6,,,,,,,0.3940650877307324
CHRW,"C.H. Robinson Worldwide, Inc.",417,False,Industrials,Integrated Freight & Logistics,17.85,152.78,17.0,0.674,0.07,14990.0,19.3,4.7,9.3,5.3,,Low,Low Controversy Level,1.0,,,,,,,robinrobins.com,6.72,7.0,18.3,2025.0,1.0,,2.0,2,Yellow,4,2022,4,4.89,9.42,5.63,19.94,0.622712630761409
ZBH,"Zimmer Biomet Holdings, Inc.",418,False,Healthcare,Medical Devices,17.83,93.49,8.51,2.557,0.04,18000.0,26.0,3.6,14.5,7.9,,Medium,Moderate Controversy Level,2.0,,,,,,,zimmer.com,3.04,8.0,26.1,2030.0,0.08,31.98,2.5,0,Green,1,2021,3,4.74,17.84,10.35,32.94,0.47073761558394567
NDSN,Nordson Corporation,419,False,Industrials,Specialty Industrial Machinery,17.52,314.47,2.98,0.819,0.02,7700.0,24.9,8.2,11.6,5.1,,Medium,Low Controversy Level,1.0,,,,,,,,5.72,6.0,24.9,2050.0,1.07,,1.9,0,Green,1,2022,2,9.45,12.51,5.6,27.56,0.6691355170383951
LNT,Alliant Energy Corporation,420,False,Utilities,Utilities - Regulated Electric,17.44,67.26,4.43,1.637,0.004,3281.0,21.4,8.5,6.6,6.3,,Medium,None Controversy Level,,13.0233,13.7143,-5.0,18,Power Plants,2939.8,alliant.com,1.1,5.0,17.7,2050.0,-2.64,80.18,,0,Green,3,,,,,,,0.6326584865796248
TSCO,Tractor Supply Company,421,False,Consumer Cyclical,Specialty Retail,17.2,33.01,15.75,1.914,0.016,50000.0,16.1,3.4,8.2,4.5,,Low,Moderate Controversy Level,2.0,,,,,,,,5.7,7.0,21.2,2040.0,0.91,,3.2,0,Green,4,,,,,,,0.39314789671772754
DD,"DuPont de Nemours, Inc.",422,False,Basic Materials,Specialty Chemicals,17.15,126.84,6.99,2.978,0.044,24000.0,28.6,14.7,8.0,5.9,,Medium,Significant Controversy Level,3.0,0.1808,0.1985,-8.9,3,Other,25.9,nemours.org,1.06,7.0,19.5,2050.0,0.12,,,4,Orange,4,,,,,,,0.6975570857442129
BEN,Franklin Templeton Inc.,423,False,Financial Services,Asset Management,17.1,33.65,9.32,1.688,0.113,10100.0,18.3,1.1,9.9,7.3,,Low,Moderate Controversy Level,2.0,,,,,,,franklinsports.com,,4.0,19.8,2050.0,-3.57,100.0,3.2,1,Yellow,2,,,,,,,0.3982169351690656
ROL,"Rollins, Inc.",424,False,Consumer Cyclical,Personal Services,16.71,34.73,3.92,0.758,0.09,19000.0,19.3,1.8,10.6,6.9,,Low,Low Controversy Level,1.0,,,,,,,rollins.com,,,19.3,,,,2.7,0,Green,1,,,,,,,0.4259988217853854
J,Jacobs Solutions Inc.,425,False,Industrials,Engineering & Construction,16.6,140.56,14.22,1.476,0.011,60000.0,22.4,5.3,11.5,5.6,,Medium,Significant Controversy Level,3.0,,,,,,,,3.24,7.0,,,,,,,,,,,,,,,0.6444951703485816
ZBRA,Zebra Technologies Corporation,426,False,Technology,Communication Equipment,16.58,350.37,5.85,,,9750.0,,,,,,,,,,,,,,,zebra.com,3.97,7.0,10.5,2030.0,-0.61,31.47,,0,Green,2,,,,,,,
IEX,IDEX Corporation,427,False,Industrials,Specialty Industrial Machinery,16.53,224.26,3.59,0.863,0.006,8800.0,29.3,10.3,13.7,5.3,,Medium,None Controversy Level,,,,,,,,,,,,,,,,,,,2022,3,8.1,13.0,5.95,27.05,0.7095727009522814
FTV,Fortive Corporation,428,False,Technology,Scientific & Technical Instruments,16.52,54.95,4.32,1.698,0.027,18000.0,34.8,16.1,14.0,4.7,,High,Low Controversy Level,1.0,,,,,,,,,,,,,,,,,,2021,3,15.52,14.16,5.63,35.32,0.5553925195241783
NWS,News Corporation,429,False,Communication Services,Entertainment,16.49,32.67,9.03,,,25000.0,,,,,,,,,,,,,,,newscorp.com,1.73,7.0,,,,,,,,,,,,,,,
NVR,"NVR, Inc.",430,False,Consumer Cyclical,Residential Construction,16.42,6122.92,9.63,2.072,0.06,6300.0,20.3,7.2,7.8,5.2,,Medium,Low Controversy Level,1.0,,,,,,,nvrinc.com,,,,,,,3.0,0,Green,0,,,,,,,0.42721303989389603
INVH,Invitation Homes Inc.,431,False,Real Estate,REIT - Residential,16.33,27.54,2.85,,,1555.0,,,,,,,,,,,,,,,,,,,,,,,,,,,,,,,,
LDOS,"Leidos Holdings, Inc.",432,False,Technology,Information Technology Services,16.17,128.86,17.63,2.057,0.069,47000.0,17.6,3.4,9.0,5.3,,Low,Moderate Controversy Level,2.0,,,,,,,leidos.com,3.16,9.0,17.5,2040.0,0.72,,1.6,1,Yellow,4,2020,3,1.21,12.51,6.71,20.42,0.39998256191532333
NWSA,News Corporation,433,True,Communication Services,Entertainment,15.9,29.44,9.03,1.27,0.031,25000.0,11.5,0.0,4.7,6.7,,Low,Moderate Controversy Level,2.0,,,,,,,,,,,,,,,,,,,,,,,,0.3515364574356198
WY,Weyerhaeuser Company,434,False,Real Estate,REIT - Specialty,15.9,22.06,6.85,1.234,-0.169,9300.0,16.7,9.1,4.2,3.5,,Low,Moderate Controversy Level,2.0,0.0411,0.036,14.3,2,Other,6.0,weyerhaeuser.com,,,16.4,2050.0,-3.57,100.0,2.7,2,Yellow,4,,,,,,,0.39907258627851405
BALL,Ball Corporation,435,False,Consumer Cyclical,Packaging & Containers,15.86,60.5,14.33,2.093,-0.009,16000.0,12.1,7.6,0.8,3.7,,Low,Moderate Controversy Level,2.0,,,,,,,ball.com,2.27,8.0,11.9,2050.0,-3.57,100.0,2.9,0,Green,4,,,,,,,0.34932854912868194
APA,APA Corporation,436,False,Energy,Oil & Gas E&P,15.67,44.73,8.57,5.047,0.104,2271.0,38.8,22.0,8.9,8.0,,High,Moderate Controversy Level,2.0,1.3423,1.4581,-7.9,18,Petroleum and Natural Gas Systems,156.6,apachecorp.com,1.43,7.0,,,,,,0,Green,3,2021,1,21.98,8.88,7.96,38.81,0.7002157506459725
KIM,Kimco Realty Corporation,437,False,Real Estate,REIT - Retail,15.6,23.19,2.19,1.196,0.138,660.0,10.9,2.3,2.6,6.0,,Low,None Controversy Level,,,,,,,,,,,,,,,,,,,,,,,,,0.3466259776638262
HST,"Host Hotels & Resorts, Inc.",438,False,Real Estate,REIT - Hotel & Motel,15.45,22.24,6.23,1.515,0.092,163.0,13.4,3.3,4.6,5.5,,Low,Low Controversy Level,1.0,,,,,,,hosthotels.com,,6.0,,2025.0,-0.09,16.85,3.8,0,Green,1,2021,3,3.74,5.73,4.91,14.37,0.3618654805874513
AKAM,"Akamai Technologies, Inc.",439,False,Technology,Software - Infrastructure,15.35,106.79,4.32,1.118,0.041,10250.0,17.0,3.0,7.1,6.9,,Low,Low Controversy Level,1.0,,,,,,,akamai.com,2.81,5.0,15.0,2050.0,-3.57,100.0,1.6,0,Green,1,2023,4,2.96,7.0,6.82,16.78,0.39922474706234273
SOLV,Solventum Corporation,440,False,Healthcare,Health Information Services,14.89,87.45,8.31,,,22000.0,,,,,,,,,,,,,,,solve100.com,,4.0,35.5,,,,,,,0,,,,,,,
MAA,"Mid-America Apartment Communities, Inc.",441,False,Real Estate,REIT - Residential,14.84,125.62,2.22,1.248,0.017,2427.0,13.1,3.9,3.0,6.3,,Low,Low Controversy Level,1.0,,,,,,,,,,,,,,,,,,2021,3,6.03,7.12,5.61,18.76,0.3669268813015657
DOC,"Healthpeak Properties, Inc.",442,False,Real Estate,REIT - Healthcare Facilities,14.26,20.3,2.95,,,193.0,,,,,,,,,,,,,,,hcbhealth.com,,,,2033.0,-0.77,100.0,2.6,0,Green,6,,,,,,,
EG,"Everest Group, Ltd.",443,False,Financial Services,Insurance - Reinsurance,14.25,369.26,16.83,,,2844.0,18.0,1.4,6.7,9.9,,Low,Low Controversy Level,1.0,,,,,,,eg.dk,,6.0,,2050.0,-3.57,100.0,1.4,0,Green,3,,,,,,,
IVZ,Invesco Ltd.,444,False,Financial Services,Asset Management,14.25,32.25,6.9,1.053,0.051,8527.0,22.8,0.7,11.0,11.0,,Medium,Moderate Controversy Level,2.0,,,,,,,,,,,,,,,,,,2021,3,1.8,12.93,10.41,25.14,0.4406372352145207
PTC,PTC Inc.,445,False,Technology,Software - Application,14.19,130.78,2.95,0.698,0.146,7438.0,18.9,4.9,8.6,5.4,,Low,None Controversy Level,,,,,,,,ptc.com,4.49,4.0,,2050.0,-3.57,100.0,1.4,0,Green,1,2021,3,1.26,12.1,5.91,19.26,0.4228918833065929
AIZ,"Assurant, Inc.",446,False,Financial Services,Insurance - Specialty,13.93,281.33,13.46,1.242,0.07,13600.0,24.1,1.6,10.8,11.7,,Medium,Moderate Controversy Level,2.0,,,,,,,assurant.com,,7.0,23.9,2030.0,0.94,,1.4,0,Green,5,2021,2,1.34,10.54,13.14,25.01,0.455166127867585
TXT,Textron Inc.,447,False,Industrials,Aerospace & Defense,13.93,81.0,15.3,1.645,0.025,35000.0,33.6,10.9,16.1,6.6,,High,Moderate Controversy Level,2.0,0.0556,0.0666,-16.5,2,Metals,3.6,textron.com,2.84,8.0,21.4,2050.0,-3.57,100.0,,2,Yellow,2,2021,4,9.8,18.25,7.34,35.39,0.7373338816659456
REG,Regency Centers Corporation,448,False,Real Estate,REIT - Retail,13.92,74.62,1.69,0.918,0.089,492.0,11.7,3.7,3.2,4.8,,Low,None Controversy Level,,,,,,,,,,,,,,,,,,,,,,,,,0.3547394747504984
RVTY,"Revvity, Inc.",449,False,Healthcare,Diagnostics & Research,13.87,124.31,2.91,0.788,0.02,11000.0,16.7,0.8,10.1,5.8,,Low,Moderate Controversy Level,2.0,,,,,,,,2.45,5.0,17.1,,,,1.9,2,Yellow,3,,,,,,,0.3997245738472268
ALB,Albemarle Corporation,450,False,Basic Materials,Specialty Chemicals,13.87,117.52,5.91,-0.935,-0.414,9000.0,26.6,15.4,4.8,6.3,,Medium,Moderate Controversy Level,2.0,0.2297,0.2426,-5.3,3,Chemicals,38.9,,2.54,5.0,,2030.0,0.38,,,1,Yellow,5,2021,3,19.09,8.97,8.77,36.83,0.6944354038251633
MKC,"McCormick & Company, Incorporated",451,False,Consumer Defensive,Packaged Foods,13.8,51.32,7.39,1.27,-0.003,13800.0,26.1,9.6,11.1,5.3,,Medium,Moderate Controversy Level,2.0,,,,,,,mccormick.com,2.66,7.0,27.1,2050.0,-3.57,100.0,1.7,0,Green,4,2021,3,9.03,14.1,5.27,28.4,0.4808409970475115
TYL,"Tyler Technologies, Inc.",452,False,Technology,Software - Application,13.79,336.67,2.43,,,7305.0,,,,,,,,,,,,,,,tylertech.com,8.46,8.0,19.5,,,,1.6,0,Green,3,,,,,,,
SWK,"Stanley Black & Decker, Inc.",453,False,Industrials,Tools & Accessories,13.48,89.24,15.25,1.664,-0.051,50000.0,25.3,5.0,12.5,7.8,,Medium,Moderate Controversy Level,2.0,,,,,,,stanleyblackanddecker.com,1.76,5.0,,2030.0,0.28,,1.4,0,Green,5,2021,4,5.72,12.55,8.47,26.74,0.6628668063559391
MAS,Masco Corporation,454,False,Industrials,Building Products & Equipment,13.46,68.26,7.62,1.494,0.002,18000.0,22.2,9.7,5.6,6.8,,Medium,Low Controversy Level,1.0,,,,,,,masco.com,,,,2030.0,0.91,,2.1,0,Green,6,,,,,,,0.64192892358989
TRMB,Trimble Inc.,455,False,Technology,Scientific & Technical Instruments,13.45,57.66,3.78,0.738,-0.085,12700.0,12.4,3.8,3.4,5.2,,Low,None Controversy Level,,,,,,,,trimble.com,2.64,6.0,11.0,2030.0,0.9,,2.1,0,Green,2,2020,3,2.79,4.25,5.26,12.3,0.36481097851600863
SWKS,"Skyworks Solutions, Inc.",456,False,Technology,Semiconductors,13.29,88.35,4.01,1.136,-0.159,9750.0,28.0,11.8,8.9,7.2,,Medium,Low Controversy Level,1.0,0.0241,0.0337,-28.5,1,Other,6.0,,6.77,6.0,24.9,,,,2.9,0,Green,3,2022,4,13.82,9.32,8.2,31.34,0.4942279438299136
CRL,"Charles River Laboratories International, Inc.",457,False,Healthcare,Diagnostics & Research,13.28,276.83,4.0,,,20400.0,,,,,,,,,,,,,,,,,,,,,,,,,,,,,,,,
GL,Globe Life Inc.,458,False,Financial Services,Insurance - Life,13.15,170.85,6.19,1.496,0.052,3636.0,20.4,1.6,8.3,10.5,,Medium,Moderate Controversy Level,2.0,,,,,,,globe.com.ph,,7.0,,,,,1.5,0,Green,2,,,,,,,0.4155584938497707
ALLE,Allegion plc,459,False,Industrials,Security & Protection Services,13.04,153.35,4.29,0.888,0.054,12200.0,21.8,10.9,5.8,5.0,,Medium,None Controversy Level,,,,,,,,allegion.com,,,21.6,,,,,0,Green,3,,,,,,,0.6825318873415367
SJM,The J. M. Smucker Company,460,False,Consumer Defensive,Packaged Foods,12.94,121.14,9.16,1.978,0.177,5800.0,30.5,12.9,12.0,5.6,,High,Moderate Controversy Level,2.0,,,,,,,smucker.com,,,28.6,2030.0,-0.18,99.39,2.5,0,Green,6,2022,4,12.36,12.42,6.17,30.95,0.5021654108835094
HAS,"Hasbro, Inc.",461,False,Consumer Cyclical,Leisure,12.91,91.54,4.97,0.772,-0.148,5502.0,7.1,0.0,2.9,4.2,,Negligible,Moderate Controversy Level,2.0,,,,,,,hasbro.com,1.52,4.0,,2050.0,-3.57,100.0,1.5,0,Green,7,,,,,,,0.31053395876465845
AVY,Avery Dennison Corporation,462,False,Consumer Cyclical,Packaging & Containers,12.84,170.38,9.25,1.416,0.041,35000.0,16.1,11.4,0.9,3.7,,Low,Low Controversy Level,1.0,,,,,,,averydennison.com,3.9,7.0,14.7,2030.0,0.29,34.88,2.0,0,Green,4,2021,3,12.19,1.93,4.0,18.12,0.38894444496926023
ERIE,Erie Indemnity Company,463,False,,,12.81,245.03,4.12,,,,,,,,,,,,,,,,,,,,,,,,,,,,,,,,,,,
LII,Lennox International Inc.,464,False,,,12.65,366.04,5.3,,,12600.0,,,,,,,,,,,,,,,lennoxintl.com,8.19,6.0,20.4,2034.0,-1.59,97.94,1.7,0,Green,2,,,,,,,
GDDY,GoDaddy Inc.,465,False,,,12.42,98.07,5.1,,,6159.0,,,,,,,,,,,,,,,godaddy.com,1.55,6.0,20.3,2025.0,0.44,,1.9,0,Green,5,,,,,,,
CSGP,"CoStar Group, Inc.",466,False,Real Estate,Real Estate Services,12.34,30.46,3.56,0.17,0.109,6152.0,21.9,4.9,9.3,7.7,,Medium,Low Controversy Level,1.0,,,,,,,,,5.0,21.6,,,,1.8,0,Green,0,2023,2,5.16,11.23,8.04,24.42,0.45278718333301016
BAX,Baxter International Inc.,467,False,Healthcare,Medical Instruments & Supplies,12.3,24.07,11.47,2.744,0.038,60000.0,23.6,2.8,13.6,7.1,,Medium,Significant Controversy Level,3.0,0.0432,0.0,,1,Other,3.8,,2.43,5.0,23.3,2030.0,0.22,13.43,2.4,1,Yellow,4,2021,3,2.51,15.96,9.22,27.7,0.4403279092435628
UDR,"UDR, Inc.",468,False,Real Estate,REIT - Residential,12.06,35.12,1.77,0.989,0.006,1397.0,13.9,3.7,3.9,6.3,,Low,Low Controversy Level,1.0,,,,,,,,,,,,,,,,,,2022,4,3.2,3.83,5.28,12.31,0.37497447115817983
BF.B,Brown-Forman Corporation,469,False,,,12.03,26.69,3.92,,,,,,,,,,,,0.0901,0.0574,56.8,2,Other,23.0,,,,,,,,,,,,,,,,,,
PSKY,Paramount Skydance Corporation,470,False,,,11.89,10.6,29.11,,,,,,,,,,,,,,,,,,,,,,,,,,,,,,,,,,,
PNW,Pinnacle West Capital Corporation,471,False,Utilities,Utilities - Regulated Electric,11.65,96.62,5.55,1.978,0.08,6133.0,30.8,14.7,10.2,5.8,,High,Low Controversy Level,1.0,10.5495,12.8081,-17.6,10,Power Plants,1900.8,pinnaclewest.com,,,26.7,,,,,,,,2022,3,12.15,9.52,6.02,27.7,0.6992694847290134
DVA,DaVita Inc.,472,False,Healthcare,Medical Care Facilities,11.58,182.44,14.01,2.658,0.046,70000.0,22.6,0.1,14.1,8.4,,Medium,Moderate Controversy Level,2.0,,,,,,,davita.com,1.6,8.0,22.2,2030.0,-0.31,11.29,2.0,3,Yellow,1,,,,,,,0.42684446520078934
BXP,"BXP, Inc.",473,False,Real Estate,REIT - Office,11.49,64.7,3.19,1.871,0.037,836.0,12.5,2.5,4.5,5.4,,Low,Low Controversy Level,1.0,,,,,,,,,4.0,12.4,2025.0,0.0,100.0,2.6,0,Green,6,2021,3,3.7,5.03,5.08,13.81,0.3502653370652325
IT,"Gartner, Inc.",474,False,Technology,Information Technology Services,11.34,179.59,6.46,1.299,0.054,20290.0,18.9,0.1,13.2,5.6,,Low,Low Controversy Level,1.0,,,,,,,gartner.com,4.97,7.0,,2029.0,0.96,,2.0,0,Green,3,,,,,,,0.42238574401480855
HRL,Hormel Foods Corporation,475,False,Consumer Defensive,Packaged Foods,11.32,20.57,12.15,1.354,-0.022,20000.0,30.0,13.3,10.7,6.0,,Medium,Significant Controversy Level,3.0,0.0586,0.0613,-4.4,1,Other,4.8,hormel.com,4.09,5.0,27.6,2030.0,-4.87,100.0,3.0,2,Yellow,4,2021,3,10.73,10.32,5.04,26.1,0.5119105465878016
TECH,Bio-Techne Corporation,476,False,Healthcare,Biotechnology,11.31,72.12,1.22,,,3200.0,,,,,,,,,,,,,,,technomedia.com,10.61,4.0,17.5,,,,1.8,0,Green,1,,,,,,,
JKHY,"Jack Henry & Associates, Inc.",477,False,Technology,Information Technology Services,11.3,161.12,2.54,0.571,0.052,7120.0,18.7,4.3,8.7,5.7,,Low,None Controversy Level,,,,,,,,jackhenry.com,9.86,8.0,18.7,,,,1.8,0,Green,3,2022,2,0.93,9.54,5.23,15.7,0.41910699398172346
DECK,Deckers Outdoor Corporation,478,False,Consumer Cyclical,Footwear & Accessories,11.07,81.27,5.53,,,4800.0,,,,,,,,,,,,,,,,,,,,,,,,,,,,,,,,
GNRC,Generac Holdings Inc.,479,False,Industrials,Specialty Industrial Machinery,11.03,186.99,4.44,,,8315.0,,,,,,,,,,,,,,,generacmobileproducts.co.uk,3.76,7.0,23.1,,,,,,,,,,,,,,
HII,"Huntington Ingalls Industries, Inc.",480,False,Industrials,Aerospace & Defense,11.02,278.41,13.19,,,44000.0,,,,,,,,,0.0497,0.0554,-10.2,1,Metals,3.8,huntingtoningalls.com,2.75,9.0,,,,,1.6,2,Yellow,1,,,,,,,
LULU,lululemon athletica inc.,481,False,Consumer Cyclical,Apparel Retail,10.96,98.97,11.09,2.7,0.073,38000.0,16.9,1.6,9.9,5.5,,Low,Moderate Controversy Level,2.0,,,,,,,lululemon.com,12.55,7.0,15.2,2050.0,-3.57,100.0,1.7,4,Yellow,1,2020,1,1.12,6.41,6.07,13.6,0.34752725142759955
CPT,Camden Property Trust,482,False,Real Estate,REIT - Residential,10.73,103.01,1.58,0.893,-0.005,1640.0,16.1,4.0,3.9,8.2,,Low,Low Controversy Level,1.0,,,,,,,,,,,,,,,,,,2021,4,5.14,4.82,6.44,16.4,0.392156832751389
ALGN,"Align Technology, Inc.",483,False,Healthcare,Medical Devices,10.71,150.82,4.14,,,21670.0,,,,,,,,,,,,,,,invisalign.com,7.08,9.0,,,,,2.8,0,Green,1,,,,,,,
CLX,The Clorox Company,484,False,Consumer Defensive,Household & Personal Products,10.61,87.76,6.72,1.371,0.271,8100.0,21.6,7.7,8.6,5.3,,Medium,Moderate Controversy Level,2.0,,,,,,,clorox.com,3.32,7.0,,2050.0,-3.57,100.0,2.1,3,Yellow,7,,,,,,,0.44069489704020115
AES,The AES Corporation,485,False,Utilities,Utilities - Diversified,10.55,14.79,13.05,3.334,-0.042,9600.0,26.7,13.3,8.2,5.3,,Medium,Moderate Controversy Level,2.0,15.5649,18.272,-14.8,11,Power Plants,1192.7,aes.com,0.52,5.0,,2050.0,-3.57,100.0,,3,Orange,1,,,,,,,0.6396751351668442
DPZ,"Domino's Pizza, Inc.",486,False,Consumer Cyclical,Restaurants,10.31,311.6,5.03,0.921,0.031,6500.0,29.2,10.6,12.2,6.3,,Medium,Moderate Controversy Level,2.0,,,,,,,,,,,,,,,,,,2022,3,7.72,16.68,6.81,31.21,0.5073259434002435
UHS,"Universal Health Services, Inc.",487,False,Healthcare,Medical Care Facilities,10.3,174.83,18.11,2.124,0.112,96700.0,33.0,3.7,20.7,8.6,,High,Significant Controversy Level,3.0,,,,,,,universalhealthgroup.net,,,30.5,,,,2.1,3,Red,2,2022,2,3.45,19.39,8.72,31.57,0.5223551463644981
COO,"The Cooper Companies, Inc.",488,False,Healthcare,Medical Instruments & Supplies,10.25,53.91,4.24,1.023,0.078,15000.0,17.5,2.7,8.8,6.0,,Low,Moderate Controversy Level,2.0,,,,,,,,,,,,,,,,,,2022,3,2.83,10.75,6.44,20.03,0.4070736533231555
MGM,MGM Resorts International,489,False,Consumer Cyclical,Resorts & Casinos,10.04,39.89,17.76,2.557,0.053,58000.0,24.8,1.3,13.0,10.5,,Medium,Moderate Controversy Level,2.0,0.1101,0.138,-20.2,1,Other,6.2,mgm.com,0.87,7.0,23.9,2034.0,-1.75,58.36,2.7,2,Yellow,2,2022,4,2.34,13.01,10.83,26.16,0.4400558054961586
FRT,Federal Realty Investment Trust,490,False,Real Estate,REIT - Retail,10.0,114.51,1.34,0.739,0.058,297.0,12.4,2.3,4.3,5.8,,Low,Low Controversy Level,1.0,,,,,,,,,,,,,,,,,,2021,3,2.24,4.44,6.08,12.75,0.35941618676215686
HSIC,"Henry Schein, Inc.",491,False,Healthcare,Medical Distribution,9.85,88.36,13.6,0.922,0.004,25000.0,13.9,2.0,5.7,6.3,,Low,Moderate Controversy Level,2.0,,,,,,,henryschein.com,3.06,6.0,14.4,,,,2.2,0,Green,1,2022,4,2.14,5.59,5.76,13.48,0.36798541296609794
APTV,Aptiv PLC,492,False,Consumer Cyclical,Auto Parts,9.46,45.54,20.52,3.033,-0.051,154000.0,10.7,1.5,3.9,5.3,,Low,Low Controversy Level,1.0,,,,,,,,2.68,5.0,10.8,2030.0,-6.68,100.0,2.2,0,Green,5,2021,3,3.77,4.71,5.33,13.81,0.3644013856496874
FDS,FactSet Research Systems Inc.,493,False,Financial Services,Financial Data & Stock Exchanges,9.24,259.71,2.44,0.831,0.049,12279.0,18.4,4.3,8.8,5.3,,Low,Low Controversy Level,1.0,,,,,,,factset.com,6.2,7.0,18.5,2040.0,0.93,,2.0,0,Green,2,,,,,,,0.4163585399962349
PODD,Insulet Corporation,494,False,Healthcare,Medical Devices,9.15,131.96,3.05,,,3000.0,,,,,,,,,,,,,,,,5.25,6.0,23.2,,,,,0,Green,4,,,,,,,
PNR,Pentair plc,495,False,Industrials,Specialty Industrial Machinery,9.03,57.22,4.01,0.979,-0.015,10500.0,22.1,6.0,10.0,6.1,,Medium,Low Controversy Level,1.0,,,,,,,pentair.com,,3.0,22.6,,,,,,,,2021,3,9.83,14.8,7.25,31.88,0.5773090257719831
ARE,"Alexandria Real Estate Equities, Inc.",496,False,Real Estate,REIT - Office,8.91,49.67,2.84,1.905,0.109,568.0,13.9,3.9,3.7,6.3,,Low,None Controversy Level,,,,,,,,,,6.0,30.5,2025.0,-4.68,23.13,3.3,0,Green,3,,,,,,,0.3673667439484805
WYNN,"Wynn Resorts, Limited",497,False,Consumer Cyclical,Resorts & Casinos,8.9,87.7,7.41,1.829,0.013,27800.0,25.7,3.4,11.8,10.6,,Medium,Moderate Controversy Level,2.0,,,,,,,wynnresorts.com,,,26.3,2050.0,-3.57,100.0,3.0,0,Green,3,2022,4,3.55,11.98,10.94,26.47,0.45774927759435297
MOS,The Mosaic Company,498,False,Basic Materials,Agricultural Inputs,8.01,25.19,12.25,1.908,-0.208,14049.0,33.5,13.9,11.1,8.6,,High,Moderate Controversy Level,2.0,1.5845,1.2554,26.2,8,Chemicals,129.3,,2.26,6.0,37.8,2040.0,0.49,,3.9,2,Yellow,4,,,,,,,0.7157711212572496
AOS,A. O. Smith Corporation,499,False,Industrials,Specialty Industrial Machinery,7.8,57.42,3.8,0.809,-0.037,12000.0,25.4,7.2,11.9,6.4,,Medium,Low Controversy Level,1.0,,,,,,,smith.co,9.33,8.0,26.4,,,,2.6,0,Green,4,2022,3,7.12,11.35,6.39,24.87,0.6715075031471524
TAP,Molson Coors Beverage Company,500,False,Consumer Defensive,Beverages - Brewers,7.26,38.93,11.08,2.418,-0.078,16500.0,21.4,7.3,8.6,5.5,,Medium,Moderate Controversy Level,2.0,0.377,0.4013,-6.0,6,Other,34.0,molsoncoors.com,,,25.3,2050.0,-3.57,100.0,1.4,2,Yellow,2,,,,,,,0.41885454021233787
NCLH,Norwegian Cruise Line Holdings Ltd.,501,False,Consumer Cyclical,Travel Services,6.81,14.82,10.15,2.335,0.107,41000.0,25.9,9.0,10.9,6.1,,Medium,Moderate Controversy Level,2.0,,,,,,,,0.02,7.0,25.2,,,,,,,,2022,4,11.98,10.12,4.51,26.61,0.45792956957564496
TTD,"The Trade Desk, Inc.",502,False,,,6.74,14.34,2.99,,,3115.0,,,,,,,,,,,,,,,thetradedesk.com,10.24,6.0,22.4,,,,2.0,0,Green,0,,,,,,,
BLDR,"Builders FirstSource, Inc.",503,False,Industrials,Building Products & Equipment,6.5,60.37,14.45,,,29000.0,,,,,,,,,,,,,,,buildersfirstsource.com,,,27.3,,,,3.0,0,Green,0,,,,,,,
